"Checkbox","Item No","Substituted Item","Qty","Order Multiple","Average Sales Last 4 Weeks","Retail Price","Wholesale Price","Life Cycle Status","Brand","Item Description"
"","7347469","","0","1","0","2704.32","1343.7","NLST","ETTA SAYS!","ETTA DG CHEWS DISPLAY 648 CT"
"","7347469","","0","1","0","2704.32","1343.7","NLST","ETTA SAYS!","ETTA DG CHEWS DISPLAY 648 CT"
"","7347469","","0","1","0","2704.32","1343.7","NLST","ETTA SAYS!","ETTA DG CHEWS DISPLAY 648 CT"
"","7347469","","0","1","0","2704.32","1343.7","NLST","ETTA SAYS!","ETTA DG CHEWS DISPLAY 648 CT"
"","1000100","39005","0","1","0","2.49","0.05","LST","PERFORMATRIN ULTRA","PERF ULT CT CK&R SMP 4OZ"
"","1000104","39001","0","1","0","2.49","0.05","LST","PERFORMATRIN ULTRA","PERF ULT CT GF SMP 4OZ"
"","1000112","39015","0","1","0","2.49","0.05","LST","PERFORMATRIN ULTRA","PERF ULT CT HWGT SMP 4OZ"
"","1000116","39011","0","1","0","2.49","0.05","LST","PERFORMATRIN ULTRA","PERF ULT CT L&R SMP 4OZ"
"","1000120","39012","0","1","0","2.49","0.05","LST","PERFORMATRIN ULTRA","PERF ULT CT LID GP&DK SMP 4OZ"
"","1000124","39006","0","1","0","2.49","0.05","LST","PERFORMATRIN ULTRA","PERF ULT CT LID SL SMP 4OZ"
"","1000128","39014","0","1","0","2.49","0.05","LST","PERFORMATRIN ULTRA","PERF ULT CT LID CK&SP SMP 4OZ"
"","1000132","39003","0","1","0","2.49","0.05","LST","PERFORMATRIN ULTRA","PERF ULT CT LID TURKEY SMP 4OZ"
"","1000134","39017","0","1","0","2.49","0.05","LST","PERFORMATRIN ULTRA","PERF ULT CT GF KIT SMP 4OZ"
"","1000193","38109","0","1","0","1.49","0.05","LST","PERFORMATRIN ULTRA","PERF ULT DG LID CK&SP SMP 4oz"
"","1000199","38110","0","1","0","1.49","0.05","LST","PERFORMATRIN ULTRA","PERF ULT DG CKN&R SMP 4OZ"
"","1000203","38106","0","1","0","1.49","0.05","LST","PERFORMATRIN ULTRA","PERF ULT DG GF FTHL SMP 4oz"
"","1000206","38124","0","1","0","1.49","0.05","LST","PERFORMATRIN ULTRA","PERF ULT DG GF FTHL SB SMP 4oz"
"","1000211","38101","0","1","0","1.49","0.05","LST","PERFORMATRIN ULTRA","PERF ULT DG GF SMP 4oz"
"","1000213","38102","0","1","0","1.49","0.05","LST","PERFORMATRIN ULTRA","PERF ULT DG GF SMBT SMP 4oz"
"","1000217","38115","0","1","0","1.49","0.05","LST","PERFORMATRIN ULTRA","PERF ULT DG GF HWGT SMP 4oz"
"","1000221","38105","0","1","0","1.49","0.05","LST","PERFORMATRIN ULTRA","PERF ULT DG L&R SMP 4OZ"
"","1000224","38103","0","1","0","1.49","0.05","LST","PERFORMATRIN ULTRA","PERF ULT DG GF LRGB SMP 4OZ"
"","1000228","38125","0","1","0","1.49","0.05","LST","PERFORMATRIN ULTRA","PERF ULT DG LID DUCK SMP 4oz"
"","1000232","38116","0","1","0","1.49","0.05","LST","PERFORMATRIN ULTRA","PERF ULT DG LID SP&FSH SMP 4OZ"
"","1000236","38122","0","1","0","1.49","0.05","LST","PERFORMATRIN ULTRA","PERF ULT DG LID SL SMP 4oz"
"","1000240","38120","0","1","0","1.49","0.05","LST","PERFORMATRIN ULTRA","PERF ULT DG LID TURKEY SMP 4oz"
"","1000244","38114","0","1","0","1.49","0.05","LST","PERFORMATRIN ULTRA","PERF ULT DG LID VEN SMP 4oz"
"","1000247","38108","0","1","0","1.49","0.05","LST","PERFORMATRIN ULTRA","PERF ULT DG GF OCN SMP 4oz"
"","1000250","38111","0","1","0","1.49","0.05","LST","PERFORMATRIN ULTRA","PERF ULT DG GF PRR SMP 4oz"
"","1000255","38119","0","1","0","1.49","0.05","LST","PERFORMATRIN ULTRA","PERF ULT DG GF LGBR PUP SMP4OZ"
"","1000257","37149","0","1","0","1.49","0.05","LST","PERFORMATRIN ULTRA","PERF ULT DG HWGT SMBT SMP 4oz"
"","1000261","38112","0","1","0","1.49","0.05","LST","PERFORMATRIN ULTRA","PERF ULT DG CK&R PUP SMP 4oz"
"","1000265","38118","0","1","0","1.49","0.05","OOS","PERFORMATRIN ULTRA","PERF ULT DG GF PUP SMP 4oz"
"","1000268","38107","0","1","0","1.49","0.05","LST","PERFORMATRIN ULTRA","PERF ULT DG L&R PUP SMP 4oz"
"","1000287","","0","1","0","2.49","0.05","LST","PERFORMATRIN ULTRA","PERF ULT CT GF OCN SMP 4OZ"
"","1000307","","0","1","0","14.99","9.89","LST","BARKER'S","BRKS DG CHK PUP 5lb"
"","1000309","","0","1","0","49.99","34.99","LST","BARKER'S","BRKS DG CHK PUP 40lb"
"","1000310","","0","1","0","14.99","9.89","LST","BARKER'S","BRKS DG SMBRCHKN AD 5LB"
"","1000311","","0","1","0.25","24.99","17","LST","BARKER'S","BRKS DG SMBR CHKN AD 15lb"
"","1000312","","0","1","0","14.99","9.89","LST","BARKER'S","BRKS DG BF AD 5lb"
"","1000313","","0","1","0.25","24.99","17","LST","BARKER'S","BRKS DG BF AD 15lb"
"","1000314","","0","1","0.5","49.99","34.99","LST","BARKER'S","BRKS DG BF AD 40lb"
"","1000315","","0","1","0","14.99","9.89","LST","BARKER'S","BRKS DG CHK AD 5lb"
"","1000316","","0","1","0.25","24.99","17","LST","BARKER'S","BRKS DG CHK AD 15lb"
"","1000317","","0","1","0","49.99","34.99","LST","BARKER'S","BRKS DG CHK AD 40lb"
"","1002231","","0","1","0","1.49","0.05","OOS","PERFORMATRIN ULTRA","PERF ULT DG SB CK&R SMP 4oz"
"","1002234","","0","1","0","1.49","0.05","LST","PERFORMATRIN ULTRA","PERF ULT DG SB SNR SMP 4oz"
"","1002294","","0","1","0","1.49","0.05","LST","PERFORMATRIN ULTRA","PERF ULT DG SB LMB&R SMP 4OZ"
"","1002297","","0","1","0","1.49","0.05","LST","PERFORMATRIN ULTRA","PERF ULT DG SB LID FSH SMP 4oz"
"","1050017","","0","1","0","12.99","5.88","LST","PERFORMATRIN ULTRA","PERF ULT DG OB BCN&APL SM 16OZ"
"","1050019","","0","1","0","12.99","5.88","LST","PERFORMATRIN ULTRA","PERF ULT DG OB DK&BLR SM 16OZ"
"","1050021","","0","1","0","12.99","5.88","LST","PERFORMATRIN ULTRA","PERF ULT DG OB PB SM 16OZ"
"","1050023","","0","1","0.25","12.99","5.88","LST","PERFORMATRIN ULTRA","PERF ULT DG OB BCN&APL LG 16OZ"
"","1050025","","0","1","0.25","12.99","5.88","LST","PERFORMATRIN ULTRA","PERF ULT DG OB DK&BLR LG 16OZ"
"","1050027","","0","1","0","12.99","5.88","LST","PERFORMATRIN ULTRA","PERF ULT DG OB PB LG 16OZ"
"","1050350","18424","0","1","0.25","114.99","71.69","LST","ROYAL CANIN","RCFHN CT INDR AD 15LB"
"","1050673","1100800","0","1","0.25","25.99","17.53","LST","GO! SOLUTIONS","GO! DG SENS LID GF TKY 3.5LB"
"","1050674","1100801","0","1","0.25","105.99","71.49","LST","GO! SOLUTIONS","GO! DG SENS LID GF TKY 22LB"
"","1050676","26607","1","1","0","147.99","99.82","LST","GO! SOLUTIONS","GO! DG SENS LID GF VEN 22LB"
"","1050677","1102210","0","1","0","1.49","0.05","LST","GO! SOLUTIONS","GO! DG SENS LID GF DUCK SMP"
"","10876","","0","24","0","3.49","2.5196","LST","BLUE BUFFALO","BLU CT AD WILD MCD CK&TK5.5OZ"
"","10877","","0","24","0","3.49","2.2596","LST","BLUE BUFFALO","BLU CT AD WILD WD CK&TT 5.5OZ"
"","10880","","0","24","0","3.49","1.9446","LST","BLUE BUFFALO","BLU CT MATURE WILD CHK 5.5OZ"
"","10881","","0","24","1.25","2.79","1.7929","LST","BLUE BUFFALO","BLU CT AD TF INDR CHK 5.5OZ"
"","10883","","0","24","0","2.89","1.6546","LST","BLUE BUFFALO","BLU CT KIT WILD CHK 3OZ"
"","10884","","0","24","0","2.89","1.7013","ROS","BLUE BUFFALO","BLU CT KIT WILD SL CF 3OZ"
"","1100001","","0","1","0","72.99","46.43","LST","BLUE BUFFALO","BLU CT AD WILD INDR CHK 11LB"
"","1100006","","0","50","0","5.29","2.78","LST","WHIMZEES","WHMZ DG VEGGIE SAU LG 1ea"
"","1100010","","0","1","0.5","26.99","15.5","LST","WHIMZEES","WHMZ DG STIX CHW MD 14pc"
"","1100038","6409258","0","1","0","128.99","82.27","LST","ROYAL CANIN","RCBHN DG LABR RTRVR AD 30LB"
"","1100047","","0","1","0","80.99","55.88","LST","LIFETIME","LT DG GF FSH 25LB"
"","1100069","","0","1","0","45.99","29.98","LST","HILL'S SCIENCE DIET","SD DG AD SS SM BRD 4LB"
"","1100075","","24","24","1.25","3.49","2.1883","LST","HILL'S SCIENCE DIET","SD CT AD HC CHK&R 2.8OZ"
"","1100085","29924","2","1","0.5","13.99","8","LST","WELLNESS","WEL DG GF CHK&VEN 6oz"
"","1100086","29928","0","1","0","13.99","8","LST","WELLNESS","WEL DG GF CHK&LMB 6oz"
"","1100100","","0","1","0","24.99","17.15","LST","STELLA & CHEWY'S","S&C DG FD BF 5.5OZ"
"","1100101","","0","1","0","57.99","40","LST","STELLA & CHEWY'S","S&C DG FD BF 14OZ"
"","1100102","","0","1","0.25","20.99","14.18","LST","STELLA & CHEWY'S","S&C DG FD CHK 5.5OZ"
"","1100103","","0","1","0","49.99","33.78","LST","STELLA & CHEWY'S","S&C DG FD CHK 14OZ"
"","1100105","","0","1","0","55.99","37.83","LST","STELLA & CHEWY'S","S&C DG FD DUCK&GSE 14OZ"
"","1100107","","0","1","0","57.99","40","LST","STELLA & CHEWY'S","S&C DG FD LMB 14OZ"
"","1100116","","1","1","0","15.99","10.7","LST","STELLA & CHEWY'S","S&C DG FD BF MXER 3.5OZ"
"","1100117","","0","1","0","35.99","22.97","LST","STELLA & CHEWY'S","S&C DG FD BF MXER 8OZ"
"","1100119","","1","1","0.25","16.99","10.8","LST","STELLA & CHEWY'S","S&C DG FD CHK MXER 3.5OZ"
"","1100120","","0","1","0","35.99","22.97","LST","STELLA & CHEWY'S","S&C DG FD CHK MXER 8OZ"
"","1100125","","3","1","0.25","14.99","10","LST","STELLA & CHEWY'S","S&C DG FD TKY MXER 3.5OZ"
"","1100203","","0","12","0","2.49","1.62","LST","BLUE BUFFALO","BLU DG DLGHTS TOPSLN 3.5OZ"
"","1100205","","0","12","0","2.49","1.62","LST","BLUE BUFFALO","BLU DG DLGHTS GRL CK 3.5OZ"
"","1100426","","0","1","0","49.99","34.25","ROS","PRIMAL","PRIML CT PRK FRMLA 14OZ"
"","1100427","","0","1","0.25","48.99","33.22","LST","PRIMAL","PRIML DG PRK FRMLA 14OZ"
"","1100447","18021","0","1","0.75","26.99","22.13","LST","IAMS","IAMS CT AD PH CHK ORIG 7LB"
"","1100451","18018","0","1","0.75","26.99","22.13","LST","IAMS","IAMS CT AD INDR WGT&HB 7lb"
"","1100613","","0","24","0","3.99","2.64","LST","MERRICK","MRK CT PB RBT PATE 5.5OZ"
"","1100644","","1","1","0","120.99","86.5","LST","HILL'S SCIENCE DIET","SD CT AD URINARY HB 15.5LB"
"","1100645","","0","24","1","4.49","2.6421","LST","HILL'S SCIENCE DIET","SD CT AD URINARY HB 5.5OZ"
"","1100656","","0","12","2","5.59","3.2175","LST","ROYAL CANIN","RCCHN DG LOAF PUP 13.5OZ"
"","1100657","","12","12","2","5.59","3.2175","LST","ROYAL CANIN","RCCHN DG LOAF AD 13.5OZ"
"","1100659","","0","12","3","5.59","3.2175","LST","ROYAL CANIN","RCCHN DG MTR AD LOAF 13.5OZ"
"","1100679","","0","30","0","22.99","11.6667","LST","OPEN RANGE","OPN RNG DG WATER BUF LG 9in"
"","1100682","","0","25","1","5.29","2.37","OOS","OPEN RANGE","OPN RNG DG BULL TAIL MD 6in"
"","1100775","56389","0","1","0.5","26.99","15.5","LST","WHIMZEES","WHMZ DG BRUSHZ CHW XS 48pc"
"","1100776","56409","0","1","0","26.99","15.5","LST","WHIMZEES","WHMZ DG BRUSHZ CHW SM 24pc"
"","1100778","56411","1","1","0.25","26.99","15.5","LST","WHIMZEES","WHMZ DG BRUSHZ CHW LG 6pc"
"","1100779","56394","2","1","0","26.99","15.5","LST","WHIMZEES","WHMZ DG ALLIG CHW SM 24pc"
"","1100782","56405","0","1","0.25","26.99","15.5","LST","WHIMZEES","WHMZ DG STIX CHW SM 28pc"
"","1100833","","0","1","0","33.99","22.97","LST","STELLA & CHEWY'S","S&C CT FD CHK 8OZ"
"","1100836","","0","1","0","33.99","22.97","LST","STELLA & CHEWY'S","S&C CT FD DUCK&GSE 8OZ"
"","1100872","","0","1","0","13.99","7.29","LST","GET NAKED","GT NKD DG DIG HLTH STX SM6.2oz"
"","1100876","64263","0","1","0","13.99","7.29","LST","GET NAKED","GT NKD PUP HLTH STX SM 6.2oz"
"","1100877","64232","0","1","0","13.99","7.29","LST","GET NAKED","GT NKD DG SUPER ANTIOX SM6.2oz"
"","1100893","","0","1","0.25","15.99","8.2","LST","EARTH ANIMAL","ERTHAN DG CK CHW 7IN1EA"
"","1100894","","0","1","0.25","15.99","8.2","LST","EARTH ANIMAL","ERTHAN DG BF CHW 7in1ea"
"","1100895","","0","1","0.25","15.99","8.2","LST","EARTH ANIMAL","ERTHAN DG SL CHW 7in1ea"
"","1100896","","0","1","0.25","9.49","4.63","LST","EARTH ANIMAL","ERTHAN DG CK CHW 4in1ea"
"","1100897","","0","1","0","9.49","4.63","LST","EARTH ANIMAL","ERTHAN DG BF CHW 4in1ea"
"","1100898","","0","1","0.25","9.49","4.63","LST","EARTH ANIMAL","ERTHAN DG SL CHW 4in1ea"
"","1100899","","0","1","0.5","22.99","11.96","LST","EARTH ANIMAL","ERTHAN DG CK CHW 11in1ea"
"","1100900","","0","1","1","22.99","11.96","LST","EARTH ANIMAL","ERTHAN DG BF CHW 11IN1EA"
"","1100901","","0","1","0","22.99","11.96","LST","EARTH ANIMAL","ERTHAN DG SL CHW 11in1ea"
"","1100906","","1","1","0","5.29","3.08","LST","FRUITABLES","FRTBL CT WLD NAT CHK 2.5oz"
"","1100907","","0","1","0.25","5.29","3.08","OOS","FRUITABLES","FRTBL CT WLD NAT SL 2.5oz"
"","1100963","","0","1","0","26.99","15.5","LST","WHIMZEES","WHMZ DG VEGGIE SAU SM 28pc"
"","1100965","","1","1","0","26.99","15.5","LST","WHIMZEES","WHMZ DG VEGGIE STRIP MD 14pc"
"","1100996","","0","1","0","44.99","28.37","LST","STELLA & CHEWY'S","S&C DG RW BLND REDMEAT 3.5LB"
"","1101000","","0","1","0","159.99","103.37","LST","STELLA & CHEWY'S","S&C DG RW BLND REDMEAT 22LB"
"","1101002","","0","1","0","38.99","25.7","ROS","STELLA & CHEWY'S","S&C DG RW CTD CHK 3.5LB"
"","1101003","","0","1","0","40.99","27.15","ROS","STELLA & CHEWY'S","S&C DG RW CTD BF 3.5LB"
"","1101218","","0","18","0","10.99","5.8889","LST","ETTA SAYS!","ETTA DG CRUNCHY ELK CHEW 3ft"
"","1101295","","0","1","0.25","13.49","9.1","LST","PUREBITES","PB CT CHK BREAST TRT 2.32OZ"
"","1101296","","0","12","0","2.49","1.6417","LST","PUREBITES","PB CT TUNA MIXER 1.76OZ"
"","1101297","","0","12","0","2.49","1.6417","LST","PUREBITES","PB CT CHK BREAST MIXER 1.76OZ"
"","1101298","","0","12","0","2.49","1.6417","LST","PUREBITES","PB CT TUNA&SL MIXR 1.76OZ"
"","1101312","","12","12","0","3.99","3.0083","LST","WELLNESS","WEL CT TURKEY GVY 5.5OZ"
"","1101314","","0","12","0","3.99","3.0083","LST","WELLNESS","WEL CT GVY SL 5.5OZ"
"","1101406","","0","24","1.25","1.79","1.1958","LST","WHISKAS","WHISK CT PP CHK 2.65oz"
"","1101407","","0","24","0.25","1.79","1.1958","LST","WHISKAS","WHISK CT PP SL 2.65oz"
"","1101408","","0","24","2","1.79","1.1958","LST","WHISKAS","WHISK CT PP BF 2.65oz"
"","1101409","","0","24","0.75","1.79","1.1958","LST","WHISKAS","WHISK CT PP CHK&LVR 2.65oz"
"","1101410","","0","24","0.25","1.79","1.1958","LST","WHISKAS","WHISK CT PP GVY CHK 2.65oz"
"","1101411","","0","24","0.25","1.79","1.1958","LST","WHISKAS","WHISK CT PP GVY SL 2.65oz"
"","1101412","","0","24","0.25","1.79","1.1958","LST","WHISKAS","WHISK CT PP GVY TUNA 2.65oz"
"","1101413","","0","24","0.5","1.79","1.1958","LST","WHISKAS","WHISK CT PP TURKEY 2.65oz"
"","1101455","","0","75","0.25","3.29","1.4735","LST","REDBARN","RB DG HOOVES 1EA"
"","1101456","","0","1","0","19.49","11.18","LST","REDBARN","RB DG CHOPPERS 9OZ"
"","1101655","","0","1","0","23.99","18.95","LST","CESAR","CESAR DG CHK&LVR FIL 12pc"
"","1101656","","0","1","0","23.99","18.95","LST","CESAR","CESAR DG GRLLD CHK STK 12pc"
"","1101658","","0","24","0","1.99","1.6083","LST","CESAR","CESAR DG HD BF STEW 3.5oz"
"","1101660","","0","24","0","1.99","1.6083","LST","CESAR","CESAR DG LMB ENT 3.5oz"
"","1101661","","0","24","0","1.99","1.6083","LST","CESAR","CESAR DG NY STRIP 3.5oz"
"","1101669","13618","0","1","0.25","74.99","59.78","LST","PURINA PRO PLAN","PPLN DG SPEC SS&S S&R 16LB"
"","1101670","11219","0","1","0.5","109.99","83.24","LST","PURINA PRO PLAN","PPLN DG SPEC SS&S SL&R 30LB"
"","1101681","","0","1","0","16.99","9.07","LST","MERRICK","MRK DG FK BOT XS 6OZ"
"","1101686","","0","1","0","28.99","13.34","LST","MERRICK","MRK DG FK BOT SM 9.5OZ"
"","1101687","","0","1","0","28.99","13.34","LST","MERRICK","MRK DG FK BOT MD 10OZ"
"","1101689","","0","1","0","54.99","26","LST","MERRICK","MRK DG FK BOT XS VBOX 24OZ"
"","1101690","","0","1","0","54.99","26","LST","MERRICK","MRK DG FK BOT SM VBOX 23OZ"
"","1101691","","0","1","0","54.99","26","LST","MERRICK","MRK DG FK BOT MD VBOX 23OZ"
"","1101692","","0","1","0","54.99","26","LST","MERRICK","MRK DG FK BOT LG VBOX 27OZ"
"","1101693","","0","1","0","16.99","9.07","LST","MERRICK","MRK DG FK MINT XS 6OZ"
"","1101698","","0","1","0","28.99","13.07","LST","MERRICK","MRK DG FK MINT SM 9.5OZ"
"","1101699","","0","1","0","28.99","13.07","LST","MERRICK","MRK DG FK MINT MD 10OZ"
"","1101701","","0","1","0","54.99","26","LST","MERRICK","MRK DG FK MNT XS VBOX 24OZ"
"","1101702","","0","1","0","54.99","26","LST","MERRICK","MRK DG FK MNT SM VBOX 23OZ"
"","1101703","","0","1","0","54.99","26","LST","MERRICK","MRK DG FK MNT MD VBOX 23OZ"
"","1101704","","0","1","0","54.99","26","LST","MERRICK","MRK DG FK MNT LG VBOX 27OZ"
"","1101706","","0","35","0.5","4.19","1.8397","LST","OPEN RANGE","OPN RNG DG COW EARS LG 1ea"
"","1101709","","0","60","0","6.29","2.7","LST","OPEN RANGE","OPN RNG DG BF CHMPR STCK 12in"
"","1101710","","0","60","0","6.29","2.7","LST","OPEN RANGE","OPN RNG DG BF CHOMPER 11to12in"
"","1101711","","0","35","0","12.99","6.8","LST","OPEN RANGE","OPN RNG DG WATER BUF 6to7in"
"","1101716","","1","1","0.25","11.99","6.9","LST","CRUMPS' NATURALS","CRMP DG NAT PB ORIG 10PC"
"","1101717","","0","1","0","11.99","6.9","LST","CRUMPS' NATURALS","CRMP DG NAT PB BCN 10pc"
"","1101751","","0","1","0","25.99","17.66","LST","PRIMAL","PRIML CT RBT FRMLA 5.5OZ"
"","1101755","","0","1","0","6.99","3.95","LST","PET GREENS","PET GREENS CT TK&DK 3oz"
"","1101756","","0","1","0","8.99","5.4","LST","PET GREENS","PET GREENS DG BCN CHR 6oz"
"","1101757","","0","1","0.25","7.49","4.5","LST","PET GREENS","PET GREENS CT SLF GRW 3oz"
"","1101937","","0","2","0","21.99","15.975","LST","WHISKAS","WHISK CT PP BF&CK 12pc"
"","1101938","","0","2","0.5","21.99","16.3","LST","WHISKAS","WHISK CT PP CK&SL 12pc"
"","1102063","","0","1","0","37.99","26.24","LST","OPEN FARM","OPFM CT GF SL RECIPE 4LB"
"","1102097","","0","1","0","22.99","14.69","OOS","ZIGNATURE","ZIGNATURE DG LID CATFISH 4lb"
"","1102099","","0","1","0","102.99","70.54","LST","ZIGNATURE","ZIGNATURE DG LID CATFISH 25LB"
"","1102101","","0","1","0","26.99","17.64","LST","ZIGNATURE","ZIGNATURE DG LID DUCK 4LB"
"","1102103","","0","1","0","126.99","87.68","LST","ZIGNATURE","ZIGNATURE DG LID DUCK 25LB"
"","1102104","","0","12","0","7.99","4.8908","LST","ZIGNATURE","ZIGNATURE DG LID DUCK 13OZ"
"","1102114","","2","1","0.5","141.99","98.76","LST","ZIGNATURE","ZIGNATURE DG LID KANGA 25LB"
"","1102115","","0","12","0.25","7.99","4.8908","LST","ZIGNATURE","ZIGNATURE DG LID KANGA 13oz"
"","1102116","","0","1","0","25.99","16.65","LST","ZIGNATURE","ZIGNATURE DG LID LMB 4lb"
"","1102118","","0","1","0","116.99","80.64","LST","ZIGNATURE","ZIGNATURE DG LID LMB 25LB"
"","1102119","","0","12","0","6.29","3.92","LST","ZIGNATURE","ZIGNATURE DG LID LMB 13oz"
"","1102120","","1","1","0","21.99","13.7","LST","ZIGNATURE","ZIGNATURE DG LID PRK 4lb"
"","1102122","","1","1","0.25","96.99","66.51","LST","ZIGNATURE","ZIGNATURE DG LID PRK 25LB"
"","1102123","","0","12","0","6.29","3.9008","LST","ZIGNATURE","ZIGNATURE DG LID PRK 13oz"
"","1102128","","0","1","0","26.99","16.65","LST","ZIGNATURE","ZIGNATURE DG LID TR&SL 4lb"
"","1102130","","0","1","0.25","118.99","80.62","LST","ZIGNATURE","ZIGNATURE DG LID TR&SL 25LB"
"","1102131","","0","12","0","5.99","3.9008","LST","ZIGNATURE","ZIGNATURE DG LID TR&SL 13oz"
"","1102132","","0","1","0","22.99","14.69","OOS","ZIGNATURE","ZIGNATURE DG LID TURKEY 4LB"
"","1102134","","0","1","0","107.99","70.56","LST","ZIGNATURE","ZIGNATURE DG LID TURKEY 25LB"
"","1102135","","0","12","0","5.99","3.9008","OOS","ZIGNATURE","ZIGNATURE DG LID TURKEY 13OZ"
"","1102217","","0","1","0","1.49","0.05","LST","NOW FRESH","NOW DG AD GF TK SL&DK SMP"
"","1102218","","0","1","0","1.49","0.05","LST","NOW FRESH","NOW DGLGBR GFTK SL&DK SMP"
"","1102219","","2","1","0","1.49","0.05","LST","NOW FRESH","NOW DG SMBR GFTK SL&DK SMP"
"","1102222","","0","1","0","1.49","0.05","LST","NOW FRESH","NOW CT AD GF TK SL&DK SMP"
"","1102287","","0","1","0","15.99","7.5","LST","PERFORMATRIN ULTRA","PERF ULT DG FD LMB LVR 3.1OZ"
"","1102357","","0","1","0","166.99","117.48","LST","ORIJEN","ORIJEN DG TUNDRA 25LB"
"","1102359","","2","1","0","16.49","9.79","LST","ORIJEN","ORIJEN DG ORIG FD TRT 3.25OZ"
"","1102363","","3","1","0","18.49","10.98","LST","ORIJEN","ORIJEN DG REGIONAL RED 3.25OZ"
"","1102367","","2","1","0","9.49","5.63","LST","ORIJEN","ORIJEN CT 6 FSH TRT 1.25OZ"
"","1102368","","2","1","0","9.49","5.63","LST","ORIJEN","ORIJEN CT REGIONAL RED 1.25OZ"
"","1102369","","3","1","0","11.49","6.82","LST","ORIJEN","ORIJEN CT TUNDRA FD TRT 1.25OZ"
"","1102379","","1","1","0.25","13.29","10.75","LST","PEDIGREE","PED DG DNTSTX SM&M 19.5oz 35pc"
"","1102380","","0","1","0.75","13.29","10.75","LST","PEDIGREE","PED DG DNTSTX MD 21.4oz 25pc"
"","1102410","","0","1","0.5","44.99","28.37","LST","STELLA & CHEWY'S","S&C DG RW BLND SB RDMT 3.5LB"
"","1102482","","1","1","0","17.99","9.05","LST","PUREBITES","PB DG SL TRT 2.47oz"
"","1102522","","1","1","0","28.99","14.79","LST","EARTH ANIMAL","ERTHAN DG CHK CHW 7in2pk"
"","1102523","","0","1","0.5","28.99","14.79","LST","EARTH ANIMAL","ERTHAN DG BEEF CHW 7in2pk"
"","1102524","","0","1","0","28.99","14.79","LST","EARTH ANIMAL","ERTHAN DG SAL CHW 7in2pk"
"","1102525","","0","1","0","28.99","14.79","LST","EARTH ANIMAL","ERTHAN DG PRK CHW 7IN2PK"
"","1102526","","0","1","0","16.99","8.3","LST","EARTH ANIMAL","ERTHAN DG CHK CHW 4in2pk"
"","1102527","","0","1","0","16.99","8.3","LST","EARTH ANIMAL","ERTHAN DG BEEF CHW 4in2pk"
"","1102528","","0","1","0","16.99","8.3","LST","EARTH ANIMAL","ERTHAN DG SAL CHW 4in2pk"
"","1102529","","0","1","0.25","16.99","8.3","LST","EARTH ANIMAL","ERTHAN DG PRK CHW 4IN2PK"
"","1102530","","0","1","0","19.99","9.78","LST","EARTH ANIMAL","ERTHAN DG CHK CHW STK10pk"
"","1102531","","0","1","0","19.99","9.78","LST","EARTH ANIMAL","ERTHAN DG BF CHW STK 10pk"
"","1102532","","0","1","0","19.99","9.78","LST","EARTH ANIMAL","ERTHAN DG SAL CHW STK10pk"
"","1102533","","0","1","0","19.99","9.78","LST","EARTH ANIMAL","ERTHAN DG PRK CHW STK10pk"
"","1102536","","0","1","0","22.99","11.96","LST","EARTH ANIMAL","ERTHAN DG PRK CHW 11IN 1EA"
"","1102540","21182","0","12","0","6.49","4.43","OOS","MERRICK","MRK DG GF GRM POT PIE 12.7oz"
"","1102542","21196","0","12","0","6.49","4.43","LST","MERRICK","MRK DG GF TURDUCKEN 12.7OZ"
"","1102546","21184","0","12","0.25","6.49","4.43","LST","MERRICK","MRK DG GF THNKS DNR 12.7OZ"
"","1102554","","1","1","0","11.99","9.81","LST","PURINA","PUR DG BSTRP BACON&CHEESE 25oz"
"","1102555","57672","1","1","0","11.99","9.81","LST","PURINA","PUR DG BSTRP BACON 25oz"
"","1102625","1100929","0","1","0.25","58.99","38.9","LST","LIFETIME","LT DG CHK&OAT 25LB"
"","1102627","1100930","0","1","1","62.99","44.05","LST","LIFETIME","LT DG FSH&OAT 25LB"
"","1102629","14526","2","1","0.5","62.99","43.99","LST","LIFETIME","LT DG LMB&OAT 25LB"
"","1102633","14522","0","1","0.25","65.99","44.82","LST","LIFETIME","LT DG LB 25LB"
"","1102634","14536","0","1","0","51.99","36.32","LST","LIFETIME","LT CT SL&OAT 14.3LB"
"","1102635","14535","1","1","0","22.49","14.61","LST","LIFETIME","LT CT SL&OAT 5LB"
"","1102636","14704","1","1","0","51.99","32.93","LST","LIFETIME","LT CT CHK TKY OAT 14.3LB"
"","1102637","14529","1","1","0","22.49","13.46","LST","LIFETIME","LT CT CHK TKY OAT 5LB"
"","1102686","","0","1","0","5.99","4.05","ROS","STELLA & CHEWY'S","S&C DG GF REDMEAT STEW 11OZ"
"","1102689","","0","1","0","5.99","4.05","ROS","STELLA & CHEWY'S","S&C DG GF TURKEY STEW 11OZ"
"","1102697","","12","12","0.75","9.99","4.5358","LST","TILTED BARN PET CO.","TB DG BF TRT 3.5OZ"
"","1102698","","0","12","0.5","9.99","4.5358","LST","TILTED BARN PET CO.","TB DG CANADIAN BCN 3.5OZ"
"","1102754","","0","1","0.5","9.99","6.4","LST","GRANVILLE ISLAND PET TREATERY","GRAN CT SARDINE TRT 1.76oz"
"","1102755","","0","1","0","9.99","6.4","LST","GRANVILLE ISLAND PET TREATERY","GRAN CT TUNA FLAKES 0.53oz"
"","1102783","","0","12","0.25","3.59","2.1775","ROS","ROYAL CANIN","RCFHN CT ULT LT CHNK 3OZ PCH"
"","1102810","","0","6","0","3.29","1.7967","LST","INABA","INABA CT TUNA FILLET CRB 0.5oz"
"","1102811","","0","6","0","3.29","1.7967","LST","INABA","INABA CT TUNA FILLET 0.5oz"
"","1102812","","0","6","0.25","3.29","1.7967","LST","INABA","INABA CT GRLL CHK FILLET 0.9oz"
"","1102813","","0","6","0","3.29","1.7967","LST","INABA","INABA CT CHK FILLET SCLP 0.9oz"
"","1102814","","0","6","1","4.99","3.1","LST","INABA","INABA CT CHURU TUNA 2oz"
"","1102815","","0","6","0.75","4.99","3.1","LST","INABA","INABA CT CHURU CHK 2oz"
"","1102816","","0","6","1","4.99","3.1","LST","INABA","INABA CT CHURU TUNA SCLP 2oz"
"","1102817","","0","6","1","4.99","3.1","LST","INABA","INABA CT CHURU CHK SCLP 2oz"
"","1102848","","0","1","0","44.99","23.57","LST","PERFORMATRIN ULTRA","PERF ULT DG FD LMB SMP 15.5oz"
"","1102989","1102205","1","1","0","1.49","0.05","LST","GO! SOLUTIONS","GO! DG S&C CHK SMP"
"","1102990","25422","0","1","0.25","21.99","14.83","LST","GO! SOLUTIONS","GO! DG S&C WG CHK 3.5lb"
"","1102993","1102207","0","1","0","1.49","0.05","LST","GO! SOLUTIONS","GO! DG S&C SL SMP"
"","1102994","25402","0","1","0","24.99","16.85","LST","GO! SOLUTIONS","GO! DG S&C WG SL 3.5lb"
"","1102995","25403","1","1","0","63.99","43.16","LST","GO! SOLUTIONS","GO! DG S&C WG SL 12LB"
"","1102997","1102208","0","1","0","1.49","0.05","LST","GO! SOLUTIONS","GO! DG S&C LMB SMP"
"","1102998","11248","0","1","0.5","24.99","16.85","LST","GO! SOLUTIONS","GO! DG S&C WG LMB 3.5lb"
"","1103006","18645","1","1","0.75","23.99","16.18","LST","GO! SOLUTIONS","GO! CT S&C CHK 3LB"
"","1103007","18651","0","1","0","49.99","33.72","LST","GO! SOLUTIONS","GO! CT S&C CHK 8LB"
"","1103032","","0","1","0","19.99","12.09","LST","STELLA & CHEWY'S","S&C DG WLDW BF 3.25oz"
"","1103035","","0","1","0","19.99","12.09","LST","STELLA & CHEWY'S","S&C DG WLDW LMB 3.25oz"
"","1103044","","1","1","0.75","11.99","6.9","LST","CRUMPS' NATURALS","CRMP DG PB PMP SPICE 10PC"
"","1103124","1102203","1","1","0","1.49","0.05","LST","GO! SOLUTIONS","GO! PUP CNV GF CK TK&DK SMP"
"","1103125","19001","0","1","0","25.99","17.53","LST","GO! SOLUTIONS","GO! PUP CNV GF CK TK&DK 3.5LB"
"","1103126","19002","3","1","0.25","65.99","44.51","LST","GO! SOLUTIONS","GO! PUP CNV GF CK TK&DK 12LB"
"","1103127","19003","1","1","0","99.99","67.44","LST","GO! SOLUTIONS","GO! PUP CNV GF CK TK&DK 22LB"
"","1103128","1102204","0","1","0","1.49","0.05","LST","GO! SOLUTIONS","GO! AD CNV GF CK TK&DK SMP"
"","1103130","19006","0","1","0","65.99","44.51","LST","GO! SOLUTIONS","GO! AD CNV GF CK TK&DK 12LB"
"","1103131","19007","0","1","0.25","98.99","66.77","LST","GO! SOLUTIONS","GO! AD CNV GF CK TK&DK 22LB"
"","1103135","19011","0","1","0","99.99","67.44","LST","GO! SOLUTIONS","GO! SNR CNV GF CK TK&DK 22LB"
"","1103137","18665","1","1","0.25","28.99","19.55","LST","GO! SOLUTIONS","GO! CT CNV GF CHK TKY&DK 3LB"
"","1103138","18671","0","1","0","59.99","40.46","LST","GO! SOLUTIONS","GO! CT CNV GF CHK TKY&DK 8LB"
"","1103140","26609","1","1","0.25","28.99","19.55","LST","GO! SOLUTIONS","GO! DG SENS LID GF DUCK 3.5LB"
"","1103141","","1","1","0","28.99","14.79","LST","EARTH ANIMAL","ERTHAN DG VNS CHW 7in2pk"
"","1103142","","0","1","0","16.99","8.3","LST","EARTH ANIMAL","ERTHAN DG VNS CHW 4in2pk"
"","1103143","","0","1","0.25","19.99","9.78","LST","EARTH ANIMAL","ERTHAN DG VNS CHW STK10pk"
"","1103144","","0","1","0","15.99","8.2","LST","EARTH ANIMAL","ERTHAN DG VNS CHW 7in1ea"
"","1103145","","0","1","0","9.49","4.63","LST","EARTH ANIMAL","ERTHAN DG VNS CHW 4in1ea"
"","1103146","","0","1","0","22.99","11.96","LST","EARTH ANIMAL","ERTHAN DG VNS CHW 11in1ea"
"","1103163","13656","0","1","0","64.99","42.05","OOS","TASTE OF THE WILD","TOTW DG HI PR B&VN FRMLA 14LB"
"","1103164","11356","0","1","0","102.99","67.52","LST","TASTE OF THE WILD","TOTW DG HI PR FRMLA 28LB"
"","1103165","13654","0","1","0","64.99","42.05","LST","TASTE OF THE WILD","TOTW DG PACIFIC SL FRMLA 14lb"
"","1103166","11354","0","1","0","102.99","67.52","LST","TASTE OF THE WILD","TOTW DG PACIFIC SL FRMLA 28lb"
"","1103168","11352","0","1","0","102.99","67.52","LST","TASTE OF THE WILD","TOTW DG WETLANDS WFOWL 28LB"
"","1103169","13653","0","1","0","64.99","42.05","LST","TASTE OF THE WILD","TOTW DG SIERRA MNT LMB 14lb"
"","1103170","11353","0","1","0","102.99","67.52","LST","TASTE OF THE WILD","TOTW DG SIERRA MNT LMB 28lb"
"","1103176","18858","0","1","0","64.99","44.23","LST","TASTE OF THE WILD","TOTW CT RM VEN&SL FRMLA 14LB"
"","1103199","26614","0","1","0.25","116.99","78.91","LST","GO! SOLUTIONS","GO! DG SENS LID GF DUCK 22LB"
"","1103200","1102211","0","1","0","1.49","0.05","LST","GO! SOLUTIONS","GO! DG SENS LID GF SL SMP"
"","1103285","","0","1","0","83.99","56.75","LST","STELLA & CHEWY'S","S&C DG FD CHK DNR 25OZ"
"","1103286","","1","1","0","93.99","65","LST","STELLA & CHEWY'S","S&C DG FD BF DNR 25OZ"
"","1103287","","0","1","0","93.99","65","LST","STELLA & CHEWY'S","S&C DG FD LMB DNR 25OZ"
"","1103288","","0","1","0","90.99","61.48","LST","STELLA & CHEWY'S","S&C DG FD DK&GSE DNR 25OZ"
"","1103289","","0","1","0","16.99","10.8","LST","STELLA & CHEWY'S","SC DG FD LMB MXR 3.5OZ"
"","1103290","","1","1","0","68.99","47.15","LST","STELLA & CHEWY'S","SC DG FD LMB MXR 18OZ"
"","1103291","26616","1","1","0.25","27.99","18.88","LST","GO! SOLUTIONS","GO! DG SENS LID GF SL 3.5LB"
"","1103292","26617","1","1","0.25","108.99","73.51","LST","GO! SOLUTIONS","GO! DG SENS LID GF SL 22LB"
"","1103293","1101993","0","1","0","1.49","0.05","LST","GO! SOLUTIONS","GO! DG SENS LID GF LMB SMP"
"","1103296","1101994","0","1","0","28.99","19.55","LST","GO! SOLUTIONS","GO! DG SENS LID GF LMB 3.5LB"
"","1103335","1101995","0","1","0","116.99","78.91","LST","GO! SOLUTIONS","GO! DG SENS LID GF LMB 22LB"
"","1103339","26619","1","1","0","30.99","20.9","LST","GO! SOLUTIONS","GO! CT SENS LID GF DUCK 3LB"
"","1103371","26611","0","1","0","63.99","43.16","LST","GO! SOLUTIONS","GO! CT SENS LID GF DUCK 8LB"
"","1103382","","1","1","0.25","3.49","2.86","LST","FRISKIES","FRISK PARTY MIX CT OCEAN 170g"
"","1103383","","0","1","0","3.49","2.86","LST","FRISKIES","FRISK PARTY MIX CT GOURMET170g"
"","1103385","","0","1","0","3.49","2.86","LST","FRISKIES","FRISK PARTY MIX CT CK&GRVY170g"
"","1103386","","0","1","0","3.49","2.86","LST","FRISKIES","FRISK PARTY MIX CT SEASIDE170g"
"","1103389","","0","20","0","11.99","6","LST","OPEN RANGE","OPN RNG DG BF TENDON 1ea"
"","1103390","","20","20","0.25","16.99","8.8495","LST","OPEN RANGE","OPN RNG DG BF CHMPR BKSTRP 1ea"
"","1103392","","50","50","0","4.49","1.917","LST","OPEN RANGE","OPN RNG DG BF TRIPE TWIST 1ea"
"","1103455","","1","1","0","28.99","14.79","LST","EARTH ANIMAL","ERTHAN DG PB CHW 7in2pk"
"","1103456","","0","1","0","16.99","8.3","LST","EARTH ANIMAL","ERTHAN DG PB CHW 4in2pk"
"","1103457","","0","1","0","19.99","9.78","LST","EARTH ANIMAL","ERTHAN DG PB CHW STK10pk"
"","1103461","","0","1","0","22.99","11.96","LST","EARTH ANIMAL","ERTHAN DG PB CHW 11in 1ea"
"","1103466","","0","1","0.25","35.99","23.68","LST","ACANA","ACANA CT HP RGNL PACIFICA 4LB"
"","1103469","","1","1","0.25","35.99","23.68","LST","ACANA","ACANA CT HP RGNL WILD PR 4LB"
"","1103472","","0","1","0","35.99","23.68","LST","ACANA","ACANA CT HP RGNL GRASSLAND 4LB"
"","1103478","","1","1","0","40.99","27","LST","ORIJEN","ORIJEN ORIGINAL CAT 4LB"
"","1103480","","0","1","0","85.99","58.33","LST","ORIJEN","ORIJEN ORIGINAL CAT 12LB"
"","1103481","","0","1","0","40.99","27","LST","ORIJEN","ORIJEN CT 6 FSH 4LB"
"","1103483","","0","1","0.25","90.99","61.69","LST","ORIJEN","ORIJEN CT 6 FSH 12LB"
"","1103484","","0","1","0.25","45.99","30.28","LST","ORIJEN","ORIJEN CT RGNL RED 4LB"
"","1103489","","2","1","0.25","85.99","58.3","LST","ORIJEN","ORIJEN CT FIT&TRIM 12LB"
"","1103490","","0","1","0","90.99","64.42","LST","ACANA","ACANA DG PUP 25LB"
"","1103491","","1","1","0","29.99","19.74","LST","ACANA","ACANA DG PUP 4.4LB"
"","1103493","","0","1","0.25","58.99","40.02","LST","ACANA","ACANA DG PUP 13.2LB"
"","1103494","","0","1","0.25","29.99","19.74","LST","ACANA","ACANA DG SB AD 4.4LB"
"","1103496","","2","1","0.25","60.99","41.37","LST","ACANA","ACANA DG SB AD 13.2LB"
"","1103497","","1","1","0.25","94.99","67.25","LST","ACANA","ACANA DG AD 25LB"
"","1103498","","0","1","0.5","29.99","19.74","LST","ACANA","ACANA DG AD 4.4LB"
"","1103500","","0","1","0","61.99","42.06","LST","ACANA","ACANA DG AD 13.2LB"
"","1103501","","0","1","0","90.99","64.42","LST","ACANA","ACANA DG LB PUP 25LB"
"","1103503","","4","1","0.75","121.99","86.34","LST","ACANA","ACANA DG LB AD 37.5LB"
"","1103504","","3","1","0.25","95.99","67.96","LST","ACANA","ACANA DG LITE & FIT 25LB"
"","1103505","","1","1","0.25","29.99","19.74","LST","ACANA","ACANA DG LITE & FIT 4.4LB"
"","1103507","","2","1","0.5","61.99","42.06","LST","ACANA","ACANA DG LITE & FIT 13.2LB"
"","1103508","","2","1","0.25","95.99","67.96","LST","ACANA","ACANA DG SNR 25LB"
"","1103509","","0","1","0.25","29.99","19.74","LST","ACANA","ACANA DG SNR 4.4LB"
"","1103512","","1","1","0","29.99","19.74","LST","ACANA","ACANA DG SB PUP 4.4LB"
"","1103516","","0","1","0","110.99","78.58","LST","ACANA","ACANA DG HI PRTN WILD PR 25LB"
"","1103517","","0","1","0.25","34.99","23.05","LST","ACANA","ACANA DG HI PRTN WILD PR 4.4LB"
"","1103519","","0","1","0.25","68.99","46.77","LST","ACANA","ACANA DG HI PRTN WLD PR 13.2LB"
"","1103520","","0","1","0","110.99","78.55","LST","ACANA","ACANA DG HI PRTN GRSLNDS 25LB"
"","1103521","","0","1","0","34.99","23.02","LST","ACANA","ACANA DG HI PRTN GRSLNDS 4.4LB"
"","1103523","","0","1","0.25","73.99","50.19","LST","ACANA","ACANA DG HI PRT GRSLND 13.2LB"
"","1103539","","0","1","0.25","110.99","78.55","LST","ACANA","ACANA DG HI PRTN PACIFICA 25LB"
"","1103540","","0","1","0.75","34.99","23.02","LST","ACANA","ACANA DG HI PRTN PACIFICA4.4LB"
"","1103542","","2","1","0.5","73.99","50.19","LST","ACANA","ACANA DG HI PRTN PCIFCA 13.2LB"
"","1103543","","0","1","0.25","110.99","78.55","LST","ACANA","ACANA DG HI PRTN RNCHLNDS 25LB"
"","1103544","","1","1","0.25","34.99","23.02","LST","ACANA","ACANA DG HI PRTN RNCHLNDS4.4LB"
"","1103546","","0","1","0.5","73.99","50.19","LST","ACANA","ACANA DG HI PRTN RNCHLD 13.2LB"
"","1103563","","0","1","0","115.99","82.09","LST","ORIJEN","ORIJEN DG PUP 25LB"
"","1103564","","0","1","0.5","35.99","23.68","LST","ORIJEN","ORIJEN DG PUP 4.4LB"
"","1103566","","1","1","0.25","70.99","48.13","LST","ORIJEN","ORIJEN DG PUP 13.2LB"
"","1103567","","1","1","0.75","110.99","78.58","LST","ORIJEN","ORIJEN DG ORIG 25LB"
"","1103568","","0","1","0.25","35.99","23.68","LST","ORIJEN","ORIJEN DG ORIG 4.4LB"
"","1103570","","1","1","0","70.99","48.15","LST","ORIJEN","ORIJEN DG ORIG 13.2LB"
"","1103571","","0","1","0","110.99","78.56","LST","ORIJEN","ORIJEN DG SNR 25LB"
"","1103575","","0","1","0","115.99","82.09","LST","ORIJEN","ORIJEN DG LB PUP 25LB"
"","1103577","","0","1","0","75.99","51.52","LST","ORIJEN","ORIJEN DG LB PUP 13.2LB"
"","1103578","","2","1","0","126.99","89.17","LST","ORIJEN","ORIJEN DG 6 FSH 25LB"
"","1103579","","0","1","0.25","40.99","26.98","LST","ORIJEN","ORIJEN DG 6 FSH 4.4LB"
"","1103581","","0","1","0.25","80.99","54.23","LST","ORIJEN","ORIJEN DG 6 FSH 13.2LB"
"","1103582","","0","1","0.5","126.99","89.17","LST","ORIJEN","ORIJEN DG RGNL RED 25LB"
"","1103583","","2","1","0.5","40.99","26.98","LST","ORIJEN","ORIJEN DG RGNL RED 4.4LB"
"","1103585","","0","1","0","80.99","54.25","LST","ORIJEN","ORIJEN DG RGNL RED 13.2LB"
"","1103586","","0","1","0.25","115.99","82.09","LST","ORIJEN","ORIJEN DG FIT & TRIM 25LB"
"","1103643","","0","1","0","23.99","14.86","LST","STELLA & CHEWY'S","SC CT RW CTD CHK 2.5LB"
"","1103645","","0","1","0","31.99","19.59","LST","STELLA & CHEWY'S","SC CT RW BLN CG FR PLTRY 2.5LB"
"","1103646","","0","1","0.25","41.99","26.34","LST","STELLA & CHEWY'S","SC CT RW CTD CHK 5LB"
"","1103648","","0","1","0","54.99","35.13","LST","STELLA & CHEWY'S","SC CT RW BLN CG FR PLTRY 5LB"
"","1103676","","0","12","0","6.49","4.3775","LST","GO! SOLUTIONS","GO! DG CNV GF SHR LMB&BR12.5oz"
"","1103677","","0","12","0","6.49","4.3775","LST","GO! SOLUTIONS","GO! DG CNV GF CH TK&DK 12.5oz"
"","1103678","","0","12","0","6.49","4.3775","LST","GO! SOLUTIONS","GO! DG SEN LID GF DK PT 12.5oz"
"","1103679","","0","12","0","6.49","4.3775","LST","GO! SOLUTIONS","GO! DG SEN LID GF SHR TK12.5oz"
"","1103680","","0","12","0","6.29","4.2425","LST","GO! SOLUTIONS","GO! DG S&C PLK PT 12.50Z"
"","1103681","","12","12","0","6.29","4.2425","LST","GO! SOLUTIONS","GO! DG S&C SHRD CHK 12.5oz"
"","1103682","","0","12","0.5","6.29","4.2425","LST","GO! SOLUTIONS","GO! DG S&C TK &SL PT 12.5oz"
"","1103683","","0","24","0.75","4.49","3.0283","LST","GO! SOLUTIONS","GO! CT CNV GF CH TK&DK 6.4OZ"
"","1103684","","0","24","0.5","4.49","3.0283","LST","GO! SOLUTIONS","GO! CT CNV GF MNCD LMB&BR6.4OZ"
"","1103685","","24","24","0.75","4.49","3.0283","LST","GO! SOLUTIONS","GO! CT CNV GF SL&CD PT 6.4OZ"
"","1103686","","0","24","1","4.49","3.0283","LST","GO! SOLUTIONS","GO! CT SEN LID GF DK PT 6.4OZ"
"","1103688","","0","24","1.25","4.49","3.0283","LST","GO! SOLUTIONS","GO! CT S&C MNCD CHK 6.4OZ"
"","1103689","","0","24","0.5","4.49","3.0283","LST","GO! SOLUTIONS","GO! CT S&C SLM PT 6.4OZ"
"","1103708","","0","1","0","117.99","75.85","LST","PUREBITES","PRB DG FD BF LIVER 2.75LB"
"","1103709","","0","1","0","117.99","75.85","LST","PUREBITES","PRB DG FD CK BREAST 1.75LB"
"","1103710","","0","1","0","13.49","9.1","LST","PUREBITES","PB CT SALMON TRT 2OZ"
"","1103755","","1","1","0","6.79","3.25","LST","PERFORMATRIN ULTRA","PERF ULT CT FD WHTFSH 0.6oz"
"","1103756","","1","1","0","15.99","7.5","LST","PERFORMATRIN ULTRA","PERF ULT DG FD TURKEY 2.3OZ"
"","1103757","","0","1","0","6.79","3.35","LST","PERFORMATRIN ULTRA","PERF ULT CT FD TURKEY 0.81oz"
"","1103814","","0","1","0","15.99","10.7","LST","STELLA & CHEWY'S","SC DG FD DK&GSE MXR 3.5OZ"
"","1103815","","0","30","0.25","5.99","2.5527","LST","PERFORMATRIN ULTRA","PERF ULT DG TRTR BSTR BONE1EA"
"","1103816","","0","25","0","10.29","4.998","LST","PERFORMATRIN ULTRA","PERF ULT DG BCKSTP TENDON12in"
"","1103818","","0","60","4.25","6.29","2.5608","LST","PERFORMATRIN ULTRA","PERF ULT DG REG BULL STCK6in"
"","1103819","","0","50","2.25","12.49","5.342","LST","PERFORMATRIN ULTRA","PERF ULT DG REG BULL STCK12IN"
"","1103820","","25","25","0.75","18.99","9.3744","LST","PERFORMATRIN ULTRA","PERF ULT DG SUPR BULL STCK12in"
"","1103821","","0","15","0","22.99","11.5","LST","PERFORMATRIN ULTRA","PERF ULT DG BULLY BRAID12in"
"","1103823","","0","75","0","3.29","1.1567","LST","PERFORMATRIN ULTRA","PERF ULT DG ESOPHAGUS STCK6IN"
"","1103829","","2","1","0","18.49","10.98","LST","ORIJEN","ORIJEN DG RCH RSD BF TRT3.25OZ"
"","1103831","","0","1","0","18.49","10.98","LST","ORIJEN","ORIJEN DG GRSFD LAMB TRT3.25OZ"
"","1103833","","2","1","0","18.49","10.98","LST","ORIJEN","ORIJEN DG FREERN DCK TRT3.25OZ"
"","1103846","","0","1","0","68.99","47.15","LST","STELLA & CHEWY'S","SC DG FD DK&GSE MXR 18OZ"
"","1103850","","0","24","0","4.29","2.0625","LST","ETTA SAYS!","ETTA DG PORK YUMM STK 0.75OZ"
"","1103851","","0","24","0.25","4.29","2.0625","LST","ETTA SAYS!","ETTA DG TURKEY YUMM STK 0.75OZ"
"","1103852","","0","24","0.25","4.29","2.0625","LST","ETTA SAYS!","ETTA DG BEEF YUMM STK 0.75OZ"
"","1103853","","24","24","0","4.29","2.0625","LST","ETTA SAYS!","ETTA DG CHKN YUMM STK 0.75OZ"
"","1103993","","1","1","0.5","17.99","9.05","LST","PUREBITES","PB DG BEEF JERKY7.5OZ"
"","11468","","35","35","2.75","19.99","10","LST","OPEN RANGE","OPN RNG DG BLLY STCK SUPR 12IN"
"","11481","","2","1","0.25","12.99","5.33","LST","NATURAL BALANCE","NB DG SMBR LIT VEN&SP 8OZ"
"","11488","","0","1","0","12.99","4.8","LST","NATURAL BALANCE","NB DG SMBR LIT FSH&SP 8oz"
"","1150642","","0","24","1","3.19","1.85","LST","ROYAL CANIN","RCBHN DG SHIH TZU AD 3OZ"
"","1150647","","0","24","8.25","3.59","2.1775","LST","ROYAL CANIN","RCFHN CT URINARY SLC GVY 3OZ"
"","11509","","0","1","0","76.99","53.65","OOS","DIAMOND NATURALS","DN DG GF BF&SP 28LB"
"","1151009","","0","24","0","3.49","2.2375","LST","HILL'S SCIENCE DIET","SD CT AD SS CHK&VG 2.9OZ"
"","1151011","","0","24","0","3.49","2.2375","LST","HILL'S SCIENCE DIET","SD CT AD VEG CHK PRFCT 2.9OZ"
"","11516","","0","1","0","76.99","53.65","LST","DIAMOND NATURALS","DN DG GF CHK&SP 28LB"
"","11519","","0","1","0","76.99","53.65","LST","DIAMOND NATURALS","DN DG GF WHT FSH SP 28LB"
"","1152894","26542","0","1","0","74.99","53.3","LST","BLUE BUFFALO","BLU DG AD LPF CK&BR 26LB"
"","1152895","26543","0","1","0.75","74.99","59.75","LST","BLUE BUFFALO","BLU DG AD LPF FSH&BR 26LB"
"","1152896","26544","0","1","0.25","74.99","55.72","LST","BLUE BUFFALO","BLU DG AD LB LPF CK&BR26LB"
"","1152897","26545","0","1","0","74.99","53.3","LST","BLUE BUFFALO","BLU DG SNR LPF CK&BR 26LB"
"","1152898","26546","0","1","0","74.99","59.75","LST","BLUE BUFFALO","BLU DG AD LPF LMB&BR 26LB"
"","1152900","","0","1","0","74.99","53.3","LST","BLUE BUFFALO","BLU DG AD LPF HW CK&BR 26LB"
"","11631","11670","1","1","0.25","125.99","92.7","LST","HILL'S SCIENCE DIET","SD DG AD ORAL CARE 28.5LB"
"","11649","11643","1","1","0","125.99","92.7","LST","HILL'S SCIENCE DIET","SD DG AD SS CHK 30LB"
"","11678","","1","1","0","125.99","92.7","LST","HILL'S SCIENCE DIET","SD DG AD LB HLTHY MOB 30LB"
"","11895","","1","1","0","5.19","2.46","LST","WELLNESS","WEL CT KITTLES SL&CRNBR 2oz"
"","11897","","1","1","0","5.19","2.46","LST","WELLNESS","WEL CT KITTLES TU&CR 2oz"
"","12163","","0","1","0","54.99","35.8","LST","HEALTH DIET","HD SNGBRD MIX 30lb"
"","12177","","0","1","0","10.49","5.15","LST","JAY'S","JAYS DG MY MGHTY WLF PORK5.3oz"
"","12179","","0","1","0.25","10.49","5.15","LST","JAY'S","JAYS DG MY MGHTY WLF SLMN5.3oz"
"","12181","","0","1","0","4.99","3.1","LST","JAY'S","MIGHTY CT SLMN 2.6oz"
"","12183","","0","1","0.25","4.99","3.1","LST","JAY'S","MIGHTY CT CHCKN 2.6oz"
"","12184","","0","1","0","4.99","3.1","LST","JAY'S","MIGHTY CT TUNA 2.6oz"
"","12243","","0","1","0","29.99","19.52","LST","HEALTH DIET","HD SNGBRD MIX 15lb"
"","12353","12354","0","1","0","19.99","13.01","LST","HEALTH DIET","HD SNGBRD MIX 7lb"
"","12411","","0","1","0","27.99","17.29","LST","FRESH 4 LIFE","F4L ECO PAPER SOFT LTR 15LB"
"","12413","12412","2","1","0.75","28.99","19.41","LST","FRESH 4 LIFE","F4L ECO PAPER PELLET LTR 26LB"
"","12537","","0","1","0.75","21.99","14.07","LST","ARM & HAMMER","A&H CLUMP&SEAL MC 9.1kg"
"","12541","","0","1","0.75","18.99","10.34","LST","FRESH 4 LIFE","F4L ECO PINE PELLET LTR 22LB"
"","12543","","0","1","0","28.99","19.27","LST","FELINE FRESH","FEL FRSH CLMP PINE 17LB"
"","12544","","0","1","0.25","52.99","35.18","LST","FELINE FRESH","FEL FRSH CLMP PINE 34lb"
"","12572","","0","1","0.25","21.99","14.72","LST","ARM & HAMMER","A&H MULTI CAT LTR 12.7kg"
"","12574","","0","1","0","21.99","14.72","LST","ARM & HAMMER","A&H DBL DUTY CT LTR12.7kg"
"","12738","","0","1","1.25","24.99","15.85","LST","FRESH 4 LIFE","F4L CLMP ECO GRASS LTR 10LB"
"","12739","","0","1","2.25","44.99","29.22","LST","FRESH 4 LIFE","F4L CLMP ECO GRASS LTR 20LB"
"","12748","","0","1","1.5","14.99","10.37","LST","FRESH 4 LIFE","F4L CLMP UNSCNT LTR 40LB"
"","12749","","0","1","4.5","14.99","10.37","LST","FRESH 4 LIFE","F4L CLMP MC LTR 40LB"
"","12763","12743","3","1","0.25","12.99","8.82","LST","FRESH 4 LIFE","F4L CLMP UNSCNT LTR 22LB"
"","12765","12746","0","1","0","12.99","8.82","LST","FRESH 4 LIFE","F4L CLMP MC LTR 22LB"
"","12771","","0","1","1","15.99","9.15","LST","FRESH 4 LIFE","F4L CLMP ODOR DESTR LTR 18LB"
"","12773","","0","1","4.5","23.99","13.93","LST","FRESH 4 LIFE","F4L CLMP ODOR DESTR LTR 40LB"
"","12783","","0","3","0.25","10.99","6.9233","LST","FRESH 4 LIFE","F4L CLMP UNSCNT LTR 14LB"
"","12784","","0","3","0.5","10.99","6.9233","LST","FRESH 4 LIFE","F4L CLMP MC LTR 14LB"
"","12839","12833","0","1","0","53.99","42","LST","WORLD'S BEST","WBCL UNSCNT CLMP 28LB"
"","12845","12844","1","1","0.5","53.99","42","LST","WORLD'S BEST","WBCL MC UNSCNT CLMP 28LB"
"","12860","","0","1","0","27.99","18.87","LST","DR. ELSEY'S","DR ELSEY CT ATTRACT LTR 20lb"
"","12863","","0","1","0.5","22.99","15.18","LST","DR. ELSEY'S","DR ELSEY ULT LTR ATTRCTNT 20oz"
"","12864","","0","1","0.25","27.99","20.21","LST","DR. ELSEY'S","DR ELSEY RESP RELIEF LTR 20lbs"
"","12907","","0","1","0.75","31.99","25.64","LST","DR. ELSEY'S","DR ELSEY ULT CLMP 40LB"
"","14144","","0","1","0.25","87.99","65.92","LST","BLUE BUFFALO","BLU DG AD WILD GF CHK 24LB"
"","14148","","0","1","0","87.99","71.8","LST","BLUE BUFFALO","BLU DG AD WILD GF SLMN 24LB"
"","14449","14444","0","1","0.25","88.99","56.38","LST","ROYAL CANIN","RCBHN DG SHIH TZU AD 10LB"
"","14459","14454","0","1","0.25","37.99","22.76","LST","ROYAL CANIN","RCBHN DG CHIHUAHUA AD 2.5LB"
"","1500266","1504983","0","1","1","24.99","16.53","LST","LITTERLOCKER","LITTERLOCKER DESIGN RFL 3pk"
"","1500267","","0","1","0.25","22.99","12.9","LST","DOG ROCKS","DOG ROCKS 7.1oz"
"","1500376","","0","1","0","21.99","10.98","LST","KURGO","KURGO GO STUFF IT BAG BLU 1ea"
"","1500377","","0","1","0","19.99","9.99","LST","KURGO","KURGO MUD DOG TRVL SHOWER 1ea"
"","1500449","","0","1","0.25","25.99","13","LST","LIQUID-VET","LIQVET DG JOINT ROAST 8OZ"
"","1500450","","0","1","0","48.99","24.5","LST","LIQUID-VET","LIQVET DG JOINT CHCK 32oz"
"","1500451","","0","1","0","48.99","24.5","LST","LIQUID-VET","LIQVET DG JOINT ROAST 32oz"
"","1500457","","0","1","0","13.99","6.98","OOS","TROPICLEAN","TRPCLN EAR WASH 4oz"
"","1500470","","1","1","0.5","29.99","15.59","LST","ZODIAC","ZODIAC INFESTOP CT UNDR4kg 1ea"
"","1500471","","2","1","0","29.99","15.59","LST","ZODIAC","ZODIAC INFESTOP CT OVER 4kg"
"","1500597","","0","1","0","84.99","45.73","LST","BAILEY & BELLA","BB DG CABLE PLW GR 1EA"
"","1500668","","1","1","0","149.99","90","RLST","JUMP","JMP COCO TREE 43IN"
"","1500708","45691","0","1","0","9.99","4.77","LST","ESSENTIALS","ESN TRAINING PAD 10PK"
"","1500709","45692","0","1","0.5","29.99","17.63","LST","ESSENTIALS","ESN TRAINING PAD 50PK"
"","1500710","45693","0","1","0.25","49.99","29.09","LST","ESSENTIALS","ESN TRAINING PAD 100PK"
"","1500711","","0","1","0","84.99","47.7","LST","ESSENTIALS","ESN TRAINING PAD XL 100PK"
"","1500712","45694","0","1","0.25","52.99","28.6","LST","ESSENTIALS","ESN TRAINING PAD XL 50PK"
"","1500714","","0","1","0","13.99","6.24","LST","PETSTAGES","PS PETITE ORKA COMBO 2PK"
"","1500727","","1","1","0","23.99","13","LST","OUTWARD HOUND","OH TOUGHSEAMZ SNAKE 3SQ 1SM"
"","1500728","","0","1","0","26.99","15.58","LST","OUTWARD HOUND","OH TOUGHSEAMZ SNAKE 6SQ 1LG"
"","1501043","","0","1","0","9.99","5.7","LST","JUMP","JMP CARDBOARD RFL 2PK"
"","1501049","76353","0","1","0","199.99","114.64","LST","ESSENTIALS","ESN CRATE DOUBLE DOOR 48IN"
"","1501051","76356","0","1","0.5","84.99","43.5","LST","ESSENTIALS","ESN CRATE SINGLE DOOR 30IN"
"","1501054","","0","1","0","169.99","92.98","LST","ESSENTIALS","ESN CRATE SINGLE DOOR 48IN"
"","1501123","","0","1","0","24.99","12.5","OOS","NYLABONE","NYLA DURA CHEW BONE PB 1EA"
"","1501125","","0","1","0","18.99","9.07","OOS","NYLABONE","NYLA DURA CHEW BCN CHK 2MD"
"","1501126","","0","1","0","27.99","13.99","LST","NYLABONE","NYLA DURA CHEW BCN CHK 2LG"
"","1501158","","0","1","0","19.99","10.06","LST","NATURE'S MIRACLE","NM LAVENDER SCNT S&O 946ml"
"","1501160","","0","1","0","19.99","11.04","LST","NATURE'S MIRACLE","NM ORG OXY S&O 946ml"
"","1501162","","0","1","0","19.99","11.28","LST","NATURE'S MIRACLE","NM JFC ADV S&O 946ML"
"","1501356","","1","1","0.25","12.99","6.18","LST","KONG","KONG PUPPY BINKIE 1SM"
"","1501363","","0","1","0","24.99","12.56","LST","KONG","KONG GYRO 1LG"
"","1501372","","0","1","0","23.99","12.86","LST","KONG","KONG EXTREME GOODIE BONE 1LG"
"","1501376","","0","1","0.25","9.99","4.84","LST","KONG","KONG WILDKNOTS BEAR 1XS"
"","1501388","","1","1","0.25","22.99","8.41","LST","KONG","KONG EXTREME TIRES 1MD"
"","1501406","","0","42","0.5","7.99","4.1376","LST","YEOWWW!","YEOWWW! LADYBUG JUG 1EA"
"","1501410","","0","1","0","34.99","19.41","LST","GRIZZLY","GRIZZLY DG PLS SLMN OIL 16OZ"
"","1501633","","1","1","0.25","9.99","3.9","LST","TROPICLEAN","TRCL FINGER BRUSH 2pc"
"","1501635","","0","1","0","18.99","9.69","LST","TROPICLEAN","TRCL ORL CARE GEL 2oz"
"","1501637","","1","1","0.25","18.99","9.69","LST","TROPICLEAN","TRCL ORL CARE GEL PB 2oz"
"","1501640","","1","1","0","24.99","10.15","OOS","TROPICLEAN","TRCL WTR ADTV WHTNG 473ml"
"","1501793","","1","1","0","17.99","9.38","LST","OUTWARD HOUND","OH SCRUFFLES MOOSE SM"
"","1501795","","1","1","0","25.99","13.52","LST","OUTWARD HOUND","OH SCRUFFLES MOOSE LG"
"","1501799","","1","1","0","28.99","15.42","LST","OUTWARD HOUND","OH THUNDER TUGGERZ "
"","1501820","","0","1","0","34.99","17.23","OOS","COASTAL PET PRODUCTS","CSTL CT ADJ HRN&LSH RED 1EA"
"","1501827","","0","1","0","14.99","7.45","LST","GO DOG","GODG JFM ROOSTER BRN 1XS"
"","1501829","","0","1","0","74.99","42.26","LST","SAVIC","SV NESTOR JUMBO GREY 1ea"
"","1501830","","0","1","0","44.99","25","LST","SAVIC","SV NESTOR GREY 1EA"
"","1501834","","0","1","0","55.99","31.25","LST","SAVIC","SV HOPIN MOCCA 1EA"
"","1501835","","0","1","0.25","7.99","4.04","OOS","SAVIC","SV FILTER FOR NESTORS 1EA"
"","1501837","","2","1","0.25","106.99","71.34","LST","PETSAFE","PETSF SCOOPFREE REPL 3pk"
"","1501843","","2","1","0.5","11.99","5.84","LST","KONG","KONG CT KICKEROO CUDDLE 1EA"
"","1501856","","0","1","0","51.99","25.99","LST","DOG GONE SMART","DGS SLEEPER MAT BRN 19X24IN"
"","1501857","","0","1","0","62.99","31.19","LST","DOG GONE SMART","DGS SLEEPER MAT BRN 21X30IN"
"","1501858","","0","1","0","72.99","40","LST","DOG GONE SMART","DGS SLEEPER MAT BRN 23X36IN"
"","1501859","","0","1","0","93.99","51.44","LST","DOG GONE SMART","DGS SLEEPER MAT BRN 28X42IN"
"","1501860","","0","1","0","103.99","57.16","LST","DOG GONE SMART","DGS SLEEPER MAT BRN 30X48IN"
"","1501863","","0","1","0","62.99","31.19","LST","DOG GONE SMART","DGS SLEEPER MAT GRY 21X30IN"
"","1501864","","0","1","0","72.99","40","LST","DOG GONE SMART","DGS SLEEPER MAT GRY 23X36IN"
"","1501865","","1","1","0.25","93.99","51.44","LST","DOG GONE SMART","DGS SLEEPER MAT GRY 28X42IN"
"","1501866","","0","1","0","103.99","57.16","LST","DOG GONE SMART","DGS SLEEPER MAT GRY 30X48IN"
"","1501949","","0","1","0","45.99","24","LST","VERSELE-LAGA","VL COMP FRRT FOOD 5.5LB"
"","1502038","","0","1","0","11.49","5.5","LST","CHARLEE BEAR","CHARLEE DG CHK PMP APL TRT 8oz"
"","1502039","","0","1","0","11.49","5.5","LST","CHARLEE BEAR","CHARLEE DG BCN BLR 8oz"
"","1502040","","0","1","0","11.49","5.5","LST","CHARLEE BEAR","CHARLEE DG TKY SP CRN 8oz"
"","1502091","","0","1","0","79.99","43.99","LST","JUMP","JMP 3 POST 3 SRFC 18IN"
"","1502166","","0","24","0","10.99","5.1654","LST","SPOT","SPOT WANDS ASST 1EA"
"","1502183","","0","1","0.25","9.49","4.8","LST","KETTLE CRAFT","KET CRFT DG BCN SML 6oz"
"","1502184","","0","1","0","17.99","9.2","LST","KETTLE CRAFT","KET CRFT DG BCN LRG 12oz"
"","1502185","","0","1","0","9.49","4.8","LST","KETTLE CRAFT","KET CRFT DG VEN SML 6oz"
"","1502186","","0","1","0.25","17.99","9.2","LST","KETTLE CRAFT","KET CRFT DG VEN LRG 12oz"
"","1502187","","0","1","0.25","9.49","4.8","LST","KETTLE CRAFT","KET CRFT DG SLM SML 6oz"
"","1502188","","0","1","0.25","17.99","9.2","LST","KETTLE CRAFT","KET CRFT DG SLM LRG 12oz"
"","1502210","","0","1","0","109.99","60.49","RLST","JUMP","JMP MARLEY TREE 26.5IN"
"","1502220","","0","1","0","15.99","7.99","LST","FOUFIT","FFIT SPIKER TREAT BALL 5IN"
"","1502267","","0","1","0","15.99","10.2","LST","CHUCKIT","CHUCKIT BREATHE RIGHT BALL 2SM"
"","1502285","","0","1","0","207.99","140.31","LST","ESSENTIALS","ESN TRANSP CARRIER 35IN"
"","1502689","","0","1","0","89.99","47","LST","PETAG","ESBILAC MILK POWDER 28OZ"
"","1502871","","0","1","0","45.99","27.52","OOS","PENN-PLAX","PP LIZ LNGR 1LG"
"","1502873","","2","1","0.5","72.99","37.1","LST","ESSENTIALS","ESN MUDMAT RUNNER BRN 1EA"
"","1502874","","0","1","0","41.99","18.9","LST","ESSENTIALS","ESN MUDMAT DOORMAT BRN 1LG"
"","1502875","","0","1","0","36.99","15.75","LST","ESSENTIALS","ESN MUDMAT DOORMAT BRN 1MD"
"","1502876","","0","1","0","72.99","37.1","LST","ESSENTIALS","ESN MUDMAT RUNNER GRY 1EA"
"","1502877","","0","1","0","41.99","18.9","LST","ESSENTIALS","ESN MUDMAT DOORMAT GRY 1LG"
"","1502878","","0","1","0","36.99","15.75","LST","ESSENTIALS","ESN MUDMAT DOORMAT GRY 1MD"
"","1502881","","0","1","0","21.99","13","LST","ZUPREEM","ZPRM PFUN SM BRD 2LB"
"","1502882","","0","1","0","25.99","15.03","LST","ZUPREEM","ZPRM PFUN MD BRD 2LB"
"","1502885","","0","1","0","19.99","10.7","LST","ZUPREEM","ZPRM SENSEED SM BRD 2LB"
"","1502886","","0","1","0","21.99","13","LST","ZUPREEM","ZPRM SENSEED MD BRD 2LB"
"","1502928","","0","1","0","59.99","30","LST","MODERNA","MDN CILV CAT CARRIER 1ea"
"","1502954","","0","1","0.25","5.99","4.65","OOS","ARM & HAMMER","A&H DD LTR DEODRZR 850gr"
"","1502955","","3","1","0.5","29.99","24","LST","ARM & HAMMER","A&H SLIDE MC 12.7kg"
"","1502971","","0","1","0","19.99","9.8","LST","EARTH RATED","ER POOPBAG REFILL SCNT 315pc"
"","1502972","","0","1","0","19.99","9.8","LST","EARTH RATED","ER POOPBAG REFILL UNSCNT 315pc"
"","1503002","","0","1","0","9.99","5.66","LST","SAVIC","SV BAG IT UP MAXI 12PK"
"","1503003","","1","1","0.25","10.99","6.2","LST","SAVIC","SV BAG IT UP JUMBO 6PK"
"","1503055","","0","1","0.25","18.99","9.6","LST","KONG","KONG CORESTRENGTH BONE 1MD"
"","1503076","","0","1","0","21.99","10.25","LST","KONG","KONG PHATZ PIG 1MD"
"","1503326","","0","1","0","11.99","5.8","LST","PETMATE","PM KENNEL CUP 21oz"
"","1503379","","0","1","0.25","31.99","15.35","LST","NOK OUT","NOK OUT SKUNK KIT 1ea"
"","1503452","","0","1","0","38.99","22","LST","DR. MAGGIE","DR MAGGIE DG SKN&CT 8.1floz"
"","1503453","","0","1","0","70.99","37.17","LST","DR. MAGGIE","DR MAGGIE DG SKN&CT 16.2floz"
"","1503454","79206","0","1","0.25","32.99","17.6","LST","DR. MAGGIE","DR MAGGIE D&C PAWPROTECT 7.1oz"
"","1503455","43697","0","1","0","22.99","12.4","LST","DR. MAGGIE","DR MAGGIE D&C OINTMENT 1.1oz"
"","1503540","","0","4","0","17.99","9","OOS","PETRAGEOUS","PTRGS CRAZY CAT LADY MUG 24OZ"
"","1503541","","4","4","0","15.99","8","OOS","PETRAGEOUS","PTRGS MY KIDS PAW MUG 24OZ"
"","1503542","","0","4","0","15.99","8","OOS","PETRAGEOUS","PTRGS MY SPOILED DOG MUG 24OZ"
"","1503544","","0","4","0","15.99","8","OOS","PETRAGEOUS","PTRGS DOG MOM MUG 24OZ"
"","1503545","","0","4","0","15.99","8","OOS","PETRAGEOUS","PTRGS DOG DAD MUG 24OZ"
"","1503546","","0","6","0","10.99","6.0183","LST","PETRAGEOUS","PTRGS CT BUBBLE FSH SAUCER 5IN"
"","1503562","","0","1","0.25","50.99","27.3","LST","NATURPET","NATURPET URINE CARE 100ml"
"","1503705","","0","1","0.25","9.39","4.68","LST","FOUFIT","FFIT PLUSH BALL ASST 1EA"
"","1503708","","0","1","0","8.29","4.15","LST","FOUFIT","FFIT SPIKER TREAT BALL 3IN"
"","1503868","","1","1","0.25","16.99","7.25","LST","TETRA","TTR TPRO GLDFSH CRSP 3OZ"
"","1503932","1502100","0","1","0","24.99","12.5","LST","KONG","KONG DG SS H2O BTL ORN 25OZ"
"","1503933","1502101","0","1","0","24.99","12.5","LST","KONG","KONG DG SS H2O BTL GRN 25OZ"
"","1503934","75794","0","1","0","24.99","12.5","LST","KONG","KONG DG SS H2O BTL BLK 25OZ"
"","1503952","","0","1","0","11.99","6.89","LST","NATURE'S MIRACLE","NM CT URINE DESTR ARSL 17.5oz"
"","1503954","","0","1","0","15.99","7.4","LST","TETRA","TTR TF RPM FOOD STCK 3.2OZ"
"","1504038","","0","1","0","42.99","23.21","LST","FLEXI","FLEXI DG NEON TAPE LG 16FT"
"","1504039","","0","1","0","36.99","18.71","LST","FLEXI","FLEXI DG CLASSIC RED MD 16FT"
"","1504044","12925","3","1","0.5","23.99","15.35","LST","NATURALLY FRESH","NATFRESH QUICK CLMP 14LB"
"","1504045","12928","0","1","0.75","23.99","16.03","LST","NATURALLY FRESH","NATFRESH MULTICAT CLMP 14LB"
"","1504050","50961","1","1","0.5","36.99","26.6","LST","NATURALLY FRESH","NATFRESH QUICK CLMP 26LB"
"","1504051","12929","2","1","1.75","36.99","26.6","LST","NATURALLY FRESH","NATFRESH MULTICAT CLMP 26LB"
"","1504055","","0","1","0","36.99","18.71","LST","FLEXI","FLEXI DG CLASSIC BLK MD 16FT"
"","1504056","","0","1","0","39.99","20.45","LST","FLEXI","FLEXI DG CLASSIC RED LG 16FT"
"","1504058","","0","1","0","39.99","20.45","LST","FLEXI","FLEXI DG CLASSIC BLK LG 16FT"
"","1504184","","0","1","0.25","23.99","12","LST","TRI-ACTA","TRIACTA REG SM DG&CT 60g"
"","1504185","","0","1","0","39.99","19.81","LST","TRI-ACTA","TRIACTA REG MED DOG 140G"
"","1504186","","1","1","0","64.99","32.55","LST","TRI-ACTA","TRIACTA REG LRG DOG 300g"
"","1504187","","1","1","0","27.99","14","LST","TRI-ACTA","TRIACTA HA MAX SMDG&CT60g"
"","1504188","","2","1","0","49.99","24.8","LST","TRI-ACTA","TRIACTA H.A MAX MD DG140G"
"","1504189","","0","1","0.25","79.99","39.85","LST","TRI-ACTA","TRIACTA H.A MAX LG DG300g"
"","1504215","","0","1","0","11.99","5.62","LST","CAT DANCER","CAT DANCER DELUXE CAT TOY 1EA"
"","1504217","","1","1","0","9.99","5.12","LST","CAT DANCER","CAT DANCER RAINBOW CHARMER 1EA"
"","1504218","","0","1","0","10.99","5.45","LST","CAT DANCER","CAT DANCER CHASERS 6PC"
"","1504540","","0","3","0","10.99","6.9233","LST","FRESH 4 LIFE","F4L CLMP OCEAN BREEZE LTR 14LB"
"","1504541","","0","1","0.25","14.99","10.37","LST","FRESH 4 LIFE","F4L CLMP OCEAN BREEZE LTR 40LB"
"","1504542","","0","1","0","12.99","8.82","LST","FRESH 4 LIFE","F4L CLMP OCEAN BREEZE LTR 22LB"
"","1504544","","0","1","0.25","7.29","4.15","LST","FRESH 4 LIFE","F4L CLMP OCEAN BREEZE DEO 32OZ"
"","1504565","","0","1","0","26.99","13.01","LST","ESSENTIALS","ESN SHERPA MAT NTRL 18X24IN"
"","1504566","","0","1","0","32.99","15.7","LST","ESSENTIALS","ESN SHERPA MAT NTRL 21X30IN"
"","1504567","","0","1","0","36.99","18.19","LST","ESSENTIALS","ESN SHERPA MAT NTRL 24X36IN"
"","1504568","","0","1","0","41.99","20.79","LST","ESSENTIALS","ESN SHERPA MAT NTRL 28X42IN"
"","1504569","","0","1","0","46.99","23.38","LST","ESSENTIALS","ESN SHERPA MAT NTRL 29X49IN"
"","1504570","","0","1","0","26.99","13.01","LST","ESSENTIALS","ESN SHERPA MAT GRY 18X24IN"
"","1504571","","2","1","0.25","32.99","15.7","LST","ESSENTIALS","ESN SHERPA MAT GRY 21X30IN"
"","1504572","","0","1","0","36.99","18.19","LST","ESSENTIALS","ESN SHERPA MAT GRY 24X36IN"
"","1504573","","1","1","0.25","41.99","20.79","LST","ESSENTIALS","ESN SHERPA MAT GRY 28X42IN"
"","1504574","","0","1","0","46.99","23.38","LST","ESSENTIALS","ESN SHERPA MAT GRY 29X49IN"
"","1504662","","0","1","0","3.99","1.5","LST","MARINA","MRN EZ CATCH NET 3X2.5IN"
"","1504663","","0","1","0","5.99","2","LST","MARINA","MRN EZ CATCH NET 5IN"
"","1504669","","0","1","0","51.99","29.3","OOS","FURMINATOR","FURM LH MD DOG 1ea"
"","1504673","","0","1","0","49.99","29.43","LST","FURMINATOR","FURM LH SM DOG 1ea"
"","1504674","","2","1","0.25","51.99","29.3","LST","FURMINATOR","FURM SH MD DOG 1ea"
"","1504675","","1","1","0.25","54.99","32.46","LST","FURMINATOR","FURM LH LG DOG 1ea"
"","1504676","","0","1","0","49.99","30.23","LST","FURMINATOR","FURM LH SM CAT 1ea"
"","1504680","","0","1","0","22.99","14.22","LST","FURMINATOR","FURM DUAL BRUSH 1ea"
"","1504681","","0","1","0","17.99","8.47","LST","FURMINATOR","FURM RAKE 1ea"
"","1504772","","1","1","0","19.99","10","LST","JUMP","JMP RND BED GRY 1EA"
"","1504773","","0","1","0","19.99","10","LST","JUMP","JMP RND BED CML 1EA"
"","1504774","","2","1","0.25","19.99","10","LST","JUMP","JMP RND BED BLU 1EA"
"","1504782","44691","0","1","0.25","13.99","6.17","LST","HEAD TO TAIL","HT CALMING FOR CATS 30pc"
"","1504783","44692","0","1","1","12.99","5.53","LST","HEAD TO TAIL","HT CALMING SM DOG 30pc"
"","1504784","44693","0","1","0","18.99","7.71","LST","HEAD TO TAIL","HT CALMING LG DOG 30pc"
"","1504785","44694","0","1","0","21.99","10.19","LST","HEAD TO TAIL","HT CALMING XL DOG 30pc"
"","1504786","44695","1","1","1.5","19.99","9.6","LST","HEAD TO TAIL","HT HIP&JOINT CATS 60pc"
"","1504787","44696","1","1","0.25","23.99","10.3","LST","HEAD TO TAIL","HT HIP&JOINT SM DOG 60pc"
"","1504788","44697","0","1","0.25","44.99","22.5","LST","HEAD TO TAIL","HT HIP&JOINT LG DOG 60pc"
"","1504789","44698","0","1","0.5","45.99","22.76","LST","HEAD TO TAIL","HT HIP&JOINT XL DOG 60pc"
"","1504790","44699","1","1","0","15.99","7.14","LST","HEAD TO TAIL","HT VITAMIN CAT 60pc"
"","1504791","44701","0","1","0","15.99","7.14","LST","HEAD TO TAIL","HT VITAMIN SM DOG 60pc"
"","1504792","44703","0","1","0","23.99","10.8","LST","HEAD TO TAIL","HT VITAMIN LG DOG 30pc"
"","1504793","44704","0","1","0.25","13.99","6.4","LST","HEAD TO TAIL","HT SKIN & COAT CATS 30pc"
"","1504794","44705","1","1","0","9.99","4.56","LST","HEAD TO TAIL","HT SKIN & COAT SM DG 30pc"
"","1504795","44706","0","1","0.25","18.99","8.45","LST","HEAD TO TAIL","HT SKIN & COAT LG DG 30pc"
"","1504796","44707","0","1","0","22.99","9.83","LST","HEAD TO TAIL","HT SKIN & COAT XL DG 30pc"
"","1504797","44708","2","1","0.5","13.99","6.17","LST","HEAD TO TAIL","HT HAIRBALL FOR CATS 30pc"
"","1504798","44709","0","1","0","24.99","11.1","LST","HEAD TO TAIL","HT HAIRBALL FOR CATS 90pc"
"","1504801","44713","1","1","0.25","15.99","7.54","LST","HEAD TO TAIL","HT L LYSINE CAT 60pc"
"","1504802","44714","0","1","0","19.99","9.25","LST","HEAD TO TAIL","HT UT SUPPORT CAT 60pc"
"","1504803","50977","2","1","0.25","17.99","8.37","LST","HEAD TO TAIL","HT LAWN+ FOR DOG 60pc"
"","1504883","","0","1","0","89.99","49.49","LST","JUMP","JMP MAGGIE TREE 25IN"
"","1504885","","0","1","0","189.99","114","LST","JUMP","JMP FELIX TREE 53IN"
"","1504907","","0","1","0","13.99","6.55","LST","FRESH 4 LIFE","F4L NTRL PAPER BDNG 14L"
"","1504908","","0","1","0","21.99","11","LST","FRESH 4 LIFE","F4L NTRL PAPER BDNG 30L"
"","1504909","","0","1","0","34.99","19.24","LST","FRESH 4 LIFE","F4L NTRL PAPER BDNG 60L"
"","1504925","","0","1","0.25","11.99","6","LST","HEALTH DIET","HD P&B SEED 2.2LB"
"","1504926","","0","1","0.25","18.99","9.5","LST","HEALTH DIET","HD P&B SEED 5LB"
"","1504927","","0","1","0","18.99","9.5","LST","HEALTH DIET","HD PRT SEED 4LB"
"","1504929","","2","1","0.5","18.99","9.5","LST","HEALTH DIET","HD CKTL SEED 5LB"
"","1504936","","0","1","0","16.99","7.8","LST","KONG","KONG WUBBA FINZ BLUE 1SM"
"","1504937","","1","1","0.5","22.99","10.6","LST","KONG","KONG WUBBA FINZ BLUE 1LG"
"","1504940","","1","1","0","14.99","6.65","LST","KONG","KONG SHAKERS LUVS ELPHNT 1SM"
"","1504941","","2","1","0.25","18.99","8.88","LST","KONG","KONG SHAKERS LUVS GIRAFFE 1LG"
"","1504978","12774","0","3","0.25","21.99","13.1333","LST","FRESH 4 LIFE","F4L LW CLMP UNSCNT LTR 10LB"
"","1504982","","0","1","0","169.99","93","LST","ESSENTIALS","ESN EXTD SOFT CRATE BLU 24IN"
"","1505003","12582","0","1","1.5","22.99","14.3","LST","ODOUR BUSTER","ODOURBUSTER LITTER 30.8lb"
"","1505004","12751","0","1","1.75","14.99","10.16","LST","FRESH 4 LIFE","F4L NON-CLMP UNSCNT LTR 40LB"
"","1505005","12755","1","1","0","10.99","6.98","LST","FRESH 4 LIFE","F4L NON-CLMP UNSCNT LTR 22LB"
"","1505027","","0","1","0","291.99","174.62","LST","JUMP","JMP MILO TREE 102IN"
"","1505029","","0","1","0","299.99","187.08","LST","JUMP","JMP BELLA TREE 69IN"
"","1505033","","0","1","0","99.99","55","LST","KURGO","KURGO CARGO CAPE CHAR 1ea"
"","1505034","","1","1","0","19.99","10.5","OOS","KURGO","KURGO COLLAPS BOWL RED 1ea"
"","1505035","","0","1","0.5","19.99","10","LST","KURGO","KURGO SEAT TETHR BLU 1ea"
"","1505044","","1","1","0","22.99","12","LST","KURGO","KURGO SPSH FR BWL BLU 1ea"
"","1505046","","0","1","0","21.99","9.5","LST","PAWZ","PAWZ BOOT BLK 1XXXS"
"","1505204","","0","1","0.75","22.99","14.6","LST","ODOUR BUSTER","ODOURBUSTER MC LITTER 26.4lb"
"","1505299","","1","1","1","34.99","22.75","LST","FRESH 4 LIFE","F4L LW CLMP UNSCNT LTR 17.5LB"
"","15054","","0","1","0.25","29.99","18.29","LST","TASTE OF THE WILD","TOTW DG PACFC STRM SL 5lb"
"","1505460","","0","1","0","14.99","7.27","LST","INFINITY","INFINITY DUBLE RING TWIST 1EA"
"","1505461","","0","1","0.25","12.99","6.23","LST","INFINITY","INFINITY TWIST RPE TUG 1SM"
"","1505514","51657","0","1","0","15.99","6.25","LST","VERSELE-LAGA","VL NATR RAT FOOD 1.5LB"
"","1505516","","0","1","0","159.99","92.32","LST","PETSAFE","PETSF RECHRG BARK CTL 1ea"
"","1505517","","0","1","0","129.99","79","LST","PETSAFE","PETSF RECHRG BARK LT CTL 1ea"
"","15056","","0","1","0.5","29.99","18.29","OOS","TASTE OF THE WILD","TOTW DG HI PR BSN&VEN 5lb"
"","1505764","","0","1","0.25","7.99","3.6","LST","BROWNS","BRN TRC SA HOOPS TRT 3OZ"
"","1505768","48392","0","1","0","14.99","5.7","LST","ESSENTIALS","ESN TIEOUT DOME STKE 21IN"
"","1505770","","0","1","0.25","29.99","11","LST","ESSENTIALS","ESN TIEOUT LARGE W/SPG 20FT"
"","1505771","48490","0","1","0","14.99","5.7","LST","ESSENTIALS","ESN TIEOUT SMALL 12'"
"","1505772","48506","0","1","0","29.99","11.4","LST","ESSENTIALS","ESN TIEOUT MEDIUM 30FT"
"","1505773","","0","1","0","39.99","15.5","LST","ESSENTIALS","ESN TIEOUT XX LARGE 20FT"
"","1505774","1505811","0","1","0.5","24.99","9.5","LST","ESSENTIALS","ESN TIEOUT MEDIUM 20FT"
"","1505787","48512","0","1","0","32.99","12.5","LST","ESSENTIALS","ESN TIEOUT LARGE W/SPG 30FT"
"","1505788","48504","0","1","0","34.99","13.5","LST","ESSENTIALS","ESN TIEOUT XLG W/SPG 20FT"
"","1505789","","0","1","0","49.99","19","LST","ESSENTIALS","ESN TIEOUT TROLLEY SYS 70FT"
"","1505791","","0","1","0","29.99","11.4","LST","ESSENTIALS","ESN TIEOUT TWIST CHAIN MD 20FT"
"","1505806","","0","1","0","42.99","20.75","LST","DOG GONE SMART","DGS DRTY DG DOORMT BLK 1MD"
"","1505807","","0","1","0","51.99","29.24","LST","DOG GONE SMART","DGS DRTY DG DOORMT BLK 1LG"
"","1505808","","0","1","0","114.99","68.59","LST","DOG GONE SMART","DGS DRTY DG RUNNER BLK 1EA"
"","1505880","","1","1","0.25","6.99","2.95","LST","FLUVAL","FL BGB TROP SM&M GRAN1.6OZ"
"","1505882","","0","1","0","13.99","7","LST","FLUVAL","FL BGB TROP M&L GRAN 4.4OZ"
"","1505883","","0","1","0","6.99","2.95","LST","FLUVAL","FL BGB CICH SM&M GRAN 1.6OZ"
"","1505885","","0","1","0","6.99","2.95","LST","FLUVAL","FL BGB GLDFSH SM&M GRAN 1.6OZ"
"","1505886","","0","1","0","12.99","6.25","LST","FLUVAL","FL BGB GLDFSH M&L PLT 3.5OZ"
"","1505933","","1","1","0.25","18.99","9.21","LST","NYLABONE","NYLA PUPPY FREEZER BONE 1SM"
"","1505941","","0","1","0","16.99","7.75","OOS","NYLABONE","NYLA STRNG CHW WOOD MPL BCN1MD"
"","1506011","","0","1","0","91.99","56","LST","PETSAFE","PETSAFE STATIC BARK COLLAR"
"","1506012","","0","1","0","124.99","70","LST","PETSAFE","PETSAFE SPRAY BARK COLLAR"
"","1506013","","0","1","0","23.99","15","LST","PETSAFE","PETSAFE SPY RFL CTRNLA"
"","1506014","","0","1","0","23.99","15","LST","PETSAFE","PETSAFE SPY RFL UNSCNTD"
"","1506027","","0","1","0","32.99","16.5","LST","DRYMATE","DRYMATE DEBOSSED LTR MT 1EA"
"","1506074","","0","1","0","84.99","45.72","LST","BAILEY & BELLA","B&B BRW PLAID PLW 1EA"
"","1506117","","0","1","0.25","56.99","31.44","LST","JUMP","JMP CATNAP SOFA SCRTCH 1EA"
"","1506118","","0","1","0","39.99","22.86","LST","JUMP","JMP ROUND LOUNGE SCRTCH 1EA"
"","1506748","","0","1","0","24.99","14","LST","CATIT","CATIT SENSES 2.0 DIGGER 1EA"
"","1506750","","0","1","0.25","8.99","4.13","LST","CATIT","CATIT SENSES 2.0 GROOMER 1EA"
"","1506751","","0","1","0","23.99","12","LST","CATIT","CATIT SENSES 2.0 CIRCUIT 1EA"
"","1506752","","0","1","0","29.99","17.51","LST","CATIT","CATIT SENSES 2.0 GRS PLNTR 1EA"
"","1506753","","0","1","0","14.99","8.07","LST","CATIT","CATIT SENSES 2.0 GRASS KIT 6PC"
"","1506755","","0","1","0.25","29.99","17.51","LST","CATIT","CATIT 2.0 MN FLWR FTAN 1.5L"
"","1506756","","0","1","0","4.99","2.43","LST","CATIT","CATIT 2.0 MN FLWR FTAN FLTR3PC"
"","1506757","","0","1","0","41.99","23.34","LST","CATIT","CATIT 2.0 FLWR FTAN 3L"
"","1506758","","0","1","0.75","9.99","4.45","LST","CATIT","CATIT 2.0 3ACTION FTAN FLTR2PC"
"","1506773","","0","1","0","59.99","28.5","LST","MODERNA","MDN MAASAI TRENDY RUNNER"
"","1506825","","0","1","0","7.99","3.6","LST","BLUE RIBBON","BR EE OPN CLM WITH PRL 2.25IN"
"","1506847","","0","1","0","25.99","13","LST","GO DOG","GODG SQUIRREL FLATZ 1LG"
"","1506876","","1","1","0","9.99","3.34","LST","OXBOW","OXB SMR SA BKD TRT APL&BNA 3OZ"
"","1506877","","1","1","0","9.99","3.34","LST","OXBOW","OXB SMR SA BKD TRT CRNBR 3OZ"
"","1506878","","0","1","0","9.99","3.34","LST","OXBOW","OXB SMR SA BKD TRT CRT&DILL3OZ"
"","1506881","","0","1","0","7.99","4","LST","ACTIV-BETTA","WW ACTIV BETTA WATER 1L"
"","1506891","","0","1","0","11.99","4.88","ROS","KONG","KONG CT CRACKLES CATICORN 1EA"
"","1506919","","1","1","0","7.99","2.25","LST","FLUVAL","FL BGB BTA 1OZ"
"","1506929","","0","1","0.25","13.99","7","LST","KONG","KONG SIGNATURE BALLS MD 2PC"
"","1506932","","0","1","0","17.99","7.53","LST","KONG","KONG SOFTSEA TURTLE 1SM"
"","1506933","","0","1","0","29.99","13.49","LST","KONG","KONG SOFTSEA TURTLE 1LG"
"","1506934","","0","1","0","17.99","7.53","LST","KONG","KONG SOFTSEA OCTOPUS 1SM"
"","1506935","","0","1","0","29.99","13.49","LST","KONG","KONG SOFTSEA OCTOPUS 1LG"
"","1506936","","0","1","0","21.99","9.63","LST","KONG","KONG LOW STUFF SCRUFFS 1LG"
"","1506938","","1","1","0","14.99","7.38","LST","KONG","KONG REWARDS TENNIS 1LG"
"","1506940","","0","1","0","18.99","8.88","LST","KONG","KONG SHAKERS LUVS ELPHNT 1LG"
"","1506941","","0","1","0","14.99","6.65","LST","KONG","KONG SHAKERS LUVS GIRAFFE 1SM"
"","1506964","","0","3","1.75","14.99","12.29","LST","TIDY CATS","TIDY CAT LW 4IN1 6LB"
"","1506965","","0","3","0.5","14.99","12.29","LST","TIDY CATS","TIDY CAT LW GLADE CLR SPRG 6LB"
"","1506966","","0","1","0","24.99","20.49","LST","TIDY CATS","TIDY CAT LW 24/7 12LB"
"","1506991","","0","1","0","209.99","126","LST","JUMP","JMP BAILEY TREE 56IN"
"","1506992","","0","1","0","179.99","108","LST","JUMP","JMP DAISY TREE 45IN"
"","1507012","","0","4","0","17.99","9","OOS","PETRAGEOUS","PR CAT MOM MUG 24OZ"
"","1507013","","0","4","0","17.99","9","OOS","PETRAGEOUS","PR I LOVE MY CAT MUG 24OZ"
"","1507014","","0","4","0","17.99","9","OOS","PETRAGEOUS","PR CAT LOVER MUG 24OZ"
"","1507015","","0","4","0","15.99","8","OOS","PETRAGEOUS","PR I LOVE MY DOG MUG 24OZ"
"","1507016","","0","4","0","18.99","9.5","OOS","PETRAGEOUS","PR DOG LOVER MUG 24OZ"
"","1507029","","0","12","0","15.99","7.0333","LST","COMPANY OF ANIMALS","COA DG PET CORRECTOR 0.95OZ"
"","1507143","","0","1","0","15.49","7.7","LST","ZOO-MAX","ZMX KOOKY SM 18IN"
"","1507188","1500700","2","1","0","4.99","2.34","LST","ESSENTIALS","ESN POOPBG UNSC ROLL 60pc"
"","1507190","1500702","2","1","0.25","8.49","3.7","LST","ESSENTIALS","ESN POOPBG UNSC ROLL120pc"
"","1507195","","0","1","0","19.99","9.67","LST","ESSENTIALS","ESN POOPBG SC ROLL 375 pc"
"","1507196","","0","1","0","19.99","9.66","LST","ESSENTIALS","ESN POOPBG UNSC ROLL 375 pc"
"","1507212","","0","1","0","37.99","21","LST","MARINA","MRN EZCR PL BTA KIT BLU 1.3GAL"
"","1507213","","0","1","0.25","18.99","9","LST","YEOWWW!","YEOWWW!-OLA CRAYONS 3PK"
"","1507254","","1","1","0","10.99","4.86","LST","OXBOW","OXB ENLF TIMMY POPS 3PK"
"","1507256","","0","1","0","10.99","4.72","LST","OXBOW","OXB ENLF LOCO BALL 1EA"
"","1507258","","1","1","0.25","10.99","4.72","LST","OXBOW","OXB ENLF APL STCK DANGLY 1EA"
"","1507533","","0","1","0","29.99","14.55","LST","PET QWERKS","PQWK BRKBN DINO BCN CHW 1BEAST"
"","1507534","","0","1","0","24.99","13.32","LST","PET QWERKS","PQWK BRKBN DINO BCN CHEW 1LG"
"","1507535","","0","1","0.25","18.99","9.5","LST","PET QWERKS","PQWK BRKBN DINO BCN CHEW 1MD"
"","1507536","","0","1","0.25","15.99","7.29","LST","PET QWERKS","PQWK BRKBN DINO BCN CHEW 1SM"
"","1507537","","0","1","0","29.99","14.7","OOS","PET QWERKS","PQWK BRKBN RWHD BCN CHEW 1XL"
"","1507545","","0","1","0.25","17.99","8.25","LST","NYLABONE","NYLA FLEXI CHEW 3PACK 3PC"
"","1507547","","0","1","0","32.99","17.72","LST","BENEBONE","BBONE WISHBONE BCN 1XL"
"","1507548","","1","1","0.25","21.99","10.77","LST","BENEBONE","BBONE PUPPY WB&DC BCN 2PC"
"","1507549","","0","1","0","16.99","7.98","LST","BENEBONE","BBONE PUPPY WISHBONE BCN 1EA"
"","1510005","","0","1","0","14.99","5.57","ROS","BAILEY & BELLA","B&B COL GREEK KEY GR 1SM"
"","1510019","","0","1","0","14.99","5.57","ROS","BAILEY & BELLA","B&B COL DIAMND PAW BL 1SM"
"","1510031","","0","1","0","14.99","5.57","ROS","BAILEY & BELLA","B&B COL BONES BL 1XS"
"","1510033","","0","1","0","14.99","5.57","ROS","BAILEY & BELLA","B&B COL BONES PK 1SM"
"","1510045","","0","1","0","14.99","5.57","ROS","BAILEY & BELLA","B&B COL CIRCLE PAW PK 1XS"
"","1510046","","0","1","0","14.99","5.57","ROS","BAILEY & BELLA","B&B COL CIRCLE PAW BL 1XS"
"","1510072","","0","1","0.25","179.99","108","RLST","JUMP","JMP HARLEY TREE 50IN"
"","1510084","","0","1","0","27.99","17.05","LST","BLUESTEM","BLSTM ALL DNTL WIPES CA 1ea"
"","1510120","","0","1","0","31.99","15.47","LST","NATURVET","NV DG HEMP QUIET MOMENT 60ct"
"","1510150","","0","1","0","22.99","11.48","LST","ZEN PET","ZEN PET CONE RCVRY COL 1sm"
"","1510151","","0","1","0","28.99","15.1","LST","ZEN PET","ZEN PET CONE RCVRY COL 1md"
"","1510152","","0","1","0","32.99","16.33","LST","ZEN PET","ZEN PET CONE RCVRY COL 1lg"
"","1510153","","0","1","0","39.99","19.04","LST","ZEN PET","ZEN PET CONE RCVRY COL 1xl"
"","1510165","","0","1","0.25","39.99","25","LST","NATURPET","NATURPET INTESTICARE 165G"
"","1510166","","0","1","0.5","21.99","13","LST","NATURPET","NATURPET EARDROPS 10ml"
"","1510170","","0","1","0.5","14.99","9.29","OOS","CITROBUG","CITROBUG CA 1EA"
"","1510184","","0","1","0","68.99","44.2","LST","ADVANTAGE","ADVNTG II KIT 4mo"
"","1510185","","0","1","0.25","112.99","73.71","LST","ADVANTAGE","ADVNTG II CT SM 6mo"
"","1510186","","0","1","0.25","112.99","73.71","LST","ADVANTAGE","ADVNTG II CT LG 6mo"
"","1510187","","0","1","0.25","77.99","50.18","LST","ADVANTAGE","ADVNTG II CT SM 4mo"
"","1510188","","0","1","0.25","77.99","50.18","LST","ADVANTAGE","ADVNTG II CT LG 4mo"
"","1510189","","0","1","0","112.99","78.16","LST","ADVANTAGE","ADVNTG II DG SM 6mo"
"","1510190","","0","1","0","112.99","78.16","LST","ADVANTAGE","ADVNTG II DG MD 6mo"
"","1510191","","0","1","0","127.99","88.5","LST","ADVANTAGE","ADVNTG II DG LG 6mo"
"","1510192","","0","1","0","127.99","88.5","LST","ADVANTAGE","ADVNTG II DG XL 6mo"
"","1510193","","0","1","0","77.99","54.13","LST","ADVANTAGE","ADVNTG II DG SM 4mo"
"","1510194","","0","1","0","77.99","54.13","LST","ADVANTAGE","ADVNTG II DG MD 4mo"
"","1510195","","0","1","0.25","88.99","61.83","LST","ADVANTAGE","ADVNTG II DG LG 4mo"
"","1510196","","0","1","0","88.99","61.83","LST","ADVANTAGE","ADVNTG II DG XL 4mo"
"","1510197","","0","1","0","96.99","66.61","LST","K9 ADVANTIX","K9 ADVNTX DG MD 4mo"
"","1510198","","0","1","0","141.99","97.47","LST","K9 ADVANTIX","K9 ADVNTX DG MD 6mo"
"","1510199","","0","1","0","108.99","74.95","LST","K9 ADVANTIX","K9 ADVNTX DG LG 4mo"
"","1510200","","0","1","0","160.99","111.3","LST","K9 ADVANTIX","K9 ADVNTX DG LG 6pk"
"","1510201","","0","1","0","96.99","66.61","LST","K9 ADVANTIX","K9 ADVNTX DG SM 4pk"
"","1510202","","0","1","0","141.99","97.48","LST","K9 ADVANTIX","K9 ADVNTX DG SM 6pk"
"","1510203","","0","1","0.25","108.99","74.95","LST","K9 ADVANTIX","K9 ADVNTX DG XL 4pk"
"","1510204","","0","1","0","160.99","111.3","LST","K9 ADVANTIX","K9 ADVNTX DG XL 6mo"
"","1510205","","0","1","0","44.99","26.11","LST","ADAPTIL","ADTL DG STR KIT CA 1ea"
"","1510206","","0","1","0","36.99","23","LST","ADAPTIL","ADTL DG 30DAY REF CA 1ea"
"","1510207","","0","1","0","44.99","26.11","LST","FELIWAY","FELIWAY CT CLSC STR KIT CA 1ea"
"","1510208","","0","1","0","36.99","22.15","LST","FELIWAY","FELIWAY CT CLSC REF CA 1ea"
"","1510209","","0","1","0","44.99","26.11","LST","FELIWAY","FELIWAY CT FRD STR KIT CA 1ea"
"","1510210","","0","1","0","36.99","22.15","LST","FELIWAY","FELIWAY CT FRD REF CA 1ea"
"","1510228","","0","1","0.25","15.99","6.35","OOS","NATURE'S AID","NAT AID SKIN GEL 4oz"
"","15337","15342","0","1","0","40.99","27","LST","HILL'S SCIENCE DIET","SD DG AD SM PAW CHK&R 4.5LB"
"","15402","","0","1","0","43.99","28.65","LST","HILL'S SCIENCE DIET","SD DG AD ORAL CARE 4LB"
"","1550000","","0","1","0","16.99","7.06","LST","ESSENTIALS","ESN SLICKER BRUSH 1SM"
"","1550001","","1","1","0","19.99","8","LST","ESSENTIALS","ESN SLICKER BRUSH 1MD"
"","1550002","","0","1","0.25","21.99","8","LST","ESSENTIALS","ESN SLICKER BRUSH 1LG"
"","1550003","","0","1","0","17.99","7.1","LST","ESSENTIALS","ESN PIN&BRISTLE BRUSH 1SM"
"","1550004","","0","1","0","21.99","7.7","LST","ESSENTIALS","ESN PIN&BRISTLE BRUSH 1LG"
"","1550005","","0","1","0","14.99","5.95","LST","ESSENTIALS","ESN BRISTLE BRUSH 1SM"
"","1550006","","0","1","0","17.99","6.84","LST","ESSENTIALS","ESN BRISTLE BRUSH 1LG"
"","1550007","","0","1","0","13.99","6.02","LST","ESSENTIALS","ESN PIN BRUSH 1SM"
"","1550008","","1","1","0","17.99","7.1","LST","ESSENTIALS","ESN PIN BRUSH 1LG"
"","1550009","","0","1","0","12.99","5.2","LST","ESSENTIALS","ESN PALM BRISTLE BRUSH 1EA"
"","1550010","","0","1","0","13.99","5.6","LST","ESSENTIALS","ESN FLEA COMB 1EA"
"","1550011","","0","1","0","16.99","6.8","LST","ESSENTIALS","ESN UNDERCOAT COMB 1EA"
"","1550012","","0","1","0","16.99","6.64","LST","ESSENTIALS","ESN GROOMING COMB 1EA"
"","1550013","","0","1","0","16.99","6.65","LST","ESSENTIALS","ESN GROOMING RAKE 1EA"
"","1550014","","0","1","0","22.99","9.98","LST","ESSENTIALS","ESN DEMATTING TOOL 1EA"
"","1550015","","2","1","0","19.99","7.91","LST","ESSENTIALS","ESN DESHEDDING BLADE 1SM"
"","1550016","","1","1","0.25","21.99","8.57","LST","ESSENTIALS","ESN DESHEDDING BLADE 1LG"
"","1550017","","2","1","0","22.99","7.99","LST","ESSENTIALS","ESN GUILLOTINE CLIPPER 1EA"
"","1550018","","0","1","0.25","9.99","5.19","LST","ESSENTIALS","ESN CT NAIL CLIPPER 1XS"
"","1550019","","2","1","0.5","17.99","7.95","LST","ESSENTIALS","ESN NAIL CLIP W/GUARD 1SM"
"","1550020","","0","1","0.25","21.99","8.79","LST","ESSENTIALS","ESN NAIL CLIP W/GUARD 1LG"
"","1550021","","0","1","0","18.99","8.31","LST","ESSENTIALS","ESN GROOMING MITT 1EA"
"","1550022","","0","1","0","12.99","7.17","LST","ESSENTIALS","ESN CURRY BRUSH 1EA"
"","1550023","","0","1","0","13.99","5.41","LST","ESSENTIALS","ESN DBL SIDE COMB 1XS"
"","1550024","","2","1","0.5","14.99","5.81","LST","ESSENTIALS","ESN SLICKER BRUSH 1XS"
"","1550025","","0","1","0","13.99","4.73","LST","ESSENTIALS","ESN BRISTLE BRUSH 1XS"
"","1550026","","1","1","0","13.99","5.41","LST","ESSENTIALS","ESN PIN BRUSH 1XS"
"","1551000","","0","1","0.25","10.99","3.85","LST","JUMP","JMP DG NYL CLR BLK 1XS"
"","1551001","","0","1","0","12.99","4.55","LST","JUMP","JMP DG NYL CLR BLK 1SM"
"","1551002","","0","1","0","14.99","5.25","LST","JUMP","JMP DG NYL CLR BLK 1MD"
"","1551003","","1","1","0.25","16.99","5.95","LST","JUMP","JMP DG NYL CLR BLK 1LG"
"","1551004","","0","1","0","10.99","3.85","LST","JUMP","JMP DG NYL CLR BLU 1XS"
"","1551005","","0","1","0","12.99","4.55","LST","JUMP","JMP DG NYL CLR BLU 1SM"
"","1551006","","0","1","0","14.99","5.25","LST","JUMP","JMP DG NYL CLR BLU 1MD"
"","1551007","","0","1","0","16.99","5.95","LST","JUMP","JMP DG NYL CLR BLU 1LG"
"","1551008","","1","1","0","10.99","3.85","LST","JUMP","JMP DG NYL CLR RED 1XS"
"","1551009","","0","1","0","12.99","4.55","LST","JUMP","JMP DG NYL CLR RED 1SM"
"","1551010","","1","1","0.25","14.99","5.25","LST","JUMP","JMP DG NYL CLR RED 1MD"
"","1551011","","0","1","0","16.99","5.95","LST","JUMP","JMP DG NYL CLR RED 1LG"
"","1551012","","0","1","0","10.99","3.85","LST","JUMP","JMP DG NYL CLR PRPL 1XS"
"","1551013","","0","1","0","12.99","4.55","LST","JUMP","JMP DG NYL CLR PRPL 1SM"
"","1551014","","0","1","0","14.99","5.25","LST","JUMP","JMP DG NYL CLR PRPL 1MD"
"","1551015","","0","1","0","16.99","5.95","LST","JUMP","JMP DG NYL CLR PRPL 1LG"
"","1551016","","0","1","0","10.99","3.85","LST","JUMP","JMP DG NYL CLR PNK 1XS"
"","1551017","","0","1","0","12.99","4.55","LST","JUMP","JMP DG NYL CLR PNK 1SM"
"","1551018","","1","1","0.25","14.99","5.25","LST","JUMP","JMP DG NYL CLR PNK 1MD"
"","1551019","","0","1","0","16.99","5.95","LST","JUMP","JMP DG NYL CLR PNK 1LG"
"","1551020","","0","1","0","10.99","3.85","LST","JUMP","JMP DG NYL CLR DRK GRN 1XS"
"","1551021","","0","1","0","12.99","4.55","LST","JUMP","JMP DG NYL CLR DRK GRN 1SM"
"","1551022","","0","1","0","14.99","5.25","LST","JUMP","JMP DG NYL CLR DRK GRN 1MD"
"","1551023","","0","1","0","16.99","5.95","LST","JUMP","JMP DG NYL CLR DRK GRN 1LG"
"","1551036","","0","1","0.25","21.99","8.8","LST","JUMP","JMP DG NYL HRN BLK 1XS"
"","1551037","","0","1","0","22.99","9.2","LST","JUMP","JMP DG NYL HRN BLK 1SM"
"","1551038","","0","1","0","22.99","9.2","LST","JUMP","JMP DG NYL HRN BLK 1MD"
"","1551039","","0","1","0","24.99","10","LST","JUMP","JMP DG NYL HRN BLK 1LG"
"","1551040","","0","1","0","21.99","8.8","LST","JUMP","JMP DG NYL HRN BLU 1XS"
"","1551041","","0","1","0","22.99","9.2","LST","JUMP","JMP DG NYL HRN BLU 1SM"
"","1551042","","0","1","0","22.99","9.2","LST","JUMP","JMP DG NYL HRN BLU 1MD"
"","1551043","","0","1","0","24.99","10","LST","JUMP","JMP DG NYL HRN BLU 1LG"
"","1551044","","0","1","0","21.99","8.8","LST","JUMP","JMP DG NYL HRN RED 1XS"
"","1551045","","0","1","0","22.99","9.2","LST","JUMP","JMP DG NYL HRN RED 1SM"
"","1551046","","0","1","0","22.99","9.2","LST","JUMP","JMP DG NYL HRN RED 1MD"
"","1551047","","0","1","0","24.99","10","LST","JUMP","JMP DG NYL HRN RED 1LG"
"","1551048","","0","1","0","21.99","8.8","LST","JUMP","JMP DG NYL HRN PRPL 1XS"
"","1551049","","0","1","0.25","22.99","9.2","LST","JUMP","JMP DG NYL HRN PRPL 1SM"
"","1551050","","1","1","0.25","22.99","9.2","LST","JUMP","JMP DG NYL HRN PRPL 1MD"
"","1551051","","0","1","0","24.99","10","LST","JUMP","JMP DG NYL HRN PRPL 1LG"
"","1551052","","0","1","0","21.99","8.8","LST","JUMP","JMP DG NYL HRN PNK 1XS"
"","1551053","","0","1","0","22.99","9.2","LST","JUMP","JMP DG NYL HRN PNK 1SM"
"","1551054","","0","1","0","22.99","9.2","LST","JUMP","JMP DG NYL HRN PNK 1MD"
"","1551055","","0","1","0","24.99","10","LST","JUMP","JMP DG NYL HRN PNK 1LG"
"","1551072","","0","1","0","13.99","4.2","LST","JUMP","JMP NYL LSH 3/8 BLK 6FT"
"","1551073","","0","1","0","15.99","6.4","LST","JUMP","JMP NYL LSH 5/8 BLK 6FT"
"","1551074","","0","1","0","21.99","8.8","LST","JUMP","JMP NYL LSH 1 BLK 6FT"
"","1551075","","0","1","0.25","12.99","3.9","LST","JUMP","JMP NYL LSH 3/8 BLK 4FT"
"","1551076","","0","1","0","14.99","6","LST","JUMP","JMP NYL LSH 5/8 BLK 4FT"
"","1551077","","0","1","0","20.99","8.4","LST","JUMP","JMP NYL LSH 1 BLK 4FT"
"","1551078","","0","1","0","13.99","4.2","LST","JUMP","JMP NYL LSH 3/8 BLUE 6FT"
"","1551079","","0","1","0","15.99","6.4","LST","JUMP","JMP NYL LSH 5/8 BLUE 6FT"
"","1551080","","0","1","0","21.99","8.8","LST","JUMP","JMP NYL LSH 1 BLUE 6FT"
"","1551081","","0","1","0","12.99","3.9","LST","JUMP","JMP NYL LSH 3/8 BLUE 4FT"
"","1551082","","0","1","0","14.99","6","LST","JUMP","JMP NYL LSH 5/8 BLUE 4FT"
"","1551083","","0","1","0","20.99","8.4","LST","JUMP","JMP NYL LSH 1 BLUE 4FT"
"","1551084","","0","1","0","13.99","4.2","LST","JUMP","JMP NYL LSH 3/8 RED 6FT"
"","1551085","","0","1","0.25","15.99","6.4","LST","JUMP","JMP NYL LSH 5/8 RED 6FT"
"","1551086","","0","1","0.25","21.99","8.8","LST","JUMP","JMP NYL LSH 1 RED 6FT"
"","1551087","","0","1","0","12.99","3.9","LST","JUMP","JMP NYL LSH 3/8 RED 4FT"
"","1551088","","0","1","0","14.99","6","LST","JUMP","JMP NYL LSH 5/8 RED 4FT"
"","1551089","","0","1","0.5","20.99","8.4","LST","JUMP","JMP NYL LSH 1 RED 4FT"
"","1551090","","0","1","0","13.99","4.2","LST","JUMP","JMP NYL LSH 3/8 PRPL 6FT"
"","1551091","","1","1","0.25","15.99","6.4","LST","JUMP","JMP NYL LSH 5/8 PRPL 6FT"
"","1551092","","0","1","0","13.99","4.2","LST","JUMP","JMP NYL LSH 3/8 PINK 6FT"
"","1551093","","0","1","0","15.99","6.4","LST","JUMP","JMP NYL LSH 5/8 PINK 6FT"
"","1551094","","0","1","0","13.99","4.2","LST","JUMP","JMP NY LSH 3/8 DKGR 6FT"
"","1551098","","0","1","0.25","13.99","4.96","LST","JUMP","JMP NY LSH 3/8 LMGR 6FT"
"","1551111","","0","1","0","21.99","8.8","LST","JUMP","JMP DG NYLN LSH PRPL 6FT"
"","1551112","","0","1","0","21.99","8.8","LST","JUMP","JMP DG NYLN LSH PNK 6FT"
"","1551113","","0","1","0","21.99","8.8","LST","JUMP","JMP DG NYLN LSH DRK GRN 6FT"
"","16000","","0","24","0","2.99","1.5783","LST","WERUVA","WER CT CITK TWO TU TANGO 3.2OZ"
"","16001","","0","24","0","2.99","1.5783","LST","WERUVA","WER CT CITK ISLA BONITA 3.2OZ"
"","16002","","0","24","-0.5","2.99","1.5783","LST","WERUVA","WER CT CITK GOLDIE LOX 3.2OZ"
"","16003","","0","24","0.5","2.99","1.5783","LST","WERUVA","WER CT CITK KITTY WILD 3.2OZ"
"","16005","","0","24","0.25","2.99","1.5783","LST","WERUVA","WER CT CITK FOWL BALL 3.2OZ"
"","16007","","0","24","1.5","2.99","1.5783","LST","WERUVA","WER CT CITK LMB BURGER 3.2OZ"
"","16008","","0","24","0.5","2.99","1.5783","LST","WERUVA","WER CT CITK CHK FRICK 3.2OZ"
"","16009","","0","24","0","2.99","1.5783","LST","WERUVA","WER CT CITK DBL DIP 3.2OZ"
"","16010","","0","24","0","3.79","2.3267","LST","WERUVA","WER CT CITK TWO TU TANGO 6OZ"
"","16012","","0","24","0","3.79","2.3267","LST","WERUVA","WER CT CITK GOLDIE LOX 6OZ"
"","16013","","0","24","0","3.79","2.3267","LST","WERUVA","WER CT CITK KITTY WILD 6OZ"
"","16014","","0","24","0","3.79","2.3267","LST","WERUVA","WER CT CITK FUNK TRUNK 6OZ"
"","16015","","0","24","0","3.79","2.3267","LST","WERUVA","WER CT CITK FOWL BALL 6OZ"
"","16016","","0","24","0","3.79","2.3267","LST","WERUVA","WER CT CITK SPLASH DANCE 6OZ"
"","16017","","0","24","0","3.79","2.3267","LST","WERUVA","WER CT CITK LMB BURGER 6OZ"
"","16018","","0","24","0","3.79","2.3267","LST","WERUVA","WER CT CITK CHK FRICK 6OZ"
"","16019","","0","24","0","3.79","2.3267","LST","WERUVA","WER CT CITK DBL DIP 6OZ"
"","16020","","0","24","0","2.99","1.77","LST","WERUVA","WER CT AMAZON LIVIN 3OZ"
"","16022","","0","24","0.5","2.99","1.77","LST","WERUVA","WER CT MARBELLA PAELLA 3OZ"
"","16023","","0","24","0","2.99","1.77","LST","WERUVA","WER CT MEOW LUAU 3OZ"
"","16025","","0","24","0","3.99","2.4483","LST","WERUVA","WER CT OUTBACK GRILL 5.5OZ"
"","16026","","0","24","0","3.99","2.4483","LST","WERUVA","WER CT MARBELLA PAELLA 5.5OZ"
"","16027","","24","24","0","3.99","2.4483","LST","WERUVA","WER CT MEOW LUAU 5.5OZ"
"","16028","","0","24","0","3.99","2.4483","LST","WERUVA","WER CT POLYN BBQ 5.5OZ"
"","16029","","0","24","0","3.99","2.4483","LST","WERUVA","WER CT AMAZON LIVIN 5.5OZ"
"","16031","","0","12","0","6.49","4.0925","LST","WERUVA","WER CT MACK&JACK 10OZ"
"","16032","","0","12","0","6.49","4.0925","LST","WERUVA","WER CT MIDEAST FEAST 10OZ"
"","16034","","0","12","0","6.49","4.0925","LST","WERUVA","WER CT PW LICKN CHK 10OZ"
"","16050","","0","12","0.25","4.29","2.6917","LST","B.F.F.","BFF CT TN&SL SLMATES CF 10OZ"
"","16051","","0","12","0","4.29","2.6917","LST","B.F.F.","BFF CT TN&PMP VLNTE CF 10OZ"
"","16052","","0","12","0","4.29","2.6917","LST","B.F.F.","BFF CT TN&CHK 4EVA CF 10OZ"
"","17024","6409259","0","1","0","117.99","76.7","LST","ROYAL CANIN","RCFHN CT ORAL CARE AD 14LB"
"","17227","","0","1","0","72.99","49.94","LST","BLUE BUFFALO","BLU CT TF AD INDRH CK&BR 15LB"
"","17264","","0","1","0","120.99","86.5","LST","HILL'S SCIENCE DIET","SD CT AD ORAL CARE 15.5LB"
"","17458","17453","2","1","0","69.99","45.53","LST","HILL'S SCIENCE DIET","SD CT AD INDR 7LB"
"","17465","17745","0","1","0","69.99","45.53","OOS","HILL'S SCIENCE DIET","SD CT HILLS AD 7LB"
"","17498","17493","0","1","0","76.99","49.8","LST","HILL'S SCIENCE DIET","SD CT AD ORAL CARE 7LB"
"","17591","","1","1","0.25","42.99","28.41","LST","HILL'S SCIENCE DIET","SD CT AD INDR 3.5LB"
"","17636","17630","0","1","0.75","42.99","28.41","LST","HILL'S SCIENCE DIET","SD CT AD LIGHT 4LB"
"","17644","","0","1","0","44.99","28.31","LST","HILL'S SCIENCE DIET","SD CT AD ORAL CARE 3.5LB"
"","17707","17702","2","1","0.25","76.99","49.8","LST","HILL'S SCIENCE DIET","SD CT AD SS&S 7LB"
"","17781","","0","1","0.25","53.99","40.7","LST","PURINA PRO PLAN","PPLN CT INDR HAIRBALL SL&R 7LB"
"","18392","18422","1","1","0.25","117.99","76.7","LST","ROYAL CANIN","RCFCN CT WGT CARE 14LB"
"","18413","","0","1","1","72.99","45.53","LST","ROYAL CANIN","RCFHN CT DGST CARE AD 6LB"
"","18414","","0","1","0.25","72.99","45.53","LST","ROYAL CANIN","RCFHN CT INDR HB CARE 6LB"
"","18434","","0","1","0","68.99","40.24","LST","ROYAL CANIN","RCFHN CT INDR AD 7LB"
"","18474","","2","1","0.25","38.99","22.9","LST","ROYAL CANIN","RCFHN CT KIT SPY&NEUT 2.5LB"
"","18476","18464","0","1","0","72.99","45.53","LST","ROYAL CANIN","RCFHN CT APPT CTRL 6LB"
"","18480","24022","0","24","0","3.59","2.1775","LST","ROYAL CANIN","RCFHN CT MTHR&BBC MOUSSE 3OZ"
"","18481","24023","0","24","0","3.59","2.1775","LST","ROYAL CANIN","RCFHN CT KIT SLC GVY 3OZ"
"","18482","24024","0","24","0.25","3.59","2.1775","LST","ROYAL CANIN","RCFHN CT AD SLC GVY 3OZ"
"","18486","","0","24","0","3.59","2.1775","LST","ROYAL CANIN","RCFHN CT DGST SS SLC GVY 3OZ"
"","18487","","0","24","0","3.59","2.1775","LST","ROYAL CANIN","RCFHN CT SPY&NEUT SLC 3OZ"
"","18666","","0","1","0","46.99","26.91","LST","BLUE BUFFALO","BLU CT AD WILD CHK 6LB"
"","18668","","0","1","0.5","38.99","24.14","LST","BLUE BUFFALO","BLU CT TF AD INDRH CK&BR 7LB"
"","18735","18677","1","1","0","61.99","41.81","LST","NOW FRESH","NOW CT AD GF TK SL&DK 8LB"
"","18736","","0","1","0","102.99","69.46","LST","NOW FRESH","NOW CT AD GF TK SL&DK 16LB"
"","18739","18679","0","1","0","61.99","41.81","LST","NOW FRESH","NOW CT SNR GF TK SL&DK 8LB"
"","18792","","0","1","0","33.99","21.08","LST","MERRICK","MRK CT PB GF CHK 4LB"
"","18793","","0","1","0.25","33.99","21.08","LST","MERRICK","MRK CT PB GF SL 4LB"
"","19014","","0","1","0","76.99","51.93","LST","NOW FRESH","NOW PUP LGBR GF TK SL&DK 12LB"
"","19015","","1","1","0","127.99","86.33","LST","NOW FRESH","NOW PUP LGBR GF TK SL&DK 25LB"
"","19019","","0","1","0","125.99","84.98","LST","NOW FRESH","NOW DG LGBR GF TK SL&DK 25LB"
"","20400","35108","0","1","0","129.99","82.2","LST","ROYAL CANIN","RCSHN DG PUP MD 30LB"
"","20404","35109","0","1","0.5","122.99","75.91","LST","ROYAL CANIN","RCSHN DG AD MD 30LB"
"","20434","6409257","0","1","0","128.99","82.27","LST","ROYAL CANIN","RCBHN DG GOLDN RTRVR AD 30LB"
"","20451","6409256","1","1","0","128.99","82.27","LST","ROYAL CANIN","RCBHN DG GMN SHEP AD 30LB"
"","20557","","0","12","0","5.99","3.5333","LST","NATURAL BALANCE","NB DG LID FSH&SP 13oz"
"","20657","20654","0","12","0","5.59","3.5175","LST","HILL'S SCIENCE DIET","SD DG AD 7+ CHK&BAR 13OZ"
"","20664","20663","12","12","0.25","5.59","3.5175","LST","HILL'S SCIENCE DIET","SD DG AD 7+ BF&BAR 13OZ"
"","20686","20697","0","12","0.25","5.59","3.5175","LST","HILL'S SCIENCE DIET","SD DG AD CHK&BARLEY 13OZ"
"","20694","20674","0","12","0","5.59","3.5175","LST","HILL'S SCIENCE DIET","SD DG AD BF&BAR 13OZ"
"","20724","","0","12","0.25","4.89","2.9808","LST","BLUE BUFFALO","BLU DG AD FSH&POT DNR 12.5OZ"
"","20748","","0","12","0","5.99","3.9667","LST","NATURAL BALANCE","NB DG LID DK&POT 13.2oz"
"","20762","","0","12","0","5.29","3.4525","LST","BLUE BUFFALO","BLU DG AD WILD CK&SL GRL12.5OZ"
"","20763","","0","12","0","5.29","3.2075","LST","BLUE BUFFALO","BLU DG AD WILD CK&TK GRL12.5OZ"
"","20764","","0","12","0","4.89","2.9808","LST","BLUE BUFFALO","BLU DG AD CHK DNR CF 12.5OZ"
"","20767","","0","12","0.75","4.89","2.9808","LST","BLUE BUFFALO","BLU DG AD TKY MTLF DNR 12.5OZ"
"","20768","","0","12","0","4.89","2.9808","LST","BLUE BUFFALO","BLU DG AD LMB DNR CF 12.5OZ"
"","20773","","0","12","0","5.39","3.6617","LST","BLUE BUFFALO","BLU DG AD CHK STEW 12.5OZ"
"","20774","","0","12","0","5.39","3.6617","OOS","BLUE BUFFALO","BLU DG AD HUNTERS STEW 12.5OZ"
"","20778","","0","12","0","5.29","3.2075","LST","BLUE BUFFALO","BLU DG AD WILD DK&CK GRL12.5OZ"
"","20779","","0","12","0","5.29","3.2075","LST","BLUE BUFFALO","BLU DG AD WILD BF&CK GRL12.5OZ"
"","20998","","0","12","0.5","1.89","0.8975","LST","WERUVA","WER PMKN PATCH 1.05oz"
"","20999","","0","12","0.5","2.59","1.3675","LST","WERUVA","WER PMKN PATCH 2.8oz"
"","21002","","0","12","0","6.49","4.3725","LST","WERUVA","WER DG FUNKY CHUNKY 14oz"
"","21003","","0","12","0","6.49","4.3725","LST","WERUVA","WER DG PW LICKN CHK 14oz"
"","21004","","0","12","0.25","6.49","4.3725","LST","WERUVA","WER DG JAMMIN SL 14oz"
"","21008","","0","12","0.25","7.99","4.62","LST","WERUVA","WER DG WOK THE DOG 14oz"
"","21297","","1","1","1","44.99","28.31","LST","HILL'S SCIENCE DIET","SD CT AD URI HB CNTRL 3.5LB"
"","21298","","0","1","0.25","76.99","49.8","LST","HILL'S SCIENCE DIET","SD CT AD URI HB CNTRL 7LB"
"","21301","","0","24","1.75","3.49","2.2375","LST","HILL'S SCIENCE DIET","SD CT AD URI HB CNTRL 2.9OZ"
"","21342","","0","12","0","5.99","4.5125","LST","WELLNESS","WEL DG 95 BF 13.2oz"
"","21344","","0","12","0.75","5.99","4.5125","LST","WELLNESS","WEL DG 95 CHK 13.2oz"
"","21346","","0","12","0.75","5.99","4.4583","LST","WELLNESS","WEL DG 95 TURKEY 13.2oz"
"","21399","","0","12","0","5.99","3.2417","LST","NATURAL BALANCE","NB DG VEG 13oz"
"","21592","","0","1","0","23.99","18.95","LST","CESAR","CESAR DG VP 12pc"
"","21809","","0","12","0","6.49","4.3725","LST","WERUVA","WER DG GRNDMA CHK SOUP 14oz"
"","21815","","0","12","0.25","7.49","4.9433","LST","WERUVA","WER DG PEKING DUCKEN 14oz"
"","21828","","0","12","0","7.49","4.9433","LST","WERUVA","WER DG HOT DAYAM 14oz"
"","21848","","0","12","0","7.49","4.9433","LST","WERUVA","WER DG THATS MY JAM 14oz"
"","21881","","0","12","0","5.99","4.3833","LST","WELLNESS","WEL DG BF STW 12.5oz "
"","22012","","0","24","3","3.99","3.0063","LST","WELLNESS","WEL CT GF MNCD TURKEY 5.5OZ"
"","22450","","0","12","0.25","6.99","4.7583","LST","WELLNESS","WEL CT TK&SL 12.5OZ"
"","22452","","0","12","0.25","6.99","4.7583","LST","WELLNESS","WEL CT CHK&HRG 12.5OZ"
"","22453","","0","12","0.5","6.99","4.7583","LST","WELLNESS","WEL CT BF&CK 12.5OZ"
"","22454","","0","12","0","6.99","4.7583","LST","WELLNESS","WEL CT CHK 12.5OZ"
"","22456","","0","12","0","6.99","4.7583","LST","WELLNESS","WEL CT TURKEY 12.5OZ"
"","22720","","0","24","0","3.99","3.0063","LST","WELLNESS","WEL CT CMPL TK&SL 5.5OZ"
"","22723","","0","24","0","3.99","3.0063","LST","WELLNESS","WEL CT CMPL HLTH TKY 5.5OZ"
"","22724","","0","24","0","3.99","3.0063","LST","WELLNESS","WEL CT CMPL HLTH BF&CK 5.5OZ"
"","22726","","0","24","0","3.99","3.0063","LST","WELLNESS","WEL CT CMPL HLTH CHK 5.5OZ"
"","22728","","0","24","0","3.99","3.0063","LST","WELLNESS","WEL CT CHK&LOB 5.5OZ"
"","22741","22739","0","24","3.5","2.79","1.7929","LST","BLUE BUFFALO","BLU CT AD TF INDR SL 5.5OZ"
"","22742","22738","0","24","1","2.79","1.7929","LST","BLUE BUFFALO","BLU CT AD TF TK&CK PATE5.5OZ"
"","22743","22735","0","24","2","2.79","1.7929","LST","BLUE BUFFALO","BLU CT AD TF FSH&TUNA 5.5OZ"
"","22758","","0","24","0.25","2.79","1.7929","LST","BLUE BUFFALO","BLU CT AD TF FLK TUNA 5.5OZ"
"","22759","","0","24","0","2.79","1.7929","LST","BLUE BUFFALO","BLU CT AD TF FLK CHK 5.5OZ"
"","22762","","0","24","0","3.49","1.9446","LST","BLUE BUFFALO","BLU CT AD WILD CHK 5.5OZ"
"","22763","","0","24","0","3.49","1.9446","LST","BLUE BUFFALO","BLU CT AD WILD TKY 5.5OZ"
"","22764","","0","24","0","3.49","1.9446","LST","BLUE BUFFALO","BLU CT AD WILD SL 5.5OZ"
"","22815","25106","0","24","0","2.19","1.4271","LST","BLUE BUFFALO","BLU CT TF TKY&CHK PATE 3OZ"
"","23071","23228","0","24","0","3.99","2.64","LST","MERRICK","MRK CT PB GF CHK PATE 5.5OZ"
"","23073","23222","0","24","0","3.99","2.64","LST","MERRICK","MRK CT PB GF TUNA PATE 5.5OZ"
"","23074","","0","24","0","3.99","2.64","LST","MERRICK","MRK CT PB GF TKY PATE 5.5OZ"
"","23075","","0","24","0","3.99","2.64","OOS","MERRICK","MRK CT PB GF DK PATE 5.5OZ"
"","23332","","0","24","3.75","1.19","0.9758","LST","FRISKIES","FRISK CT TKY&CHS DNR GVY 5.5oz"
"","23353","","0","24","3.25","1.19","0.9758","LST","FRISKIES","FRISK CT CHK DNR 5.5oz"
"","23400","","0","24","3.25","1.19","0.9758","LST","FRISKIES","FRISK CT CHEFS DNR 5.5oz"
"","23410","","0","24","4.25","1.19","0.9758","LST","FRISKIES","FRISK CT SL 5.5oz"
"","23639","","0","24","2.75","3.99","2.4483","LST","WERUVA","WER CT ASIAN FUSION 5.5OZ"
"","23642","","0","24","0","3.99","2.4483","LST","WERUVA","WER CT PW LICKN CHK 5.5OZ"
"","23643","","0","24","0","3.99","2.4483","LST","WERUVA","WER CT MIDEAST FEAST 5.5OZ"
"","23645","","0","24","1.5","3.19","1.8104","LST","B.F.F.","BFF CT TN&SHP SWTHRTS CF 5.5OZ"
"","23646","","0","24","0","3.99","2.4483","LST","WERUVA","WER CT MACK&JACK 5.5OZ"
"","23647","","0","24","0","3.99","2.4483","LST","WERUVA","WER CT GRNDMA CHKN SOUP 5.5OZ"
"","23648","","0","24","0","3.99","2.4483","LST","WERUVA","WER CT FUNKY CHNKY 5.5OZ"
"","23649","","0","24","1","3.19","1.8104","LST","B.F.F.","BFF CT TN&SL SLMATES CF 5.5OZ"
"","23656","","0","24","1","3.19","1.8104","LST","B.F.F.","BFF CT TN&PMP VLNTE CF 5.5OZ"
"","23657","","0","24","0","3.19","1.8104","LST","B.F.F.","BFF CT TN&CHK 4EVA CF 5.5OZ"
"","23658","","0","24","0","3.19","1.8104","LST","B.F.F.","BFF CT TN&CHK CHKLS CF 5.5OZ"
"","23659","","2","1","0.25","24.99","14.57","LST","B.F.F.","BFF CT VRTY PK 8PC 5.5OZ"
"","24172","","0","24","0","2.99","1.9146","LST","WELLNESS","WEL CT CHK&HRG 3OZ "
"","24173","","24","24","0","2.99","1.9146","LST","WELLNESS","WEL CT CMPL HLTH TK&SL 3OZ"
"","24174","","0","24","0","2.99","1.9146","LST","WELLNESS","WEL CT CHK 3OZ "
"","24176","","0","24","0","2.99","1.9146","LST","WELLNESS","WEL CT CMPL HLTH BF&CK 3OZ"
"","24177","","0","24","0","2.99","1.9146","LST","WELLNESS","WEL CT CMPL HLTH TKY 3OZ "
"","24183","","0","24","0","2.99","1.9146","LST","WELLNESS","WEL CT CMPL HLTH KIT 3OZ"
"","24312","","0","24","0","4.49","2.5913","LST","HILL'S SCIENCE DIET","SD CT AD SAVORY TKY ENT 5.5OZ"
"","24623","","0","24","0.25","1.19","0.9758","LST","FANCY FEAST","FF CT EM CHK FLORENTINE 3oz"
"","24624","","0","24","0","1.19","0.9758","LST","FANCY FEAST","FF CT EM SL FLORENTINE 3oz"
"","24642","","0","24","0","1.19","0.9758","LST","FANCY FEAST","FF CT EM TUNA FLORENTINE 3oz"
"","24643","","24","24","4.5","1.19","0.9758","LST","FANCY FEAST","FF CT EM SHREDDED CHK 3oz"
"","24670","","0","24","3.75","1.19","0.9758","LST","FANCY FEAST","FF CT CLSC COD SOLE SHP 3OZ"
"","24674","24673","24","24","1.5","1.19","0.9758","LST","FANCY FEAST","FF CT GRILLD TUNA 3oz"
"","24680","","0","24","3.5","1.19","0.9758","LST","FANCY FEAST","FF CT CLSC SL PATE 3OZ"
"","24683","","0","24","1.75","1.19","0.9758","LST","FANCY FEAST","FF CT GRLLD SL 3oz"
"","24704","","0","24","2.25","1.19","0.9758","LST","FANCY FEAST","FF CT FLAKED TUNA 3oz"
"","24712","","0","24","1.75","1.19","0.9758","LST","FANCY FEAST","FF CT GRLLD TKY 3oz"
"","24714","","0","24","6.75","1.19","0.9758","LST","FANCY FEAST","FF CT CHK FEAST 3oz"
"","24717","","0","24","3.5","1.19","0.9758","LST","FANCY FEAST","FF CT BF PATE 3oz"
"","24720","","24","24","2.25","1.19","0.9758","LST","FANCY FEAST","FF CT SFD FEAST 3oz"
"","24723","","0","24","0.5","2.69","1.46","LST","PURINA PRO PLAN","PPLN CT COMP ESNTL SL&R 3OZ"
"","24724","","0","24","0","2.69","1.6333","LST","PURINA PRO PLAN","PPLN CT URINARY TRACT CHK 3OZ "
"","24729","11229","0","1","0.5","108.99","77.04","LST","PURINA PRO PLAN","PPLN DG ESNTL SH CK&R 35LB"
"","24730","","0","24","2.5","1.19","0.9758","LST","FANCY FEAST","FF CT CLSC TKY&GIB PATE 3OZ"
"","24735","11178","0","1","0","109.99","80.63","LST","PURINA PRO PLAN","PPLN DG SPT CK&R 27/17 37.5LB"
"","24740","","24","24","2.25","1.19","0.9758","LST","FANCY FEAST","FF CT CLSC OCN WHTFSH TUNA 3OZ"
"","24750","","0","24","6","1.19","0.9758","LST","FANCY FEAST","FF CT CLSC LVR&CHK PATE 3OZ"
"","24762","","24","24","0","2.69","1.4604","LST","PURINA PRO PLAN","PPLN CT COMP ESNTL CK&R 3OZ"
"","24981","","0","12","0.75","2.49","1.3883","LST","B.F.F.","BFF CT TN&CHK CHME 3OZ PCH"
"","24982","","0","12","1.25","2.49","1.3883","LST","B.F.F.","BFF CT TN&BF BABYC 3OZ PCH"
"","24983","","0","12","1.75","2.49","1.3883","LST","B.F.F.","BFF CT TN&SL SWCHKS 3OZ PCH"
"","24984","","0","12","0.5","2.49","1.3883","LST","B.F.F.","BFF CT TN&LMB LUVYAS 3OZ PCH"
"","24985","","0","12","0.75","2.49","1.3883","LST","B.F.F.","BFF CT TN&TK TICKLES 3OZ PCH"
"","24987","","0","12","1","2.49","1.3883","LST","B.F.F.","BFF CT TN&DK DEVRME 3OZ PCH"
"","24988","","0","1","0","27.99","16.48","LST","B.F.F.","BFF CT VRTY PK 12PC 3OZ"
"","24993","","0","24","0.25","2.99","1.77","LST","WERUVA","WER CT MIDEAST FEAST 3OZ"
"","24995","","0","24","1","2.39","1.3754","LST","B.F.F.","BFF CT TN&SHP SWTHRTS CF 3OZ"
"","24996","","24","24","0","2.99","1.77","LST","WERUVA","WER CT MACK&JACK 3OZ"
"","24997","","0","24","0","2.99","1.77","LST","WERUVA","WER CT GRNDMA CHKN SOUP 3OZ"
"","25013","","0","12","0","2.99","1.7742","LST","WERUVA","WER CT CITK GF CHK&PMP 3OZ PCH"
"","25014","","12","12","0","2.99","1.7742","LST","WERUVA","WER CT CITK GF CK&MK 3OZ PCH"
"","25015","","12","12","0","2.99","1.7742","LST","WERUVA","WER CT CITK GF CK&DK 3OZ PCH"
"","25024","","0","12","0","2.99","1.7742","LST","WERUVA","WER CT CITK GF TU&BF 3OZ PCH"
"","25025","","0","12","0","2.99","1.7742","LST","WERUVA","WER CT CITK GF TU&PMP 3OZ PCH"
"","25029","","0","36","0","2.49","1.09","LST","ETTA SAYS!","ETTA DG BF CHEW 4.5in"
"","25035","","0","24","1.75","2.39","1.3754","LST","B.F.F.","BFF CT TN&PMP VLNTE CF 3OZ"
"","25037","","0","24","0","2.39","1.3754","LST","B.F.F.","BFF CT TN&CHK 4EVA CF 3OZ"
"","25041","","0","36","1.25","2.49","1.09","LST","ETTA SAYS!","ETTA DG NAT DEER CHEW 4.5in"
"","25046","","0","24","0","2.99","1.85","NEW","MERRICK","MRK CT PB GF SL PATE 3OZ"
"","25047","","0","24","0","2.99","1.85","LST","MERRICK","MRK CT PB GF TUNA PATE 3OZ"
"","25048","","0","24","0","2.99","1.85","LST","MERRICK","MRK CT PB GF TKY PATE 3OZ"
"","25117","","0","24","0","2.89","1.7013","LST","BLUE BUFFALO","BLU CT AD WILD DUCK 3OZ"
"","25123","","0","12","0","4.39","3","LST","PURINA PRO PLAN","PPLN DG SAVOR CK&R AD 13OZ"
"","25126","","0","12","0","4.99","3.3292","LST","PURINA PRO PLAN","PPLN DG SN SS&S SL&R 13OZ"
"","25161","","0","12","0","2.99","1.725","LST","WERUVA","WER DG DITK LV ME TND PCH2.8oz"
"","25162","","0","12","0","2.99","1.725","LST","WERUVA","WER DG DITK FOWL BALL PCH2.8oz"
"","25164","","0","12","0","2.99","1.725","LST","WERUVA","WER DG DITK GOLDIELOX PCH2.8oz"
"","25165","","0","12","0","2.99","1.725","LST","WERUVA","WER DG DITK LAMBINI PCH 2.8oz"
"","25166","","12","12","0","2.99","1.725","LST","WERUVA","WER DG DITK DBL DIP PCH 2.8oz"
"","25169","","12","12","0","5.79","3.655","LST","WERUVA","WER DG DITK FNK TRNK 10oz"
"","25173","","0","12","0","5.79","3.655","LST","WERUVA","WER DG DITK LAMBINI 10oz"
"","25174","","0","12","0","5.79","3.655","LST","WERUVA","WER DG DITK DBL DIP 10oz"
"","25413","","0","1","0","63.99","43.16","LST","GO! SOLUTIONS","GO! DG S&C WG DUCK 12LB"
"","25502","","0","1","0","30.99","20.19","LST","BLUE BUFFALO","BLU PUP LPF CK&BR 6LB"
"","25503","","0","1","0","30.99","20.19","LST","BLUE BUFFALO","BLU DG AD LPF CK&BR 6LB"
"","25504","","0","1","0","30.99","20.19","LST","BLUE BUFFALO","BLU DG SNR LPF CK&BR 6LB"
"","25523","","0","1","0","38.99","24.14","LST","BLUE BUFFALO","BLU CT TF AD HELIV CK&BR 7LB"
"","25525","","0","1","0.5","38.99","24.14","LST","BLUE BUFFALO","BLU CT TF AD INDR SL&BR 7LB"
"","25526","","0","1","0","38.99","24.14","LST","BLUE BUFFALO","BLU CT TF AD WT CTRL CK&BR 7LB"
"","25528","","0","1","0","32.99","21.2","LST","BLUE BUFFALO","BLU DG AD WILD GF CHK 4.5LB"
"","25545","","0","1","0","32.99","21.81","LST","BLUE BUFFALO","BLU PUP WILD GF CHK 4.5LB"
"","25548","","0","1","0","87.99","65.89","LST","BLUE BUFFALO","BLU DG AD LB WILD GF CHK 24LB"
"","25612","","1","1","0.25","38.99","24.14","LST","BLUE BUFFALO","BLU CT TF AD SENST CHK 7LB"
"","25616","","0","1","0","46.99","26.91","LST","BLUE BUFFALO","BLU KIT WILD CHK 5LB"
"","25625","","0","1","0.25","46.99","26.91","LST","BLUE BUFFALO","BLU CT AD WILD INDR CHK 5LB"
"","26111","26121","0","1","0.25","37.99","24.1","LST","ROYAL CANIN","RCSHN DG AD SM 4.4LB"
"","26166","26123","0","1","0.25","86.99","50.47","LST","ROYAL CANIN","RCSHN DG AD SM 14LB"
"","26442","","0","1","0","10.99","7.71","LST","ROLLOVER","RLLVR DG L&R 28.2OZ"
"","26585","","0","1","0","61.99","41.81","LST","NOW FRESH","NOW CT AD GF TROUT SL&HRG 8LB"
"","26818","","0","1","0","59.99","36.64","LST","BLUE BUFFALO","BLU DG AD LPF CK&BR 15LB"
"","26858","","0","1","0","59.99","37.86","LST","BLUE BUFFALO","BLU DG AD SB LPF CK&BR15LB"
"","26859","","0","1","0","30.99","21.1","LST","BLUE BUFFALO","BLU DG AD SB LPF CK&BR 6LB"
"","28324","28334","0","1","0","53.99","37.35","LST","PURINA PRO PLAN","PPLN CT INDR HAIRBALL TK&R 7LB"
"","28351","","0","1","0","55.99","38.73","LST","PURINA PRO PLAN","PPLN CT URINARY TRACT CK&R 7LB"
"","28493","28573","0","1","0.25","76.99","47.13","LST","ROYAL CANIN","RCFHN CT KIT 7LB"
"","28617","","0","25","0","13.99","6.1896","LST","PET CENTER","PC DG NO ODOR CURLY PIZZLE7in"
"","28625","","0","50","0","4.49","2.4402","LST","PET CENTER","PC DG STEER PIZL 6in"
"","28651","","0","1","0","32.99","16.5","LST","PET CENTER","PC DG LMB CRUNCHYS 8oz"
"","28661","","1","1","0","51.99","24.59","LST","PET CENTER","PC DG LMB CRUNCHYS 16oz"
"","28674","28944","0","1","0","17.99","8.58","LST","NORTHERN BISCUIT","NRTH BSC DG FSH&BLR 17.6OZ"
"","28750","","1","1","0.25","17.99","8.58","LST","NORTHERN BISCUIT","NRTH BSC DG VEG PMP PIE 17.6oz"
"","28762","","0","1","0.25","17.99","8.58","LST","NORTHERN BISCUIT","NRTH BSC DG PB CRUNCH 17.6oz"
"","28788","28792","0","1","0.25","9.79","5.92","LST","OLD MOTHER HUBBARD","OMH DG CLSC BNC BISC SM 20OZ"
"","28789","","1","1","0.5","9.79","5.92","LST","OLD MOTHER HUBBARD","OMH DG CLSC ASST BISC MIN 20OZ"
"","28796","28793","0","1","0","9.79","5.92","LST","OLD MOTHER HUBBARD","OMH DG CLSC PNUTTR BISC SM20OZ"
"","28797","28794","0","1","0","9.79","5.92","LST","OLD MOTHER HUBBARD","OMH DG CLSC LVR CRUNC BSC 20OZ"
"","28902","","0","1","0","17.99","8.58","LST","NORTHERN BISCUIT","NRTH BSC DG BCN BLR 17.6oz"
"","28953","","0","1","0.25","17.99","8.58","LST","NORTHERN BISCUIT","NRTH BSC DG LMB 17.6oz"
"","29060","","0","1","0.25","5.49","4.2","LST","MILK-BONE","MLKBN DG BSC ORIG MD 2lb"
"","29155","","0","1","0","14.99","8.05","LST","ROLLOVER","RLLVR DG ORIG MINI BITES 9.9OZ"
"","29196","29192","1","1","0.25","19.99","11.84","LST","OLD MOTHER HUBBARD","OMH DG CLSC ORIG BISC SM 3.5lb"
"","29198","29190","0","1","0.25","19.99","11.84","LST","OLD MOTHER HUBBARD","OMH DG CLSC ORG BISC MIN 3.8lb"
"","29200","","1","1","0.25","9.49","7.45","LST","MILK-BONE","MLKBN DG BSC ORIG LG 4.4LB"
"","29210","","3","1","0.25","9.49","7.45","LST","MILK-BONE","MLKBN DG FLVR SNK 4.4LB"
"","29237","","0","24","0.5","2.39","1.25","LST","NATURE'S ANIMALS","NA DG GS PB CAROB 4in"
"","29250","","0","24","0","2.39","1.25","LST","NATURE'S ANIMALS","NA DG LMB&R BSC 4in"
"","29256","","0","24","1.25","4.79","2.9583","LST","NATURE'S ANIMALS","NA DG LMB&R BIG BITE 8in"
"","29298","29294","1","1","0","19.99","11.84","LST","OLD MOTHER HUBBARD","OMH DG CLSC PNUTTR LG 3.3LB"
"","29385","29379","0","1","0.25","9.99","6.27","LST","HEALTH DIET","HD DG BIG BITES BISC 4lb"
"","29395","","0","1","0","9.99","6.27","LST","HEALTH DIET","HD DG SMALL BITES BISC 4lb"
"","29407","","4","1","0.25","9.99","6.27","LST","HEALTH DIET","HD DG MINI BITES BISC 4lb"
"","29408","","0","1","0","9.99","6.27","LST","HEALTH DIET","HD DG MXED BITES BISC 4lb"
"","29411","","0","1","0","9.99","6.27","LST","HEALTH DIET","HD DG LOW CALORIE BISC 4lb"
"","29502","","0","1","0","17.99","8.58","LST","NORTHERN BISCUIT","NRTH BSC DG LVR 17.6oz"
"","29653","","0","1","0.25","9.29","4.57","LST","FRUITABLES","FRTBL DG CRSPY BCN APL TRT 7OZ"
"","29654","","0","1","0","11.99","6.11","OOS","FRUITABLES","FRTBL DG SKNY MINI ROTI CHK5oz"
"","29655","","0","1","0","11.99","6.11","OOS","FRUITABLES","FRTBL DG SKNY MINI GRLD BSN5oz"
"","29662","","1","1","0","9.29","4.57","LST","FRUITABLES","FRTBL DG PMP APL TRT 7OZ"
"","29664","","0","1","0.5","9.29","4.57","LST","FRUITABLES","FRTBL DG PMP BLR TRT 7OZ"
"","29665","","0","1","0","9.29","4.57","OOS","FRUITABLES","FRTBL DG PMP CRN TRT 7OZ"
"","29667","","0","1","0","11.99","6.11","OOS","FRUITABLES","FRTBL DG SKNY MINI APL BCN5oz"
"","29668","","1","1","0.5","11.99","6.11","LST","FRUITABLES","FRTBL DG SKNY MINI PMP BLR5oz"
"","29669","","0","1","0","11.99","6.11","LST","FRUITABLES","FRTBL DG SKNY MINI PMP MNGO5oz"
"","29927","","1","1","0.75","7.69","4.21","LST","WELLNESS","WEL DG CMPL HLTH LB&SL PUP 3oz"
"","30001","","0","1","0.25","23.99","12.46","LST","PERFORMATRIN ULTRA","PERF ULT DG FD BF LVR 6.7oz"
"","30002","","2","1","0","14.99","7.07","LST","PERFORMATRIN ULTRA","PERF ULT DG FD BF LVR 3.52oz"
"","30003","","2","1","0","24.99","12.96","LST","PERFORMATRIN ULTRA","PERF ULT DG CH LVR TRT 5.93oz"
"","30004","","2","1","0.25","15.99","8","LST","PERFORMATRIN ULTRA","PERF ULT DG CH LVR TRT 3.1oz"
"","30005","","2","1","0","6.79","3.66","LST","PERFORMATRIN ULTRA","PERF ULT CT CK LVR TRT 1.05OZ"
"","30025","","2","1","0.5","38.99","22.93","LST","PERFORMATRIN ULTRA","PERF ULT DG FD BF LVR 14.46oz"
"","30026","","1","1","0","38.99","22.76","LST","PERFORMATRIN ULTRA","PERF ULT DG CH LVR TRT 11.64oz"
"","30027","","0","1","0.25","7.99","3.67","LST","PERFORMATRIN ULTRA","PERF ULT DG FD BF LVR 1.55oz"
"","30028","","4","1","0","7.99","3.77","LST","PERFORMATRIN ULTRA","PERF ULT DG CH LVR TRT 1.26oz"
"","30279","","1","1","0","12.99","5.71","LST","BENNY BULLY'S","B BUL DG LVR&APL TRT 2.1oz"
"","30281","","0","1","0.25","12.99","5.71","LST","BENNY BULLY'S","B BUL DG LVR&BNA TRT 2.1oz"
"","30481","","0","1","0.25","6.99","4.5","LST","PET GREENS","PET GREENS CT GRDN GRW 3oz"
"","30485","","0","1","0","11.99","6.02","LST","TRICKY TRAINERS","TRICKY TRNR CHWY CHED 5oz"
"","30486","","0","1","0.75","11.99","6.02","LST","TRICKY TRAINERS","TRICKY TRNR CHWY LVR 5oz"
"","30487","","0","1","0","11.99","6.02","LST","TRICKY TRAINERS","TRICKY TRNR CHWY SL 5oz"
"","30513","","0","1","0","44.99","27.89","LST","MARSHALL","MRSHL FRRT DIET 4lb"
"","30514","","0","1","0","9.99","5","LST","MARSHALL","MRSHL FRRT BANDIT TRT CHK 3oz"
"","30522","","2","1","0.25","9.99","4.46","LST","OXBOW","OXB ORGRS HAY 15OZ"
"","30524","","0","1","0","9.99","4.46","LST","OXBOW","OXB OAT HAY 15OZ"
"","30535","","0","1","0","9.99","5.19","LST","OXBOW","OXB SMR SA BKD TRT BNA 1OZ"
"","30536","","1","1","0.25","9.99","3.91","LST","OXBOW","OXB SMR SA BKD TRT VEG 3OZ"
"","30543","","0","1","0","10.99","3.46","LST","OXBOW","OXB TC TMTHY TWST 1EA"
"","30753","","0","1","0","56.99","36.25","LST","LAFEBER","LFBR PRT NTRIBR CLSC 3.25LB"
"","30756","","0","1","0","56.99","36.05","LST","LAFEBER","LFBR PRT NTRIBR TROP FRT 3LB"
"","30783","","0","1","0","14.99","7.91","LST","MARTIN","MRTN LF R&M FOOD 2.2LB"
"","30790","","0","1","0.5","17.99","9.4","LST","MARTIN","MRTN LF RBT TMTHY FOOD 4.4LB"
"","30794","","1","1","0.25","17.99","9.35","LST","MARTIN","MRTN LF GP FOOD 4.4LB"
"","30802","","0","1","0.25","15.99","8.2","LST","MARTIN","MRTN LF RBT FOOD 4.4LB"
"","30813","","0","1","0","27.99","16.35","LST","MARTIN","MRTN LF RBT FOOD 11LB"
"","31217","","0","1","0","22.99","13.76","LST","ZUPREEM","ZPRM FRT BLND MD BRD2LB"
"","31350","","0","1","0","19.99","13.25","LST","ARMSTRONG","AS EP PNT HALVES 4.4LB"
"","31353","","0","1","0","19.99","12.62","LST","ARMSTRONG","AS EP PNT IN SHL 3LB"
"","31354","","0","1","0","56.99","43.07","LST","ARMSTRONG","AS EP PNT IN SHL 10LB"
"","31362","","0","1","0","67.99","50.54","LST","ARMSTRONG","AS EP PNT HALVES 20LB"
"","31391","","0","1","0","23.99","13","LST","ARMSTRONG","AS EP SNFLWR CHIPS 4LB"
"","31432","","0","1","0","21.99","15.54","LST","ARMSTRONG","AS EP BLK OIL SNFLWR 8LB"
"","31556","","0","45","0.75","6.49","3.1129","LST","OPEN RANGE","OPN RNG DG BULLY STCK 6in"
"","31557","","0","50","0.75","13.99","6.4484","LST","OPEN RANGE","OPN RNG DG BULLY STCK 12in"
"","31571","","0","65","0","4.49","2.0645","LST","OPEN RANGE","OPN RNG DG OC BULL STICK 4IN"
"","31667","","0","1","0","12.99","7.42","LST","MERRICK","MRK DG PB CHK 6OZ"
"","31671","","1","1","0","12.99","7.42","LST","MERRICK","MRK DG PB SL 6OZ"
"","31733","","0","1","0","17.99","9.05","LST","PUREBITES","PB DG LMB TRT 3.35oz"
"","31736","","0","1","0","7.29","4.65","LST","PUREBITES","PB CT CK&DK 1.13oz"
"","31756","","0","1","0","102.99","67.52","LST","TASTE OF THE WILD","TOTW DG PINE FRST VN&LEGMS28lb"
"","33001","","0","1","0.25","48.99","33.22","LST","PRIMAL","PRIML DG CHK FRMLA 14OZ"
"","33002","","0","1","0.25","48.99","33.22","OOS","PRIMAL","PRIML DG BF FRMLA 14OZ"
"","33003","","1","1","0.25","49.99","34.58","OOS","PRIMAL","PRIML DG LMB FRMLA 14OZ"
"","33005","","0","1","0","48.99","33.22","OOS","PRIMAL","PRIML DG TURKEY&SRD 14OZ"
"","33007","","0","1","0","19.99","13.44","ROS","PRIMAL","PRIML DG CHK FRMLA 5.5OZ"
"","33008","","0","1","0.25","19.99","13.44","ROS","PRIMAL","PRIML DG BF FRMLA 5.5OZ"
"","33009","","0","1","0","19.99","14.12","ROS","PRIMAL","PRIML DG LMB FRMLA 5.5OZ"
"","33010","","0","1","0","19.99","13.44","ROS","PRIMAL","PRIML DG TURKEY&SRD 5.5OZ"
"","33501","","0","1","0","49.99","34.25","OOS","PRIMAL","PRIML CT CK&SL FRMLA 14OZ"
"","33503","","0","1","0","49.99","34.25","OOS","PRIMAL","PRIML CT TKY FRMLA 14OZ"
"","33504","","0","1","0.25","19.99","14.26","ROS","PRIMAL","PRIML CT CK&SL FRMLA 5.5OZ"
"","35016","","20","20","0.25","3.49","1.65","LST","ETTA SAYS!","ETTA DG CRUNCHY DK CHEW 7IN"
"","35112","","0","24","1.5","1.19","0.9758","LST","FRISKIES","FRISK CT TKY&GIB DNR 5.5oz"
"","35279","","1","1","0.25","19.99","10.74","LST","FRESH NEWS","FN PAPER LTR 10L"
"","35284","35246","0","1","0","24.99","15.95","LST","CAREFRESH","CF WHITE BDNG 23L"
"","35286","35277","0","1","0","28.99","18.11","LST","CAREFRESH","CF CONFETTI BDNG 23L"
"","35288","35247","0","1","0","39.99","25.5","LST","CAREFRESH","CF WHITE BDNG 50L"
"","35295","35271","0","1","0","16.99","8.91","LST","CAREFRESH","CF CONFETTI BDNG 10L"
"","35563","","1","1","0","19.99","14.01","LST","ARMSTRONG","AS EP STRPD SNFLWR 6.6LB"
"","36062","","1","1","0","120.99","86.5","LST","HILL'S SCIENCE DIET","SD CT PRFCT WGT FOOD 15LB"
"","38104","","0","1","0","1.49","0.05","LST","PERFORMATRIN ULTRA","PERF ULT DG GF SNR SMP 4oz"
"","39002","","0","1","0","2.49","0.05","LST","PERFORMATRIN ULTRA","PERF ULT CT GF SNR SMP 4OZ"
"","40136","","0","1","0","7.99","3.81","LST","TETRA","TTR TMIN TROP FLKS 1OZ"
"","40146","","1","1","0","12.99","6.02","LST","TETRA","TTR TMIN TROP FLKS 2.2OZ"
"","40150","","0","1","0.25","8.49","3.25","LST","NUTRAFIN","NF AQPL WTR COND 4OZ"
"","40166","","0","1","0","19.99","9.5","LST","TETRA","TTR TMIN TROP FLKS XL 2.82OZ"
"","40184","","0","1","0","11.99","5.11","LST","NUTRAFIN","NF CYCLE BIO AQRM SUPPL 4OZ"
"","40189","","0","1","0","11.99","4.38","LST","NUTRAFIN","NF AQPL WTR COND 8.4OZ"
"","40191","","0","1","0","12.99","5.59","LST","NUTRAFIN","NF WST CNTRL BIO AQRM CLNR 4OZ"
"","40197","","1","1","0.25","6.99","2.21","LST","TETRA","TTR GLDFSH FLKS VTM C 1OZ"
"","40264","","0","1","0","6.49","2.07","LST","NORTHFIN","NRFN BTA BITS FRMLA 1MM 0.7 OZ"
"","40362","","0","1","0","6.99","2.38","LST","TETRA","TTR BTAMIN FLK MDLY 0.81OZ"
"","40437","","0","1","0","8.99","3.93","LST","TETRA","TTR TCOL TROP FLKS 1OZ"
"","40684","","0","1","0.25","11.99","5","LST","MARINA","MRN ALG SCRBR 1EA"
"","40720","","0","1","0","4.99","1.75","LST","MARINA","MRN BTA GRVL TRI-COL BLU 1.1LB"
"","40723","","0","1","0","4.99","1.75","LST","MARINA","MRN BTA GRVL BLK 1.1LB"
"","40724","","0","1","0","21.99","12","LST","MARINA","MRN EZCR BTA AQRM BLK 0.7GAL"
"","40725","","0","1","0","21.99","12","LST","MARINA","MRN EZCR BTA AQRM BLU 0.7GAL"
"","40794","","0","1","0","4.49","1.95","LST","MARINA","MRN AIR STN CYLNDRCL 1.5IN 4PK"
"","40876","","0","1","0.25","5.99","2.92","LST","MARINA","MRN LCD AQRM THRMTR 3IN"
"","40882","","0","1","0","4.99","1.75","LST","MARINA","MRN AQRM GRVL RBW 1LB"
"","40912","","0","1","0","16.99","7.29","LST","NUTRAFIN","NF AQPL WTR COND 16.9OZ"
"","40913","","0","1","0","9.99","3.89","LST","NUTRAFIN","NF CLEAR FAST WTR CLRFR 4OZ"
"","40918","","0","1","0","7.49","2.15","LST","ZOO MED","ZM BTA BED LEAF HMMCK 1EA"
"","40919","","0","1","0","12.99","5","LST","ZOO MED","ZM SINK CERM BTA LOG 4.25IN"
"","40927","","0","1","0","299.99","221.5","LST","ZOO MED","ZM BRD DRGN KIT 30X12IN 20GAL"
"","40928","","0","1","0","18.99","7.55","LST","ZOO MED","ZM REPTI BASK SPT LMP 50W"
"","41035","","0","1","0","7.29","2.63","LST","TETRA","TTR WSP BIO-BAG CRTG MD 1PK"
"","41067","","0","1","0","8.29","3.03","LST","TETRA","TTR WSP BIO-BAG CRTG LG 1PK"
"","41113","","0","1","0","4.99","2.25","LST","LIVING WORLD","LW BRD MNL BEAK BLCK ORG 1.5OZ"
"","42115","","0","1","0.25","4.99","2.2","LST","LIVING WORLD","LW NBLR SLC LFH CHWS 2PK"
"","42174","","1","1","0","10.99","5","LST","LIVING WORLD","LW TRHSE REAL WOOD LOGS 1MD"
"","42176","","0","1","0","25.99","10.75","LST","LIVING WORLD","LW TRHSE REAL WOOD LOGS 1LG"
"","42457","","0","1","0","14.99","7","LST","COASTAL PET PRODUCTS","CSTL CT COL SOY-ROSE 1EA"
"","42785","","0","1","0.25","4.99","2.43","LST","CATIT","CATIT MEGA SILLY SPRINGS 10PC"
"","42812","","1","1","0","26.99","13.5","LST","TUFFY","TUFFY ULTIMATE RING RED 1EA"
"","42997","","1","1","0","19.99","9.82","LST","PETSTAGES","PS DURABLE STICK 1MD"
"","43113","","1","1","0","16.99","9.52","LST","OUTWARD HOUND","OH SQK&FTCH FIREHOSE 1LG"
"","43216","","1","1","0.25","11.99","5.58","LST","KONG","KONG CT WUBBA MOUSE 1EA"
"","43285","","0","1","0","18.99","9.5","LST","GO CAT","GO CAT DA BIRD WAND 36IN"
"","43333","","1","1","0","9.49","4.35","LST","OURPETS","OURPETS CSMC CATNIP SPR 2oz"
"","43334","","0","1","0","9.99","4.67","LST","OURPETS","OURPETS CSMC CATNIP BUBL 5oz"
"","43511","","0","1","0","21.99","10.62","LST","NUTRI-VET","NV DG NASTY HABITS 60tb"
"","43607","","0","1","0","49.99","29","OOS","NUTRI-VET","NV DG H&J 2 120tb"
"","43616","","1","1","0.25","19.99","10.25","LST","HOMEOPET","HP HOST NO MORE 15ml"
"","43626","","0","1","0","20.99","10.05","OOS","HOMEOPET","HP FELINE D-STRESS 15ml"
"","43628","","0","1","0","12.99","7.5","OOS","NUTRI-VET","NV DG EYE CLEANSE 4oz"
"","43644","","0","1","0.5","21.99","11.5","LST","DIGGIN' YOUR DOG","FIRM UP DG PUMPKIN 4OZ"
"","43645","","0","1","0.25","21.99","11.5","LST","DIGGIN' YOUR DOG","FIRM UP DG PUMPKIN CRNBR 4OZ"
"","43649","","0","1","0","22.99","12.13","LST","GRIZZLY","GRIZZLY DG PLS SLMN OIL 8OZ"
"","43785","","0","1","0","13.99","10.65","LST","VETS BEST","VBST HOT SPOT SPRAY 8oz"
"","43786","","3","1","0.25","14.99","7.27","LST","NUTRI-VET","NV DG EAR CLEANER 8oz"
"","43797","","0","1","0.25","31.99","16.64","LST","VETS BEST","VBST EAR WASH&DRY 4oz"
"","43799","","1","1","0","18.99","11.81","LST","VETS BEST","VBST ACHES&PAINS 50's"
"","43801","","0","1","0.25","17.99","13.51","LST","VETS BEST","VBST ALLERGY 60PC"
"","43824","","0","1","0","22.99","12.41","LST","TOMLYN","TOMLYN CT NUTRI-CAL 4.25OZ"
"","43864","43821","1","1","0.25","11.99","4.68","LST","NUTRI-VET","NV DG BITTER BANDAGE 1ea"
"","43918","","0","1","0","17.99","9.45","OOS","NUTRI-VET","NV CT HAIRBALL GEL SL 3oz"
"","43919","","2","1","0.5","14.99","7.27","OOS","NUTRI-VET","NV CT EYE RNSE 4oz"
"","43933","","1","1","0","9.99","6.66","LST","VETS BEST","VBST BITTER CHERRY 7.5oz"
"","44137","","1","1","0.5","12.99","6.4","LST","BURT'S BEES","BURTS EAR CLEANER 4oz"
"","44139","","0","1","0","12.99","6.4","LST","BURT'S BEES","BURTS TEAR STAIN REM 4oz"
"","44348","","0","1","0","49.99","30.95","LST","NATURE'S MIRACLE","NM JFC ADV S&O 3.78L"
"","44381","","0","1","0","19.99","12.4","LST","NATURE'S MIRACLE","NM ADV S&O 946ml"
"","44392","","0","1","0","49.99","28.66","LST","NATURE'S MIRACLE","NM ADV ODOR STAIN RMVR 3.78L"
"","44411","","1","1","0.5","8.99","4.41","LST","EARTH RATED","ER POOPBAG ROLL SCNT 120pc"
"","44416","","0","1","0.25","8.99","4.41","LST","EARTH RATED","ER POOPBAG HANDLE SCNT 120pc"
"","44419","","0","1","0","16.99","8.33","LST","EARTH RATED","ER POOPBAG BULKROLL 300pc"
"","44424","","3","1","0.25","8.99","4.41","LST","EARTH RATED","ER POOPBAG ROLL UNSCNT 120pc"
"","44447","76058","0","1","0","41.99","22.38","LST","PETMATE","PM CR RAKE&PAN 1sm"
"","44448","76059","0","1","0","46.99","23.9","LST","PETMATE","PM CR RAKE&PAN 1lg"
"","44449","76052","0","1","0","39.99","22.7","LST","PETMATE","PM CR SPADE&PAN 1sm"
"","44451","","0","1","0.5","16.99","8.33","LST","EARTH RATED","ER POOPBAG BLKRL UNSCNT 300pc"
"","44452","","0","1","0","8.99","4.41","LST","EARTH RATED","ER POOPBAG HNDL UNSCNT 120pc"
"","44545","","0","1","0.25","11.99","5.76","LST","NOK OUT","NOK OUT 236ml"
"","44546","","0","1","0","19.99","9.6","LST","NOK OUT","NOK OUT 473ml"
"","44547","","0","1","0.25","29.99","14.5","LST","NOK OUT","NOK OUT 950ml"
"","44549","","0","1","0","12.99","6.24","LST","NOK OUT","NOK OUT SHMP 236ML"
"","44577","","2","1","0.25","9.99","5.09","LST","ENVIRO FRESH","EF ODOR OUT SKUNK 32oz"
"","44811","43897","2","1","0.5","17.99","8.28","LST","NYLABONE","NYLA DG DNTL KIT PUP 1ea"
"","44812","43896","1","1","0.25","17.99","8.43","LST","NYLABONE","NYLA DG DNTL KIT 1lg"
"","44813","43895","0","1","0","9.99","6.12","LST","NYLABONE","NYLA DG DNTL TPSTE E 2.5oz"
"","44895","","1","1","0","12.99","6.4","LST","PETRODEX","PD DG NTL TOOTHPASTE 2.5OZ"
"","44903","","0","1","0","26.99","13.8","LST","TROPICLEAN","TRPCLN FB TEETH GEL 4oz"
"","44905","","0","1","0","20.99","10.66","LST","TROPICLEAN","TRPCLN FB WATER ADD 16oz"
"","44931","","1","1","0.25","34.99","16","LST","TROPICLEAN","TRPCLN FB WATER ADD 1L"
"","44933","","0","1","0","18.99","9.5","LST","TROPICLEAN","TROPCLN FB CAT GEL 2OZ"
"","44935","","0","1","0","22.49","11.62","LST","TROPICLEAN","TRPCLN FB ORAL KIT LG"
"","44936","","0","1","0.25","22.49","11.62","LST","TROPICLEAN","TRPCLN FB ORAL KIT SM"
"","44939","","1","1","0.5","10.99","5.49","LST","PETRODEX","PD DG ENZ TOOTHPASTE CHK 2.5oz"
"","44953","","2","1","0","22.49","11.62","LST","TROPICLEAN","TRPCL FB PUP ORAL KIT 1ea"
"","45172","","1","1","0.5","26.99","13.5","LST","ZODIAC","ZOD PREMPLUS F&T SP 710ml"
"","45201","","2","1","0.5","22.99","10.37","LST","ZODIAC","ZOD CAT F&T SPRAY 236ML"
"","45280","","1","1","0.25","14.99","6.9","LST","ZODIAC","ZOD F&T SHAMPOO 240ml"
"","45326","","0","1","0.5","38.99","20.51","LST","ZODIAC","ZOD PREM 2000 F&T AE 454g"
"","45327","","0","1","0.5","23.99","11.51","LST","ZODIAC","ZOD DBL ACT F&T SHMP 355ml"
"","45328","","0","1","0","19.99","9.5","LST","ZODIAC","ZOD PET F&T SPRAY 236ml"
"","45330","","0","1","0.25","27.99","15.01","LST","ZODIAC","ZOD PET F&T SPRAY 475ml"
"","45373","","0","1","0","26.99","13.09","LST","ZODIAC","ZOD PWRSPOT SM.DG 4mo"
"","45374","","0","1","0","26.99","13.09","LST","ZODIAC","ZOD PWRSPOT LG.DG 4mo"
"","45386","","1","1","0","25.99","14.04","LST","ZODIAC","ZOD SPOT-ON CAT 4mo"
"","46536","","0","1","0.25","41.99","25.07","LST","POOCH PAD","PCHPD WASHABLE MALE WRP 1XL"
"","48151","","0","24","0","2.59","1.7017","LST","NATURAL BALANCE","NB CT ULTRA PREMIUM SL 5.5OZ"
"","48152","","0","24","0","2.59","1.7017","LST","NATURAL BALANCE","NB CT ULTRA TUNA&SHP 5.5OZ"
"","48153","","0","24","0","2.59","1.7017","LST","NATURAL BALANCE","NB CT ULTRA CHK&LVR PATE 5.5OZ"
"","48154","","0","24","0","2.59","1.7017","LST","NATURAL BALANCE","NB CT ULTRA INDR CHK 5.5OZ"
"","48155","","0","24","0","2.59","1.7017","LST","NATURAL BALANCE","NB CT ULTRA OCN FSH 5.5OZ"
"","48156","","0","24","0","3.19","1.9288","LST","NATURAL BALANCE","NB CT LID CHK&GPEA 5.5OZ"
"","48158","","0","24","0","3.59","2.3554","LST","NATURAL BALANCE","NB CT LID DK&GPEA 5.5OZ"
"","48408","","0","1","0","18.99","8.8","LST","STICKY PAW","STICKY PAW FURN PROT24pc"
"","48693","","1","1","0","26.99","13.5","LST","TUFFY","TUFFY ULTIMATE BONE RED 1EA"
"","48736","","0","1","0","23.99","14.21","LST","JOLLY PETS","JOLLY DG TUG&TOSS BALL BLU 6IN"
"","48844","","0","1","0","19.99","10.85","LST","JOLLY PETS","JOLLY DG EGG RED 8IN"
"","48897","","1","1","0.5","15.99","7.99","LST","OMEGA PAW","OMEGA PAW TRICKY TRT BALL 1LG"
"","49094","","0","1","0","13.99","8.5","LST","CHUCKIT","CHUCKIT ULTRA BALL 2SM"
"","49095","","0","1","0","13.99","8.5","LST","CHUCKIT","CHUCKIT ULTRA BALL 1LG"
"","49181","","3","1","0.5","16.99","9.41","LST","CHUCKIT","CHUCKIT LAUNCHER JR 18M"
"","49184","","1","1","0.25","16.99","11.8","LST","CHUCKIT","CHUCKIT LAUNCHER MD 26M"
"","49192","","0","1","0","15.99","10.6","LST","CHUCKIT","CHUCKIT ULTRA BALLS 2MD"
"","49206","","0","1","0","16.99","8.81","LST","CHUCKIT","CHUCKIT LAUNCHER MINI 14S"
"","49237","","0","1","0","22.99","12.51","LST","CHUCKIT","CHUCKIT ZIPFLIGHT RING 1MD"
"","49465","","1","1","0","14.99","8.9","LST","OUTWARD HOUND","OH HOMER HEDGEHOG 1MD"
"","49469","","0","1","0","8.99","4.79","LST","OUTWARD HOUND","OH HOMER HEDGEHOG JR 1SM"
"","49829","","0","12","0","7.99","3.15","LST","KONG","KONG AIR SQK 1XS"
"","49946","","0","1","0","9.99","4.25","LST","KONG","KONG SQUEAK AIR BALLS SM 3PC"
"","49947","","0","1","0","13.99","6.08","LST","KONG","KONG SQUEAK AIR BALLS LG 2PC"
"","50030","50023","0","1","0","4.49","1.7","LST","NUTRAFIN","NF BASIX TRTL COND 0.5OZ"
"","50066","","0","1","0","10.99","4.45","LST","ZOO MED","ZM RPTSF WTR COND 4.25OZ"
"","50097","50094","0","1","0","13.99","4.85","LST","ZOO MED","ZM REPTI CLCM WITH D3 3OZ"
"","50128","43924","0","1","0","26.99","11.88","LST","ZEN PET","ZEN PRO COLLAR 1xs"
"","50129","43925","0","1","0","32.99","14.65","LST","ZEN PET","ZEN PRO COLLAR 1sm"
"","50130","43926","0","1","0","39.99","17.59","LST","ZEN PET","ZEN PRO COLLAR 1md"
"","50131","43927","0","1","0","45.99","20.21","LST","ZEN PET","ZEN PRO COLLAR 1lg"
"","50155","","0","1","0","7.99","3.1","OOS","VITAKRAFT","VKFT SLIMS SA CRT STCK 1.76OZ"
"","50193","43928","1","1","0","47.99","21.09","LST","ZEN PET","ZEN PRO COLLAR 1xl"
"","50194","","0","1","0.25","7.99","4.15","LST","ZEN PET","TICK TORNADO 1ea"
"","50241","","0","1","0","8.99","4.5","LST","BROWNS","BRN TRC SA HIGH C TRT 2.25OZ"
"","50243","","0","1","0.5","9.99","5","LST","BROWNS","BRN TRC SA FFRSH FIXINS 10OZ"
"","50245","50235","0","1","0.25","8.99","4.5","LST","BROWNS","BRN TRC SA FRT & NUT TRT 8OZ"
"","50257","","0","1","0","8.99","4.05","LST","BROWNS","BRN TRC BRD SPR MILLET MN 4OZ"
"","50598","","0","1","0","41.99","24.45","LST","PERKY-PET","PRPT HMBRD COPR GLS FDR 12OZ"
"","50669","","1","1","0","14.99","8.23","LST","KONG","KONG SAFESTIX 1SM"
"","50671","","1","1","0.5","9.99","4.39","LST","OXBOW","OXB SA ORGC BRL BISC 2.65OZ"
"","50692","","2","1","0","11.99","4.98","LST","KONG","KONG SPORT BALLS MD 3PC"
"","50700","","0","1","0","9.99","4.41","LST","MARTIN","MRTN LF SA APL DMPL TRT 8OZ"
"","50701","","0","1","0","9.99","4.41","LST","MARTIN","MRTN LF SA BNA MFN TRT 8OZ"
"","50850","","0","1","0","10.99","4.65","LST","VITAKRAFT","VKFT SA RAVIOLOS VEG 5OZ"
"","51043","","0","1","0","33.99","18.85","LST","GRIZZLY","GRIZZLY DG JOINT AID 16oz"
"","51232","","0","1","0","24.99","13.56","LST","NEATER PET BRANDS","NEATER SCOOPER GREEN 1ea"
"","51233","","0","1","0","9.99","5.18","LST","NEATER PET BRANDS","NEATER SCOOPER BAGS 3pk"
"","51329","","0","1","0","34.99","23.9","LST","ARMSTRONG","AS EP BLK OIL SNFLWR 15.4LB"
"","51347","","0","1","0","17.99","8.99","OOS","MESSY MUTTS","MM SILICONE GROOM GLV 1ea"
"","51429","","0","1","0","24.99","9.65","LST","JUMP","JMP DG LSH PRPL 1LG"
"","51431","","0","1","0","22.99","8.82","LST","JUMP","JMP DG LSH PNK 1SM"
"","51432","","0","1","0","24.99","9.65","LST","JUMP","JMP DG LSH PNK 1LG"
"","51433","","0","1","0","22.99","8.82","LST","JUMP","JMP DG LSH BLU 1SM"
"","51434","","0","1","0","24.99","9.65","LST","JUMP","JMP DG LSH BLU 1LG"
"","51435","","0","1","0","22.99","8.82","LST","JUMP","JMP DG LSH PRPL 1SM"
"","51644","","0","1","0","8.49","3.65","LST","VERSELE-LAGA","VL COMP SA CROCK APL TRT 1.8OZ"
"","51645","","0","1","0.25","8.49","3.65","LST","VERSELE-LAGA","VL COMP SA CROCK CRT TRT 1.8OZ"
"","51646","","1","1","0.25","8.49","3.65","LST","VERSELE-LAGA","VL COMP SA CROCK HRB TRT 1.8OZ"
"","51647","","0","1","0","8.49","3.65","LST","VERSELE-LAGA","VL COMP SA CROCK BRY TRT 1.8OZ"
"","51664","","0","1","0","8.99","4","LST","VERSELE-LAGA","VL CRSP HRBVR STCK 3PK 5.8OZ"
"","51665","","0","1","0","8.99","4","LST","VERSELE-LAGA","VL CRSP OMNVR STCK 3PK 5.6OZ"
"","51674","","0","1","0","19.99","9.75","LST","VERSELE-LAGA","VL PRS LRPRQ AFR PRT 2.2LB"
"","51679","","0","1","0.25","29.99","16","LST","VERSELE-LAGA","VL PRS BRD MILLET GLD 2.2LB"
"","51727","","0","1","0","2.49","1.35","LST","PET VALU","PV TUFF TENNIS BALL 1.8in"
"","51850","","0","1","0","4.99","1.68","OOS","VAN NESS","VN AIR FILTER 1ea"
"","51851","","0","1","0","9.49","4.18","LST","SMARTCAT","SC BG MTH LTR SCP BL 1ea"
"","51885","51940","0","1","0","12.99","6.5","LST","VAN NESS","VN SIFTING LTR PAN LINER 10pc"
"","51961","","1","1","0","18.99","10.71","LST","VAN NESS","VN DRWSTR LNR-XG VP 15PC"
"","51981","","0","1","0","18.99","10.71","LST","VAN NESS","VN DRWSTR LNR-LG VP 20 PC"
"","52328","","0","12","0","8.99","4.495","LST","KRAZY KITTY","KRAZY KITTY CATTAIL 1EA"
"","52329","","0","12","0","5.99","2.995","LST","KRAZY KITTY","KRAZY KITTY FLEECE MICE 1EA"
"","52330","","0","12","0","5.99","2.995","LST","KRAZY KITTY","KRAZY KITTY DOUBLE WHAMMY 1EA"
"","52331","","0","50","3.75","4.99","2.006","LST","CHILLY DOG","CD BARNYARD ANIMALS 1EA"
"","52385","","0","1","0","24.99","12.5","LST","TUFFY","TUFFY JR 3WAY TUG OF WAR 1EA"
"","52450","","0","1","0.5","12.99","6.6","LST","YEOWWW!","YEOWWW! BANANA 7IN"
"","52455","","0","1","0.25","12.49","6.55","LST","YEOWWW!","YEOWWW! GREEN FISH 7IN"
"","52457","","0","1","0","7.99","4.35","LST","YEOWWW!","YEOWWW! CATNIP 1OZ"
"","52460","","0","1","0","5.99","2.71","LST","VAN NESS","VN CROCK HVYWT BOWL 20OZ"
"","52465","","0","51","0.5","5.99","2.7973","LST","YEOWWW!","YEOWWW! BOWL OF STINKIES 1EA"
"","52470","","0","1","0","9.99","4.76","OOS","VAN NESS","VN CROCK HVYWT BOWL 52OZ"
"","52480","","0","1","0","13.99","6.77","LST","VAN NESS","VN CROCK HVYWT BOWL 106OZ"
"","52484","","0","50","0","3.49","1.6","LST","YEOWWW!","YEOWWW! MINI CTNIP 50PK"
"","52495","","0","1","0","15.99","8.94","LST","VAN NESS","VN DINNER MAT 1EA"
"","52536","","1","1","0","24.99","14.99","LST","OUTWARD HOUND","OH HIDE A SQUIRREL 1EA"
"","52538","","0","1","0","14.99","7.79","LST","OUTWARD HOUND","OH SQUIRREL REPLACEMENT 3PC"
"","52550","","0","1","0","9.99","4.5","LST","MULTIPET","MLPT LAMBCHOP PLUSH 6IN"
"","52553","","1","1","0","14.99","7.5","LST","MULTIPET","MLPT LAMBCHOP PLUSH 10.5IN"
"","52578","52623","0","1","0.5","19.99","13.33","LST","WEST PAW","WEST PAW JIVE 1SM"
"","52579","52624","0","1","0","24.99","18","LST","WEST PAW","WEST PAW JIVE 1LG"
"","52581","","0","1","0","29.99","15","LST","MULTIPET","MLPT LAMBCHOP PLUSH 24IN"
"","52621","","0","1","0","19.99","13.33","LST","WEST PAW","WEST PAW HURLEY 1SM"
"","52622","","0","1","0","24.99","17","LST","WEST PAW","WEST PAW HURLEY 1LG"
"","52627","","0","1","0","22.99","14.5","LST","WEST PAW","WEST PAW BUMI 1SM"
"","52628","","0","1","0.25","26.99","17.35","LST","WEST PAW","WEST PAW BUMI 1LG"
"","52638","","0","1","0","14.99","11","LST","WEST PAW","WEST PAW HURLEY 1XS"
"","52659","","0","1","0.25","14.99","8.25","LST","PETMATE","PM REPLENDISH FLTR 3PC"
"","52752","52395","1","1","0","19.99","10","LST","TUFFY","TUFFY JUNIOR GEAR RING RED 1EA"
"","52960","","0","1","0.25","10.99","5.56","LST","KONG","KONG CLASSIC 1SM"
"","52961","","0","1","0.25","6.99","3.31","LST","JW PET","JWP HOLEE ROLLER MINI 1XS"
"","52964","","0","1","0.5","12.99","7.09","LST","JW PET","JWP HOLEE ROLLER 1MD"
"","52970","","0","1","0","15.99","8.01","LST","KONG","KONG CLASSIC 1MD"
"","52980","","1","1","0","19.99","9.93","LST","KONG","KONG CLASSIC 1LG"
"","52981","","0","1","0","19.99","10.04","LST","BENEBONE","BBONE WISHBONE BCN 1MD"
"","52985","","0","1","0","19.99","10.04","LST","BENEBONE","BBONE WISHBONE PB 1MD"
"","53061","","0","1","0.25","11.99","5.21","LST","KONG","KONG SQUEAK AIR BALLS MD 3PC"
"","53101","","0","1","0","2.99","1.6","LST","PET VALU","PV TUFF TENNIS BALL 2.5in"
"","53102","","2","1","0","16.99","7.98","LST","BENEBONE","BBONE WISHBONE BCN 1SM"
"","53126","52401","2","1","0.25","6.99","4.35","LST","CHUCKIT","CHUCKIT TENNIS BALL 2MD"
"","53127","","0","1","0","10.99","5.75","LST","CHUCKIT","CHUCKIT TENNIS BALL 2LG"
"","53144","","1","1","0","9.99","4.89","LST","KONG","KONG PUPPY CLASSIC 1SM"
"","53145","","0","1","0.25","14.99","7.23","LST","KONG","KONG PUPPY CLASSIC 1MD"
"","53146","","2","1","0.25","17.99","8.55","LST","KONG","KONG PUPPY CLASSIC 1LG"
"","53147","","1","1","0.25","13.99","6.65","LST","KONG","KONG PUPPY EASY TREAT 8OZ"
"","53171","","0","1","0","10.99","5.58","LST","KONG","KONG CLASSIC 1XS"
"","53172","","1","1","0.25","11.99","5.85","LST","KONG","KONG PUPPY GOODIE BONE 1SM"
"","53379","","2","1","0","17.99","10.45","LST","CHUCKIT","CHUCKIT ULTRA BALL 1XL"
"","53390","","1","1","0","19.99","9.53","LST","KONG","KONG CLASSIC EXTREME 1LG"
"","53428","","0","50","0","3.49","1.745","LST","KRAZY KITTY","KRAZY KITTY RAVIOLI 1EA"
"","53429","","0","1","0","19.99","9.99","LST","KRAZY KITTY","KRAZY KITTY SNGL STK 1EA"
"","53495","","1","1","0","23.99","15.5","LST","CHUCKIT","CHUCKIT PARAFLIGHT 1LG"
"","53501","","0","1","0","19.99","10.04","LST","BENEBONE","BBONE WISHBONE CHKN 1MD"
"","53882","","0","1","0","24.99","10.83","LST","KONG","KONG SCRUNCH RACCOON 1LG"
"","53903","","0","1","0","2.99","1.81","LST","PETMATE","PM PUP TOP CAN COVER 1EA"
"","53977","","0","1","0","28.99","12.87","LST","KONG","KONG WILDKNOTS BEAR 1MD"
"","53978","","2","1","0.25","18.99","8.57","LST","KONG","KONG WILDKNOTS BEAR 1SM"
"","54089","","0","1","0","20.99","12.14","LST","ROLLOVER","RLLVR DG BF STFD BF BONE 8in"
"","54093","","0","1","0","20.99","12.14","LST","ROLLOVER","RLLVR DG CHK STFD BF BONE 8in"
"","54557","","0","1","0","3.99","2.2","LST","BARNSDALE FARMS","BFD DG PRK ROLLS LG 5to11in"
"","54940","","0","1","0","7.29","4.65","LST","PUREBITES","PB CT CHK BREAST TRT 1.09oz"
"","54942","","0","1","0","7.29","4.65","LST","PUREBITES","PB CT OCN WHTFSH TRT 0.71oz"
"","55034","","0","25","0","8.49","4.152","LST","REDBARN","RB DG MEATY BONE LG 7oz"
"","55201","","1","1","0.25","17.99","9.05","LST","PUREBITES","PB DG BF LVR TRT 4.2oz"
"","55204","","2","1","0.25","17.99","9.05","LST","PUREBITES","PB DG CHK BREAST TRT 3OZ"
"","55267","","0","25","0","6.59","3.1132","LST","PET CENTER","PC DG BULL PIZL 6in"
"","55268","","0","25","0","13.99","6.2364","LST","PET CENTER","PC DG BULL PIZL 12in"
"","55380","","0","1","0","8.99","4.55","LST","PUREBITES","PB DG BF LVR TRT 2oz"
"","55384","","1","1","0.25","31.99","18.45","LST","PUREBITES","PB DG BF LVR TRT 8.8oz"
"","55387","","0","1","0","51.99","32.6","LST","PUREBITES","PB DG BF LVR TRT 16.6oz"
"","55390","","1","1","0.25","8.99","4.55","LST","PUREBITES","PB DG CHK BREAST TRT 1.4oz"
"","55394","","0","1","0.25","31.99","18.45","LST","PUREBITES","PB DG CHK BREAST TRT 6.2oz"
"","55396","","1","1","0","7.29","4.65","LST","PUREBITES","PB CT SALMON TRT 0.92OZ"
"","55872","","0","1","0","9.99","4","LST","ESTES","ES PRGLO AQRM GRVL PNK 5LB"
"","55882","","0","1","0","9.99","4","LST","ESTES","ES PRGLO AQRM GRVL LVN 5LB"
"","55892","","0","1","0","9.99","4","LST","ESTES","ES NTRL AQRM GRVL NUTMEG 5LB"
"","56003","","0","1","0","14.99","7.97","LST","THIS & THAT","T&T DG DEER ANT SM 1pc"
"","56004","","0","1","0","28.99","17.18","LST","THIS & THAT","T&T DG SPLIT DEER ANT LG 1pc"
"","56005","","0","1","0","42.99","23.99","LST","THIS & THAT","T&T DG SPLT DEER ANT XL 1pc"
"","56109","55687","0","6","0.25","51.99","30.0917","LST","BARNSDALE FARMS","BFD DG PIG EARS 25PC"
"","56154","54023","0","1","0","11.99","6.22","LST","BARNSDALE FARMS","BFD DG PRK EAR 1LB"
"","56215","","0","1","0.5","4.49","2.77","LST","GREENIES","GREENIES CT SB CHKN 2.1OZ"
"","56216","","4","1","1","4.49","2.77","LST","GREENIES","GREENIES CT SB TUNA 2.1OZ"
"","56281","","1","1","0","19.99","11.48","LST","THIS & THAT","T&T DG DEER ANT SM 2pc"
"","56282","","0","1","0","19.99","11.48","LST","THIS & THAT","T&T DG DEER ANT MD 1pc"
"","56283","","0","1","0","33.99","20","LST","THIS & THAT","T&T DG DEER ANT LG 1pc"
"","56285","","0","1","0","44.99","26.29","LST","THIS & THAT","T&T DG DEER ANT XL 1pc"
"","56286","","0","1","0","59.99","35.6","LST","THIS & THAT","T&T DG DEER ANT XXL 1pc"
"","56302","","0","1","0","8.99","4.39","LST","THIS & THAT","T&T EVEREST CHS CHEW SM 1.5oz"
"","56303","","0","1","0.25","11.99","6.3","LST","THIS & THAT","T&T EVEREST CHS CHEW MD 2.5oz"
"","56304","","0","1","0","15.99","8.45","LST","THIS & THAT","T&T EVEREST CHS CHEW LG 3.5oz"
"","56306","","0","1","0.25","20.99","11","LST","THIS & THAT","T&T EVEREST CHS CHEW XL 5oz"
"","56328","","0","1","0","15.99","8.05","LST","THIS & THAT","T&T DG SPLIT ANTLR CHEW SM 1EA"
"","56331","","0","1","0.25","18.99","11.48","LST","THIS & THAT","T&T DG SPLIT ANTLR CHW MD 1ea"
"","56369","","0","18","0","5.29","2.6944","LST","WHIMZEES","WHMZ DG VEGGIE EAR CHW LG 1ea"
"","56372","","0","50","0","3.99","2.19","LST","WHIMZEES","WHMZ DG RICE BONE CHW 1ea"
"","56379","","0","150","0","1.99","0.7647","LST","WHIMZEES","WHMZ DG STIX CHW SM 1ea"
"","56386","","0","76","0","4.29","1.4605","LST","WHIMZEES","WHMZ DG STIX CHW MD 1ea"
"","56387","","0","40","0.25","5.29","2.775","LST","WHIMZEES","WHMZ DG STIX CHW LG 1ea"
"","56388","","30","30","0.25","9.99","5.1667","LST","WHIMZEES","WHMZ DG STIX CHW XL 1ea"
"","56407","","0","1","0.25","26.99","15","LST","WHIMZEES","WHMZ DG STIX CHW LG 7pc"
"","56617","","0","1","0","11.99","6.32","LST","TRUE CHEWS","TC DG PJC CHK TENDERS 4oz"
"","56618","","0","1","0","24.99","10.11","LST","TRUE CHEWS","TC DG PJC CHK TENDERS 12oz"
"","57057","","0","1","0","19.99","10.33","LST","NATURAL BALANCE","NB DG LIT FSH&SP BSC 14oz"
"","57433","","2","1","1","3.49","2.85","LST","TEMPTATIONS","WHISK CT TEMP CHK 6.3oz"
"","57434","","0","1","0","3.49","2.85","LST","TEMPTATIONS","WHISK CT TEMP SL 6.3oz"
"","57435","","2","1","0.75","3.49","2.85","LST","TEMPTATIONS","WHISK CT TEMP TUNA 6.3oz"
"","57436","","0","1","1","3.49","2.85","LST","TEMPTATIONS","WHISK CT TEMP SFD MDLY 6.3oz"
"","57438","","0","1","0.5","3.49","2.85","LST","TEMPTATIONS","WHISK CT TEMP BF 6.3oz"
"","57464","57454","5","1","0.25","1.99","1.42","LST","TEMPTATIONS","WHISK CT TEMP CHK 3oz"
"","57722","","0","1","0.25","52.99","34.14","LST","BENNY BULLY'S","B BUL DG LVR CHOPS 17.64oz"
"","57724","","2","1","1","14.49","6.69","LST","BENNY BULLY'S","B BUL DG LVR CHOPS 2.82oz"
"","57730","","0","1","0.25","8.39","3.57","LST","BENNY BULLY'S","B BUL DG BF LVR CHOPS 1.4oz"
"","57739","","0","1","0.25","118.99","85.19","LST","BENNY BULLY'S","B BUL DG LVR CHOPS 3.3lb"
"","57753","","0","6","0.75","34.99","16.955","LST","BENNY BULLY'S","B BUL DG LVR CHOPS SMBT 9.17oz"
"","57772","","0","1","0.75","11.49","5.5","LST","CHARLEE BEAR","CHARLEE DG CHS&EGG TRT 16OZ"
"","57774","","0","1","0","11.49","5.5","LST","CHARLEE BEAR","CHARLEE DG LVR TRT 16oz"
"","57783","","0","1","0","11.49","5.5","LST","CHARLEE BEAR","CHARLEE DG TKY LVR CRN TRT16OZ"
"","57875","","2","1","0.5","10.99","5.65","LST","CRUMPS' NATURALS","CRMP DG NAT SP FILLETS 5.6OZ"
"","57876","","0","1","0","19.99","10.65","LST","CRUMPS' NATURALS","CRMP DG NAT SP FILLETS 11.6OZ"
"","57948","","0","1","0.25","12.99","5.98","LST","BENNY BULLY'S","B BUL DG SWT POTATO 2.1oz"
"","57949","","0","1","0.5","12.99","5.98","LST","BENNY BULLY'S","B BUL DG BF LVR PMP TRT 2.1oz"
"","57997","","12","12","0","6.99","3.3508","LST","PACIFIC 21","PACFC 21 DG SL SNACKS 0.88oz"
"","58026","","0","18","0","5.99","2.4933","LST","PACIFIC 21","PACFC 21 DG SL SKIN BNS 1ea"
"","58027","","8","8","0","15.99","8.2","LST","PACIFIC 21","PACFC 21 DG SL JMBO 2.29oz"
"","58028","","0","50","1.5","3.99","1.56","LST","PACIFIC 21","PACFC 21 DG SL SKIN ROLLS 1ea"
"","58224","","1","1","0","34.99","21.68","LST","VAN NESS","VN CAT STARTER KIT 1EA"
"","58290","","0","1","0","37.99","23.61","LST","VAN NESS","VN SIFTING PAN CP5 1lg"
"","58861","","0","1","0","38.99","22","LST","KURGO","KURGO DOOR GUARD BLK 1ea"
"","58864","","0","1","0.25","19.99","10.25","LST","KURGO","KURGO SEATBELT TETHER 1ea"
"","59332","","2","1","0.25","7.99","3.63","LST","TRIPLE CROWN","TRIPLE CROWN QUICK CLICK 1EA"
"","59372","","0","1","0","24.99","13.5","LST","PETSAFE","PETSF CITRNLA SPRY RFL 70g"
"","59404","","0","1","0","18.99","11","LST","PETSAFE","PETSF 3VOLT LITH BATTERY 1ea"
"","59421","","0","1","0","12.99","4.66","LST","REMEDY+RECOVERY","R&R DG PET BOT E COLLAR 1sm"
"","59422","52073","0","1","0.25","16.99","5.96","LST","REMEDY+RECOVERY","R&R DG PET BOT E COLLAR 1md"
"","59423","52004","0","1","0","19.99","6.65","LST","REMEDY+RECOVERY","R&R DG PET BOT E COLLAR 1lg"
"","59424","52075","0","1","0","22.99","8.64","LST","REMEDY+RECOVERY","R&R DG PET BOT E COLLAR 1xl"
"","59471","","0","1","0","21.99","9.73","LST","COMPANY OF ANIMALS","COA DG PET CORRECTOR 1.58OZ"
"","59488","","0","1","0","14.99","8.5","LST","PETSAFE","PETSF 6V BATTERY MODULE 2pc"
"","59498","","0","1","0","39.99","17.66","LST","COMPANY OF ANIMALS","COA DG PET CORRECTOR 6.35OZ"
"","59951","","0","1","0","9.99","5.47","LST","JW PET","JWP DG SKID STOP SLO BOWL 1MD"
"","59952","","0","1","0","12.99","7.28","LST","JW PET","JWP DG SKID STOP SLO BOWL 1LG"
"","59998","","0","1","0.25","18.99","8.8","LST","PIONEER PET","PP CT SS&CERM FLTR 3PC"
"","63198","","0","1","0","12.99","7.56","LST","FURMINATOR","FURM CURRY BRUSH 1ea"
"","63209","","0","1","0","14.99","5.72","ROS","FURMINATOR","FURM NAIL GRINDER BAND 6pk"
"","63800","","0","1","0","55.99","27","ROS","LIXIT","LXT HP RETRACTABLE TIE OUT 1sm"
"","63874","","1","1","0","22.99","10.81","LST","GO DOG","GODG CHK FAT ROOSTER 1SM"
"","63927","","1","1","0","18.99","9.62","LST","KONG","KONG FLYER 1LG"
"","63928","","0","1","0","17.99","8.79","LST","KONG","KONG CLASSIC EXTREME 1MD"
"","63981","","1","1","0.5","51.99","36.9","LST","GREENIES","GREENIE DG DNT TRT TEENIE 36OZ"
"","63984","","0","1","0","51.99","36.9","LST","GREENIES","GREENIE DG DNTL TRT LG 36oz"
"","64221","","0","1","0.25","43.99","29.7","LST","GREENIES","GREENIE DG DNTL TRT TEEN 27OZ"
"","64222","","1","1","0","43.99","29.7","LST","GREENIES","GREENIE DG DNTL TRT PETIT 27OZ"
"","64223","","0","1","0","43.99","29.7","LST","GREENIES","GREENIE DG DNTL TRT REG 27OZ"
"","64224","","0","1","0","43.99","29.7","LST","GREENIES","GREENIE DG DNTL TRT LG 27OZ"
"","64428","","0","1","0","11.49","5.6","LST","GREENIES","GREENIES CT PP CHKN 1.6OZ"
"","64429","","2","1","0.25","13.99","6.7","LST","GREENIES","GREENIE DG PP PB CAP 7.9oz"
"","64431","","2","1","0.75","10.99","6.1","LST","GREENIES","GREENIE DG DNTL TRT TEENIE 6OZ"
"","64433","","0","1","0.25","10.99","6.1","LST","GREENIES","GREENIE DG DNTL TRT REG 6OZ"
"","64434","","0","1","0","10.99","6.1","LST","GREENIES","GREENIE DG DNTL TRT LG 6OZ"
"","64442","","0","1","0","20.99","13.15","LST","GREENIES","GREENIE DG DNTL TRT TEEN 12OZ"
"","64443","","0","1","0","20.99","13.15","LST","GREENIES","GREENIE DG DNTL TRT PETIT 12OZ"
"","64444","","1","1","0","20.99","13.15","LST","GREENIES","GREENIE DG DNTL TRT REG 12OZ"
"","64449","","1","1","0.25","13.99","6.7","LST","GREENIES","GREENIE DG HICK PP CAPS 7.9oz"
"","64451","","1","1","0.25","11.49","5.6","LST","GREENIES","GREENIES CT PP SALMON 1.6OZ"
"","64463","","2","1","0.5","13.99","6.7","LST","GREENIES","GREENIE DG PP CHK CAP 7.9oz"
"","64492","","0","1","0","28.99","16.19","LST","BENEBONE","BBONE WISHBONE BCN 1LG"
"","64504","","0","1","0.5","21.99","13.65","LST","GREENIES","GREENIE DG PP CHK VALUE 15.8OZ"
"","64751","","0","1","0","18.99","9.74","LST","MIDWEST","MW SNAPPY FIT SS BWL 20OZ"
"","64752","","0","1","0","23.99","13.51","LST","MIDWEST","MW SNAPPY FIT SS BOWL 2QT"
"","65051","65121","0","1","0","44.99","25.85","LST","ESSENTIALS","ESN PORTABLE CRATE 19IN"
"","65052","65122","0","1","0","59.99","34.99","LST","ESSENTIALS","ESN PORTABLE CRATE 24IN"
"","65053","65123","0","1","0","129.99","72.08","LST","ESSENTIALS","ESN PORTABLE CRATE 26IN"
"","65054","65124","0","1","0","159.99","92.32","LST","ESSENTIALS","ESN PORTABLE CRATE 32IN"
"","65055","65125","0","1","0","179.99","104.83","LST","ESSENTIALS","ESN PORTABLE CRATE 36IN"
"","65056","65126","0","1","0","199.99","119.93","LST","ESSENTIALS","ESN PORTABLE CRATE 40IN"
"","65061","","0","1","0","109.99","58.29","LST","ESSENTIALS","ESN SOFT CRATE 24IN"
"","65512","","0","1","0","89.99","55.3","LST","CRITTERWARE","WARE HSH CG 24X18IN"
"","65518","","0","1","0","5.99","2","LST","CRITTERWARE","WARE CRT SALT LICK 1EA"
"","66750","","0","1","0","22.99","10.55","LST","ZOO MED","ZM NCTRNL INFRD HTLMP 50W"
"","66753","","0","1","0","25.99","10.82","LST","ZOO MED","ZM NCTRNL INFRD HTLMP 75W"
"","66754","","0","1","0","29.99","13.5","LST","ZOO MED","ZM NCTRNL INFRD HTLMP 100W"
"","66772","","0","1","0","19.99","7.55","LST","ZOO MED","ZM REPTI BASK SPT LMP 75W"
"","66773","","0","1","0","22.99","8.55","LST","ZOO MED","ZM REPTI BASK SPT LMP 100W"
"","66782","","0","1","0","21.99","8.5","LST","ZOO MED","ZM NGTLT RED BLB 60W"
"","66783","","0","1","0","23.99","9.6","LST","ZOO MED","ZM NGTLT RED BLB 100W"
"","66794","","0","1","0","17.99","5.95","LST","ZOO MED","ZM DAYLT BLU BLB 60W"
"","66795","","0","1","0","17.99","6.4","LST","ZOO MED","ZM DAYLT BLU BLB 100W"
"","66820","","0","1","0","5.49","2.5","LST","MARINA","MRN BTA WST RMVR 11IN"
"","69650","","0","1","0","21.99","12.5","LST","PAWZ","PAWZ BOOT LT GREEN 1XXXS"
"","69651","","0","1","0","21.99","13","LST","PAWZ","PAWZ BOOT YLW 1XXS"
"","69652","","0","1","0","21.99","13.5","LST","PAWZ","PAWZ BOOT ORNG 1XS"
"","69653","","0","1","0","21.99","12.9","LST","PAWZ","PAWZ BOOT RED 1SM"
"","69654","","0","1","0","23.99","13.7","LST","PAWZ","PAWZ BOOT BLUE 1MD"
"","69655","","0","1","0","23.99","13.75","LST","PAWZ","PAWZ BOOT PRPL 1LG"
"","69656","","0","1","0","23.99","13.75","LST","PAWZ","PAWZ BOOT DARK GREEN 1XL"
"","70021","","0","1","0","7.99","3.4","LST","TETRA","TTR WSP BIO-BAG CRTG SM 1PK"
"","70339","","0","1","0","5.99","2.43","LST","MARINA","MRN FLTNG THRMTR 1EA"
"","70425","70508","0","1","0","4.99","1.9","LST","MARINA","MRN CLR AIRLNE TBNG 6.5FT"
"","70581","","0","1","0","9.99","4","LST","ESTES","ES AQRM GRVL SPCL BLU JEAN 5LB"
"","70585","","0","1","0","14.99","7.09","LST","TETRA","TTR WSP BIO-BAG CRTG MD 3PK"
"","70941","","0","1","0","27.99","13.21","LST","TETRA","TTR WSP BIO-BAG CRTG LG 8PK"
"","71011","","0","1","0","5.49","3","LST","MARINA","MRN DECO RCK ORN 1SM"
"","71013","","0","1","0","6.99","3","LST","MARINA","MRN DECO WOOD ORN 1SM"
"","71711","","0","1","0","9.99","4","LST","ESTES","ES AQRM GRVL SPCL WHT 5LB"
"","71725","","0","1","0","23.99","11.48","LST","TETRA","TTR WSP CRBN CRTG MD 4PK"
"","73303","","2","1","0.25","29.99","17.66","LST","COASTAL PET PRODUCTS","CST 2 HND LSH BLK 1IN6FT"
"","73305","","0","1","0","16.99","8.16","LST","LEATHER BROTHERS","LB DG LUXE CLR BLK 10IN"
"","73306","","0","1","0.25","16.99","8.16","LST","LEATHER BROTHERS","LB DG LUXE CLR BRN 10IN"
"","73311","","0","1","0","16.99","8.16","LST","LEATHER BROTHERS","LB DG LUXE CLR BLK 12IN"
"","73312","","0","1","0","16.99","8.16","LST","LEATHER BROTHERS","LB DG LUXE CLR BRN 12IN"
"","73313","","0","1","0","16.99","8.16","LST","LEATHER BROTHERS","LB DG LUXE CLR RED 12IN"
"","73317","","0","1","0","16.99","8.16","LST","LEATHER BROTHERS","LB DG LUXE CLR BLK 14IN"
"","73318","","0","1","0","16.99","8.16","LST","LEATHER BROTHERS","LB DG LUXE CLR BRN 14IN"
"","73319","","0","1","0","16.99","8.16","LST","LEATHER BROTHERS","LB DG LUXE CLR RED 14IN"
"","73331","","0","1","0","29.99","14.4","LST","LEATHER BROTHERS","LB DG LUXE CLR BLK 22IN"
"","73332","","0","1","0","29.99","14.4","LST","LEATHER BROTHERS","LB DG LUXE CLR BRN 22IN"
"","73333","","0","1","0","29.99","14.4","LST","LEATHER BROTHERS","LB DG LUXE CLR RED 22IN"
"","73337","","0","1","0","29.99","14.4","LST","LEATHER BROTHERS","LB DG LUXE CLR BLK 26IN"
"","73338","","0","1","0","29.99","14.4","LST","LEATHER BROTHERS","LB DG LUXE CLR BRN 26IN"
"","73347","","0","1","0","38.99","19.54","LST","LEATHER BROTHERS","LB DG LUXE LEASH BLK 6'x0.5"
"","73348","","0","1","0.25","38.99","19.32","LST","LEATHER BROTHERS","LB DG LUXE LEASH BRN 6'x0.5"
"","73349","","0","1","0","38.99","19.32","LST","LEATHER BROTHERS","LB DG LUXE LEASH RED 6'x0.5"
"","73354","","0","1","0","41.99","20.3","LST","LEATHER BROTHERS","LB DG LUXE LEASH BLK 6'x3/4"
"","73356","","0","1","0","41.99","20.3","LST","LEATHER BROTHERS","LB DG LUXE LEASH RED 6'x3/4"
"","73453","","0","1","0","21.99","10.56","LST","LEATHER BROTHERS","LB DG ROPE LEASH BLK 6FT"
"","73454","","0","1","0","21.99","10.56","LST","LEATHER BROTHERS","LB DG ROPE LEASH RED 6FT"
"","73564","","0","1","0","21.99","10.56","LST","LEATHER BROTHERS","LB DG LUXE CLR BLK 18IN"
"","73565","","0","1","0","21.99","10.56","LST","LEATHER BROTHERS","LB DG LUXE CLR BRN 18IN"
"","73566","","0","1","0","21.99","10.56","LST","LEATHER BROTHERS","LB DG LUXE CLR RED 18IN"
"","73572","","0","1","0","21.99","10.56","LST","LEATHER BROTHERS","LB DG ROPE LEASH BLU 6FT"
"","74287","","0","1","0","12.99","6.5","LST","MARSHALL","MRSHL WVN GRS PLY BALL 1EA"
"","74314","","0","1","0","15.99","9.59","LST","MARSHALL","MRSHL FOAM WTRLS SHMP 5OZ"
"","74318","","0","1","0","194.99","111","LST","LIVING WORLD","LW DLX HBTT 1LG 30.7X19IN"
"","74365","","0","1","0","9.99","4.55","LST","CRITTERWARE","WARE MEGA MUNCH STCK 1EA"
"","74417","","0","1","0","4.99","2.15","LST","CRITTERWARE","WARE PRETZEL STCK 1OZ"
"","74422","","0","1","0","14.99","7.5","LST","CRITTERWARE","WARE NATR BALL 3PC"
"","74424","","0","1","0","6.99","3.45","LST","CRITTERWARE","WARE MN ALFA KARROTS 3PC"
"","74432","","0","1","0","3.99","1.95","LST","CRITTERWARE","WARE LAVA STN STAR 1EA"
"","75131","45619","1","1","0","14.99","7.79","LST","ESSENTIALS","ESN DG SS FOOD SCOOP 1EA"
"","75157","","0","1","0","3.09","1.57","LST","PET VALU","PV SS HMS DSH 1EA"
"","75172","45530","2","1","0.75","9.39","4.69","LST","ESSENTIALS","ESN DG SS STANDARD BOWL 26.3OZ"
"","75173","45540","0","1","0","12.99","6.49","LST","ESSENTIALS","ESN DG SS STANDARD BOWL 52.4OZ"
"","75174","45550","0","1","0","14.99","7.49","LST","ESSENTIALS","ESN DG SS STANDARD BOWL 79.4OZ"
"","75305","","1","1","0","124.99","60.83","LST","SMARTCAT","SC ULTMT SCRATCH POST 1EA"
"","75491","","0","1","0","29.99","16.49","LST","JUMP","JMP 3 SURFACE POST 18IN"
"","76053","","0","1","0","29.99","11.43","LST","MIDWEST","MW HANDY DOODY RAKE 1EA"
"","76081","","0","1","0","44.99","20.5","LST","KURGO","KURGO ZIP LINE 1ea"
"","76085","","2","1","0.25","19.99","10.5","LST","KURGO","KURGO COLLAPS BOWL BLU 1EA"
"","76274","","0","1","0.5","31.99","16.82","LST","PETAG","KMR MILK POWDER 6OZ"
"","76794","","1","1","0","26.99","13.66","LST","KONG","KONG CLASSIC 1XL"
"","76804","","1","1","0.25","27.99","14.64","LST","KONG","KONG CLASSIC EXTREME 1XL"
"","76813","","0","1","0","10.99","5.3","LST","KONG","KONG CT CRINKLE FISH 2PC"
"","76817","","0","1","0.25","9.99","4.46","LST","KONG","KONG CT REFIL BEAVER 1EA"
"","76818","","0","1","0.25","9.99","4.46","LST","KONG","KONG CT REFIL FEATHER MOUSE1EA"
"","76828","","0","1","0","8.99","4.04","LST","KONG","KONG CT CLASSIC KITTY KONG 1EA"
"","76834","","1","1","0.25","12.99","6.5","LST","KONG","KONG CT TWISTED BOA TEASER 1EA"
"","76836","","0","1","0","7.99","3.21","LST","KONG","KONG CT ACTIVE TENNIS BALL 3PC"
"","76837","","1","1","0","12.99","6.42","LST","KONG","KONG CT CONNECTS WINDOW TSR1EA"
"","77151","","1","1","0","7.99","3.21","LST","TETRA","TTR TROP VCTN FDR 14DAY 1OZ"
"","78944","","0","1","0","36.99","22.65","LST","PETAG","ESBILAC MILK POWDER 12OZ"
"","78955","","1","1","0","29.99","14.93","LST","CRANIMALS","CRANIMALS ORIGINAL 120g"
"","78964","","0","1","0.75","16.99","7.45","LST","PETAG","PETAG NURSING KIT CARDED 2OZ"
"","79027","","150","150","0","2.29","0.8","LST","WHIMZEES","WHMZ DG BRUSHZ CHW SM 1ea"
"","79028","","0","30","0","6.99","3.0583","LST","WHIMZEES","WHMZ DG BRUSHZ CHW LG 1ea"
"","79352","","0","1","0","18.99","8.75","LST","NYLABONE","NYLA PUPPY STARTER KIT 3PC"
"","79353","","0","1","0","12.99","6.3","LST","NYLABONE","NYLA PUPPY BONE CHKN 1MD"
"","79511","","0","1","0","14.99","7.15","LST","NYLABONE","NYLA SM DG VALU PACK 3PC"
"","79607","","2","1","0.25","7.99","3.41","LST","NYLABONE","NYLA PUPPY RING BONE CHKN 1XS"
"","79751","","0","1","0","18.99","11.23","LST","NYLABONE","NYLA DG HE BF PETITE 8pc"
"","79753","","2","1","0","10.99","5.16","LST","NYLABONE","NYLA DG HE BF MD 2pc"
"","81621","","0","1","0","15.99","6.68","LST","JUMP","JMP DG MESH CLR BLK 1SM"
"","81622","","0","1","0","15.99","6.68","LST","JUMP","JMP DG MESH CLR BLU 1SM"
"","81623","","0","1","0.25","15.99","6.68","LST","JUMP","JMP DG MESH CLR RED 1SM"
"","81624","","0","1","0","15.99","6.68","LST","JUMP","JMP DG MESH CLR PNK 1SM"
"","81625","","2","1","0.5","16.99","7.06","LST","JUMP","JMP DG MESH CLR BLK 1MD"
"","81626","","0","1","0","16.99","7.06","LST","JUMP","JMP DG MESH CLR BLU 1MD"
"","81627","","0","1","0","16.99","7.06","LST","JUMP","JMP DG MESH CLR RED 1MD"
"","81628","","0","1","0","16.99","7.06","LST","JUMP","JMP DG MESH CLR PNK 1MD"
"","81629","","0","1","0.25","17.99","8.16","LST","JUMP","JMP DG MESH CLR BLK 1LG"
"","81631","","0","1","0","17.99","8.16","LST","JUMP","JMP DG MESH CLR BLU 1LG"
"","81632","","1","1","0.25","17.99","8.16","LST","JUMP","JMP DG MESH CLR RED 1LG"
"","81633","","1","1","0","17.99","8.16","LST","JUMP","JMP DG MESH CLR PNK 1LG"
"","81634","","0","1","0","19.99","9.25","LST","JUMP","JMP DG MESH CLR BLK 1XL"
"","81635","","0","1","0","19.99","9.25","LST","JUMP","JMP DG MESH CLR BLU 1XL"
"","81636","","0","1","0","19.99","9.25","LST","JUMP","JMP DG MESH CLR RED 1XL"
"","81637","","0","1","0.25","19.99","9.25","LST","JUMP","JMP DG MESH CLR PNK 1XL"
"","81643","","0","1","0","28.99","13.22","LST","JUMP","JMP DG STEP IN HRN BLK 1SM"
"","81644","","0","1","0","28.99","13.22","LST","JUMP","JMP DG STEP IN HRN BLU 1SM"
"","81645","","0","1","0.25","28.99","13.22","LST","JUMP","JMP DG STEP IN HRN RED 1SM"
"","81646","","0","1","0","28.99","13.22","LST","JUMP","JMP DG STEP IN HRN PNK 1SM"
"","81647","","0","1","0","29.99","13.22","LST","JUMP","JMP DG STEP IN HRN BLK 1MD"
"","81648","","0","1","0","29.99","13.22","LST","JUMP","JMP DG STEP IN HRN BLU 1MD"
"","81649","","0","1","0","29.99","13.22","LST","JUMP","JMP DG STEP IN HRN RED 1MD"
"","81651","","0","1","0","29.99","13.22","LST","JUMP","JMP DG STEP IN HRN PNK 1MD"
"","81652","","0","1","0","31.99","14.33","LST","JUMP","JMP DG STEP IN HRN BLK 1LG"
"","81653","","1","1","0","31.99","14.33","LST","JUMP","JMP DG STEP IN HRN BLU 1LG"
"","81654","","0","1","0","31.99","14.33","LST","JUMP","JMP DG STEP IN HRN RED 1LG"
"","81655","","0","1","0","31.99","14.33","LST","JUMP","JMP DG STEP IN HRN PNK 1LG"
"","81656","","0","1","0","33.99","14.56","LST","JUMP","JMP DG STEP IN HRN BLK 1XL"
"","81657","","1","1","0.25","33.99","14.56","LST","JUMP","JMP DG STEP IN HRN BLU 1XL"
"","81658","","0","1","0","33.99","14.56","LST","JUMP","JMP DG STEP IN HRN RED 1XL"
"","81659","","0","1","0","33.99","14.56","LST","JUMP","JMP DG STEP IN HRN PNK 1XL"
"","81661","69120","0","1","0","28.99","12.17","LST","JUMP","JMP DG AIR MESH HRN BLK 1XXS"
"","81663","88905","0","1","0","28.99","12.17","LST","JUMP","JMP DG AIR MESH HRN BLU 1XXS"
"","81664","69126","0","1","0","28.99","12.17","LST","JUMP","JMP DG AIR MESH HRN RED 1XXS"
"","81665","88901","0","1","0","28.99","12.17","LST","JUMP","JMP DG AIR MESH HRN PNK 1XXS"
"","81666","69121","0","1","0","29.99","12.69","LST","JUMP","JMP DG AIR MESH HRN BLK 1XS"
"","81667","88906","0","1","0","29.99","12.69","LST","JUMP","JMP DG AIR MESH HRN BLU 1XS"
"","81668","69127","0","1","0","29.99","12.69","LST","JUMP","JMP DG AIR MESH HRN RED 1XS"
"","81669","88902","0","1","0","29.99","12.69","LST","JUMP","JMP DG AIR MESH HRN PNK 1XS"
"","81671","69122","1","1","0","29.99","13.12","LST","JUMP","JMP DG AIR MESH HRN BLK 1SM"
"","81672","88907","0","1","0","29.99","13.12","LST","JUMP","JMP DG AIR MESH HRN BLU 1SM"
"","81673","69128","0","1","0","29.99","13.12","LST","JUMP","JMP DG AIR MESH HRN RED 1SM"
"","81674","88903","0","1","0","29.99","13.12","LST","JUMP","JMP DG AIR MESH HRN PNK 1SM"
"","81675","69125","0","1","0","30.99","13.64","LST","JUMP","JMP DG AIR MESH HRN BLK 1MD"
"","81676","88908","1","1","0.25","30.99","13.64","LST","JUMP","JMP DG AIR MESH HRN BLU 1MD"
"","81677","69129","0","1","0","30.99","13.64","LST","JUMP","JMP DG AIR MESH HRN RED 1MD"
"","81678","88904","0","1","0","30.99","13.64","LST","JUMP","JMP DG AIR MESH HRN PNK 1MD"
"","81679","73291","0","1","0","32.99","14.62","LST","JUMP","JMP DG AIR MESH HRN BLK 1LG"
"","81681","73292","0","1","0","32.99","14.62","LST","JUMP","JMP DG AIR MESH HRN BLU 1LG"
"","81682","73302","0","1","0","32.99","14.62","LST","JUMP","JMP DG AIR MESH HRN RED 1LG"
"","81683","73301","0","1","0","32.99","14.62","LST","JUMP","JMP DG AIR MESH HRN PNK 1LG"
"","81684","","0","1","0","22.99","9.28","LST","JUMP","JMP DG BUNGEE LSH GRN 1SM"
"","81685","","1","1","0","22.99","9.28","LST","JUMP","JMP DG BUNGEE LSH PNK 1SM"
"","81686","","0","1","0","22.99","9.28","LST","JUMP","JMP DG BUNGEE LSH BLK 1SM"
"","81687","","1","1","0","22.99","9.28","LST","JUMP","JMP DG BUNGEE LSH ORG 1SM"
"","81688","","0","1","0","24.99","10.26","LST","JUMP","JMP DG BUNGEE LSH GRN 1LG"
"","81689","","0","1","0","24.99","10.26","LST","JUMP","JMP DG BUNGEE LSH PNK 1LG"
"","81691","","1","1","0","24.99","10.26","LST","JUMP","JMP DG BUNGEE LSH BLK 1LG"
"","81692","","0","1","0","24.99","10.26","LST","JUMP","JMP DG BUNGEE LSH ORG 1LG"
"","81717","","0","1","0","24.99","12.5","LST","ULTRAHUND","UH PLAY COL BLU 1IN X 22IN"
"","81718","","0","1","0","24.99","12.5","LST","ULTRAHUND","UH PLAY COL RED 1IN X 22IN"
"","81754","","0","1","0","31.99","15.9","LST","ULTRAHUND","UH BOSS LSH BLU 3/4IN 6FT"
"","81755","","0","1","0","31.99","15.9","LST","ULTRAHUND","UH BOSS LSH RED 3/4IN 6FT"
"","81756","","0","1","0","31.99","15.9","LST","ULTRAHUND","UH BOSS LSH PNK 3/4IN 6FT"
"","81761","","0","1","0.25","28.99","14.8","LST","ULTRAHUND","UH BOSS LSH BLU 5/8IN 6FT"
"","81763","","0","1","0","28.99","14.8","LST","ULTRAHUND","UH BOSS LSH RED 5/8IN 6FT"
"","81764","","0","1","0","28.99","14.8","LST","ULTRAHUND","UH BOSS LSH PINK 5/8IN 6FT"
"","81766","","0","1","0","22.99","11.71","LST","ULTRAHUND","UH DG PLAY COL ORG 12IN"
"","81768","","0","1","0","22.99","11.71","LST","ULTRAHUND","UH PLAY COL ORG 3/4X14IN"
"","81769","","0","1","0","24.99","13.3","LST","ULTRAHUND","UH PLAY COL PNK 1IN X 18IN"
"","81771","","0","1","0","24.99","13.3","LST","ULTRAHUND","UH PLAY COL ORG 1IN X 18IN"
"","81772","","0","1","0","24.99","13.3","LST","ULTRAHUND","UH PLAY COL PNK 1IN X 20IN"
"","81774","","0","1","0","24.99","13.3","LST","ULTRAHUND","UH PLAY COL PNK 1IN X 22IN"
"","81775","","0","1","0.25","24.99","13.3","LST","ULTRAHUND","UH PLAY COL ORG 1IN X 22IN"
"","81782","","1","1","0","23.99","10.46","LST","JUMP","JMP DG MESH LSH BLK 6FT"
"","81783","","1","1","0","23.99","10.46","LST","JUMP","JMP DG MESH LSH RED 6FT"
"","81784","","0","1","0","23.99","10.46","LST","JUMP","JMP DG MESH LSH PNK 6FT"
"","81785","","0","1","0","23.99","10.46","LST","JUMP","JMP DG MESH LSH BLU 6FT"
"","84073","","0","1","0","36.99","18.5","LST","PETSAFE","PETSF DG EZ WALK HRN 1SM"
"","84074","","0","1","0","36.99","18.5","LST","PETSAFE","PETSF DG EZ WALK HRN 1MD"
"","84075","","0","1","0","36.99","18.5","LST","PETSAFE","PETSF DG EZ WALK HRN 1LG"
"","84076","","0","1","0","36.99","18.5","LST","PETSAFE","PETSF DG EZ WALK HRN 1XL"
"","84140","75292","0","1","0","20.99","11.87","LST","FLEXI","FLEXI DG CLSC CORD RED XS 10FT"
"","84141","","0","1","0","20.99","11.87","LST","FLEXI","FLEXI DG CLSC CORD BLU XS 10FT"
"","84147","","0","1","0","20.99","11.87","LST","FLEXI","FLEXI DG CLSC CORD BLK XS 10FT"
"","84148","47140","0","1","0","22.99","12.45","LST","FLEXI","FLEXI DG CLSC CORD RED SM 16FT"
"","84149","47150","0","1","0","22.99","12.45","LST","FLEXI","FLEXI DG CLSC CORD BLU SM 16FT"
"","84157","47180","0","1","0","26.99","14.76","LST","FLEXI","FLEXI DG CLSC CORD RED MD 16FT"
"","84158","47190","0","1","0","26.99","14.76","LST","FLEXI","FLEXI DG CLSC CORD BLU MD 16FT"
"","84159","47200","0","1","0","26.99","14.76","LST","FLEXI","FLEXI DG CLSC CORD BLK MD 16FT"
"","84171","47182","0","1","0","41.99","20.55","LST","FLEXI","FLEXI DG CLSC CORD RED MD 26FT"
"","84177","47183","0","1","0","41.99","20.55","LST","FLEXI","FLEXI DG CLSC CORD BLU MD 26FT"
"","84178","47184","1","1","0.25","41.99","20.55","LST","FLEXI","FLEXI DG CLSC CORD BLK MD 26FT"
"","84179","47112","0","1","0","31.99","18.05","LST","FLEXI","FLEXI DG CLSC TAPE RED SM 16FT"
"","89541","","0","1","0","8.99","5.08","LST","OUTWARD HOUND","OH INVCBL MINI DUCK 1EA"
"","89542","","0","1","0","8.99","5.08","LST","OUTWARD HOUND","OH INVCBL MINI PIG 1EA"
"","89995","","1","1","0.25","21.99","10.65","LST","OUTWARD HOUND","OH DG SLO BOWL PRP 1SM"
"","89996","","2","1","0","21.99","10.65","LST","OUTWARD HOUND","OH DG SLO BOWL TEAL 1SM"
"","90959","","1","1","0","21.99","10.13","LST","NYLABONE","NYLA PUPPY TEETH PACIFIER 1EA"
"","92164","","0","1","0","24.99","12.99","LST","OUTWARD HOUND","OH DG SLO BOWL PRP 1LG"
"","92165","","0","1","0","24.99","12.99","LST","OUTWARD HOUND","OH DG SLO BOWL TEAL 1LG"
"","9503791","","0","1","0","7.99","2.8","LST","ESSENTIALS","ESN COMP WTR COND 4OZ"
"","9503792","","0","1","0","11.99","4.2","LST","ESSENTIALS","ESN COMP WTR COND 8OZ"
"","9503797","","1","1","0.25","9.99","3.5","LST","ESSENTIALS","ESN BIO BOOST 4OZ"
"","9504885","","0","1","0","11.99","5.67","LST","PETMATE","PM FRESH FLOW FLTR 2PC"
"","95086","","0","25","0","7.39","3.1196","LST","OPEN RANGE","OPN RNG DG BF CHMPR BRAID 6in"
"","95089","","0","50","0.5","3.29","1.4718","LST","OPEN RANGE","OPN RNG DG BF CHOMPER STCK 6in"
"","95093","","0","25","0","13.99","6.6284","LST","OPEN RANGE","OPN RNG DG BF CHMPR BRAID 12in"
"","95094","","0","30","0","11.99","5.572","OOS","OPEN RANGE","OPN RNG DG MBONE 6in"
"","95095","","0","20","0","13.99","6.5875","LST","OPEN RANGE","OPN RNG DG MBONE 3in 3pc"
"","1000376","","0","1","0","17.99","9.79","LST","PERFORMATRIN NATURALS","PERF NTRL DG GF CHK SMBR AD4LB"
"","1000384","","0","1","0","42.99","24.92","LST","PERFORMATRIN NATURALS","PERF NTRL DG GF CHK AD 12LB"
"","1000387","","0","1","0","42.99","24.92","LST","PERFORMATRIN NATURALS","PERF NTRL DG GF CK SMBR AD12LB"
"","1000431","","0","1","0","1.49","0.05","LST","PERFORMATRIN NATURALS","PERF NTRL DG GF CHK AD SMP 4OZ"
"","1000432","","0","1","0","1.49","0.05","LST","PERFORMATRIN NATURALS","PERF NTRL DG GF CHK SBADSMP4OZ"
"","1000433","","0","1","0","1.49","0.05","LST","PERFORMATRIN NATURALS","PERF NTRL DG GF SLM AD SMP 4OZ"
"","1050675","26606","0","1","0","37.99","25.62","LST","GO! SOLUTIONS","GO! DG SENS LID GF VEN 3.5LB"
"","10878","","0","24","0","3.49","2.5196","LST","BLUE BUFFALO","BLU CT AD WILD FLK CK&TT5.5OZ"
"","10879","","0","24","0","3.49","2.5196","LST","BLUE BUFFALO","BLU CT AD WILD FLK CK&TK5.5OZ"
"","1100005","","0","150","0.75","2.29","0.8","LST","WHIMZEES","WHMZ DG VEGGIE SAU SM 1ea"
"","1100007","","0","30","0.5","9.99","5.2583","LST","WHIMZEES","WHMZ DG VEGGIE SAU XL 1ea"
"","1100046","","0","1","0","73.99","47.8","LST","LIFETIME","LT DG GF CHK 25LB"
"","1100065","","0","1","0","120.99","86.5","LST","HILL'S SCIENCE DIET","SD CT AD SS&S 15.5LB"
"","1100066","","0","1","0","76.99","49.8","LST","HILL'S SCIENCE DIET","SD CT AD PRFCT WGT 7LB"
"","1100070","","0","12","1.75","5.79","3.6975","OOS","HILL'S SCIENCE DIET","SD DG AD SS&S 12.8OZ"
"","1100073","","0","12","0","5.79","3.6975","LST","HILL'S SCIENCE DIET","SD DG AD PRFCT WGT CHK 12.5OZ"
"","1100082","29923","0","1","0","13.99","8","LST","WELLNESS","WEL DG GF LMB&SL 6oz"
"","1100084","29922","0","1","0","13.99","8","LST","WELLNESS","WEL DG GF TK&DK 6oz"
"","1100118","","0","1","0","68.99","47.15","LST","STELLA & CHEWY'S","S&C DG FD BF MXER 18OZ"
"","1100121","","0","1","0","61.99","41.89","LST","STELLA & CHEWY'S","S&C DG FD CHK MXER 18OZ"
"","1100127","","0","1","0","64.99","44.3","LST","STELLA & CHEWY'S","S&C DG FD TKY MXER 18OZ"
"","1100281","11598","0","1","0","123.99","90.19","LST","HILL'S SCIENCE DIET","SD DG AD LB RECIPE 35LB"
"","1100283","11595","0","1","0","123.99","90.19","LST","HILL'S SCIENCE DIET","SD DG AD CHK BAR 35LB"
"","1100324","","0","1","0","33.99","22.79","LST","OPEN FARM","OPFM CT GF TKY&CHK 4LB"
"","1100325","","0","1","0","35.99","24.18","LST","OPEN FARM","OPFM CT GF WHTFSH 4LB"
"","1100425","","0","1","0","19.99","13.44","ROS","PRIMAL","PRIML DG PRK FRMLA 5.5OZ"
"","1100428","","0","1","0","25.99","17.48","ROS","PRIMAL","PRIML DG VEN FRMLA 5.5OZ"
"","1100509","","0","1","0","17.99","9.05","LST","PUREBITES","PB DG CHK JRKY 5.5OZ"
"","1100511","","0","1","0","51.99","32.6","LST","PUREBITES","PB DG CHK JRKY 21.1OZ"
"","1100580","","0","24","0.25","3.19","1.85","LST","ROYAL CANIN","RCBHN DG YORKIE AD 3OZ"
"","1100581","","0","24","0","3.19","1.85","LST","ROYAL CANIN","RCBHN DG CHIHUAHUA AD 3OZ"
"","1100683","","0","25","0.25","10.99","5.08","LST","OPEN RANGE","OPN RNG DG BF TRACHEA LG 12in"
"","1100684","","0","45","0.25","5.29","2.4444","LST","OPEN RANGE","OPN RNG DG BF TRACHEA MD 6in"
"","1100786","","0","1","0.25","19.99","10.2","LST","CRUMPS' NATURALS","CRMP DG SP FRIES 9.9oz"
"","1100834","","0","1","0","65.99","44.59","LST","STELLA & CHEWY'S","S&C CT FD CHK 18OZ"
"","1100837","","0","1","0","65.99","46.45","LST","STELLA & CHEWY'S","S&C CT FD DUCK&GSE 18OZ"
"","1100874","64269","0","1","0","13.99","7.29","LST","GET NAKED","GT NKD DG JH DNT CHEW SM 6.2oz"
"","1100879","64238","0","1","0","13.99","7.29","LST","GET NAKED","GT NKD DG WGT MNGMNT SM 6.2oz"
"","1100908","","0","1","0","5.29","3.08","OOS","FRUITABLES","FRTBL CT WLD NAT TUNA 2.5oz"
"","1101010","","0","1","0","146.99","94.59","LST","STELLA & CHEWY'S","S&C DG RW CTD BF 22LB"
"","1101029","28483","0","1","0","72.99","45.53","LST","ROYAL CANIN","RCFHN CT WGT CARE AD 6LB"
"","1101132","","0","1","0","83.99","51.45","LST","DIAMOND CARE","DC DG SENS SKIN 25LB"
"","1101133","","0","1","0","32.99","21.04","LST","DIAMOND CARE","DC DG SENS SKIN 8LB"
"","1101134","","0","1","0","93.99","57.69","LST","DIAMOND CARE","DC DG SENS STMCH 25LB"
"","1101135","","0","1","0","37.99","24.15","LST","DIAMOND CARE","DC DG SENS STMCH 8LB"
"","1101136","","0","1","0","85.99","53.01","LST","DIAMOND CARE","DC DG WGT MNGMNT 25LB"
"","1101137","","0","1","0","32.99","21.04","LST","DIAMOND CARE","DC DG WGT MNGMNT 8LB"
"","1101426","","0","1","0","12.99","5.76","LST","BLUE BUFFALO","BLU DG AD WILD DK BSC 10oz"
"","1101427","","0","1","0","12.99","5.76","LST","BLUE BUFFALO","BLU DG AD WILD SL BSC 10oz"
"","1101454","","0","100","0","3.69","1.7638","LST","REDBARN","RB DG COW EARS 1ea"
"","1101500","","0","1","0","31.99","14.7","OOS","SMARTBONES","SBONE DG PB CHWS MINI 24pc"
"","1101503","","0","1","0","24.99","12.13","OOS","SMARTBONES","SBONE DG PB CHWS LG 3pc"
"","1101671","","0","12","0","5.99","3.9667","LST","NATURAL BALANCE","NB DG LID VEN&SP 13oz"
"","1101749","","0","1","0","25.99","17.48","ROS","PRIMAL","PRIML DG RBT FRMLA 5.5OZ"
"","1101752","","0","1","0","63.99","43.07","ROS","PRIMAL","PRIML DG RBT FRMLA 14OZ"
"","1101754","","0","1","0","64.99","44.19","LST","PRIMAL","PRIML CT RBT FRMLA 14OZ"
"","1102408","","0","1","0","44.99","28.37","LST","STELLA & CHEWY'S","S&C DG RW BLND FREE RNG 3.5LB"
"","1102409","","0","1","0","159.99","103.37","LST","STELLA & CHEWY'S","S&C DG RW BLND FREE RNG 22LB"
"","1102517","","0","1","0","134.99","73.07","LST","PERFORMATRIN ULTRA","PERF ULT DG BSC SMPLE20LB"
"","1102626","14701","0","1","0","20.49","12.61","LST","LIFETIME","LT DG CHK&OAT 5LB"
"","1102628","14702","0","1","0.25","20.49","13.44","LST","LIFETIME","LT DG FSH&OAT 5LB"
"","1102630","14703","0","1","0","20.49","13.37","LST","LIFETIME","LT DG LMB&OAT 5LB"
"","1102631","14523","0","1","0","62.99","44.5","LST","LIFETIME","LT DG PERFORMANCE 25LB"
"","1102991","25423","0","1","0","54.99","37.09","LST","GO! SOLUTIONS","GO! DG S&C WG CHK 12LB"
"","1102999","11249","0","1","0","63.99","43.16","LST","GO! SOLUTIONS","GO! DG S&C WG LMB 12LB"
"","1103005","1102213","0","1","0","1.49","0.05","LST","GO! SOLUTIONS","GO! CT S&C CHK SMP"
"","1103134","19010","0","1","0","65.99","44.51","LST","GO! SOLUTIONS","GO! SNR CNV GF CK TK&DK 12LB"
"","1103136","","0","1","0","1.49","0.05","LST","GO! SOLUTIONS","GO! CT CNV GF CHK TKY&DK SMP"
"","1103423","","12","12","0","2.79","1.7833","ROS","WERUVA","WER CT WHTA CROCKSTW 3OZ PCH"
"","1103427","","0","12","0","2.99","1.8233","LST","WERUVA","WER CT LOV CONNCT 2.8OZ PCH"
"","1103428","","12","12","0","2.99","1.8233","LST","WERUVA","WER CT LTS MKE ML 2.8OZ PCH"
"","1103429","","0","12","0","2.99","1.8233","LST","WERUVA","WER CT NEWLY FEDS 2.8OZ PCH"
"","1103430","","0","12","0","2.99","1.8233","LST","WERUVA","WER CT MLOF FRTNE 2.8OZ PCH"
"","1103431","","0","12","0","2.99","1.8233","LST","WERUVA","WER CT SLCIS RGHT 2.8OZ PCH"
"","1103432","","0","12","0","2.99","1.8233","LST","WERUVA","WER CT FAMILY FD 2.8OZ PCH"
"","1103434","","0","12","0","2.99","1.7833","LST","WERUVA","WER CT CITK THE BRKFST 3OZ PCH"
"","1103435","","0","12","0","2.99","1.7833","LST","WERUVA","WER CT CITK MWIS BULER 3OZ PCH"
"","1103436","","0","12","0","2.99","1.7833","LST","WERUVA","WER CT CITK TIM FRDMNT 3OZ PCH"
"","1103437","","0","12","0","2.99","1.7833","LST","WERUVA","WER CT CITK KRTE KITY 3OZ PCH"
"","1103438","","12","12","0","2.99","1.7833","LST","WERUVA","WER CT CITK CATYSHCK 3OZ PCH"
"","1103486","","0","1","0","90.99","61.69","LST","ORIJEN","ORIJEN CT RGNL RED 12LB"
"","1103487","","0","1","0.25","40.99","26.98","LST","ORIJEN","ORIJEN CT FIT&TRIM 4LB"
"","11035","14506","0","1","0","31.99","21.87","LST","MERRICK","MRK DG GF CK&SP 4LB"
"","1103511","","0","1","0.25","61.99","42.06","LST","ACANA","ACANA DG SNR 13.2LB"
"","1103515","","0","1","0","95.99","67.96","LST","ACANA","ACANA DG SPORT 25LB"
"","1103524","","0","1","0","73.99","53.09","LST","ACANA","ACANA DG CLS PR POL 21.3LB"
"","1103530","","0","1","0.5","115.99","83.24","LST","ACANA","ACANA DG CLS WILD COAST 31.9LB"
"","1103531","","0","1","0.25","25.99","17.37","LST","ACANA","ACANA DG CLS WILD COAST 4.4LB"
"","1103535","","3","1","1.25","105.99","76.09","LST","ACANA","ACANA DG CLS RED 31.9LB"
"","1103536","","2","1","0.25","25.99","17.35","LST","ACANA","ACANA DG CLS RED 4.4LB"
"","1104015","11058","0","1","0.25","109.99","85.15","LST","MERRICK","MRK GF DG CK&SP 22LB"
"","1104018","11239","0","1","0","109.99","88.69","LST","MERRICK","MRK GF DG BF&SP 22LB"
"","1104264","","0","1","0","102.99","67.52","LST","TASTE OF THE WILD","TOTW DG ANCNT PRAIR BI&VN 28LB"
"","1104268","","0","1","0","102.99","67.52","LST","TASTE OF THE WILD","TOTW DG ANCNT STRM SL 28LB"
"","11187","24745","0","1","0","108.99","79.9","OOS","PURINA PRO PLAN","PPLN DG SPEC LB CK&R AD 34LB"
"","11237","","0","1","0","31.99","23.82","LST","MERRICK","MRK DG GF BF&SP 4LB"
"","11265","","0","1","0","10.99","8.79","ROS","PURINA","PUR DG CHOW PUP 4.41lb"
"","11329","","0","1","0","12.99","7.51","LST","OLD MOTHER HUBBARD","OMH DG MS CRUNCHY H&J 20oz"
"","11401","","0","1","0","116.99","79.91","ROS","THE HONEST KITCHEN","HK DG WG TKY 10LB"
"","11402","","0","1","0","58.99","41.9","LST","THE HONEST KITCHEN","HK DG WG TKY 4LB"
"","11405","","0","1","0","47.99","34.42","LST","THE HONEST KITCHEN","HK DG GF FRUIT & VEG 3LB"
"","11471","","0","1","0","19.99","10.33","LST","NATURAL BALANCE","NB DG LIT CHK&SP 14oz"
"","11479","","0","1","0","19.99","10.33","LST","NATURAL BALANCE","NB DG LIT VEN&SP 14oz"
"","11495","","0","1","0","12.99","4.8","LST","NATURAL BALANCE","NB DG SMBR LIT POT&DK 8OZ"
"","11507","","0","1","0.25","19.99","13.42","ROS","DIAMOND NATURALS","DN DG GF BF&SP 5LB"
"","11508","","0","1","0","47.99","31.84","OOS","DIAMOND NATURALS","DN DG GF BF&SP 14LB"
"","1150996","","1","1","0.75","39.99","25.51","LST","ROYAL CANIN","RCCCN DG FUSSY SM 3.5LB"
"","11518","","0","1","0","47.99","31.84","LST","DIAMOND NATURALS","DN DG GF WHT FSH SP 14LB"
"","1152883","28302","0","1","0","55.99","40.7","LST","PURINA PRO PLAN","PPLN CT SS&S LMB&R 7LB "
"","1152893","","0","1","0","74.99","55.72","ROS","BLUE BUFFALO","BLU DG AD LB LPF HW CHK 26LB"
"","1152899","26547","0","1","0","74.99","55.72","LST","BLUE BUFFALO","BLU PUP LG BRD LPF CK&BR 26LB"
"","1152901","25531","0","1","0","74.99","53.3","LST","BLUE BUFFALO","BLU PUP LPF CK&BR 26LB"
"","1153720","","0","12","0.5","2.59","1.5992","LST","B.F.F.","BFF CT CK DNR GV 3OZ PCH"
"","1153723","","0","12","1.25","2.49","1.4542","LST","B.F.F.","BFF CT CK&SHP DNR GV 3OZ PCH"
"","1153724","","0","12","1.25","2.49","1.4542","LST","B.F.F.","BFF CT CK&TN DNR GV 3OZ PCH"
"","1153725","","0","12","2","2.49","1.4542","LST","B.F.F.","BFF CT CKTK&SLM GV 3OZ PCH"
"","1153726","","12","12","1.25","2.49","1.4542","LST","B.F.F.","BFF CT DK&SLM DNR GV 3OZ PCH"
"","1153727","","0","12","1","2.49","1.4542","LST","B.F.F.","BFF CT BF&CK DNR GV 3OZ PCH"
"","11635","11681","0","1","0","123.99","90.19","LST","HILL'S SCIENCE DIET","SD DG AD CHK&R BAR 7PLUS 33LB"
"","11884","17384","0","1","0","116.99","83.11","LST","HILL'S SCIENCE DIET","SD CT AD LIGHT 16LB"
"","11885","17382","0","1","0.25","116.99","83.11","LST","HILL'S SCIENCE DIET","SD CT AD 16LB"
"","11896","","0","1","0","5.19","2.46","LST","WELLNESS","WEL CT KITTLES CK&CR 2oz"
"","12592","","0","1","0.75","14.49","8.55","LST","ODOUR BUSTER","ODOURBUSTER LITTER 13.2lb"
"","12865","","0","1","0","44.99","31.05","LST","DR. ELSEY'S","DR ELSEY CT ATTRACT LTR 40lbs"
"","13210","","0","1","0","29.99","24.58","LST","PURINA","PUR DG CHOW 17.64LB"
"","13444","","0","1","0","32.99","19.08","LST","ROYAL CANIN","RCSHN DG PUP XS 3LB"
"","13469","13459","0","1","0","88.99","56.38","LST","ROYAL CANIN","RCBHN DG CHIHUAHUA AD 10LB"
"","13486","26100","0","1","0","128.99","82.27","LST","ROYAL CANIN","RCBHN DG BULLDOG AD 30LB"
"","13619","26860","0","1","0.25","74.99","59.78","LST","PURINA PRO PLAN","PPLN DG SPEC WMGT AD 18LB"
"","13912","","0","1","0","91.99","63.99","LST","HILL'S SCIENCE DIET","SD DG AD ORAL CARE 15LB"
"","13958","13892","0","1","0","83.99","59.21","LST","HILL'S SCIENCE DIET","SD DG PUP CK&BR 15.5LB"
"","14434","","0","1","0.25","88.99","56.38","LST","ROYAL CANIN","RCBHN DG DASCHND AD 10LB"
"","14464","","0","1","0","37.99","22.76","LST","ROYAL CANIN","RCBHN DG YORKIE AD 2.5LB"
"","14532","","0","1","0","88.99","56.38","LST","ROYAL CANIN","RCBHN DG SCHNAUZER AD 10LB"
"","1500237","","0","1","0","64.99","36.8","LST","POOCH PAD","PCHPD INDOOR TURF PAD 1ea"
"","1500238","","0","1","0","29.99","16.9","LST","POOCH PAD","PCHPD INDOOR REPL GRASS 1ea"
"","1500250","31633","0","1","0","29.99","12.16","LST","TROPICAN","HARI TRPCN LFTM CKTL GRAN 4LB"
"","1500251","31634","0","1","0","29.99","12.16","LST","TROPICAN","HARI TRPCN LFTM PRT GRAN 4LB"
"","1500258","","0","1","0","29.99","17","LST","TROPICAN","HARI TRPMX SM PRT 4LB"
"","1500468","","0","1","0.25","25.99","16.37","LST","WEST PAW","WEST PAW TOPPL 1SM"
"","1500469","","0","1","0","32.99","20.38","LST","WEST PAW","WEST PAW TOPPL 1LG"
"","1500526","","0","1","0","34.99","16.53","LST","SMARTCAT","SC ULTMT LITTR MT 36x24in"
"","1500803","","0","1","0","7.99","3.75","LST","FLUKERS","FLK CRCKT QCHR 16OZ"
"","1500804","","0","1","0","16.99","8.75","LST","FLUKERS","FLK CRCKT ORG CUB DIET 12OZ"
"","1500806","","0","1","0","18.99","9.55","LST","FLUKERS","FLK FD CRCKT 1.2OZ"
"","1500810","","0","1","0","9.99","4.75","LST","FLUKERS","FLK REPTA RNSE EYE RNSE 2OZ"
"","1500860","","0","1","0","44.99","22.5","LST","ZILLA","ZL HOOD CVR SLID 36X18IN"
"","1501042","","1","1","0","18.99","7.36","LST","OXBOW","OXB ESN CHNCHL FOOD 3LB"
"","1501045","6233568","0","1","0","79.99","36.87","LST","ESSENTIALS","ESN CRATE DOUBLE DOOR 24IN"
"","1501046","","0","1","0","94.99","51.6","LST","ESSENTIALS","ESN CRATE DOUBLE DOOR 30IN"
"","1501047","","1","1","0","129.99","77.07","LST","ESSENTIALS","ESN CRATE DOUBLE DOOR 36IN"
"","1501048","76352","0","1","0","169.99","94.18","LST","ESSENTIALS","ESN CRATE DOUBLE DOOR 42IN"
"","1501050","","0","1","0.25","69.99","35.46","LST","ESSENTIALS","ESN CRATE SINGLE DOOR 24IN"
"","1501052","6233565","0","1","0","109.99","65.74","LST","ESSENTIALS","ESN CRATE SINGLE DOOR 36IN"
"","1501053","","0","1","0","139.99","75.59","LST","ESSENTIALS","ESN CRATE SINGLE DOOR 42IN"
"","1501375","","0","1","0.5","27.99","15.29","LST","KONG","KONG JUMBLER BALL 1LG"
"","1501386","","0","1","0.25","13.99","6.65","LST","KONG","KONG EASY TREAT BCN&CHS 8OZ"
"","1502664","","0","1","0.25","21.99","8","LST","EXO TERRA","ET REP CAVE 1MD"
"","1502666","","0","1","0","39.99","17","LST","EXO TERRA","ET REP CAVE 1XL"
"","1502667","","0","1","0","64.99","27.5","LST","EXO TERRA","ET REP CAVE 1XXL"
"","1502987","","0","1","0","415.99","249.35","INOT","PAWSCOUT","PAWSCOUT SMRT TAG DIS 20PC 1EA"
"","1503252","","0","1","0","53.99","42","LST","WORLD'S BEST","WBCL MC LVNDR CLMP 28LB"
"","1503464","","0","1","0","7.99","4.59","LST","YEOWWW!","YEOWWW! BUTTERFLY PRPL 1EA"
"","1503466","","0","1","0","7.99","4.31","LST","YEOWWW!","YEOWWW! CHUBBY MOUSE 1EA"
"","1504021","","0","1","0","363.99","249.47","OOS","ESSENTIALS","ESN PORTABLE CRATE 48IN"
"","1504668","","0","1","0","54.99","31.17","LST","FURMINATOR","FURM SH LG DOG 1ea"
"","1504670","","0","1","0","49.99","29.43","OOS","FURMINATOR","FURM SH SM DOG 1ea"
"","1504671","","0","1","0","51.99","31.29","OOS","FURMINATOR","FURM SH MD&LG CAT 1ea"
"","1504672","","0","1","0","49.99","30.23","LST","FURMINATOR","FURM SH SM CAT 1ea"
"","1504677","","0","1","0","51.99","31.29","LST","FURMINATOR","FURM LH MD&LG CAT 1ea"
"","1504781","1500525","0","1","0","41.99","19.42","LST","HEAD TO TAIL","HT SCOOT STOP DOG 60pc"
"","1504928","","0","1","0","11.99","6","LST","HEALTH DIET","HD CKTL SEED 2.2LB"
"","1504930","","0","1","0","11.99","6","LST","HEALTH DIET","HD C&F SEED 2.2LB"
"","1504971","","0","1","0","2","1.54","LST","BRING YOUR OWN BAG","BYOB PET VALU BAG 1EA"
"","1505347","","0","1","0","26.99","11.54","LST","HUGGLEHOUNDS","HH FLEECE BALL 1LG"
"","1505375","","0","1","0","39.99","20","LST","WORLD WIDE","WW SBSTRT LAKE GEMS 20LB"
"","15055","","0","1","0","29.99","18.29","OOS","TASTE OF THE WILD","TOTW PUP HI PR BSN&VEN 5lb"
"","1505512","51655","0","1","0","15.99","5.75","LST","VERSELE-LAGA","VL NATR CHNCHL FOOD 1.5LB"
"","15057","","0","1","0","29.99","18.29","LST","TASTE OF THE WILD","TOTW PUP PACFC STRM SL 5lb"
"","1505769","48404","0","1","0","9.99","3.8","LST","ESSENTIALS","ESN TIEOUT SPRL STKE 18IN"
"","1505790","48530","2","1","0","29.99","11.4","LST","ESSENTIALS","ESN TIEOUT MD STK/COMBO 20FT"
"","1505898","","0","4","0","14.99","7.495","LST","SAVIC","SV SPUTNIK HSE XL 11IN"
"","1505977","","0","1","0","29.99","16.39","LST","KONG","KONG HPOD LAUNCH 1EA"
"","1505978","","0","1","0","11.99","6.94","LST","KONG","KONG HPOD LAUNCH RFILL1EA"
"","1506860","","0","1","0","37.99","18.62","OOS","MESSY MUTTS","MM DG SS TRV H2O BTL BLU 24OZ"
"","1506861","","0","1","0","37.99","18.62","OOS","MESSY MUTTS","MM DG SS TRV H2O BTL GRY 24OZ"
"","1506926","","0","1","0","10.99","5.82","LST","ENVIRO FRESH","ENVIRO CHEW PREVENT"
"","1506971","","0","1","0","15.99","8.56","LST","ESSENTIALS","ESN CRATE DIVDR PANEL 24IN"
"","1506972","","0","1","0","16.99","9.14","LST","ESSENTIALS","ESN CRATE DIVDR PANEL 30IN"
"","1506973","","0","1","0","18.99","10.27","OOS","ESSENTIALS","ESN CRATE DIVDR PANEL 36IN"
"","1506974","","0","1","0","29.99","17.14","LST","ESSENTIALS","ESN CRATE DIVDR PANEL 42IN"
"","1506975","","0","1","0","36.99","19.99","LST","ESSENTIALS","ESN CRATE DIVDR PANEL 48IN"
"","1506976","","0","1","0","26.99","12.99","LST","ESSENTIALS","ESN CRATE RPLCMNT PAN 24IN"
"","1506977","","0","1","0","32.99","17.34","LST","ESSENTIALS","ESN CRATE RPLCMNT PAN 30IN"
"","1506978","","0","1","0","43.99","23.28","LST","ESSENTIALS","ESN CRATE RPLCMNT PAN 36IN"
"","1506979","","0","1","0","54.99","26.79","LST","ESSENTIALS","ESN CRATE RPLCMNT PAN 42IN"
"","1506980","","0","1","0","69.99","34.38","LST","ESSENTIALS","ESN CRATE RPLCMNT PAN 48IN"
"","1507018","","0","1","0.25","15.99","8","LST","PENN-PLAX","PP CS CRTG MN 3PK"
"","1507186","1503601","0","24","0","1.69","0.6417","LST","ESSENTIALS","ESN POOPBG SC ROLL 15CNT"
"","1507187","1500701","0","1","0.25","4.99","2.34","LST","ESSENTIALS","ESN POOPBG SC ROLL 60PC"
"","1507189","1500703","2","1","0.25","8.49","3.7","LST","ESSENTIALS","ESN POOPBG SC ROLL 120PC"
"","1507191","1500707","0","1","0.25","15.99","7.6","LST","ESSENTIALS","ESN POOPBG SC BOX 300PC"
"","1507192","1500706","0","1","0","15.99","7.6","LST","ESSENTIALS","ESN POOPBG UNSC BOX 300pc"
"","1507193","1500705","0","1","0","8.99","3.95","LST","ESSENTIALS","ESN POOPBG SC HAND 120PC"
"","1507194","1500704","0","1","0","8.99","3.95","LST","ESSENTIALS","ESN POOPBG UNSC HAND120PC"
"","1507204","","0","1","0","32.99","18.67","LST","EXO TERRA","ET CRNR WTR DSH 1LG"
"","1507206","","0","1","0","23.99","10.21","LST","EXO TERRA","ET FREST BRNCH 1MD"
"","1507210","","0","1","0","12.99","6","LST","EXO TERRA","ET WTR DSH 1SM"
"","1507234","","0","1","0","13.99","6.8","LST","PET ZONE","PT ZN BRDMBSTR INDULGE ORG 1SM"
"","1507236","","1","1","0","21.99","10.71","LST","PET ZONE","PT ZN BRDMBSTR INDULGE ORG 1LG"
"","1507738","","0","1","0","49.99","26.69","LST","OXBOW","OXB ENLF PLY TBL 1EA"
"","1507741","","1","1","0","7.99","3.47","LST","OXBOW","OXB ENLF COL PLY DANG 1EA"
"","1507744","","1","1","0","24.99","15.15","LST","OXBOW","OXB ENLF PLY WALL 1SM"
"","1510158","","0","1","0","44.99","22.94","OOS","ZEN PET","ZEN PET ORTHOWRPS ELBOW 1xl"
"","1510160","","0","1","0","33.99","17.41","LST","ZEN PET","ZEN PET ORTHOWRPS HOCK 1md"
"","1510161","","0","1","0","33.99","17.41","LST","ZEN PET","ZEN PET ORTHOWRPS HOCK 1lg"
"","1510162","","0","1","0","21.99","11.12","LST","ZEN PET","ZEN PET ORTHOWRPS LIGAMENT 1sm"
"","1510163","","0","1","0","25.99","13.12","LST","ZEN PET","ZEN PET ORTHOWRPS LIGAMENT 1md"
"","1510164","","0","1","0","25.99","13.12","LST","ZEN PET","ZEN PET ORTHOWRPS LIGAMENT 1lg"
"","1510243","","0","1","0","26.99","14.75","LST","NITE IZE","NITE DG HOWL CLR DISCO 1EA"
"","15307","15483","0","1","0.25","38.99","24.65","OOS","HILL'S SCIENCE DIET","SD DG PUP SMBT CK 4.5LB"
"","15339","15343","0","1","0","40.99","27","LST","HILL'S SCIENCE DIET","SD DG AD SM PAW 7PLUS 4.5LB"
"","15408","15403","0","1","0","38.99","24.65","LST","HILL'S SCIENCE DIET","SD DG AD SMBT CHK 5LB"
"","15423","","1","1","0.5","38.99","24.65","LST","HILL'S SCIENCE DIET","SD DG AD 7+ SMBT CHK 5LB"
"","1551102","","0","1","0","7.99","2.87","LST","JUMP","JMP CT NYL CLR BLK 1EA"
"","1551103","","0","1","0","7.99","2.87","LST","JUMP","JMP CT NYL CLR BLU 1EA"
"","1551104","","0","1","0","7.99","2.87","LST","JUMP","JMP CT NYL CLR RED 1EA"
"","1551106","","0","1","0","7.99","2.87","LST","JUMP","JMP CT NYL CLR PNK 1EA"
"","16004","","0","24","0","2.99","1.5783","LST","WERUVA","WER CT CITK FUNK TRUNK 3.2OZ"
"","16006","","0","24","0","2.99","1.5783","LST","WERUVA","WER CT CITK SPLASH DANCE 3.2OZ"
"","16011","","0","24","0","3.79","2.3267","LST","WERUVA","WER CT CITK ISLA BONITA 6OZ"
"","17040","","0","1","0.75","29.99","24.58","LST","PURINA","PUR CT CHOW 17.64lb"
"","17172","17170","0","1","0.25","89.99","72.06","LST","PURINA PRO PLAN","PPLN CT IND HAIRBALL TK&R 16LB"
"","17173","27440","0","1","0.5","85.99","59.1","LST","PURINA PRO PLAN","PPLN CT COMP ESNTL CHK&R 16LB"
"","17210","","0","1","0","45.99","37.21","LST","WHISKAS","WHISK CT MS CHK DRY ORG 19.8lb"
"","17228","","0","1","0","72.99","49.94","LST","BLUE BUFFALO","BLU CT TF AD HELIV CK&BR 15LB"
"","17475","17751","0","1","0","69.99","45.53","LST","HILL'S SCIENCE DIET","SD CT AD LIGHT 7LB"
"","17485","17755","0","1","0.25","69.99","45.53","LST","HILL'S SCIENCE DIET","SD CT AD 7+ 7LB"
"","17592","","0","1","0","42.99","28.41","LST","HILL'S SCIENCE DIET","SD CT AD INDR 7PLUS 3.5LB"
"","17617","17612","0","1","0.5","42.99","28.41","LST","HILL'S SCIENCE DIET","SD CT AD 4LB"
"","17643","","0","1","0","44.99","28.31","LST","HILL'S SCIENCE DIET","SD CT AD SS&S 3.5LB"
"","17646","17640","0","1","0.25","42.99","28.41","LST","HILL'S SCIENCE DIET","SD CT AD 7+ 4LB"
"","17698","17662","0","1","0","42.99","28.41","LST","HILL'S SCIENCE DIET","SD CT KIT HLTHY DVP 3.5LB"
"","17713","","0","1","0","69.99","45.53","LST","HILL'S SCIENCE DIET","SD CT AD 11+ 7LB"
"","17753","17792","0","1","0","34.99","24.35","LST","PURINA PRO PLAN","PPLN CT ESNTL CK&R 3.5LB"
"","17800","","0","1","0.75","12.99","9.5","LST","WHISKAS","WHISK CT SL DRY SFD 4.41lb"
"","17810","","0","1","0.75","12.99","9.5","LST","WHISKAS","WHISK CT MS CHK DRY ORIG 4.4lb"
"","17812","","0","1","0","22.99","18.13","LST","WHISKAS","WHISK CT MS DRY ORIG 8.8lb"
"","18405","","0","24","1.5","3.59","2.1775","LST","ROYAL CANIN","RCFCN CT DGST SS LOAF 3OZ"
"","18412","","0","1","0","117.99","72.95","LST","ROYAL CANIN","RCFHN CT INDR 7PL 13LB"
"","18483","24027","0","24","0","3.59","2.1775","LST","ROYAL CANIN","RCFHN CT ULT LT SLC GVY 3OZ"
"","18484","24028","0","24","0","3.59","2.1775","LST","ROYAL CANIN","RCFHN CT BTY GVY SLC 3OZ"
"","18485","24029","0","24","0","3.59","2.1775","LST","ROYAL CANIN","RCFHN CT SNR 7PL SLC 3OZ"
"","18513","","0","1","0","55.99","39.25","LST","NATURAL BALANCE","NB CT LID GPEA&DK 10LB"
"","18688","","0","1","0","72.99","46.43","LST","BLUE BUFFALO","BLU CT AD WILD CHK 12LB"
"","18727","18678","0","1","0","61.99","41.81","LST","NOW FRESH","NOW KIT GF TK SL&DK 8LB"
"","18796","","0","1","0","77.99","50.26","LST","MERRICK","MRK CT PB GF CHK 12LB"
"","19023","","0","1","0","127.99","86.33","LST","NOW FRESH","NOW DG SNR LB GF TK SL&DK25lb"
"","21005","","0","12","0","6.49","4.3725","LST","WERUVA","WER DG AMAZON LIVER 14oz"
"","21009","","0","12","0.25","7.99","5.7283","LST","WERUVA","WER DG STEAK FRITE 14oz"
"","21324","","0","12","0","5.99","4.1958","LST","WELLNESS","WEL DG PUP 12.5oz"
"","21327","","0","12","0","5.99","4.1958","LST","WELLNESS","WEL DG TK&SP 12.5oz"
"","21328","","0","12","0","5.99","4.1958","LST","WELLNESS","WEL DG CK&SP 12.5oz 12pc"
"","21332","","0","12","0","5.99","4.1958","OOS","WELLNESS","WEL DG SNR 12.5oz"
"","21811","","0","12","0.25","6.49","4.3725","LST","WERUVA","WER DG GRN EGG&CK 14oz"
"","21882","","0","12","0","5.99","4.3833","LST","WELLNESS","WEL DG CHKN STEW 12.5oz"
"","21883","","0","12","0","5.99","4.3833","LST","WELLNESS","WEL DG TSTW 12.5oz"
"","21884","","0","12","0.5","5.99","4.3833","LST","WELLNESS","WEL DG TK& DK STW 12.5oz"
"","21885","","0","12","0","5.99","4.3833","LST","WELLNESS","WEL DG LMB&BF STW 12.5oz"
"","21886","","0","12","0","5.99","4.3833","LST","WELLNESS","WEL DG VEN&SL STW 12.5oz"
"","22722","","0","24","0","3.99","3.0063","LST","WELLNESS","WEL CT CHK&HRG 5.5OZ"
"","22765","","0","24","0","3.59","2.0938","LST","BLUE BUFFALO","BLU CT AD FRDM INDR CHK 5.5OZ"
"","23641","","0","24","0","3.19","1.8104","LST","B.F.F.","BFF CT TUNA 2COOL CF 5.5OZ"
"","23651","","0","24","0","3.19","1.8104","LST","B.F.F.","BFF CT TN&BNTO BEMINE CF 5.5OZ"
"","23655","","0","24","0","3.19","1.8104","LST","B.F.F.","BFF CT TN&TLP CF 5.5OZ"
"","24179","","0","24","0","2.99","1.9146","LST","WELLNESS","WEL CT CHK&LOB 3OZ"
"","24332","","0","24","0","4.49","2.5913","LST","HILL'S SCIENCE DIET","SD CT AD INDR CHK ENT 5.5OZ"
"","24708","","0","2","0.25","13.79","11.3","LST","FANCY FEAST","FF CT GRLLD VP 12PC"
"","24722","","0","24","0","2.69","1.6333","LST","PURINA PRO PLAN","PPLN CT KITTEN CHK&LVR 3OZ"
"","24731","11175","0","1","0","109.99","80.63","LST","PURINA PRO PLAN","PPLN DG SPT SB L&R27/17 37.5LB"
"","24749","13624","0","1","0","74.99","59.78","LST","PURINA PRO PLAN","PPLN DG CK&R PUP 18LB"
"","24751","11181","0","1","0","109.99","83.24","LST","PURINA PRO PLAN","PPLN DG CK&R PUP 34LB"
"","24753","","0","10","0","1.99","1.307","LST","FANCY FEAST","FF CT HD WHITE MEAT CHK 2oz"
"","24754","","0","10","0","1.99","1.307","LST","FANCY FEAST","FF CT HD WLD ALSKN SLMN 2OZ"
"","24758","","0","10","0","1.99","1.307","LST","FANCY FEAST","FF CT HD FLAKED TUNA 2OZ"
"","24759","13623","0","1","0","74.99","59.78","LST","PURINA PRO PLAN","PPLN DG LB CK&R PUP 18LB"
"","24783","11199","0","1","0.25","109.99","83.24","LST","PURINA PRO PLAN","PPLN DG SPEC LB WMGT AD 34LB"
"","24992","","0","24","0.5","2.99","1.77","LST","WERUVA","WER CT PW LICKN CHK 3OZ"
"","25012","","0","12","0","2.99","1.7742","LST","WERUVA","WER CT CITK GF SL&MK 3OZ PCH"
"","25021","","0","18","0","10.99","5.5556","LST","ETTA SAYS!","ETTA DG NAT DK CHEW 3ft"
"","25031","","0","36","1","2.49","1.09","LST","ETTA SAYS!","ETTA DG NAT DK CHEW 4.5in"
"","25043","","0","18","0.25","10.99","5.5556","LST","ETTA SAYS!","ETTA DG NAT DEER CHEW 3ft"
"","25045","","0","24","0","2.99","1.85","LST","MERRICK","MRK CT PB GF CHK PATE 3OZ"
"","25103","","0","24","0","2.19","1.4271","LST","BLUE BUFFALO","BLU CT AD TF FLK CHK 3OZ"
"","25104","","0","24","0","2.19","1.4271","LST","BLUE BUFFALO","BLU CT AD TF FLK TUNA CF 3OZ"
"","25163","","0","12","0","2.99","1.725","LST","WERUVA","WER DG DITK FNK TRNK PCH 2.8oz"
"","25352","","0","1","0","31.99","22.86","LST","MERRICK","MRK DG GF SL&SP 4LB"
"","25527","","0","1","0","38.99","24.14","LST","BLUE BUFFALO","BLU KIT TF HG CK&BR 7LB"
"","25537","","0","1","0","32.99","23.84","LST","BLUE BUFFALO","BLU DG AD WILD GF SLMN 4.5LB"
"","25576","","0","1","0","30.99","21.1","LST","BLUE BUFFALO","BLU PUP SB LPF CK&O CH 6LB"
"","25613","","0","1","0","72.99","49.94","LST","BLUE BUFFALO","BLU CT TF AD SENST CHK 15LB"
"","25614","","0","1","0","72.99","49.94","LST","BLUE BUFFALO","BLU CT TF AD INDR SLMN 15LB"
"","25615","","0","1","0","38.99","24.14","LST","BLUE BUFFALO","BLU CT TF MTRE HEAG CK&BR 7LB"
"","25618","","0","1","0","46.99","26.91","LST","BLUE BUFFALO","BLU CT AD WILD SL 5LB"
"","25624","","0","1","0","46.99","27.68","LST","BLUE BUFFALO","BLU CT WILD WT CTRL CHK 5LB"
"","26074","","0","1","0","129.99","82.85","LST","ROYAL CANIN","RCSHN DG AD 5PL LG 30LB"
"","26127","26126","0","1","0","88.99","56.38","LST","ROYAL CANIN","RCBHN DG YORKIE AD 10LB"
"","26134","35107","0","1","0.25","128.99","82.27","LST","ROYAL CANIN","RCBHN DG BOXER AD 30LB"
"","26392","","0","1","0","10.99","6.84","LST","ROLLOVER","RLLVR DG CHK 28.22OZ"
"","26413","","0","1","0","8.99","5.43","LST","ROLLOVER","RLLVR DG BF 28.2OZ"
"","26423","","0","1","0","14.99","10.9","LST","ROLLOVER","RLLVR DG BF 4.4LB"
"","26564","26541","0","1","0.25","74.99","50.58","LST","NOW FRESH","NOW DG SMBR GF TK SL&DK 12LB"
"","26567","","0","1","0","76.99","51.93","LST","NOW FRESH","NOW DG SNR SMBR GFTK SL&DK12LB"
"","26817","","0","1","0","59.99","36.64","LST","BLUE BUFFALO","BLU PUP LPF CK&BR 15LB"
"","27347","13622","0","1","0","38.99","27.69","LST","PURINA PRO PLAN","PPLN DG CK&R PUP 6LB"
"","28303","28332","0","1","0","55.99","38.73","LST","PURINA PRO PLAN","PPLN CT WEIGHT MGT CK&R 7LB"
"","28318","28383","0","1","0","53.99","37.76","LST","PURINA PRO PLAN","PPLN CT COMP ESNTL CHK&R 7 LB"
"","28473","28553","0","1","0.25","68.99","40.24","LST","ROYAL CANIN","RCFHN CT SS DGST AD 7LB"
"","28584","","0","1","0","112.99","71.69","LST","ROYAL CANIN","RCFHN CT SS DGST 15LB"
"","28628","","0","25","0","11.99","4.9956","LST","PET CENTER","PC DG STEER PIZL 12IN"
"","28646","","0","1","0","76.99","46.49","LST","ROYAL CANIN","RCFBN CT PERSIAN 7LB"
"","28659","","0","1","0","117.99","76.7","LST","ROYAL CANIN","RCFHN CT DGST CARE AD 14LB"
"","28912","28914","0","1","0","25.99","20.42","LST","MILK-BONE","MLKBN DG FLVR SNK MD 14.3lb"
"","28920","","0","1","0.25","3.29","2.26","LST","MILK-BONE","MLKBN DG BSC SM 1lb"
"","29070","29072","0","1","0","5.49","4.2","LST","MILK-BONE","MLKBN DG FLVR SNK SM 1.76lb"
"","29663","","0","1","0.25","9.29","4.57","LST","FRUITABLES","FRTBL DG PMP BAN TRT 7OZ"
"","30422","","0","1","0","7.49","4.22","LST","BLUE BUFFALO","BLU DG AD HBR BCN&EG&CS TR16oz"
"","30423","","0","1","0","7.49","4.22","LST","BLUE BUFFALO","BLU DG AD HBR APL&YOG TRT 16oz"
"","30426","","0","1","0.5","7.49","4.21","LST","BLUE BUFFALO","BB DG SOFT TASTY CHKN BITS 4OZ"
"","30427","","0","1","0","7.49","4.21","LST","BLUE BUFFALO","BB DG SFT TMPTNG TURKY BITS 4O"
"","30441","","0","1","0","7.49","4.22","LST","BLUE BUFFALO","BLU DG AD HBR BNA&YOG TRT 16oz"
"","30449","","0","1","0","7.49","3.95","LST","BLUE BUFFALO","BLU DG STIX LMB TRT 6OZ"
"","30475","","0","1","0","6.99","3.95","LST","PET GREENS","PET GREENS CT CHK 3oz"
"","30476","","0","1","0","6.99","3.95","LST","PET GREENS","PET GREENS CT TUNA 3oz"
"","30477","","0","1","0","6.99","3.95","LST","PET GREENS","PET GREENS CT SL 3oz"
"","30507","","0","1","0","8.99","5.4","LST","PET GREENS","PET GREENS DG CHK 6oz"
"","30508","","0","1","0","8.99","5.4","LST","PET GREENS","PET GREENS DG LMB 6oz"
"","30509","","0","1","0","8.99","5.4","LST","PET GREENS","PET GREENS DG SL 6oz"
"","30516","","0","1","0","9.99","5","LST","MARSHALL","MRSHL FRRT BANDIT TRT PB 3oz"
"","30518","","0","1","0","9.99","5","LST","MARSHALL","MRSHL FRRT BANDIT TRT BNA 3oz"
"","30525","","0","1","0.5","9.99","4.81","LST","OXBOW","OXB BTNCL HAY 15OZ"
"","30531","","0","1","0","21.99","8.22","OOS","OXBOW","OXB ESN YNG GP FOOD 5LB"
"","30534","","0","1","0","9.99","5.19","LST","OXBOW","OXB SMR SA BKD TRT SBRY 0.5OZ"
"","30539","","0","1","0.25","29.99","11.87","LST","OXBOW","OXB TC TMTHY TNL 1EA"
"","30540","","0","1","0","35.99","18.43","LST","OXBOW","OXB TC TMTHY BNGLW 1MD"
"","30542","","0","1","0","16.99","8.31","LST","OXBOW","OXB TC TMTHY MAT 1LG"
"","30563","","0","45","0","13.99","6.5313","LST","OPEN RANGE","OPN RNG DG WATER BUF 11to12in"
"","30565","","0","50","2.75","3.29","1.38","LST","OPEN RANGE","OPN RNG DG BF CHMPR FLAT 1md"
"","30569","","0","60","0","6.29","2.6","LST","OPEN RANGE","OPN RNG DG BF CHOMPER MD 1ea"
"","30755","","0","1","0","17.99","8.9","LST","LAFEBER","LFBR PRT NTRIBR TROP FRT 10OZ"
"","30757","","0","1","0","12.99","5.7","LST","LAFEBER","LFBR PRT NTRIBR GRMT PCRN 4OZ"
"","30761","","0","1","0","13.99","6.65","LST","LAFEBER","LFBR SB AVI CAKES 8OZ"
"","30762","","0","1","0","16.99","8.35","LST","LAFEBER","LFBR PRT AVI CAKES 12OZ"
"","30784","","0","1","0","14.99","8.09","LST","MARTIN","MRTN LF CHNCHL FOOD 2.2LB"
"","30793","","0","1","0.25","31.99","18.7","LST","MARTIN","MRTN LF RBT TMTHY FOOD 11LB"
"","30796","","0","1","0","31.99","18.3","LST","MARTIN","MRTN LF GP FOOD 11LB"
"","30798","","0","1","0","18.99","10.2","LST","MARTIN","MRTN LF GP TMTHY FOOD 4.4LB"
"","31072","","0","1","0","16.99","7.54","LST","TROPICAN","HARI TRPCN LFTM CKTL GRAN1.8LB"
"","31092","","0","1","0","18.99","7.54","LST","TROPICAN","HARI TRPCN LFTM PRT GRAN 1.8LB"
"","31216","","0","1","0","22.99","13","LST","ZUPREEM","ZPRM FRT BLND SM BRD 2LB"
"","31218","","0","1","0","34.99","20.37","LST","ZUPREEM","ZPRM FRT BLND M&L BRD 3.5LB"
"","31219","","0","1","0","34.99","20.37","LST","ZUPREEM","ZPRM FRT BLND LG BRD 3.5LB"
"","31221","","0","1","0","26.99","14.26","LST","ZUPREEM","ZPRM TR HRVST MD BRD 2.5LB"
"","31222","","0","1","0","29.99","17.83","LST","ZUPREEM","ZPRM TR HRVST M&L BRD 3LB"
"","31227","","0","1","0","18.99","10.7","LST","ZUPREEM","ZPRM SMRTSEL SM BRD 2LB"
"","31228","","0","1","0","22.99","13.76","LST","ZUPREEM","ZPRM SMRTSEL MD BRD 2.5LB"
"","31551","","0","20","0.5","38.99","19.628","LST","OPEN RANGE","OPN RNG DG OC BULL STK32TO36IN"
"","31552","","0","25","0","26.99","13.6976","LST","OPEN RANGE","OPN RNG DG OC BULL STK22TO24IN"
"","31640","","0","1","0","19.99","9.31","LST","HAGEN","HGN CKTL SEED 5LB"
"","31646","","0","1","0","11.49","5.75","LST","HAGEN","HGN RBT PLT 5LB"
"","35032","","20","20","0.25","3.49","1.65","LST","ETTA SAYS!","ETTA DG CRUNCHY RBT CHEW 7IN"
"","35039","","20","20","0.5","3.49","1.65","LST","ETTA SAYS!","ETTA DG CRUNCHY DEER CHEW 7IN"
"","35100","","0","1","0","131.99","87.09","LST","ROYAL CANIN","RCBHN DG GOLDN RTRVR PUP 30LB"
"","35143","","0","24","0","3.59","2.1775","LST","ROYAL CANIN","RCFHN CT KIT LOAF 3OZ"
"","35285","35276","0","1","0","28.99","18.11","LST","CAREFRESH","CF BLUE BDNG 23L"
"","36061","","0","1","0","44.99","28.31","LST","HILL'S SCIENCE DIET","SD CT AD PRFCT WGT 3LB"
"","36065","","0","1","0","43.99","28.65","LST","HILL'S SCIENCE DIET","SD DG AD PRFCT WGT CHK 4LB"
"","36075","","0","1","0","45.99","29.98","LST","HILL'S SCIENCE DIET","SD DG AD SM BRD PRFCT WGT 4LB"
"","40186","","0","1","0","11.99","4.75","LST","NUTRAFIN","NF MAX TROP FLKS 1.34OZ"
"","40207","","0","1","0","10.99","4.55","LST","TETRA","TTR GLDFSH FLKS VTM C 2.2OZ"
"","40243","","0","1","0","123.99","90.19","LST","HILL'S SCIENCE DIET","SD DG AD LG BRD LMB&R 33lb"
"","40262","","0","1","0","13.99","5.52","LST","NORTHFIN","NRFN KRILL GLD FRMLA 2MM 2.8OZ"
"","40607","","0","1","0","11.49","4.9","LST","TETRA","TTR EASY BLNC PL 3.38OZ"
"","40628","","0","1","0","11.49","4.9","LST","TETRA","TTR AQSF PL WTR COND 3.4OZ"
"","40629","","0","1","0","15.99","6.93","LST","TETRA","TTR AQSF PL WTR COND 8.45OZ"
"","40726","","0","1","0","9.99","4","LST","MARINA","MRN FLTNG BREDNG TRAP 3IN1 1EA"
"","40727","","0","1","0","9.99","4","LST","MARINA","MRN FSH NET BREDR 1EA"
"","40789","","0","1","0","13.99","6.5","LST","MARINA","MRN ALG MAGN 1SM"
"","40826","","0","1","0","26.99","12.85","OOS","ZOO MED","ZM FLTNG AQRM LOG SM 6X3.2IN"
"","40854","","0","1","0","25.99","12","LST","ELITE","ELT UNWTR FLTR MN 3GAL"
"","40872","","0","1","0","2.49","0.8","LST","MARINA","MRN T AIRLNE CONNECTOR 1EA"
"","40879","","0","1","0","29.99","12","LST","FLUVAL","FL EV GRVL CLNR SM 10IN"
"","40884","","0","1","0","32.99","13","LST","FLUVAL","FL EV GRVL CLNR MD 15IN"
"","40907","","0","1","0","29.99","12.5","LST","EXO TERRA","ET REP DGTL THRMTR 1EA"
"","40924","","0","1","0","8.99","3","LST","EXO TERRA","ET COCO HSK SBSTRT 8QT"
"","40931","","0","1","0","12.99","5","LST","EXO TERRA","ET SEPIA BONE SUPPL 2PC"
"","40935","","0","1","0","21.99","11.09","LST","EXO TERRA","ET CRCKT PEN 1SM"
"","40979","","0","1","0","24.99","11","LST","EXO TERRA","ET JNGL EARTH SBSTRT 8QT"
"","41337","","0","1","0","19.99","10","LST","ZOO-MAX","ZMX CTTN PYRMD 4IN"
"","41826","","0","1","0","10.99","6.68","LST","ARMSTRONG","AS RJ BRY N NUT SUET CP 3PK"
"","41827","","0","1","0","10.99","6.68","LST","ARMSTRONG","AS RJ PNT SLCT SUET 3PK"
"","41870","","1","1","0","17.99","9.66","LST","PERKY-PET","PRPT HMBRD PINCH WST FDR 8OZ"
"","42172","","0","1","0","6.99","3.1","LST","LIVING WORLD","LW TRHSE REAL WOOD LOGS 1SM"
"","42844","","0","1","0.25","11.99","6.03","LST","JW PET","JWP HOLEE ROLLER 1SM"
"","43335","","0","1","0","13.99","6.4","LST","OURPETS","OURPETS CSMC CATNIP 2.25oz"
"","43350","","0","1","0","5.99","2.8","LST","CAT DANCER","CAT DANCER ORIGINAL TOY 1EA"
"","43622","","0","1","0","18.99","11.35","OOS","HOMEOPET","HP D-STRESS 15ml"
"","43624","","0","1","0","18.99","11.35","OOS","HOMEOPET","HP TRAVEL ANXIETY 15ml"
"","43629","","0","1","0","20.99","10.05","LST","HOMEOPET","HP FELINE HOST NO MORE 15ml"
"","43648","","0","1","0.5","13.99","6.66","LST","GRIZZLY","GRIZZLY CT PLS SLMN OIL 4OZ"
"","43651","","0","1","0","59.99","28.99","LST","GRIZZLY","GRIZZLY DG PLS SLMN OIL 32OZ"
"","43795","","0","1","0","22.99","12.04","LST","VETS BEST","VBST URINARY SUPPORT 60's"
"","43812","","0","1","0.5","19.99","9.57","LST","VETS BEST","VBST HAIRBALL RELIEF 60's"
"","43857","","0","1","0","17.99","9.05","OOS","MIRACLE CARE","R7 WOUND SPRAY 4OZ"
"","43873","","0","1","0","51.99","30","OOS","NUTRI-VET","NV DG H&J 3 90tb"
"","43912","","0","1","0","16.99","11.95","LST","SIMPLE SOLUTION","PEE POST 1ea"
"","44002","","0","1","0","20.99","10.05","OOS","HOMEOPET","HP UT 15ml"
"","44135","","0","1","0","15.99","8.8","LST","BURT'S BEES","BURTS HOTSPOT SPRAY 10oz"
"","44138","","0","1","0","12.99","6.4","LST","BURT'S BEES","BURTS EYE WASH 4oz"
"","44548","","0","1","0","79.99","38.4","LST","NOK OUT","NOK OUT 3.80l"
"","44889","","0","1","0","8.99","4.7","LST","SLURP N FRESH","SLURP N FRESH 400ML"
"","44942","","0","1","0","22.99","9.75","LST","TROPICLEAN","TRPCL FB WTR+HIP&JT 16oz"
"","45237","","0","12","0","13.99","6.765","LST","TICK KEY","TICK KEY 1EA"
"","46522","","0","1","0","64.99","42.68","LST","POOCH PAD","PCHPD WASHABLE PAD 1XXL"
"","46528","45705","1","1","0","30.99","16.59","LST","POOCH PAD","PCHPD PCHPNT WASHABLE DPR 1XS"
"","46529","45706","1","1","0.25","33.99","18.39","LST","POOCH PAD","PCHPD PCHPNT WASHABLE DPR 1SM"
"","46530","45707","0","1","0","37.99","19.76","LST","POOCH PAD","PCHPD PCHPNT WASHABLE DPR 1MD"
"","46531","45708","1","1","0","40.99","21.83","LST","POOCH PAD","PCHPD PCHPNT WASHABLE DPR 1LG"
"","46532","45709","0","1","0","42.99","25.16","OOS","POOCH PAD","PCHPD PCHPNT WASHABLE DPR 1XL"
"","46533","75644","1","1","0","28.99","14.72","LST","POOCH PAD","PCHPD PCHPNT WASH MALE WRP 1SM"
"","46534","75645","0","1","0","31.99","16.63","LST","POOCH PAD","PCHPD PCHPNT WASH MALE WRP 1MD"
"","46535","75646","1","1","0","34.99","18.65","LST","POOCH PAD","PCHPD PCHPNT WASH MALE WRP 1LG"
"","47344","","0","1","0","12.99","6.32","LST","CATIT","CATIT HRNSS BLUE 1SM"
"","47348","","0","1","0","13.99","6.81","LST","CATIT","CATIT HRNSS BLUE 1MD"
"","47352","","0","1","0","15.99","7.78","LST","CATIT","CATIT HRNSS BLUE 1LG"
"","48747","","0","1","0","26.99","13.15","LST","JOLLY PETS","JOLLY DG TEASER BALL BLU 6IN"
"","48757","","0","1","0","29.99","15.45","LST","JOLLY PETS","JOLLY DG ROMP N ROLL RED 6IN"
"","48771","","0","1","0","33.99","19.5","LST","JOLLY PETS","JOLLY DG ROMP N ROLL BLU 8IN"
"","48845","","0","1","0","29.99","16.53","LST","JOLLY PETS","JOLLY DG RED EGG 12IN"
"","49097","","0","1","0","17.99","9.35","LST","CHUCKIT","CHUCKIT WHISTLER BALL MD 2PK"
"","49207","","0","1","0","24.99","13.32","LST","CHUCKIT","CHUCKIT LAUNCHER MEGA 26L"
"","49475","","0","1","0","29.99","16.21","LST","OUTWARD HOUND","OH HOMER HEDGEHOG JMBO 1XL"
"","49872","","0","1","0","3.99","1.4","LST","ENVIRO FRESH","EF SAVE MY PET STCKR 2PC"
"","50021","","0","1","0","8.49","3.05","LST","ZOO MED","ZM FRG & TDPLE FOOD 2OZ"
"","50033","","0","1","0","11.49","5","LST","ZOO MED","ZM CAN O CRCKT 1.20OZ"
"","50034","","0","1","0","11.49","5","LST","ZOO MED","ZM CAN O WRMS 1.20OZ"
"","50039","","0","1","0","12.99","5.7","LST","ZOO MED","ZM RPTVT REP VTM WITH D3 2OZ"
"","50044","","0","1","0","14.49","6.5","LST","ZOO MED","ZM AQTRTL MTNC FRMLA 12OZ"
"","50053","66910","0","1","0.25","14.49","4","LST","EXO TERRA","ET REP ANLG THRMTR 1EA"
"","50064","","0","1","0","12.99","6.95","LST","ZOO MED","ZM TERR CLNR WPE OUT 4.25OZ"
"","50069","","0","1","0","17.99","8.75","LST","ZOO MED","ZM DLX FEED TONG SS 10IN"
"","50139","","0","1","0.25","7.99","3.1","LST","VITAKRAFT","VKFT SLIMS SA ALF STCK 1.76OZ"
"","50161","","0","1","0","8.99","4.05","LST","VITAKRAFT","VKFT CHNCHL FRT TRT4.5OZ"
"","50302","","0","1","0","19.99","10.25","LST","LIVING WORLD","LW XTRD HMS FOOD 3.3LB"
"","50531","","0","1","0","18.99","9.5","LST","BROWNS","BRN TRC PLY BARN WITH HAY 8OZ"
"","50605","","0","1","0","15.99","10.24","LST","FELINE FRESH","FEL FRSH PELLET PINE 20LB"
"","50606","","0","1","0.5","26.99","18.5","LST","FELINE FRESH","FEL FRSH PELLET PINE 40lb"
"","50615","","0","1","0","21.99","7.45","LST","ZOO MED","ZM ECO EARTH CCNT SBSTRT 8QT"
"","50616","","0","1","0","39.99","19.8","LST","ZOO MED","ZM DEEP DME LMP FXTR 5.5IN"
"","50635","","0","1","0","37.99","13.65","LST","ZOO MED","ZM REPITSUN UVB5 MN 13W"
"","50636","","0","1","0","38.99","14.75","LST","ZOO MED","ZM REPTISUN UVB10 MN 13W"
"","50702","","0","1","0","12.99","5.91","LST","MARTIN","MRTN LF HMS & GER FOOD 17.6OZ"
"","50875","","0","1","0","37.99","19.08","LST","HUGGLEHOUNDS","HH FLEECE BONE 2FT"
"","51011","","0","1","0","23.99","13","OOS","BLUESTEM","BLSTM ALL WTR ADD ORG CA 500ml"
"","51044","","0","1","0","58.99","32","OOS","GRIZZLY","GRIZZLY DG JOINT AID 32oz"
"","51230","","0","1","0","39.99","21","LST","NEATER PET BRANDS","NEATER FEEDER DG EXPRESS 1SM"
"","51231","","0","1","0","69.99","37","LST","NEATER PET BRANDS","NEATER FEEDER DG EXPRESS 1MDLG"
"","51343","","0","1","0","22.99","11.27","LST","MESSY MUTTS","MM DLX MICROF TOWEL 1ea"
"","51345","","0","1","0","11.99","5.88","OOS","MESSY MUTTS","MM CHEN GROOM MITT 1ea"
"","51659","","0","1","0","19.99","8.75","LST","VERSELE-LAGA","VL CRSP MUESLI RBT FOOD 6.1LB"
"","51702","","0","1","0","119.99","65.01","OOS","BERGAN","COMFORT CARR BERRY 1LG"
"","51706","","0","1","0","94.99","47.31","OOS","BERGAN","COMFORT CARR BERMUDA 1SM"
"","51707","","0","1","0","94.99","47.31","OOS","BERGAN","COMFORT CARR BERRY 1SM"
"","51708","65481","0","1","0","119.99","65.01","OOS","BERGAN","COMFORT CARR BLK GRY 1LG"
"","51709","","0","1","0","119.99","65.01","OOS","BERGAN","COMFORT CARR BERMUDA 1LG"
"","51721","65471","0","1","0","94.99","47.31","LST","BERGAN","COMFORT CARR BLK GRY 1SM"
"","51798","","0","1","0","6.49","2.67","LST","VAN NESS","VN FOOD SCOOP 2CP"
"","52060","","0","1","0","13.99","6.36","LST","KONG","KONG CT ZOOM GRM 1ea"
"","52452","","0","1","0","13.99","7.4","LST","YEOWWW!","YEOWWW! RAINBOW 6IN"
"","52468","","0","1","0","22.99","12.5","LST","YEOWWW!","YEOWWW! MY CAT BALLS 3PC"
"","52514","","0","1","0","16.99","9.3","LST","YEOWWW!","YEOWWW! POLLOCK FISH 11IN"
"","52625","","0","1","0","26.99","18","LST","WEST PAW","WEST PAW ZISC 8.5IN"
"","52639","","0","1","0","19.99","14","LST","WEST PAW","WEST PAW ZISC 6.5IN"
"","52649","","0","1","0","52.99","30.66","LST","PETMATE","PM DG REPLENDISH WATERER 2.5GL"
"","52747","","0","1","0","16.99","8.5","LST","TUFFY","TUFFY NO STUFF ULT RING RD 1EA"
"","52906","","0","1","0","16.99","7.35","LST","KONG","KONG WUBBA 1SM"
"","52907","","0","1","0.25","22.99","10.42","LST","KONG","KONG WUBBA 1LG"
"","52908","","0","1","0","29.99","13.57","LST","KONG","KONG WUBBA 1XL"
"","52925","","0","1","0","31.99","16.45","LST","KONG","KONG WOBBLER 1LG"
"","52966","","0","1","0.5","22.99","12.93","LST","JW PET","JWP HOLEE ROLLER JMBO 1XL"
"","53121","","0","1","0","32.99","19.95","LST","CHUCKIT","CHUCKIT LAUNCHER PRO 25M"
"","53124","","0","1","0","44.99","28.4","LST","CHUCKIT","CHUCKIT KICK FETCH 1LG"
"","53134","","0","1","0","41.99","24.22","LST","CHUCKIT","CHUCKIT KICK FETCH 1SM"
"","53244","","0","1","0","13.99","6.65","LST","KONG","KONG EASY TREAT LIVER 8OZ"
"","53883","","0","1","0","24.99","11.15","LST","KONG","KONG SCRUNCH SQUIRREL 1LG"
"","54004","","0","295","5.5","0.79","0.4178","LST","BARNSDALE FARMS","BFD DG CHK PARS 1ea"
"","54024","","0","1","0","7.99","3.6","LST","BARNSDALE FARMS","BFD DG RBONE LG 3pc 10 to 12in"
"","54176","","0","1","0","24.99","13.04","LST","BARNSDALE FARMS","BFD DG DYNO BONE LG 16to 20in"
"","54931","","0","1","0","17.99","9.05","LST","PUREBITES","PB DG TURKEY TRT 2.47oz"
"","55205","","0","1","0","17.99","9.05","LST","PUREBITES","PB DG DUCK TRT 2.6OZ"
"","55397","","0","1","0","51.99","32.6","LST","PUREBITES","PB DG CHK BREAST TRT 11.6oz"
"","55521","55520","0","75","2.5","2.99","1.3935","LST","BARNSDALE FARMS","BFD DG PIG EARS 1ea"
"","55792","","0","50","1.75","0.99","0.35","LST","ROLLOVER","RLLVR DG CRUNCHY BF BISC 1EA"
"","55793","","0","50","7.25","0.99","0.385","LST","ROLLOVER","RLLVR DG CRUNCHY LMB BISC 1EA"
"","55893","","0","1","0","31.99","17.59","LST","ESTES","ES NTRL AQRM GRVL NUTMEG 25LB"
"","55902","","0","1","0","9.99","4","LST","ESTES","ES SHLW CRK PBLE 5LB"
"","55942","","0","1","0","9.99","4","LST","ESTES","ES AQRM GRVL SPCL GRN 5LB"
"","55953","","0","1","0","31.99","17.59","LST","ESTES","ES AQRM GRVL SPCL BLK 25LB"
"","56107","55533","0","1","0.25","29.99","16.66","LST","BARNSDALE FARMS","BFD DG PIG EARS 12PC"
"","56148","54003","0","1","0","9.99","4.99","LST","BARNSDALE FARMS","BFD TARTAR OFF BONE LG 1ea"
"","56149","54007","0","1","0","9.99","4.99","LST","BARNSDALE FARMS","BFD DG STEAK CUTS 3PC"
"","56151","54014","0","1","0","10.99","5.77","LST","BARNSDALE FARMS","BFD DG MBONE LG 5 to 7in"
"","56156","55808","0","1","0","9.99","4.9","LST","BARNSDALE FARMS","BFD DG TARTAR OFF BONE 2pc"
"","56171","56106","0","1","0","16.99","10.66","LST","BARNSDALE FARMS","BFD DG PIG EARS 6PC"
"","56179","","0","1","0","7.99","4.15","LST","BARNSDALE FARMS","BFD DG RBONE 3pc"
"","56181","","0","1","0","24.99","12.15","LST","BULLWRINKLE","BULLWRINKLE 2pk 12in"
"","56271","","0","1","0","11.99","5.47","LST","GREENIES","GREENIE DG PP CHK 3.2oz"
"","56309","","0","1","0","36.99","20.6","LST","THIS & THAT","T&T DG STF ANT CHW BF LG 1ea"
"","56313","","0","30","0.5","5.29","3.0667","LST","WHIMZEES","WHMZ DG ALLIG CHW LG 1ea"
"","56317","","0","75","0","4.29","1.5067","LST","WHIMZEES","WHMZ DG BRUSHZ CHW MD 1ea"
"","56366","","0","1","0","12.99","6.32","LST","CATIT","CATIT FRESH&CLEAR FOAM FLTR3PC"
"","57868","","0","1","0","17.99","9.25","LST","CRUMPS' NATURALS","CRMP DG NAT BF TNDRSTCKS4.9oz"
"","57882","","0","1","0.25","19.99","11","LST","CRUMPS' NATURALS","CRMP DG LMB CHOPS3.9oz"
"","57947","","0","1","0","12.99","5.98","LST","BENNY BULLY'S","B BUL DG NUTRIMIX TRT 2.1oz"
"","58061","","0","1","0","113.99","49.82","LST","PREVUE","PR CG STD BLK 62IN"
"","58192","","0","1","0","12.99","7.01","LST","VAN NESS","VN TRACKLSS LTR MT 1ea"
"","58926","","0","1","0","39.99","24.99","LST","MIDWEST","MW QT MAXX CRT MAT BLK 24IN"
"","58927","","0","1","0","56.99","32.47","LST","MIDWEST","MW QT MAXX CRT MAT BLK 30IN"
"","58928","","0","1","0","69.99","38.46","LST","MIDWEST","MW QT MAXX CRT MAT BLK 36IN"
"","58929","","0","1","0","94.99","46.76","LST","MIDWEST","MW QT MAXX CRT MAT BLK 42IN"
"","58931","","0","1","0","104.99","51.96","LST","MIDWEST","MW QT MAXX CRT MAT BLK 48IN"
"","59361","","0","1","0","34.99","19.15","LST","PETSAFE","PETSF BOUNDARY FLGS 50pk"
"","59465","","0","1","0","239.99","150","LST","PETSAFE","PETSF STAY&PLAY XTRA RCVR 1ea"
"","59484","","0","1","0","11.99","6","LST","PETSAFE","PETSF 3V LITH BATTERY 2pc"
"","59489","","0","1","0","229.99","150","LST","PETSAFE","PETSF WIRELESS RCVR+ 1ea"
"","59515","","0","1","0","17.99","9.05","LST","PUREBITES","PB DG CHD CHS 4.2OZ"
"","59521","","0","1","0","17.99","9.05","LST","PUREBITES","PB DG OCN WHTFSH TRT 1.8OZ"
"","59996","","0","1","0","91.99","50.08","LST","PIONEER PET","PP CT SS RAINDROP FTAN 1EA"
"","59997","","0","1","0.25","93.99","52.76","OOS","PIONEER PET","PP DG SS BIG MAX FTAN 1EA"
"","6227264","","1","1","0.25","14.99","7.56","LST","KONG","KONG SQUEEZ DENTAL BALL 1MD"
"","6227265","","0","1","0","16.99","7.9","LST","KONG","KONG SQUEEZ DENTAL STICK 1MD"
"","6227288","","1","1","0.25","6.29","3.89","OOS","NUTRI-VET","NV DG DGSTV PMPKN 15OZ"
"","6227289","","0","1","0","6.29","3.89","LST","NUTRI-VET","NV DG SWTCH PMPKN 15OZ"
"","6227290","","1","1","0","15.99","6.68","LST","JUMP","JMP DG CLR MSH CAMO 1SM"
"","6227291","","1","1","0","16.99","7.06","LST","JUMP","JMP DG CLR MSH CAMO 1MD"
"","6227292","","1","1","0.25","17.99","8.16","LST","JUMP","JMP DG CLR MSH CAMO 1LG"
"","6227293","","1","1","0.25","19.99","9.25","LST","JUMP","JMP DG CLR MSH CAMO 1XL"
"","6227294","","0","1","0","15.99","6.68","LST","JUMP","JMP DG CLR MSH ORG 1SM"
"","6227295","","0","1","0.25","16.99","7.06","LST","JUMP","JMP DG CLR MSH ORG 1MD"
"","6227296","","1","1","0","17.99","8.16","LST","JUMP","JMP DG CLR MSH ORG 1LG"
"","6227297","","1","1","0.25","19.99","9.25","LST","JUMP","JMP DG CLR MSH ORG 1XL"
"","6227298","","1","1","0","23.99","10.46","LST","JUMP","JMP DG LSH MSH CAMO 6FT"
"","6227299","","0","1","0","23.99","10.46","LST","JUMP","JMP DG LSH MSH ORG 6FT"
"","6227300","","0","1","0","28.99","13.22","LST","JUMP","JMP DG STEP IN HRN CAMO 1SM"
"","6227301","","0","1","0","29.99","13.22","LST","JUMP","JMP DG STEP IN HRN CAMO 1MD"
"","6227302","","0","1","0","31.99","14.33","LST","JUMP","JMP DG STEP IN HRN CAMO 1LG"
"","6227303","","0","1","0","33.99","14.56","LST","JUMP","JMP DG STEP IN HRN CAMO 1XL"
"","6227304","","0","1","0","28.99","13.22","LST","JUMP","JMP DG STEP IN HRN ORG 1SM"
"","6227305","","0","1","0","29.99","13.22","LST","JUMP","JMP DG STEP IN HRN ORG 1MD"
"","6227306","","0","1","0","31.99","14.33","LST","JUMP","JMP DG STEP IN HRN ORG 1LG"
"","6227307","","0","1","0","33.99","14.56","LST","JUMP","JMP DG STEP IN HRN ORG 1XL"
"","6227308","","0","1","0","28.99","12.17","LST","JUMP","JMP DG AIR MSH HRN CAMO 1XXS"
"","6227309","","0","1","0","29.99","12.69","LST","JUMP","JMP DG AIR MSH HRN CAMO 1XS"
"","6227310","","0","1","0","29.99","13.12","LST","JUMP","JMP DG AIR MSH HRN CAMO 1SM"
"","6227311","","0","1","0","30.99","13.64","LST","JUMP","JMP DG AIR MSH HRN CAMO 1MD"
"","6227312","","0","1","0","32.99","14.62","LST","JUMP","JMP DG AIR MSH HRN CAMO 1LG"
"","6227313","","0","1","0","28.99","12.17","LST","JUMP","JMP DG AIR MESH HRN ORG 1XXS"
"","6227314","","0","1","0","29.99","12.69","LST","JUMP","JMP DG AIR MESH HRN ORG 1XS"
"","6227315","","0","1","0","29.99","15.08","LST","JUMP","JMP DG AIR MESH HRN ORG 1SM"
"","6227316","","0","1","0","30.99","14.92","LST","JUMP","JMP DG AIR MESH HRN ORG 1MD"
"","6227317","","0","1","0","32.99","14.62","LST","JUMP","JMP DG AIR MESH HRN ORG 1LG"
"","6227362","24761","1","1","0.25","109.99","77.75","LST","PURINA PRO PLAN","PPLN DG LB CK&R PUP 34LB"
"","6227479","","0","1","0","124.99","67.56","LST","ESSENTIALS","ESN EXERCISE PEN DOOR 30IN"
"","6227521","","0","12","0","3.09","1.9875","LST","TIKI CAT","TIKI CT VLVT KIT PCH 2.4OZ"
"","6227522","","0","12","0","3.09","1.9875","LST","TIKI CAT","TIKI CT VLVT LUAU CH PCH 2.8OZ"
"","6227523","","12","12","0","3.09","1.9875","LST","TIKI CAT","TIKI CT VLVT LUA CH&EG PCH 2.8"
"","6227525","","0","12","0","3.09","1.9875","LST","TIKI CAT","TIKI CT LUA VLVT SL PCH 2.8OZ"
"","6227526","","0","12","0","3.09","1.9875","LST","TIKI CAT","TIKI CT VLVT LUA TRCK PCH 2.8"
"","6227527","","0","12","0.5","3.09","1.9875","LST","TIKI CAT","TIKI CT VLVT LUA TU&MK PCH 2.8"
"","6227528","","0","12","0.25","3.09","1.9875","LST","TIKI CAT","TIKI CT VLVT LUA SN PCH 2.8OZ"
"","6227529","","0","1","0","34.99","23.85","LST","TIKI CAT","TIKI CT VLVT LUA VP 12PCH2.8OZ"
"","6227532","","0","1","0.75","33.99","23.85","LST","TIKI CAT","TIKI CT LUAU VRTY 12PK 2.8OZ"
"","6227533","","0","1","0","27.99","19.35","LST","TIKI CAT","TIKI CT GRILL VRTY 12PK 2.8OZ"
"","6227535","","0","12","0","3.09","2.0708","LST","TIKI CAT","TIKI CT AFTRDRK CHK 2.8OZ"
"","6227536","","0","12","0","3.09","2.0708","LST","TIKI CAT","TIKI CT AFTRDRK CK&BF 2.8OZ"
"","6227537","","0","12","1","3.09","2.0708","LST","TIKI CAT","TIKI CT AFTRDRK CK&DK 2.8OZ"
"","6227538","","0","12","1","3.09","2.0708","LST","TIKI CAT","TIKI CT AFTRDRK CK&QL 2.8OZ"
"","6227541","","0","8","0","5.69","3.2175","LST","TIKI CAT","TIKI CT AFTRDRK CHK 5.5OZ"
"","6227542","","0","8","0","5.69","3.2175","LST","TIKI CAT","TIKI CT AFTRDRK CK&DK 5.5OZ"
"","6227543","","0","8","0","5.69","3.2175","LST","TIKI CAT","TIKI CT AFTRDRK CK&QL 5.5OZ"
"","6227544","","0","8","0","5.69","3.2175","LST","TIKI CAT","TIKI CT AFTRDRK CK&LMB 5.5OZ"
"","6227545","","0","12","0","2.89","1.9542","LST","TIKI CAT","TIKI CT LUAU CHK 2.8OZ"
"","6227546","","0","12","0","2.89","1.9542","LST","TIKI CAT","TIKI CT LUAU CK&EGG 2.8OZ"
"","6227547","","0","12","0","2.89","1.9542","LST","TIKI CAT","TIKI CT LUAU SL 2.8OZ"
"","6227559","","0","8","0","4.99","3.2125","LST","TIKI CAT","TIKI CT LUAU CHK 6OZ"
"","6227560","","0","8","0","4.99","3.2125","LST","TIKI CAT","TIKI CT LUAU CK&EGG 6OZ"
"","6227561","","0","8","0","4.99","3.2125","LST","TIKI CAT","TIKI CT LUAU SL 6OZ"
"","6227562","","0","8","0","4.99","3.2125","LST","TIKI CAT","TIKI CT LUAU SL&CK 6OZ"
"","6227564","","8","8","0","4.99","3.2125","LST","TIKI CAT","TIKI CT LUAU TU&MK 6OZ"
"","6227566","","0","8","0","3.49","2.2563","LST","TIKI CAT","TIKI CT GRILL TUNA 6OZ"
"","6227567","","0","8","0.25","3.49","2.2563","LST","TIKI CAT","TIKI CT GRILL TU&CRB 6OZ"
"","6227568","","0","8","0","3.49","2.2563","ROS","TIKI CAT","TIKI CT GRILL TU&CRB CNSM 6OZ"
"","6227569","","0","8","0.25","3.49","2.2563","LST","TIKI CAT","TIKI CT GRILL TU&PRAWN 6OZ"
"","6227570","","0","8","0","3.49","2.2563","LST","TIKI CAT","TIKI CT GRILL MK&SRD 6OZ"
"","6227571","","0","8","0","3.49","2.2563","LST","TIKI CAT","TIKI CT GRILL SRD CTLTS 6OZ"
"","6227572","","0","8","0","3.49","2.2563","LST","TIKI CAT","TIKI CT GRILL SRD&LOB 6OZ"
"","6227573","","1","1","0","22.99","14.75","LST","TIKI CAT","TIKI CT BRTHS VRTY 12PCH 1.3OZ"
"","6227582","","0","1","0.5","26.99","16.95","LST","TIKI CAT","TIKI CT ALOHA VRTY 12PK 3OZ"
"","6227596","","0","8","1","3.49","2.2563","LST","TIKI CAT","TIKI CT ALOHA TU&PMP 5.5OZ"
"","6227604","","0","1","0","64.99","40.64","LST","TIKI CAT","TIKI CT BRN CARN CK&HRG 5.6LB"
"","6227605","","2","1","0","37.99","24.87","LST","TIKI CAT","TIKI CT BRN CARN HRG&SL 2.8LB"
"","6227618","","0","4","0","2.99","1.8975","ROS","TIKI DOG","TIKI DG WRLD ASIA CK&P CUP 3OZ"
"","6227642","","0","1","0","44.99","25.36","LST","ADAPTIL","ADTL DG CLR MD LG 1EA"
"","6227643","","0","1","0","44.99","25.36","LST","ADAPTIL","ADTL DG CLR SM 1EA"
"","6227645","","0","1","0","92.99","55","OOS","ADAPTIL","ADTL DG REFIL 3PK"
"","6227646","","0","1","0","28.99","16.9","LST","ADAPTIL","ADTL DG SPRAY 20ML"
"","6227647","","0","1","0.25","92.99","54","LST","FELIWAY","FELIWAY CT CLS REFIL 3PK"
"","6227649","","0","1","0","92.99","54","LST","FELIWAY","FELIWAY CT FRD REFIL 3PK"
"","6227662","","0","1","0","39.99","24.22","LST","BLUE BUFFALO","BLU DG TRU SLTN WTCRE 5LB"
"","6227664","","0","1","0","39.99","24.22","LST","BLUE BUFFALO","BLU DG TRU SLTN SK&CO 5LB"
"","6227665","","0","12","0","5.29","3.1692","LST","BLUE BUFFALO","BLU DG TRU SLTN SENSTM 12.5OZ"
"","6227671","","0","1","0","94.99","54.57","LST","BLUE BUFFALO","BLU CT TRU SLTN URINARY 15LB"
"","6227673","","0","1","0","55.99","31.05","OOS","BLUE BUFFALO","BLU CT TRU SLTN DGTV 6LB"
"","6227675","","0","1","0","55.99","31.05","LST","BLUE BUFFALO","BLU CT TRU SLTN URINARY 6LB"
"","6227677","","0","24","1.75","3.99","2.0958","LST","BLUE BUFFALO","BLU CT TRU SLTN DGTV 5.5OZ"
"","6227678","","0","24","0","3.99","2.1558","LST","BLUE BUFFALO","BLU CT TRU SLTN WTCRE 5.5OZ"
"","6227679","","0","24","0.25","3.99","2.0958","LST","BLUE BUFFALO","BLU CT TRU SLTN URINARY 5.5OZ"
"","6227680","","0","24","0","3.99","2.0958","LST","BLUE BUFFALO","BLU CT TRU SLTN SK&CO 5.5OZ"
"","6227681","","0","24","3","2.89","1.4775","ROS","BLUE BUFFALO","BLU CT TRU SLTN DGTV 3OZ"
"","6227683","","0","24","1.5","2.89","1.4775","LST","BLUE BUFFALO","BLU CT TRU SLTN URINARY 3OZ"
"","6227762","","0","20","0","4.79","2.51","LST","ETTA SAYS!","ETTA DG DELUXE LAMB 7IN"
"","6227763","","0","20","0.25","4.79","2.51","LST","ETTA SAYS!","ETTA DG DELUXE CHICKEN 7IN"
"","6227764","","0","20","0","4.79","2.51","LST","ETTA SAYS!","ETTA DG DELUXE TURKEY 7IN"
"","6227765","","0","20","0","4.49","2.275","LST","ETTA SAYS!","ETTA DG SELECT LIVER 7IN"
"","6227766","","0","20","0","4.49","2.275","OOS","ETTA SAYS!","ETTA DG SELECT SAUSAGE 7IN"
"","6227767","","0","20","0","4.49","2.275","LST","ETTA SAYS!","ETTA DG SELECT BACON 7IN"
"","6227830","","0","1","0","24.99","12.19","LST","PET CENTER","PC DG BEEF STAKES8OZ"
"","6227831","","0","10","0","14.99","6.957","LST","PET CENTER","PC DG BLLY WRP PZZLE W/JRKY9IN"
"","6227832","","0","1","0","19.79","9.6","LST","GRANVILLE ISLAND PET TREATERY","GRAN DG CT SARDINE TRTS90G"
"","6227976","57130","2","1","0.5","9.99","5","OOS","FRESH 4 LIFE","F4L NTRL PINE BDNG 20L"
"","6227977","35270","0","1","0.25","13.99","7","OOS","FRESH 4 LIFE","F4L NTRL PINE BDNG 41L"
"","6227978","35190","0","1","0","22.99","12.56","LST","FRESH 4 LIFE","F4L NTRL PINE BDNG 125L"
"","6227979","56067","3","1","0.25","13.99","7.69","OOS","FRESH 4 LIFE","F4L NTRL ASPN BDNG 41L"
"","6227980","56069","0","1","0.5","22.99","13.79","LST","FRESH 4 LIFE","F4L NTRL ASPN BDNG 125L"
"","6228670","25412","0","1","0.25","24.99","16.85","LST","GO! SOLUTIONS","GO! DG S&C WG DUCK 3.5LB"
"","6228911","","0","1","0","31.99","15.56","LST","FLUVAL","FLVL P25 PRST SBMRSBL HTR 25W"
"","6229235","","0","1","0","5.99","3","ROS","PET VALU","FREEZER BAG - PET VALU 1EA"
"","6229236","","0","1","0","5.99","3","ROS","PET VALU","FREEZER BAG - PAULMAC'S 1EA"
"","6229244","","0","1","0","79.99","40","LST","BAILEY & BELLA","B&B SHLDR SOFT CARRIER GR 1SM"
"","6229245","","0","1","0","79.99","40","LST","BAILEY & BELLA","B&B SHLDR SOFT CARRIER NV 1SM"
"","6229246","","0","1","0","109.99","55","LST","BAILEY & BELLA","B&B EXPAND SOFT CARRIER GR 1MD"
"","6229248","","0","1","0","139.99","76","LST","BAILEY & BELLA","B&B WHEEL SOFT CARRIER GR 1EA"
"","6229249","","0","1","0","109.99","55","LST","BAILEY & BELLA","B&B BACKPACK CARRIER GR 1EA"
"","6229252","","1","1","0","5.99","3","OOS","ESSENTIALS","ESN COMPOST POOP BAG 60 PK"
"","6229253","","0","1","0.5","10.99","5.8","LST","ESSENTIALS","ESN COMPOST POOP BAG 120 PK"
"","6229525","","0","1","0","11.99","6.17","ROS","PUPPY CAKE","PUP SCOOPS DGCAKE MIX BNNA 9oz"
"","6229565","","0","1","0","1.49","0.05","LST","PERFORMATRIN NATURALS","PERF NTRL DG HG BF AD SMP4OZ"
"","6229572","","0","1","0","109.99","62.37","LST","ESSENTIALS","ESN EXERCISE PEN DOOR 24IN"
"","6229573","","0","1","0.25","139.99","77.95","LST","ESSENTIALS","ESN EXERCISE PEN DOOR 36IN"
"","6229574","","0","1","0","154.99","88.34","LST","ESSENTIALS","ESN EXERCISE PEN DOOR 42IN"
"","6229602","","0","1","0","1.49","0.05","LST","PERFORMATRIN ULTRA","PERF ULT DG AG WDS LGBR SMP4OZ"
"","6229603","","0","1","0","1.49","0.05","LST","PERFORMATRIN ULTRA","PERF ULT DG AG WDS SMP 4OZ"
"","6229604","","0","1","0","2.49","0.05","LST","PERFORMATRIN ULTRA","PERF ULT CT GF FARMSTD SMP 4OZ"
"","6229615","","0","1","0.25","51.99","31.18","LST","ESSENTIALS","ESN OPEN TOP PLASTIC CARR 1SM"
"","6229616","","0","1","0","72.99","41.57","LST","ESSENTIALS","ESN OPEN TOP PLASTIC CARR 1MD"
"","6229619","","1","1","0","7.49","4.61","LST","GREENIES","GREENIES CT DNTL CATNIP 4.6OZ"
"","6229620","63986","0","1","0.75","4.49","2.77","LST","GREENIES","GREENIES CT DNTL CATNIP 2.1OZ"
"","6229622","11211","0","1","0.25","7.49","4.61","LST","GREENIES","GREENIES CT DNTL CHKN 4.6OZ"
"","6229624","11215","0","1","0.5","7.49","4.61","LST","GREENIES","GREENIES CT DNTL SALMON 4.6OZ"
"","6229627","11205","2","1","0.75","4.49","2.77","LST","GREENIES","GREENIES CT DNTL SALMON 2.1OZ"
"","6229628","1101910","1","1","0.5","14.49","10.8","LST","GREENIES","GREENIES CT DNTL CHKN 9.75OZ"
"","6229862","","0","1","0","29.99","16.71","LST","OUTWARD HOUND","OH DG TORNADO PUZZLE 1EA"
"","6229863","","0","1","0","31.99","17.59","LST","OUTWARD HOUND","OH DG BRICK PUZZLE 1EA"
"","6229864","","0","1","0","31.99","17.59","LST","OUTWARD HOUND","OH DG TWISTER PUZZLE 1EA"
"","6229946","","0","1","0","32.99","15.7","LST","BAILEY & BELLA","BB PLUSH RND BED GRY 1EA"
"","6229953","","0","1","0","41.99","27.1","LST","ADVANTAGE","ADVNTG II KIT 2PK"
"","6229954","","0","1","0.25","46.99","30.3","LST","ADVANTAGE","ADVNTG II CT SM 2PK"
"","6229955","","0","1","0","46.99","30.3","LST","ADVANTAGE","ADVNTG II CT LG 2PK"
"","6229956","","0","1","0","46.99","30.3","LST","ADVANTAGE","ADVNTG II DG SM 2PK"
"","6229957","","0","1","0","46.99","30.29","LST","ADVANTAGE","ADVNTG II DG MD 2PK"
"","6229958","","0","1","0.25","51.99","33.54","LST","ADVANTAGE","ADVNTG II DG LG 2PK"
"","6229959","","1","1","0.25","51.99","33.54","LST","ADVANTAGE","ADVNTG II DG XL 2PK"
"","6229960","","0","1","0","58.99","37.36","LST","K9 ADVANTIX","K9 ADVNTX DG SM 2PK"
"","6229961","","0","1","0","58.99","37.36","LST","K9 ADVANTIX","K9 ADVNTX DG MD 2PK"
"","6229962","","0","1","0","64.99","41.27","LST","K9 ADVANTIX","K9 ADVNTX DG LG 2PK"
"","6229963","","1","1","0.5","64.99","41.27","LST","K9 ADVANTIX","K9 ADVNTX DG XL 2PK"
"","6229982","15919","0","1","0","33.99","21.42","LST","NATURAL BALANCE","NB DG LID DK&POT 4LB"
"","6229983","15937","0","1","0","102.99","71.59","LST","NATURAL BALANCE","NB DG LID SL&SP 24LB"
"","6229984","15935","0","1","0","32.99","19.15","LST","NATURAL BALANCE","NB DG LID SL&SP 4LB"
"","6229987","15936","0","1","0","61.99","42.92","LST","NATURAL BALANCE","NB DG LID SL&SP 12LB"
"","6230031","15922","0","1","0","33.99","21.34","LST","NATURAL BALANCE","NB DG SMBR LID DK&POT 4LB"
"","6230032","15938","1","1","0.5","32.99","19.15","LST","NATURAL BALANCE","NB DG SMBR LID SL&SP 4LB"
"","6230061","","0","1","0.25","17.99","8.58","LST","NORTHERN BISCUIT","NRTH BSC DG MINI M CND B&L450G"
"","6230062","","1","1","0","17.99","8.58","LST","NORTHERN BISCUIT","NRTH BSC DG MINI M PPK&PNT450G"
"","6230067","","1","1","0","27.99","15.26","OOS","PACIFIC 21","PACFC 21 DG SLM JERKY VP4.93OZ"
"","6230073","","1","1","0","19.99","10.46","LST","OXBOW","OXB HIDE & SEEK MAT 1SM"
"","6230574","","0","1","0","13.99","6.5","LST","EARTH RATED","ER WIPES UNSCNTD 100CT"
"","6230575","","0","1","0.5","13.99","6.5","LST","EARTH RATED","ER WIPES LVNDR 100CT"
"","6230601","","0","1","0","65.99","41.06","LST","ZEAL","ZEAL DG TKY 2.2LB"
"","6231144","43839","0","1","0","25.99","13.85","LST","THE MISSING LINK","PET KELP SKIN& COAT CA 1EA"
"","6231145","43838","0","1","0","25.99","13.85","LST","THE MISSING LINK","PET KELP JOINT& BONE CA 1EA"
"","6231146","43861","0","1","0","25.99","13.85","OOS","THE MISSING LINK","PET KELP PROBIOTIC CA 8OZ"
"","6231175","","0","1","0","29.99","18.74","OOS","ZEAL","ZEAL DG SLM 1LB"
"","6232109","45635","0","1","0","21.99","9.35","LST","ESSENTIALS","ESN DISP DIAPER 12XS"
"","6232110","45636","0","1","0.25","21.99","9.89","LST","ESSENTIALS","ESN DISP DIAPER 12SM"
"","6232111","45637","1","1","0","22.99","10.38","LST","ESSENTIALS","ESN DISP DIAPER 12MED"
"","6232112","45605","0","1","0.25","24.99","11.41","LST","ESSENTIALS","ESN DISP DIAPER 12LG"
"","6232113","45606","0","1","0.25","25.99","12.97","LST","ESSENTIALS","ESN DISP DIAPER 12XL"
"","6232120","1503375","0","1","0","21.99","9.32","LST","ESSENTIALS","ESN MALE DIAPER WRAP 12XS"
"","6232121","1503376","0","1","0","21.99","9.89","LST","ESSENTIALS","ESN MALE DIAPER WRAP 12SM"
"","6232122","1503377","0","1","0","22.99","10.38","LST","ESSENTIALS","ESN MALE DIAPER WRAP 12MD"
"","6232124","1503378","0","1","0","24.99","11.41","LST","ESSENTIALS","ESN MALE DIAPER WRAP 12LG"
"","6232294","30595","0","1","0","33.99","18.5","LST","NORTHERN BISCUIT","NRTH BSC DG BCN BLR 1.36KG"
"","6232295","1102563","0","1","0","33.99","18.5","LST","NORTHERN BISCUIT","NRTH BSC DG LIVER 1.36KG"
"","6232296","30596","0","1","0","33.99","18.5","LST","NORTHERN BISCUIT","NRTH BSC DG PUMPKIN PIE 1.36KG"
"","6232297","1102564","0","1","0","33.99","18.5","LST","NORTHERN BISCUIT","NRTH BSC DG PEANUT 1.36KG"
"","6232424","","0","1","0","22.99","15.5","LST","GO! SOLUTIONS","GO! DG S&C TKY WGRAINS 3.5LB"
"","6232429","","0","1","0","29.99","20.23","LST","GO! SOLUTIONS","GO! DG CNV GF LMB&BR 3.5LB"
"","6232430","","0","1","0","77.99","52.6","LST","GO! SOLUTIONS","GO! DG CNV GF LMB&BR 12LB"
"","6232431","","0","1","0","117.99","79.58","LST","GO! SOLUTIONS","GO! DG CNV GF LMB&BR 22LB"
"","6232432","","1","1","0","27.99","18.88","LST","GO! SOLUTIONS","GO! DG CNV GF SL&COD 3.5LB"
"","6232433","","1","1","0","71.99","48.55","LST","GO! SOLUTIONS","GO! DG CNV GF SL&COD 12LB"
"","6232434","","0","1","0","111.99","75.53","LST","GO! SOLUTIONS","GO! DG CNV GF SL&COD 22LB"
"","6232435","","0","1","0","76.99","51.93","LST","GO! SOLUTIONS","GO! DG SENS LID GF DUCK 12LB"
"","6232436","","0","1","0","76.99","51.93","LST","GO! SOLUTIONS","GO! DG SENS LID GF LMB 12LB"
"","6232438","","2","1","0.5","70.99","47.88","LST","GO! SOLUTIONS","GO! DG SENS LID GF SL 12LB"
"","6232440","","0","1","0","27.99","18.88","LST","GO! SOLUTIONS","GO!DG SENS LIDGF SL SMBT 3.5LB"
"","6232441","","1","1","0","44.99","30.34","LST","GO! SOLUTIONS","GO! DG SENS LID GF SL SMBT 6LB"
"","6232442","","0","1","0","108.99","73.51","LST","GO! SOLUTIONS","GO!DG SENS LID GF SL SMBT 22LB"
"","6232443","","1","1","0","85.99","58","LST","GO! SOLUTIONS","GO! CT S&C CHK 16LB"
"","6232444","","1","1","0.25","24.99","16.86","LST","GO! SOLUTIONS","GO! CT S&C GF SL 3LB"
"","6232445","","1","1","0","51.99","35.07","LST","GO! SOLUTIONS","GO! CT S&C GF SL 8LB"
"","6232464","","1","1","0.25","29.99","20.23","LST","GO! SOLUTIONS","GO! CT CNV GF SL&COD 3LB"
"","6232465","","1","1","0.25","61.99","41.81","LST","GO! SOLUTIONS","GO! CT CNV GF SL&COD 8LB"
"","6232467","","0","1","0","108.99","73.51","LST","GO! SOLUTIONS","GO! CT SENS LID GF DUCK 16LB"
"","6232603","","1","1","0","15.99","8.07","LST","CHUCKIT","CHUCKIT ULTRA FETCH STICK 1EA"
"","6232604","1502268","0","1","0","17.99","9.75","LST","CHUCKIT","CHUCKIT BREATHE RIGHT BALL 2MD"
"","6232607","89504","0","1","0","17.99","10.06","LST","CHUCKIT","CHUCKIT ULTRA SQUEAKER 2MD"
"","6232642","","1","1","0","29.99","19.58","LST","ZIGNATURE","ZIGNATURE DG LID SMBT KANGA4LB"
"","6232643","","0","1","0","79.99","53.89","LST","ZIGNATURE","ZIGNATURE DGLIDSMBT KNG 12.5LB"
"","6232699","","0","1","0","14.99","6.51","LST","KONG","KONG SIGNATURE STICK 1MD"
"","6232715","","0","6","0","5.69","3.3","LST","TIKI CAT","TIKI CAT TUNA CRUNCHERS 2OZ"
"","6232725","","0","1","0","79.99","54.25","LST","VAN NESS","VN CALM CARRIER 20IN"
"","6232734","","0","1","0.25","103.99","72.86","LST","OPEN FARM","OPFM DG TK&OAT ANCNT G 22LB"
"","6232754","","1","1","0","109.99","77.07","LST","OPEN FARM","OPFM DG BF&OAT ANCNT G 22LB"
"","6233000","1103471","0","1","0","66.99","44.74","LST","ACANA","ACANA CT HP RGNL WILD PR 9.9LB"
"","6233001","1103474","0","1","0","66.99","44.76","LST","ACANA","ACANA CT HP RGNL GRSSLND 9.9LB"
"","6233002","1103468","1","1","0.5","66.99","44.76","LST","ACANA","ACANA CT HP RGNL PCIFIC 9.9LB"
"","6233003","","0","1","0.25","29.99","19.74","LST","ACANA","ACANA CT FRST FST KIT 4LB"
"","6233004","","0","1","0.5","29.99","19.74","LST","ACANA","ACANA CT HMSTD HRVST 4LB"
"","6233005","","2","1","0.75","55.99","37.98","LST","ACANA","ACANA CT HMSTD HRVST 9.9LB"
"","6233006","","0","1","0.5","29.99","19.74","LST","ACANA","ACANA CT INDR ENTRE 4LB"
"","6233007","","0","1","0","55.99","37.98","LST","ACANA","ACANA CT INDR ENTRE 9.9LB"
"","6233008","","1","1","0.5","29.99","19.74","LST","ACANA","ACANA CT BNTFL CTCH 4LB"
"","6233009","","0","1","0.25","55.99","37.98","LST","ACANA","ACANA CT BNTFL CTCH 9.9LB"
"","6233013","","0","1","0.75","35.99","23.68","LST","ORIJEN","ORIJEN DG SMBRD 4LB"
"","6233014","","3","1","0.25","70.99","48.13","LST","ORIJEN","ORIJEN DG SMBRD 10LB"
"","6233652","","0","1","0","31.99","15.65","LST","MAX & MOLLY URBAN PETS","MX&ML DG SMRTID CLR DONUT 1LG"
"","6233659","","0","1","0","27.99","14.03","LST","MAX & MOLLY URBAN PETS","MX&ML DG SMRTID CLR DONUT 1MD"
"","6233855","","0","1","0","20.99","10.45","LST","MAX & MOLLY URBAN PETS","MX&ML DG SMRTID CLR DONUT 1XS"
"","6234059","","0","1","0","79.99","45","LST","PETSAFE","PETSF PET FTAN 3.7L"
"","6234144","","0","30","0","8.29","3.55","LST","PERFORMATRIN ULTRA","PERF ULT HD-F CH RLL 4IN MD"
"","6234145","","21","21","0","13.99","6.6667","LST","PERFORMATRIN ULTRA","PERF ULT HD-F CH RLL 7IN LG"
"","6234149","","0","1","0","14.99","6.34","LST","PERFORMATRIN ULTRA","PERF ULT HD-F CH STK5IN3.5OZ"
"","6234425","","0","1","0","72.99","40.12","LST","PIONEER PET","PP CT SWAN FTAN 1EA"
"","6234449","","0","1","0","12.99","6.24","ROS","TUFF LOVE","TL OCTOPUS DG TOY 1SM"
"","6234450","","2","1","0","19.99","9.87","LST","TUFF LOVE","TL OCTOPUS DG TOY 1MD"
"","6234451","","0","1","0.25","25.99","12.99","LST","TUFF LOVE","TL OCTOPUS DG TOY 1LG"
"","6234452","","0","1","0","9.99","4.8","ROS","TUFF LOVE","TL WHALE DG TOY 1SM"
"","6234454","","1","1","0.25","19.99","10","LST","TUFF LOVE","TL WHALE DG TOY 1LG"
"","6234456","","0","1","0","19.99","10","LST","TUFF LOVE","TL LION DG TOY 1MD"
"","6234457","","0","1","0.5","25.99","13","LST","TUFF LOVE","TL LION DG TOY 1LG"
"","6234614","","0","1","0","24.99","12.47","LST","MAX & MOLLY URBAN PETS","MX&ML DG SMRTID CLR DONUT 1SM"
"","6234620","","0","1","0","4.99","2.5","LST","LIVING WORLD","LW SB SND PRCH CVR 6PK"
"","6234621","","0","1","0","5.99","3","LST","LIVING WORLD","LW CKTL SND PRCH CVR 3PK"
"","6234623","","0","1","0.25","7.99","3.4","LST","HARI","HARI BRD OYSTER SHL 15OZ"
"","6234670","","0","12","0","3.99","1.6433","LST","JAY'S","JAYS TA DG CHICKEN MEATBARS1oz"
"","6234855","","2","1","0.75","4.99","2.29","LST","ESSENTIALS","ESN PPBG DSP BLK UNSC 1EA"
"","6234860","","1","1","0.25","17.99","10","LST","CRUMPS' NATURALS","CRMP DG MINI TRAIN FD BF4.4oz"
"","6234861","","0","1","0","17.99","10","LST","CRUMPS' NATURALS","CRMP DG MINI TRAIN BF10.6oz"
"","6234862","","1","1","0.25","17.99","10","LST","CRUMPS' NATURALS","CRMP DG MINI TRAIN CK 10.6oz"
"","6234863","","0","1","0","15.99","6.5","LST","ZIGNATURE","ZIGNATURE DG KANGARO ZIGGY12OZ"
"","6234864","","0","1","0","15.99","6.5","LST","ZIGNATURE","ZIGNATURE DG LAMB ZIGGY 12OZ"
"","6234865","","0","1","0","15.99","6.5","LST","ZIGNATURE","ZIGNATURE DG TKY ZIGGY 12OZ"
"","6234866","","0","1","0.5","15.99","6.5","OOS","ZIGNATURE","ZIGNATURE DG SLMN ZIGGY 12OZ"
"","6234867","","0","24","0","3.49","2.1883","LST","HILL'S SCIENCE DIET","SD CT AD CK CSSRL 2.8OZ PCH"
"","6234868","","0","24","0","3.49","2.1883","LST","HILL'S SCIENCE DIET","SC CT AD 7+ TUNA DNR 2.8OZ PCH"
"","6234869","","1","1","0","125.99","92.7","LST","HILL'S SCIENCE DIET","SD DG AD SS SB 30LB"
"","6234875","","0","12","0","5.79","3.6975","LST","HILL'S SCIENCE DIET","SD DG SEN ST&SK CK&VG 12.8OZ"
"","6234884","","0","1","0","33.99","21.34","LST","NATURAL BALANCE","NB DG LID DCK&BR 4LB"
"","6234901","","0","1","0","15.99","7.5","LST","THIS & THAT","T&T DG SYDNEYS STOGIES 3PC"
"","6234903","","0","1","0.25","11.99","5.65","LST","THIS & THAT","T&T DG SYDNEYS SM PLANKS 1EA"
"","6234904","","0","1","0.25","11.99","5.65","LST","THIS & THAT","T&T DG SYDNEYS LG PLANKS 1EA"
"","6234905","","0","1","0.75","18.99","9.71","LST","THIS & THAT","T&T DG SYDNEYS WOLFFISH 1EA"
"","6234911","","0","1","0","18.99","10.08","LST","THIS & THAT","T&T DG ENHA ANT MPL BCN SM 1EA"
"","6234912","","0","1","0","26.99","14.23","LST","THIS & THAT","T&T DG ENHA ANT MPL BCN MD 1EA"
"","6234913","","0","1","0","37.99","20.19","LST","THIS & THAT","T&T DG ENHA ANT MPL BCN LG 1EA"
"","6234915","","0","1","0","18.99","10.08","LST","THIS & THAT","T&T DG ENHA ANT BEEF LVR SM1EA"
"","6234916","","0","1","0","26.99","14.23","LST","THIS & THAT","T&T DG ENHA ANT BEEF LVR MD1EA"
"","6234917","","0","1","0","35.99","19.1","LST","THIS & THAT","T&T DG ENHA ANT BEEF LVR LG1EA"
"","6234925","","0","1","0","129.99","82.2","LST","ROYAL CANIN","RCSHN DG PUP GIANT 30LB"
"","6234931","","0","1","0.5","36.99","18.5","LST","PETSAFE","PETSF DG EZ WALK HRN 1M/L"
"","6234984","","0","1","0","36.99","27.84","LST","PURINA PRO PLAN","PPLN CT LIVECLEAR CHK&R 3.5LB"
"","6235000","","0","1","0","64.99","47.72","LST","PURINA PRO PLAN","PPLN CT LIVECLEAR CHK RICE 7LB"
"","6235001","","0","1","0","109.99","83.24","LST","PURINA PRO PLAN","PPLN DG SPT CK&R 30/20 37.5LB"
"","6235002","","0","1","0.25","74.99","59.78","LST","PURINA PRO PLAN","PPLN DG SPEC SS&S LMB&OM 16LB"
"","6235003","","0","1","0.25","74.99","59.78","LST","PURINA PRO PLAN","PPLN DG SS&S PUP 16LB"
"","6235035","","0","1","0","43.99","27.7","ROS","STELLA & CHEWY'S","SC DG RW BLND WG CG FREE 3.5LB"
"","6235037","","0","1","0","44.99","28.37","LST","STELLA & CHEWY'S","SC DG RW BLND WG REDMEAT 3.5LB"
"","6235038","","0","1","0","159.99","103.37","LST","STELLA & CHEWY'S","SC DG RW BLND WG REDMEAT 22LB"
"","6235060","","0","35","0.25","17.99","10.1246","LST","REDBARN","RB DG BULLY RING SM 1EA"
"","6235061","","25","25","0","31.99","18.0488","LST","REDBARN","RB DG BULLY STICKS 24IN"
"","6235063","","10","10","0","12.49","6.484","LST","REDBARN","RB DG PUFF BRAID ESOPGS LG 1EA"
"","6235082","","20","20","0.25","8.69","4.7635","LST","REDBARN","RB DG NT FLD BN CK&BC SM3.5OZ"
"","6235083","","0","20","0","8.69","4.7635","LST","REDBARN","RB DG NT FLD BN PB SM3.5OZ"
"","6235084","","0","15","0","14.99","7.7173","LST","REDBARN","RB DG NT FLD BN CK&AP LG8OZ"
"","6235085","","0","15","0","14.99","7.7173","LST","REDBARN","RB DG NT FLD BN CK&BC LG8OZ"
"","6235086","","0","15","0","14.99","7.7173","LST","REDBARN","RB DG NT FLD BN PB LG8OZ"
"","6235094","","0","6","0.5","3.39","1.5683","LST","BLUE BUFFALO","BB BURSTS FLD CAT TRTS CHKN2OZ"
"","6235095","","0","6","0","3.39","1.5683","LST","BLUE BUFFALO","BB BURSTS FLD CAT TTS SEAFD2OZ"
"","6235096","","6","6","0","5.99","3.23","LST","BLUE BUFFALO","BB BURSTS FLD CAT TRTS CHKN5OZ"
"","6235097","","0","6","0","5.99","3.165","LST","BLUE BUFFALO","BB BURSTS FLD CAT TTS SEAFD5OZ"
"","6235115","","0","1","0","62.99","31.5","ROS","BAILEY & BELLA","BB BON EMB RND BED TPE 38IN"
"","6235236","","0","1","0.25","20.99","9.45","LST","JUMP","JMP DG TRN LD 20FT"
"","6235237","","0","1","0","24.99","14","LST","JUMP","JMP DG TRN LD 30FT"
"","6235238","","0","1","0.25","34.99","15.75","LST","JUMP","JMP DG TRN LD 50FT"
"","6235348","","0","1","0","16.99","9.34","LST","PIONEER PET","PP CT SWAN FLTR 3PK"
"","6235488","","0","1","0","139.99","76.99","LST","BOWSERS","BWSR SHG DOT BED WHT 36X30 1EA"
"","6235489","","0","1","0","184.99","110.99","LST","BOWSERS","BWSR SHG DOT BED WHT 43X34 1EA"
"","6235490","","0","1","0","219.99","131.99","LST","BOWSERS","BWSR SHG DOT BED WHT 50X38 1EA"
"","6235491","","0","1","0","139.99","76.99","LST","BOWSERS","BWSR LOUNGER CHAR 35X28 1EA"
"","6235492","","0","1","0","184.99","110.99","LST","BOWSERS","BWSR LOUNGER CHAR 39X30 1EA"
"","6235493","","0","1","0","219.99","131.99","LST","BOWSERS","BWSR LOUNGER CHAR 47X35 1EA"
"","6235880","","0","1","0","17.99","7.05","ROS","JUMP","JMP DG CLR DOT GREY 1LG"
"","6236045","","0","1","0","39.99","23.6","OOS","HERM SPRENGER","HERM DG PRNG CLR 14IN"
"","6236046","","0","1","0","48.99","28.02","OOS","HERM SPRENGER","HERM DG PRNG CLR 18IN"
"","6236047","","0","1","0","51.99","32.2","OOS","HERM SPRENGER","HERM DG PRNG CLR 20IN"
"","6236048","","0","1","0","61.99","39.02","OOS","HERM SPRENGER","HERM DG PRNG CLR 22IN"
"","6236049","","0","1","0","49.99","30.9","OOS","HERM SPRENGER","HERM DG QK RLSE PRNG CLR 14IN"
"","6236050","","0","1","0","59.99","34.99","OOS","HERM SPRENGER","HERM DG QK RLSE PRNG CLR 18IN"
"","6236051","","0","1","0","64.99","36.16","OOS","HERM SPRENGER","HERM DG QK RLSE PRNG CLR 20IN"
"","6236053","","0","1","0","14.99","8.09","OOS","HERM SPRENGER","HERM DG PRNG LINKS 2.25MM 3PK"
"","6236054","","0","1","0","18.99","10.4","LST","HERM SPRENGER","HERM DG PRNG LINKS 3MM 3PK"
"","6236055","","0","1","0","19.99","11.05","OOS","HERM SPRENGER","HERM DG PRNG LINKS 3.25MM 3PK"
"","6236056","","0","1","0","24.99","14","OOS","HERM SPRENGER","HERM DG PRNG LINKS 3.80MM 3PK"
"","6236164","46521","0","1","0","59.99","32.2","LST","POOCH PAD","PCHPD REUSE POTTY PAD LG 2PK"
"","6236365","1103548","0","1","0.25","35.99","23.7","LST","ACANA","ACANA DG SNGLS LMB&APL 4LB"
"","6236366","1103550","2","1","0.25","76.99","52.19","LST","ACANA","ACANA DG SNGLS LMB&APL 11.9LB"
"","6236367","1103547","0","1","0.5","125.99","89.2","LST","ACANA"," ACANA DG SNGLS LMB&APL 23.8LB"
"","6236370","1103555","1","1","0.5","125.99","89.2","LST","ACANA","ACANA DG SNGLS DK&PEAR 23.8LB"
"","6236371","1103552","0","1","0","35.99","23.68","LST","ACANA","ACANA DG SNGLS PRK&SQSH 4LB"
"","6236373","1103551","2","1","0.25","115.99","82.09","LST","ACANA","ACANA DG SNGLS PRK&SQSH 23.8LB"
"","6236389","","0","1","0","59.99","29.33","INOT","OUTWARD HOUND","OH GRANBY SPLASH LJ ORG XL 1EA"
"","6236394","","0","1","0","59.99","29.33","INOT","OUTWARD HOUND","OH GRANBY SPLASH LJ PNK XL1EA"
"","6236395","","0","1","0","10.99","5.11","LST","HARI","HARI CHAR 8.11OZ"
"","6236441","","0","1","0","19.99","9.99","INOT","BAILEY & BELLA","S21 B&B BDAY T-SHIRT XXL 1EA"
"","6236444","","0","1","0","9.99","4.86","LST","HARI","HARI BRD CLAY-CAL SUPPL 1.27LB"
"","6236496","","0","1","0","13.99","8.57","ROS","STELLA & CHEWY'S","S&C DG CB BITES BCN&DCK8.25OZ"
"","6236865","","15","15","0","13.99","7.4","LST","OPEN RANGE","OPN RNG DG FURS-BEE 1EA"
"","6236998","","0","1","0","139.99","76.99","LST","BOWSERS","BWSR PLAID DNUT BED NAY M 1EA"
"","6236999","","0","1","0","184.99","110.99","LST","BOWSERS","BWSR PLAID DNUT BED NAY L 1EA"
"","6237000","","0","1","0.25","219.99","131.99","OOS","BOWSERS","BWSR PLAID DNUT BED NAY XL 1EA"
"","6237195","","0","1","0","54.99","27.54","ROS","BAILEY & BELLA","B&B OUTDOOR BED SLD 30X25 1EA"
"","6237534","","0","1","0","1.49","0.05","LST","GO! SOLUTIONS","GO! CT SENS LID GF DUCK SMP"
"","6237646","","0","1","0","19.99","10.39","ROS","PAWS4EARTH","P4E OCTOPUS 1MD"
"","6237729","","0","1","0","32.99","13.86","ROS","JUMP","JMP DG VST HRN DOTS PNK 1LG"
"","6237736","","0","1","0","29.99","12.6","ROS","JUMP","JMP DG VST HRN FLMNG PRPL 1XS"
"","6237741","","0","1","0.25","29.99","12.6","ROS","JUMP","JMP DG VST HRN GINGHM GREY 1XS"
"","6237744","","0","1","0","32.99","13.86","ROS","JUMP","JMP DG VST HRN GINGHM GREY 1LG"
"","6238024","","0","1","0","20.99","7.35","ROS","JUMP","JMP CLR MRTNGL PNAPL YLW 1XS"
"","6238353","","0","1","0","0.01","0.01","LST","WHIMZEES","WHMZ DG BULK RACK 1EA"
"","6238510","","0","1","0","27.99","18.43","LST","ACANA","ACANA DG HLTHY GRNS PUP 4LB"
"","6238511","","0","1","0","91.99","60.82","LST","ACANA","ACANA DG HLTHY GRNS PUP 22.5LB"
"","6238512","","0","1","0","89.99","60.12","LST","ACANA","ACANA DG HLTHY GRNS LB 22.5LB"
"","6238513","","0","1","0","27.99","18.43","LST","ACANA","ACANA DG HLTHY GRNS RD MT 4LB"
"","6238514","","2","1","0.5","97.99","65.47","LST","ACANA","ACANA DG HLTH GRNS RD MT22.5LB"
"","6238515","","1","1","0","27.99","18.43","LST","ACANA","ACANA DG HLTHY GRNS POL 4LB"
"","6238516","","0","1","0.25","89.99","60.12","LST","ACANA","ACANA DG HLTH GRNS POL 22.5LB"
"","6238999","26524","0","1","0","29.99","20.23","LST","NOW FRESH","NOW DG AD GF TK SL&DK 3.5LB"
"","6239000","26526","0","1","0","109.99","74.19","LST","NOW FRESH","NOW DG AD GF TK SL&DK 22LB"
"","6239002","26528","0","1","0","30.99","20.9","LST","NOW FRESH","NOW DG SNR GF TK SL&DK 3.5LB"
"","6239003","26531","1","1","0.5","111.99","75.53","LST","NOW FRESH","NOW DG SNR GF TK SL&DK 22LB"
"","6239005","26582","0","1","0","114.99","77.56","LST","NOW FRESH","NOW DG AD GF TROUT SL&HRG 22LB"
"","6239009","26566","0","1","0","34.99","23.6","LST","NOW FRESH","NOW DG SNR SMBR GFTK SLDK3.5LB"
"","6239012","26563","0","1","0","33.99","22.92","LST","NOW FRESH","NOW DG SMBR GF TK SL&DK 3.5LB"
"","6239013","26561","1","1","0","34.99","23.6","LST","NOW FRESH","NOW PUP SMBR GF TK SL&DK 3.5LB"
"","6239023","","0","1","0","29.99","19.44","LST","ACANA","ACANA DG FD MORSELS BF 8OZ"
"","6239024","","0","1","0","43.99","28.53","LST","ACANA","ACANA DG FD PATTIES BF 14OZ"
"","6239025","","1","1","0","29.99","19.44","LST","ACANA","ACANA DG FD MORSELS CHK 8OZ"
"","6239026","","0","1","0.25","43.99","28.53","LST","ACANA","ACANA DG FD PATTIES CHK 14OZ"
"","6239029","","0","1","0","29.99","19.44","LST","ACANA","ACANA DG FD MORSELS TKY 8OZ"
"","6239041","18729","0","1","0","30.99","20.9","LST","NOW FRESH","NOW CT AD GF TK SL&DK 3LB"
"","6239046","","0","12","0","1.39","1.1392","LST","FANCY FEAST","FF CT PETITES BRSD CK 2.8OZ"
"","6239047","","0","12","0","1.39","1.1392","LST","FANCY FEAST","FF CT PETITES WFSH&TN 2.8OZ"
"","6239048","","12","12","5","1.39","1.1392","OOS","FANCY FEAST","FF CT PETITES WLD SL 2.8OZ"
"","6239049","","0","12","0.25","1.39","1.1392","LST","FANCY FEAST","FF CT PETITES CK GRVY 2.8OZ"
"","6239063","","0","12","0.25","3.99","1.6433","LST","JAY'S","JAYS TA DG BEEF MEATBARS1oz"
"","6239064","","0","12","0.5","3.99","1.6433","LST","JAY'S","JAYS TA DG BACON MEATBARS1oz"
"","6239126","","0","1","0","16.99","7.5","INOT","HOTEL DOGGY","HD PRIDE LSH 1LG"
"","6239509","26519","1","1","0","114.99","77.56","LST","NOW FRESH","NOW PUP GF TK SL&DK 22LB"
"","6239768","","0","30","0","8.29","3.55","LST","PERFORMATRIN ULTRA","PERF ULT HD-F BEEF RLL 4IN"
"","6239769","","0","21","0","13.99","6.6667","LST","PERFORMATRIN ULTRA","PERF ULT HD-F BEEF RLL 7IN"
"","6240080","","0","24","0","3.49","2.1883","LST","HILL'S SCIENCE DIET","SD CT AD 2.8OZ PCH"
"","6240085","","0","24","0","2.69","1.6333","LST","PURINA PRO PLAN","PPLN CT ADULT 7+ PP SL&TU 3OZ"
"","6240271","","0","8","0.75","9.49","6.2625","OOS","PORTLAND PET FOOD COMPANY","PORTLAND DG BF&R POUCH 9OZ"
"","6240273","","0","8","0","9.49","6.2625","LST","PORTLAND PET FOOD COMPANY","PORTLAND DG PRK&POT POUCH 9OZ"
"","6240289","","0","1","0","10.99","5.55","LST","JAY'S","JAYS TA BEEF DOGGY BITS 6OZ"
"","6240291","","0","1","0.25","10.99","5.55","LST","JAY'S","JAYS TA DUCK DOGGY BITS 6OZ"
"","6240292","","0","1","0.25","10.99","5.55","LST","JAY'S","JAYS TA TURKEY DOGGY BITS 6OZ"
"","6240610","","6","6","0","10.99","6.0183","LST","PETRAGEOUS","PTRGS CT SUSHI SAUCER TEAL 5IN"
"","6240612","","0","4","0","15.99","8","LST","PETRAGEOUS","PTRGS DG CLASSY BONES GREY 5IN"
"","6240613","","0","4","0","23.99","13.1475","LST","PETRAGEOUS","PTRGS DG CLASSY BONES GREY 7IN"
"","6240616","","0","4","0","18.99","9.5","LST","PETRAGEOUS","PTRGS CT MEOW BOWL GREY 5IN"
"","6240617","","0","4","0","15.99","8","LST","PETRAGEOUS","PTRGS DG EAT DRNK RPT BOWL 6IN"
"","6240618","","4","4","0","23.99","13.1475","LST","PETRAGEOUS","PTRGS DG EAT DRNK RPT BOWL 8IN"
"","6240676","44417","0","1","0","16.99","8.33","LST","EARTH RATED","ER UNSCNT COMPOST BAGS 120PC"
"","6240810","15940","1","1","0","33.99","21.42","LST","NATURAL BALANCE","NB DG LID VEN&SP 4LB"
"","6240811","15942","0","1","0.25","112.99","77.55","LST","NATURAL BALANCE","NB DG LID VEN&SP 22LB"
"","6240982","35125","0","24","0","4.69","2.7188","LST","ROYAL CANIN","RCFHN CT MTHR&BBC MOUSSE 5.1OZ"
"","6240983","35126","0","24","2.25","4.69","2.7188","LST","ROYAL CANIN","RCFHN CT KIT LOAF 5.1OZ"
"","6241037","","0","1","0","13.99","6.75","LST","N-GAGE","NGAGE FLYER ORANGE 1EA"
"","6241039","","0","1","0.5","19.99","10.39","LST","N-GAGE","NGAGE BUMPER ORNG 1EA"
"","6241050","","0","1","0.25","15.99","7.79","LST","N-GAGE","NGAGE BUNGEE HDNLR ORNG 1EA"
"","6241102","","0","12","0","6.19","4.1975","LST","ACANA","ACANA DG PUP PATE 12.8OZ"
"","6241103","","0","12","0","6.39","4.3267","LST","ACANA","ACANA DG PORK CHUNK 12.8OZ"
"","6241104","","0","12","0.25","6.39","4.3267","LST","ACANA","ACANA DG LAMB CHUNK 12.8OZ"
"","6241105","","0","12","0","6.39","4.3267","LST","ACANA","ACANA DG DUCK CHUNK 12.8OZ"
"","6241106","","0","12","0","6.39","4.3267","LST","ACANA","ACANA DG POULTRY CHUNK 12.8OZ"
"","6241107","","12","12","0.75","6.39","4.3267","LST","ACANA","ACANA DG BEEF CHUNK 12.8OZ"
"","6241109","","0","12","0","7.79","5.2867","LST","ORIJEN","ORIJEN DG ORIG STEW 12.8OZ"
"","6241112","","0","12","0","7.79","5.2867","LST","ORIJEN","ORIJEN DG CHICKN STEW 12.8OZ"
"","6250440","","0","8","0","9.49","6.2625","OOS","PORTLAND PET FOOD COMPANY","PORTLAND DG CHK&YAM POUCH 9OZ"
"","6250441","","0","8","0","9.49","6.2625","OOS","PORTLAND PET FOOD COMPANY","PORTLAND DG SL&R POUCH 9OZ"
"","6250443","","0","1","0","42.99","20.75","LST","DOG GONE SMART","DGS DRTY DG DOORMAT GRY M 1EA"
"","6250444","","0","1","0","51.99","29.24","LST","DOG GONE SMART","DGS DRTY DG DOORMAT GRY L 1EA"
"","6250445","","0","1","0","114.99","68.59","LST","DOG GONE SMART","DGS DRTY DG RUNNER GRY 1EA"
"","6250453","","0","1","0.25","6.99","3.43","LST","EARTH RATED","ER POOPBAG DSP UNSCN 2.0 15PC"
"","6250702","","0","1","0","17.99","9.05","LST","PUREBITES","PB DG COD SKIN JERKY4.8OZ"
"","6251664","","0","1","0","33.99","17.2","LST","MAX & MOLLY URBAN PETS","MX&ML DG LSH DONUT 1IN 6FT"
"","6251685","","0","1","0","16.99","8.5","OOS","MAX & MOLLY URBAN PETS","MX&ML CT SMRTID CLR PNK LP 1EA"
"","6251688","","0","1","0","16.99","8.5","LST","MAX & MOLLY URBAN PETS","MX&ML CT SMRTID CLR MOSAIC 1EA"
"","6251690","","0","1","0","16.99","8.5","LST","MAX & MOLLY URBAN PETS","MX&ML CT SMRTID CLR TROPIC 1EA"
"","6251729","","1","1","0","6.29","3.11","LST","ESSENTIALS","ESN SILCN CAN COVER CHAR 1EA"
"","6251730","","1","1","0.25","21.99","11.43","LST","ESSENTIALS","ESN DG SILCN DBL BOWL CHAR 1SM"
"","6251731","","0","1","0","21.99","11.43","LST","ESSENTIALS","ESN DG SILCN DBL BOWL SAGE 1SM"
"","6251732","","0","1","0","21.99","11.43","LST","ESSENTIALS","ESN DG SILCN DBL BOWL ROSE 1SM"
"","6251733","","0","1","0","21.99","11.43","LST","ESSENTIALS","ESN DG SILCN DBL BOWL BLUE 1SM"
"","6251734","","0","1","0","34.99","17.49","LST","ESSENTIALS","ESN DG SILCN DBL BOWL CHAR 1LG"
"","6251735","","0","1","0","34.99","17.49","LST","ESSENTIALS","ESN DG SILCN DBL BOWL SAGE 1LG"
"","6251736","","0","1","0","34.99","17.49","LST","ESSENTIALS","ESN DG SILCN DBL BOWL ROSE 1LG"
"","6251737","","0","1","0","34.99","17.49","LST","ESSENTIALS","ESN DG SILCN DBL BOWL BLUE 1LG"
"","6251738","","0","1","0","20.99","10.4","LST","ESSENTIALS","ESN SILCN MAT CHAR 1EA"
"","6251739","","1","1","0.25","31.99","15.99","LST","ESSENTIALS","ESN SILCN SLOW FEEDR CHAR 1EA"
"","6251740","","0","1","0.25","6.29","3.11","LST","ESSENTIALS","ESN SILCN CAN COVER WHITE 1EA"
"","6251741","","0","1","0","20.99","10.4","LST","ESSENTIALS","ESN SILCN MAT WHITE 1EA"
"","6252937","","2","1","0.25","54.99","32.99","LST","CALMEROOS","CALMR CALM PUPPY 1EA"
"","6252939","","1","1","0.25","12.99","6.5","LST","DRYMATE","DRYMATE GREY STRIPE MAT 20IN"
"","6252940","","1","1","0.25","12.99","6.5","OOS","DRYMATE","DRYMATE INDIGO NAVY MAT 20IN"
"","6252941","","0","1","0","12.99","6.5","LST","DRYMATE","DRYMATE GOOD DOG MAT 20IN"
"","63000","","0","1","0","24.99","12.23","LST","SOFT CLAWS","SOFT CLAWS KITTEN CLR 1EA"
"","63001","","0","1","0","24.99","12.23","LST","SOFT CLAWS","SOFT CLAWS CAT SM CLR 1EA"
"","63006","","0","1","0","24.99","12.23","LST","SOFT CLAWS","SOFT CLAWS CAT MD CLR 1EA"
"","63013","","0","1","0","24.99","12.23","LST","SOFT CLAWS","SOFT CLAWS CAT LG CLR 1EA"
"","63929","","0","1","0","9.99","4.27","LST","KONG","KONG STUFF'N PEANUT BUTTER 5OZ"
"","63982","","0","1","0","51.99","36.9","LST","GREENIES","GREENIE DG DNTL TRT PETIT 36oz"
"","63983","","0","1","0.25","51.99","36.9","LST","GREENIES","GREENIE DG DNTL TRT REG 36oz"
"","6402471","","0","1","0","44.99","21.83","LST","PERFORMATRIN ULTRA","PERF ULT HD-F BF ROLL7IN19.4oz"
"","6402472","","0","18","0","19.99","9.3","LST","PERFORMATRIN ULTRA","PERF ULT HD-F BF ROLL9IN XL"
"","6402473","","0","1","0","34.99","15","LST","PERFORMATRIN ULTRA","PERF ULT HD-F BF STKZ5IN10.5oz"
"","6402474","","0","21","0","13.99","6.6667","LST","PERFORMATRIN ULTRA","PERF ULT HD-F DK ROLL7IN LG"
"","6402475","","21","21","0","13.99","6.6667","LST","PERFORMATRIN ULTRA","PERF ULT HD-F RBBIT ROLL7IN LG"
"","6402476","","0","1","0","14.99","6.83","LST","PERFORMATRIN ULTRA","PERF ULT HD-F DK STKZ5IN 3.5oz"
"","6402477","","0","1","0","14.99","6.83","LST","PERFORMATRIN ULTRA","PERF ULT HD-F RBBT STK5IN3.5oz"
"","64421","","0","1","0","11.99","5.47","LST","GREENIES","GREENIE DG PP PB TAB 3.2oz"
"","64432","","0","1","0.25","10.99","6.1","LST","GREENIES","GREENIE DG DNTL TRT PETITE 6OZ"
"","64445","","0","1","0.5","20.99","13.15","LST","GREENIES","GREENIE DG DNTL TRT LG 12OZ"
"","64448","","0","1","0","11.99","5.47","OOS","GREENIES","GREENIE DG HCK PILL PCKT 3.2oz"
"","65057","","0","1","0","9.99","6.24","LST","ESSENTIALS","ESN CRATE WHEEL SET 4pc"
"","65062","","0","1","0","129.99","57.95","LST","ESSENTIALS","ESN SOFT CRATE 30IN"
"","65063","","0","1","0","174.99","98.43","LST","ESSENTIALS","ESN SOFT CRATE 36IN"
"","65064","","0","1","0","209.99","123.52","LST","ESSENTIALS","ESN SOFT CRATE 42IN"
"","65072","65415","0","1","0","109.99","56.24","LST","ESSENTIALS","ESN PLAYPEN GRY/BLK 1SM"
"","65073","","0","1","0","134.99","79.95","LST","ESSENTIALS","ESN PLAYPEN GRY/BLK 1LG"
"","65216","65865","0","1","0","149.99","109.13","OOS","GEN7PETS","GEN7 FEATHER LITE RAMP 1ea"
"","65217","","0","1","0","175.99","128.04","OOS","GEN7PETS","GEN7 NATURAL RAMP 1ea"
"","65225","","0","1","0","279.99","171.49","LST","GEN7PETS","GEN7 PROMENADE STROLLER BK 1ea"
"","65433","","0","1","0","46.99","23.39","LST","OUTWARD HOUND","OH PUPPAK CARRIER GRY 1sm "
"","65511","","0","1","0","339.99","238.45","LST","CRITTERWARE","WARE INDR HTCH 4LVL 26.5X17IN"
"","65517","","0","1","0","7.49","4.2","LST","CRITTERWARE","WARE STCK BALL 1EA"
"","65963","65962","0","1","0","299.99","171.51","OOS","MIDWEST","MW SLTN SERIES DD 54IN."
"","66487","","0","1","0.5","24.99","9.75","LST","ZOO MED","ZM REPTI SND WHT 10LB"
"","66489","","0","1","0.25","24.99","9.75","LST","ZOO MED","ZM REPTI SND RED 10LB"
"","66570","","0","1","0.25","11.99","3.3","LST","ZOO MED","ZM RPTRCK WTR DSH 1XS"
"","66580","","0","1","0","13.99","5.1","LST","ZOO MED","ZM RPTRCK WTR DSH 1SM"
"","66590","","0","1","0","16.99","7.75","LST","ZOO MED","ZM RPTRCK WTR DSH 1MD"
"","66703","","0","1","0","39.99","18.85","LST","ZOO MED","ZM UNDR TNK HTR 5GAL 4W"
"","66723","","0","1","0","52.99","19.85","LST","ZOO MED","ZM UNDR TNK HTR 20GAL 8W"
"","66733","","0","1","0","38.99","22","LST","ZOO MED","ZM REPTI CARE RCK HTR 10W"
"","66813","","0","1","0","29.99","14.59","LST","EXO TERRA","ET PRIMATE SKL 1EA"
"","66818","","0","1","0","18.99","8.5","LST","EXO TERRA","ET JNGL VINE 6FT 1SM"
"","66832","","0","1","0","74.99","39.65","LST","ZOO MED","ZM NTRLSTC TERR HOOD 18IN"
"","66833","","0","1","0","29.99","14.75","LST","ZOO MED","ZM REPTI CARE TERR TIMER 1EA"
"","66834","","0","1","0.25","16.99","8.5","LST","ZOO MED","ZM REPTI SND SCPR 1EA"
"","66835","","0","1","0","12.99","4.05","LST","ZOO MED","ZM ECO CRPT 10GAL 10X20IN"
"","66836","","0","1","0","13.99","5.4","LST","ZOO MED","ZM ECO CRPT 15-20GAL 12X24IN"
"","66862","","0","1","0","9.99","4","LST","MARINA","MRN 360 SPLSH CRTG 4PK"
"","66867","","0","1","0","10.99","4.5","LST","MARINA","MRN BCRB SLIM CRBN CRTG 3PK"
"","67503","","0","1","0","18.99","8.3","LST","MARINELAND","ML PNGN CRTG RSZ B 3PK"
"","67504","","0","1","0","9.39","3.54","LST","MARINELAND","ML PNGN CRTG RSZ C 1EA"
"","67533","","0","1","0","14.99","7.33","LST","MARINELAND","ML ECLPS CRTG RSZ Z 3PK"
"","70220","","0","1","0","25.99","13.51","LST","ANCHOR HOCKING","AH GLS DRUM FSH BWL 1GAL"
"","70314","","0","1","0","89.99","45","LST","FLUVAL","FLVL M300 ADJ SBMRSBL HTR 300W"
"","70338","","0","1","0","6.49","3","LST","MARINA","MRN PLSTC CHCK VLV 1EA"
"","71638","","0","1","0","28.99","16.63","LST","TETRA","TTR WSP INTRNL PF 10I 10GAL"
"","71639","","0","1","0","49.99","28.07","LST","TETRA","TTR WSP INTRNL PF 20I 20GAL"
"","71720","","0","1","0","34.99","19.44","LST","TETRA","TTR WSP PWR FLTR PF10 5-10GAL"
"","71727","","0","1","0","26.99","14","LST","TETRA","TTR WSP CRBN CRTG LG 4PK"
"","73339","","0","1","0","29.99","14.4","LST","LEATHER BROTHERS","LB DG LUXE CLR RED 26IN"
"","73355","","0","1","0","41.99","20.3","LST","LEATHER BROTHERS","LB DG LUXE LEASH BRN 6'x3/4"
"","74131","74130","0","1","0","499.99","324.29","OOS","MIDWEST","MW FRRT NTN DBL UNIT 36X25IN"
"","74282","","0","1","0","139.99","90.99","LST","MARSHALL","MRSHL SA PLYPN 8 PNL 18IN"
"","74284","","0","1","0","19.99","10.15","LST","MARSHALL","MRSHL FRRT FURO-VITE VTM 3.5oz"
"","74294","","0","1","0","15.99","7.5","LST","LIVING WORLD","LW TRHSE REAL WOOD CABIN 1SM"
"","74295","","0","1","0","32.99","15.75","LST","LIVING WORLD","LW TRHSE REAL WOOD CABIN 1MD"
"","74296","","0","1","0","47.99","23","LST","LIVING WORLD","LW TRHSE REAL WOOD CABIN 1LG"
"","74297","","0","1","0","11.99","5.4","LST","MARSHALL","MRSHL FRRT UJ DUK SOUP 4.5OZ"
"","74298","","0","1","0","18.99","9.12","LST","MARSHALL","MRSHL FRRT RX 2OZ"
"","74299","","0","1","0","19.99","9.6","LST","MARSHALL","MRSHL SA PRBT PL 1.7OZ"
"","74301","","0","1","0","21.99","12.09","LST","MARSHALL","MRSHL FRRT HRN & LSH 48IN"
"","74302","","0","1","0","48.99","28.81","LST","MARSHALL","MRSHL FRRT OCTO PLY 1EA"
"","74303","","0","1","0","29.99","19.32","LST","MARSHALL","MRSHL HNG NAPSACK 1EA"
"","74363","","0","1","0","18.99","10.5","LST","CRITTERWARE","WARE GRM KIT 1EA"
"","74377","","0","1","0","7.49","3.6","LST","CRITTERWARE","WARE NATR BALL 1LG"
"","74419","","0","1","0","119.99","74.71","LST","CRITTERWARE","WARE CHWPRF CG 25X12IN"
"","74423","","0","4","0","4.99","2.45","LST","CRITTERWARE","WARE HMLYN SALT 1EA"
"","75148","45612","0","1","0","38.99","21.24","LST","ESSENTIALS","ESN DG SS ADJUST DBL BOWL 2QT"
"","75149","45622","0","1","0","41.99","22.99","LST","ESSENTIALS","ESN DG SS ADJUST DBL BOWL 3QT"
"","75171","45570","0","1","0.25","6.29","3.12","LST","ESSENTIALS","ESN DG SS STANDARD BOWL 12.8OZ"
"","75181","","0","1","0","4.69","2.36","LST","PET VALU","PV SS COOP CUP WR HANG 5OZ"
"","75182","74980","0","1","0","9.99","5.21","LST","PET VALU","PV SS COOP CUP WR HANG 10OZ"
"","75183","75010","0","1","0","12.99","6.49","LST","PET VALU","PV SS COOP CUP WING NUT 10OZ"
"","75468","","0","12","0","7.79","3.8142","LST","FOU FOU DOG","FFD DG PET FOUSTICKS 12pk"
"","75536","","0","1","0","31.99","19.91","LST","PETMATE","PM KENNEL TRAVEL KIT 1ea"
"","75994","","0","1","0","104.99","62.36","LST","MIDWEST","MW 11 TUBE BARRIERIER 1EA"
"","75995","","0","1","0","144.99","83.16","LST","MIDWEST","MW WIRE MESH BARRIER 1EA"
"","76800","","0","1","0","35.99","19.14","LST","KONG","KONG CLASSIC EXTREME 1XXL"
"","79068","","0","1","0","164.99","105","ROS","PETSAFE","PETSF SMART DOOR 1sm"
"","79121","","0","1","0","15.99","8.5","LST","DRINKWELL","DRINKWELL CARBON FLTR 4PC"
"","79522","","0","1","0","12.99","5.62","LST","NYLABONE","NYLA DG HE VP REG 3pc"
"","79651","","0","1","0","9.99","5","LST","DRINKWELL","DRINKWELL FOAM FLTR 2PC"
"","79652","","0","1","0","8.99","4.5","LST","DRINKWELL","DRINKWELL 360 FOAM FLTR 2PC"
"","79655","","0","1","0","17.99","9","LST","DRINKWELL","DRINKWELL PREMIUM FLTR 3PC"
"","81709","","0","1","0","24.99","12.5","LST","ULTRAHUND","UH PLAY COL BLU 1IN X 18IN"
"","81711","","0","1","0","24.99","12.5","LST","ULTRAHUND","UH PLAY COL RED 1IN X 18IN"
"","81714","","0","1","0","24.99","12.5","LST","ULTRAHUND","UH PLAY COL BLU 1IN X 20IN"
"","81715","","0","1","0","24.99","12.5","LST","ULTRAHUND","UH DG PLAY COL RED 20IN"
"","81757","","0","1","0","31.99","15.9","LST","ULTRAHUND","UH BOSS LSH ORG 3/4IN 6FT"
"","81759","","0","1","0","28.99","14.8","LST","ULTRAHUND","UH BOSS LSH ORG 5/8IN 6FT"
"","81773","","0","1","0","24.99","13.3","LST","ULTRAHUND","UH PLAY COL ORG 1IN X 20IN"
"","83692","","0","1","0","12.99","6.07","OOS","PETRAGEOUS","PTRGS BONE PLACEMAT 19in"
"","84151","47160","0","1","0","22.99","12.45","LST","FLEXI","FLEXI DG CLSC CORD BLK SM 16FT"
"","84207","47114","0","1","0","31.99","18.05","LST","FLEXI","FLEXI DG CLSC TAPE BLK SM 16FT"
"","84251","","0","1","0","13.99","7.25","LST","FLEXI","FLEXI VAR MULTI BOX 1EA"
"","93213","","0","1","0","31.99","15.94","LST","PETSAFE","PETSF DG E WLK HCLR BLK 1MD"
"","93243","","0","1","0","31.99","15.94","LST","PETSAFE","PETSF DG E WLK HCLR BLK 1SM"
"","93802","","0","1","0","31.99","15.94","LST","PETSAFE","PETSF DG E WLK HCLR BLK 1LG"
"","94987","","0","1","0","55.99","36.5","ROS","NATURAL BALANCE","NB CT LID SL&GPEA 10LB"
"","94998","","1","1","0.25","19.99","10.36","LST","JAY'S","JAYS DG BIG BITES H&J16oz"
"","95014","","0","1","0.25","10.49","5.15","LST","JAY'S","JAYS DG TID BITS PB 0.44lb"
"","9503796","","0","1","0","52.99","23.97","OOS","ESSENTIALS","ESN COMP WTR COND 1GAL"
"","9503799","","0","1","0","24.99","8.75","LST","ESSENTIALS","ESN BIO BOOST 16OZ"
"","95064","","0","1","0.25","10.49","5.15","LST","JAY'S","JAYS DG TID BITS PORK 0.44LB"
"","95088","","0","15","0","13.99","6.6307","LST","OPEN RANGE","OPN RNG DG CURED KNCKLE LG 1ea"
"","95096","","0","1","0","31.99","16.5","LST","OPEN RANGE","OPN RNG DG DINO BONE 1ea"
"","B0143","","0","1","0","34.99","19.88","LST","THRIVE","THRIVE JNT SPRT 300G"
"","E3794","26518","1","1","0.25","31.99","21.57","LST","NOW FRESH","NOW PUP GF TK SL&DK 3.5LB"
"","F7363","","3","1","0.25","17.99","9.5","LST","JAY'S","JAYS DG MY MIGHTY WLF TRKY16oz"
"","FF969","","0","1","0.75","17.99","9.5","LST","JAY'S","JAYS DG MY MIGHTY WLF DUCK16oz"
"","G5117","","0","1","0","29.99","17.01","LST","THRIVE","THRIVE HMP SD OIL 500ML"
"","G5469","","0","1","0","39.99","22.75","LST","THRIVE","THRIVE SLPRY ELM PWDR 80G"
"","G5708","","0","1","0","39.99","20","LST","CANADA POOCH","CP DG EVERYTHING HRN RED 1SM"
"","G5709","","0","1","0","42.99","21.5","LST","CANADA POOCH","CP DG EVERYTHING HRN RED 1MD"
"","G5710","","0","1","0","39.99","20","LST","CANADA POOCH","CP DG EVERYTHING HRN BK 1SM"
"","G5711","","0","1","0","42.99","21.5","LST","CANADA POOCH","CP DG EVERYTHING HRN BK 1MD"
"","G5712","","0","1","0","44.99","22.5","LST","CANADA POOCH","CP DG EVERYTHING HRN BK 1LG"
"","G5797","","0","1","0","44.99","22.5","LST","CANADA POOCH","CP DG EVERYTHING HRN RED 1LG"
"","G5798","","0","1","0","47.99","24","LST","CANADA POOCH","CP DG EVERYTHING HRN RED 1XL"
"","G5799","","0","1","0","47.99","24","LST","CANADA POOCH","CP DG EVERYTHING HRN BK 1XL"
"","IG917","","0","1","0","11.99","6.17","LST","PUPPY CAKE","PUP SCOOPS DG CAKE MIX PB 9oz"
"","IN958","","1","1","0","9.99","5","LST","SPUNKY PUP","SPNPP FTCH&GLW BALL 1MD"
"","IN959","","1","1","0","12.99","6.5","LST","SPUNKY PUP","SPNPP FTCH&GLW BALL 1LG"
"","IN960","","0","1","0.25","13.99","7","LST","SPUNKY PUP","SPNPP FTCH&GLW BALL 2PK"
"","IP443","","0","1","0","42.99","23.11","LST","THRIVE","THRIVE HRNG OIL 1L"
"","IP664","","0","1","0.25","26.99","15.33","LST","THRIVE","THRIVE HRNG OIL 500ML"
"","IQ581","","0","1","0","12.99","6.07","LST","PETRAGEOUS","PTRGS DG 1SPOILED PLACEMAT 1EA"
"","IS018","","1","1","0","19.99","11.4","LST","THRIVE","THRIVE DMTACS ERTH 120G"
"","IX097","","0","1","0","17.99","9.5","LST","JAY'S","JAYS DG MY MIGHTY WLF PRK16oz"
"","IZ970","","1","1","0","24.99","14.33","LST","THRIVE","THRIVE PMPKN PWDR 225G"
"","J4231","","0","1","0","21.99","10.78","LST","COASTAL PET PRODUCTS","CPP DG NO SP MRT COL 1X17"
"","J4234","","0","1","0","16.99","7.76","LST","COASTAL PET PRODUCTS","CPP DG NO SP MRT COL BK 5/8X10"
"","J4235","","0","1","0","18.99","8.74","LST","COASTAL PET PRODUCTS","CPP DG NO SP MRT COL BK 3/4X14"
"","J5960","","0","1","0","16.99","7.76","LST","COASTAL PET PRODUCTS","CPP DG NO SP MRT COL RD 5/8X10"
"","J5961","","0","1","0","18.99","8.74","LST","COASTAL PET PRODUCTS","CPP DG NO SP MRT COL RD 3/4X14"
"","J9205","","0","1","0","21.99","10.78","LST","COASTAL PET PRODUCTS","CPP DG NO SP MRT COL RD 1X17"
"","S101747","","0","1","0","0.01","0.22","LST","BOSCO AND ROXY'S","BOSC BAKERY BOX"
"","X3387","","1","1","0.5","12.99","5.98","LST","BENNY BULLY'S","B BUL DG LIVER PLUS BBRY2.1OZ"
"","X4615","","1","1","0","31.99","16.8","LST","MAMMOTH","MMTH TIREBITER 2 W ROPE 1LG"
"","X4617","","1","1","0.25","21.99","10.85","LST","MAMMOTH","MMTH TIREBITER 2 W ROPE 1MD"
"","X4619","","1","1","0.25","11.99","5.6","LST","MAMMOTH","MMTH TIREBITER 2 W ROPE 1SM"
"","X5354","","0","1","0","45.99","26.22","LST","THRIVE","THRVIE BOVINE COLOSTRM 60G"
"","X5374","","1","1","0.25","39.99","22.71","LST","THRIVE","THRIVE PROGUT 150G"
"","X5402","","0","1","0","29.99","14.99","ROS","PEARHEAD","PH PAWPRINTS DESK FRM INK 1EA"
"","X8091","","0","1","0","12.99","5.98","LST","BENNY BULLY'S","B BUL DG LIVER PLUS CCNUT2.1OZ"
"","X8514","","0","1","0","37.99","19","ROS","CANADA POOCH","CP DG EVRYTHNG HRN GRN CMO 1SM"
"","X8515","","0","1","0","39.99","20","ROS","CANADA POOCH","CP DG EVRYTHNG HRN GRN CMO 1MD"
"","X8516","","0","1","0","42.99","21.5","ROS","CANADA POOCH","CP DG EVRYTHNG HRN GRN CMO 1LG"
"","X8517","","0","1","0","44.99","22.5","ROS","CANADA POOCH","CP DG EVRYTHNG HRN GRN CMO 1XL"
"","X9398","","0","1","0","11.99","6.17","LST","PUPPY CAKE","PUP SCOOPS DG CAKE MIX PMP 9oz"
"","Y4636","","1","1","0","39.99","22.71","LST","THRIVE","THRIVE GLD LINE FORTIFY 150G"
"","Y5419","","0","1","0","14.99","8.95","LST","TRUE LEAF","TRU LF HP&JNT CHW 3OZ"
"","Y5430","","1","1","0.25","24.99","15.55","LST","TRUE LEAF","TRU LF CLMNG CHW 7OZ"
"","Y5431","","1","1","0","24.99","15.55","LST","TRUE LEAF","TRU LF HP&JNT CHW 7OZ"
"","Y5432","","0","1","0","14.99","8.95","LST","TRUE LEAF","TRU LF CLMNG CHW 3OZ"
"","Y5789","","1","1","0","54.99","37.05","LST","TRUE LEAF","TRU LF CLMNG CHW 21OZ"
"","Y5790","","0","1","0","54.99","37.05","LST","TRUE LEAF","TRU LF HP&JNT CHW 21OZ"
"","Y5791","","0","1","0","39.99","26.85","LST","TRUE LEAF","TRU LF HP&JNT OIL 8OZ"
"","6406468","","0","1","0","20.99","10.5","LST","KOMODO","KM SABERTOOTH SKL 1EA"
"","1500792","","0","1","0","39.99","21.15","ROS","FLUKERS","FLK PRM HEAT MAT 1SM 7W"
"","1510244","","0","1","0","26.99","13.8","LST","NITE IZE","NITE DG SPOTLIT XL DISCO 1EA"
"","22013","","0","24","0","3.99","3.0063","LST","WELLNESS","WEL CT GF MNCD TK&SL 5.5OZ"
"","28442","","0","1","0","76.99","46.49","LST","ROYAL CANIN","RCFBN CT MAINE COON 6LB"
"","6233875","","0","1","0.25","11.99","5.39","LST","OXBOW","OXB ENLF CLBRTN CPCK 1EA"
"","6234058","","0","1","0","59.99","35","LST","PETSAFE","PETSF PET FTAN 1.8L"
"","6234583","","0","1","0","52.99","26.5","ROS","BAILEY & BELLA","BB BON EMB RND BED GRY 28IN"
"","6234587","","0","1","0","32.99","16.5","LST","BAILEY & BELLA","BB REV CUS BED PINK 22IN"
"","6250852","","0","1","0","21.99","10.51","LST","KONG","KONG SNUZZLE BEAR 1MD"
"","6251651","","0","1","0","10.99","5.34","LST","OXBOW","OXB ENLF TMTHY APL SLC 1EA"
"","6402498","","0","1","0","26.99","14.69","LST","MAMMOTH","MMTH TIREBITER 2 BONE ROPE 1LG"
"","6402510","","0","1","0","8.49","4.01","OOS","ROLLOVER","RLLVR DG BF&CH PTY STX MX3.5oz"
"","79069","","0","1","0","249.99","209.2","ROS","PETSAFE","PETSF SMART DOOR 1lg"
"","X2430","","0","12","0","5.49","3.7633","LST","OPEN FARM","OPFM DG CHKN STEW 12.5OZ"
"","X2431","","0","12","0","5.49","3.7633","LST","OPEN FARM","OPFM DG CK&SLM STEW 12.5OZ"
"","X2432","","0","12","0","5.49","3.7633","LST","OPEN FARM","OPFM DG TURKEY STEW 12.5OZ"
"","X2435","","0","12","0.5","5.49","3.7633","LST","OPEN FARM","OPFM DG SALMON STEW 12.5OZ"
"","X4088","","0","1","0.25","11.99","5.76","OOS","VERSELE-LAGA","VL DEODO APL SCENT 8.11OZ"
"","1103133","19009","0","1","0.5","25.99","17.53","LST","GO! SOLUTIONS","GO! SNR CNV GF CK TK&DK 3.5LB"
"","1103248","14086","0","1","0","83.99","59.21","LST","HILL'S SCIENCE DIET","SD DG AD SMBT CHK 15LB"
"","1103917","56002","1","1","0","43.99","24.52","LST","PET CENTER","PC DG ODR F BLL PZZLE VP6in8pc"
"","14628","24747","0","1","0","37.99","24.6","LST","PURINA PRO PLAN","PPLN DG SPEC SB AD 6LB"
"","1507259","","0","1","0","31.99","13.6","LST","OXBOW","OXB ESN YNG RBT 10LB"
"","17719","40247","0","1","0","69.99","45.53","LST","HILL'S SCIENCE DIET","SD CT KIT HLTHY DVP 7LB"
"","55932","","0","1","0","9.99","4","LST","ESTES","ES AQRM GRVL SPCL BLU 5LB"
"","6230600","","0","1","0","65.99","41.06","LST","ZEAL","ZEAL DG BF 2.2LB"
"","6232741","","0","1","0","34.99","24.34","LST","OPEN FARM","OPFM DG SL&OAT ANCNT G 4LB"
"","6235252","","0","1","0","125.99","92.92","LST","HILL'S SCIENCE DIET","SD DG AD PRFT DGTV CK&BR 22LB"
"","6235253","","0","1","0","76.99","49.79","LST","HILL'S SCIENCE DIET","SD CT AD PRFT DGTV CK&BR 6LB"
"","6235255","","0","1","0","44.99","28.31","LST","HILL'S SCIENCE DIET","SD CT AD PRFT DGTV CK&BR 3.5LB"
"","6235257","","0","1","0","43.99","28.65","LST","HILL'S SCIENCE DIET","SD DG AD PRFT DGTV CK&BR 3.5LB"
"","6236368","1103556","0","1","0","35.99","23.7","LST","ACANA","ACANA DG SNGLS DK&PEAR 4LB"
"","6237499","","0","1","0","39.99","25.65","LST","TRUE LEAF","TRU LF CLMNG OIL 8OZ"
"","6238037","","0","1","0","22.99","8.04","ROS","JUMP","JMP CLR MRTNGL PAW BLUE 1SM"
"","6239125","","0","1","0","16.99","7.5","INOT","HOTEL DOGGY","HD PRIDE LSH 1MD"
"","6239770","","0","1","0","14.99","6.83","LST","PERFORMATRIN ULTRA","PERF ULT HD-F BEEF STX5IN3.5OZ"
"","6239771","","0","1","0","44.99","21.83","LST","PERFORMATRIN ULTRA","PERF ULT HD-F CH VP RLL19.4OZ"
"","6239857","","1","1","0","9.99","4.4","LST","MORE BIRDS","MRBD SUET FDR 1EA"
"","6241115","","0","1","0","34.99","15","LST","PERFORMATRIN ULTRA","PERF ULT HD-F CH STKZ5IN10.5OZ"
"","6251772","","0","1","0","8.99","4.5","LST","PERFORMATRIN NATURALS","PERF NAT DG BF LIVR SLIDERS7oz"
"","6251773","","1","1","0","8.99","4.5","LST","PERFORMATRIN NATURALS","PERF NAT DG CHICKEN MTBLLS7oz"
"","6251774","","0","1","0","8.99","4.5","LST","PERFORMATRIN NATURALS","PERF NAT DG PRK LIVR MTBLLS7oz"
"","6251775","","1","1","0.5","8.99","4.5","LST","PERFORMATRIN NATURALS","PERF NAT DG TRDUCKN SLIDERS7oz"
"","66819","","0","1","0","26.99","12","LST","EXO TERRA","ET JNGL VINE 6FT 1LG"
"","71012","","0","1","0","8.99","4.25","LST","MARINA","MRN DECO RCK ORN 1MD"
"","90994","","0","1","0","5.99","2.95","LST","ROLLOVER","RLLVR DG LMB STFD BF HOOF 1ea"
"","94962","","1","1","0","12.99","6.3","LST","ROLLOVER","RLLVR DG LMB STFD BF BONE 1sm"
"","94963","","0","1","0.25","12.99","6.3","LST","ROLLOVER","RLLVR DG TURKEY STFD BONE 1sm"
"","G6335","","0","1","0","43.99","28.65","LST","HILL'S SCIENCE DIET","SD DG AD SS CHK 4LB"
"","Z3495","","0","1","0","38.99","24.65","LST","HILL'S SCIENCE DIET","SD DG PUP CK&BR 4.5LB"
"","6251769","","0","1","0","10.99","5.5","LST","PERFORMATRIN ULTRA","PERF ULTRA DG DENTAL SM5.7oz"
"","6402445","1000266","0","1","0","49.99","28.02","LST","PERFORMATRIN ULTRA","PERF ULT DG WG L&R PUP 12LB"
"","6402446","1000267","0","1","0","24.99","14.3","LST","PERFORMATRIN ULTRA","PERF ULT DG WG L&R PUP 4LB"
"","6404774","","0","1","0","120.99","86.5","LST","HILL'S SCIENCE DIET","SD CT AD PRFT DGTV CK&BR 13LB"
"","1104002","","0","12","0","5.79","3.56","LST","HILL'S SCIENCE DIET","SD DG AD 7+ H CUIS CK 12.5OZ"
"","1153739","","0","1","0","74.99","59.75","LST","BLUE BUFFALO","BLU DG LB LPF L&R 26LB"
"","6231260","","0","1","0","19.99","9.73","LST","HARI","HARI PRIM VTM SUPPL 30G"
"","6235791","","0","6","0","6.29","4.19","LST","THE HONEST KITCHEN","HK DG BF STW 10.5OZ"
"","6235792","","0","6","0","6.49","4.295","LST","THE HONEST KITCHEN","HK DG CHK STW 10.5OZ"
"","6237207","","0","1","0","1.49","0.05","LST","PERFORMATRIN ULTRA","PERF ULT DG MEADOW AG SMP 4OZ"
"","6239884","","0","24","0","3.59","2.1775","LST","ROYAL CANIN","RCFHN CT INDR AD MRSLS GVY 3OZ"
"","6400017","","0","1","0","411.99","205.62","LST","MAX & MOLLY URBAN PETS","MX&ML DG LED RHBLE LT DPLY18PC"
"","6402302","1000284","1","1","0","74.99","43.69","LST","PERFORMATRIN ULTRA","PERF ULT CT GF OCN 12LB"
"","6402303","1000286","0","1","0.5","26.99","15.92","LST","PERFORMATRIN ULTRA","PERF ULT CT GF OCN 2.5LB"
"","6402442","1000259","1","1","0.5","44.99","24.3","LST","PERFORMATRIN ULTRA","PERF ULT DG WG CK&R PUP 12LB"
"","6402543","","0","50","0","10.99","5.688","LST","RICHARD'S ORGANICS","T&T DG RICHARD'S BULL CHWS6in"
"","6402544","","0","20","0","24.99","13.318","LST","RICHARD'S ORGANICS","T&T DG RICHARD'S BULL CHWS12in"
"","6406373","","0","1","0","0.01","0.01","LST","ETTA SAYS!","ETTA DG SIGN KIT CHEW DSPLY1ea"
"","6406642","","0","1","0","19.99","9.19","LST","OXBOW","OXB ALF HAY 40OZ"
"","6406676","","1","1","0","38.99","25.3","LST","ROYAL CANIN","RCFHN CT ORAL CARE AD 3LB"
"","6406677","","0","1","0","72.99","45.53","LST","ROYAL CANIN","RCFHN CT ORAL CARE AD 6LB"
"","6406680","","0","1","0.75","72.99","45.53","LST","ROYAL CANIN","RCFHN CT URINARY CARE 6LB"
"","6408158","","0","1","0","17.49","9","LST","GRANVILLE ISLAND PET TREATERY","GRAN DG S&C LAMB&KELP6.17oz"
"","6408159","","0","1","0","17.49","9","OOS","GRANVILLE ISLAND PET TREATERY","GRAN DG S&C DCK&CRNBRRY6.17oz"
"","6408910","","0","1","0","25.99","17.53","LST","GO! SOLUTIONS","GO! DG GUT HLTH WG SLM 3.5LB"
"","6408912","","1","1","0.75","96.99","65.42","LST","GO! SOLUTIONS","GO! DG GUT HLTH WG SLM 22LB"
"","6408913","","0","1","0","26.99","18.2","LST","GO! SOLUTIONS","GO! CT GUT HLTH SL WG 3LB"
"","6408916","","0","1","0","24.99","16.86","LST","GO! SOLUTIONS","GO! DG WGT&JNT GF CHK 3.5LB"
"","6408918","","1","1","0","95.99","64.74","LST","GO! SOLUTIONS","GO! DG WGT&JNT GF CHK 22LB"
"","6408919","","1","1","0.25","25.99","17.53","LST","GO! SOLUTIONS","GO! CT WGT&JNT GF  CHK 3LB"
"","6408920","","0","1","0.25","57.99","39.11","LST","GO! SOLUTIONS","GO! CT WGT&JNT GF CHK 8LB"
"","6408922","","0","1","0","1.49","0.05","LST","GO! SOLUTIONS","GO! DG GUT HLTH WG SLM SMP"
"","6408923","","0","1","0","1.49","0.05","OOS","GO! SOLUTIONS","GO! CT GUT HLTH SL&AGRN SMP"
"","6408924","","0","1","0","1.49","0.05","LST","GO! SOLUTIONS","GO! DG WGT&JNT GF SMP"
"","6408925","","0","1","0","1.49","0.05","LST","GO! SOLUTIONS","GO! CT WGT&JNT GF SMP"
"","6408926","","0","1","0.25","62.99","36.37","LST","GRIZZLY","GRIZZ DG ALGAL PLS OIL946ml"
"","6408943","","0","12","0","4.39","3","LST","PURINA PRO PLAN","PPLN DG PUP CK&RC 13OZ"
"","6408944","","12","12","0","4.39","3","LST","PURINA PRO PLAN","PPLN DG BF&RC 13OZ"
"","6409065","","0","6","0","6.29","4.19","LST","THE HONEST KITCHEN","HK DG TKY STW 10.5OZ"
"","6409214","","0","1","0","169.99","110.49","LST","SAVIC","SV HMS HVN MTR CG 1EA"
"","6465508","","0","1","0","17.49","9","LST","GRANVILLE ISLAND PET TREATERY","GRAN DG S&C PORK&CHEESE6.17oz"
"","6466248","","0","1","0","2.99","1.5","LST","HARI","HARI APL MNL BLCK 1.4OZ"
"","6466252","","0","1","0","2.99","1.5","LST","HARI","HARI ORG MBL BLCK 1.2OZ"
"","6466467","","0","1","0","2.99","1.5","LST","HARI","HARI BLK CUMN MNL BLCK 1.2OZ"
"","6232809","","0","1","0","41.99","29.39","OOS","THE HONEST KITCHEN","HK DG WF CLSTR GF CK 5LB"
"","6232810","","0","1","0","129.99","90.99","OOS","THE HONEST KITCHEN","HK DG WF CLSTR GF CK 20LB"
"","6232811","","0","1","0","49.99","34.99","OOS","THE HONEST KITCHEN","HK DG WF CLSTR GF TK 5LB"
"","6232812","","0","1","0","149.99","104.99","LST","THE HONEST KITCHEN","HK DG WF CLSTR GF TK 20LB"
"","6232813","","0","1","0.25","49.99","34.99","LST","THE HONEST KITCHEN","HK DG WF CLSTR GF BF 5LB"
"","6232814","","0","1","0","164.99","115.49","LST","THE HONEST KITCHEN","HK DG WF CLSTR GF BF 20LB"
"","6234443","","0","1","0","24.99","16.13","LST","SKOUT'S HONOR","SKTSHNR DG PRBTIC HTSPT HGL4oz"
"","6235583","","0","1","0","39.99","28.37","LST","THE HONEST KITCHEN","HK DG WF CLSTR GF SB CK 4LB"
"","6235617","","0","4","0","15.99","8","OOS","PETRAGEOUS","PTRGS CAT DAD MUG 1EA"
"","6238082","","0","1","0","39.99","27.99","OOS","THE HONEST KITCHEN","HK DG WF CLSTR WG CK 5LB"
"","6241108","","0","12","0.25","7.79","5.2867","LST","ORIJEN","ORIJEN DG RGNL RED STEW 12.8OZ"
"","6241111","","0","12","0","7.79","5.2867","LST","ORIJEN","ORIJEN DG TUNDRA STEW 12.8OZ"
"","6241134","","0","1","0","124.99","87.49","OOS","THE HONEST KITCHEN","HK DG WF CLSTR WG CK 20LB"
"","X5373","","1","1","0","44.99","24.64","LST","THRIVE","THRIVE DG BLADDER SUPPORT135g"
"","6406626","","0","24","0.25","2.69","1.7621","LST","ACANA","ACANA KIT CHK TNA BB PATE 3OZ"
"","6406627","","0","24","0.25","2.69","1.7621","LST","ACANA","ACANA CT CHK BB PATE 3OZ"
"","6406628","","0","24","1.25","2.69","1.7621","LST","ACANA","ACANA CT BEEF BB PATE 3OZ"
"","6406629","","0","24","1.75","2.69","1.7621","LST","ACANA","ACANA CT LAMB BB PATE 3OZ"
"","6406630","","0","24","0.25","2.69","1.7621","LST","ACANA","ACANA CT SL BB PATE 3OZ"
"","6406631","","0","24","0","2.69","1.7621","LST","ACANA","ACANA CT TNA BB PATE 3OZ"
"","6406632","","0","24","0","3.09","2.0196","LST","ORIJEN","ORIJEN KIT CHK SL PATE 3OZ"
"","6406633","","24","24","0","3.09","2.0196","LST","ORIJEN","ORIJEN CT ORIGINAL PATE 3OZ"
"","6406634","","0","24","2.5","3.09","2.0196","LST","ORIJEN","ORIJEN CT RGNL RED PATE 3OZ"
"","6406636","","0","24","0","3.09","2.0196","LST","ORIJEN","ORIJEN CT TUNA BEEF PATE 3OZ"
"","6406637","","24","24","0","3.09","2.0196","LST","ORIJEN","ORIJEN CT DUCK CHK PATE 3OZ"
"","6408181","","1","1","0","13.99","6.98","LST","TROPICLEAN","TRPLCN DG FB ORAL SPRAY 4oz"
"","6408182","","0","1","0","37.99","19","LST","LIQUID-VET","LIQVET DG SKN&CT POT ROAST32oz"
"","6409118","","0","1","0","22.99","11.36","LST","KOMODO","KM SCCLNT YLW/GRN 3PK 1EA"
"","6409119","","0","1","0","22.99","11.35","LST","KOMODO","KM SCCLNT BLU/GRN 3PK 1EA"
"","6409120","","0","1","0","15.49","7.5","LST","KOMODO","KM CCTS & SCCLNT 1EA"
"","6466620","","1","1","0","18.99","11.9","LST","SKOUT'S HONOR","SKTS HNR DG PRBTIC PAW SPRY8oz"
"","6468242","","0","1","0","14.99","7.85","ROS","LORD JAMESON","LJ DG APPLE POPS6oz"
"","6468243","","0","1","0","14.99","7.85","LST","LORD JAMESON","LJ DG CARROT POPS6oz"
"","6468244","","0","1","0","14.99","7.85","ROS","LORD JAMESON","LJ DG SAVORY SWEET6oz"
"","9100132","","0","24","0.75","4.49","2.5913","LST","HILL'S SCIENCE DIET","SD CT AD TNDR CHK DNR 5.5OZ"
"","G8852","","0","1","0","31.99","16.42","LST","NATURVET","NV DG PROBIOTICS ENZYMES168g"
"","L0027","","0","1","0","26.99","12.45","LST","PETAG","ESBILAC 2 STP PUP WEANG FD14oz"
"","6402294","6229599","1","1","0","26.99","15.92","LST","PERFORMATRIN ULTRA","PERF ULT CT GF FRMSTD 2.5LB"
"","6402306","1000101","0","1","1.5","74.99","43.81","LST","PERFORMATRIN ULTRA","PERF ULT CT GF 12LB"
"","6402317","1000115","0","1","0.5","27.99","15.77","LST","PERFORMATRIN ULTRA","PERF ULT CT WG L&R AD 4LB"
"","6402342","1002229","0","1","0","44.99","24.57","LST","PERFORMATRIN ULTRA","PERF ULT DG WG CK&R SMBT 12LB"
"","6402348","1002293","0","1","0.5","24.99","14.3","LST","PERFORMATRIN ULTRA","PERF ULT DG WG L&R SMBT 4LB"
"","6402387","1000264","1","1","0","29.99","16.74","LST","PERFORMATRIN ULTRA","PERF ULT DG GF PUP 4LB"
"","6402432","1000231","1","1","0","69.99","40.59","LST","PERFORMATRIN ULTRA","PERF ULT DG LID SP&FSH 12LB"
"","6465784","","0","1","0.25","6.99","3.25","LST","FLUVAL","FL BTA BLDWM 5G"
"","A1422","","0","1","0","4.99","2.2","LST","MARINA","MRN BTA VCTN BLCK FD 12G"
"","A5993","","0","1","0","3.49","1.7","LST","MARINA","MRN BTA WTR COND 25ML"
"","B0031","","0","1","0","5.99","2.92","LST","MARINA","MRN BTA BUDDY BLU 1EA"
"","A1423","","0","1","0","3.49","1.7","LST","MARINA","MRN BTA PLT SHKR 2.5G"
"","B0030","","0","1","0","5.99","2.92","LST","MARINA","MRN BTA BUDDY RED 1EA"
"","G7545","","0","1","0","7.99","3.89","LST","MARINA","MRN BTA SANDY TWISTER 1EA"
"","G7911","","0","1","0","8.99","4.38","LST","MARINA","MRN BTA CIRCUS RING 1EA"
"","G7913","","0","1","0","7.99","3.89","LST","MARINA","MRN BTA GRANITE WAVE 1EA"
"","IA995","","0","1","0","25.99","12.5","LST","MARINA","MRN BTA SBMRSBL HTR 8W"
"","W5822","","0","1","0","18.99","7.25","LST","NUTRAFIN","NF BTA CRPK 1EA"
"","X1216","","0","1","0","29.99","16.36","LST","MARINA","MRN EZCR BTA AQRM BLK 1GAL"
"","Y5262","","0","1","0","4.99","1.75","LST","MARINA","MRN IGLO GRVL GLXY 1LB"
"","6252877","","0","6","0","16.99","8.4","INOT","LAZY KITTY","LZY KTY X25 ADVNT CLDR 1EA"
"","6235064","","4","1","1.25","16.99","9.32","LST","REDBARN","RB DG BF CHEEK RLLS GLZD LG1EA"
"","1100793","","0","1","0","1.49","0.05","ROS","GATHER","GATHER DG VALLEY SAMPLE 3.5oz"
"","1100448","18017","0","1","0.5","26.99","22.13","LST","IAMS","IAMS CT AD PH HB CARE 7lb"
"","1100803","28621","25","25","0","22.99","11.788","LST","PET CENTER","PC DG BULLY BRAID 12in"
"","1101019","","0","1","0","89.99","56.35","LST","ROYAL CANIN","RCSHN DG PUP MD 17LB"
"","1102064","","0","1","0","57.99","40.06","LST","OPEN FARM","OPFM CT GF TKY&CH RECIPE 7.9LB"
"","1102065","","0","1","0.75","59.99","41.44","LST","OPEN FARM","OPFM CT GF WHTFSH RECIPE 7.9LB"
"","1102067","","0","1","0.25","61.99","42.83","LST","OPEN FARM","OPFM CT GF SL RECIPE 7.9LB"
"","1102062","","0","1","0","37.99","26.24","LST","OPEN FARM","OPFM CT GF LMB RECIPE 4LB"
"","1102550","20132","0","12","0","6.49","4.43","LST","MERRICK","MRK DG GF CHK 12.7OZ"
"","1103129","19005","0","1","0.5","25.99","17.53","LST","GO! SOLUTIONS","GO! AD CNV GF CK TK&DK 3.5LB"
"","1103172","11358","0","1","0","102.99","67.52","LST","TASTE OF THE WILD","TOTW DG HI PR BSN&VEN PUP 28LB"
"","1103139","18675","0","1","0","102.99","69.46","LST","GO! SOLUTIONS","GO! CT CNV GF CHK TKY&DK 16LB"
"","1103247","14079","0","1","0","83.99","59.21","LST","HILL'S SCIENCE DIET","SD DG AD CHK BAR 15LB"
"","1103245","11625","0","1","0","123.99","90.19","LST","HILL'S SCIENCE DIET","SD DG AD CHK BAR LIGHT 30LB"
"","1103329","","0","1","0","120.99","86.5","LST","HILL'S SCIENCE DIET","SD CT AD SS&S GF SL&PEA 13LB"
"","1103525","","1","1","0","94.99","68.17","LST","ACANA","ACANA DG CLS PR POL 31.9LB"
"","1103502","","0","1","0","95.99","67.96","LST","ACANA","ACANA DG LB AD 25LB"
"","1103526","","0","1","0","25.99","17.37","LST","ACANA","ACANA DG CLS PR POL 4.4LB"
"","1103534","","0","1","0.25","83.99","60.3","LST","ACANA","ACANA DG CLS RED 21.3LB"
"","1103514","","0","1","0","58.99","40.02","LST","ACANA","ACANA DG SB PUP 13.2lb"
"","1103529","","0","1","0.25","83.99","60.27","LST","ACANA","ACANA DG CLS WILD COAST 21.3LB"
"","1103847","","0","1","0","0","","OOS","EARTH ANIMAL","EARTHAN NO-HIDE DISPLAY TWR P1"
"","11391","","0","1","0","142.99","102.52","LST","THE HONEST KITCHEN","HK DG GF CHK 10LB"
"","11395","","0","1","0","81.99","58.36","LST","THE HONEST KITCHEN","HK DG GF TKY 4LB"
"","11404","","0","1","0","94.99","68.09","LST","THE HONEST KITCHEN","HK DG GF FRUIT VEG 7LB"
"","1103918","56000","0","1","0.25","43.99","24.51","LST","PET CENTER","PC DG ODRF BLL PZZLE VP12in4pc"
"","1104003","","0","12","0","5.59","3.5033","LST","HILL'S SCIENCE DIET","SD DG 7PL SVRY ST BF&VG 12.8OZ"
"","1104036","25358","0","1","0","109.99","88.69","LST","MERRICK","MRK GF DG SL&SP 22LB"
"","11109","","0","1","0","108.99","77.04","OOS","PURINA PRO PLAN","PPLN DG ESNTL SH LMB&R 35LB"
"","11392","","0","1","0","74.99","53.87","LST","THE HONEST KITCHEN","HK DG GF CHK 4LB"
"","11409","","0","1","0","103.99","70.55","ROS","THE HONEST KITCHEN","HK DG GF FSH 4LB"
"","11615","","0","1","0.25","123.99","90.19","LST","HILL'S SCIENCE DIET","SD DG AD LMB&BR 33LB"
"","14432","","0","1","0","88.99","56.38","LST","ROYAL CANIN","RCBHN DG POODLE AD 10LB"
"","14340","","0","1","0","88.99","56.38","LST","ROYAL CANIN","RCBHN DG PUG AD 10LB"
"","1500259","","0","1","0","39.99","19.45","LST","TROPICAN","HARI TRPMX LG PRT 4LB"
"","1500695","","0","1","0","12.99","5.3","LST","KAYTEE","KT BOTTLE HOLDER 16oz"
"","1500758","","0","1","0","259.99","155.89","LST","KAYTEE","KT FRRT HOME MULTI LVL 24X24IN"
"","1500799","","0","1","0","10.99","5.7","LST","FLUKERS","FLK HRMT CRB BFFT BLND 2.4OZ"
"","1500800","","0","1","0","7.99","3.35","LST","FLUKERS","FLK HRMT CRB SPR BTL 1EA"
"","1500794","","0","1","0","17.99","8.75","LST","FLUKERS","FLK ECO CLN WST RMVR 8OZ"
"","1500812","","0","1","0","13.99","7","LST","FLUKERS","FLK JUVE BRD DRN BFFT BLND 4.4"
"","1500802","","0","1","0","16.99","8.4","LST","FLUKERS","FLK AQTRTL BFFT BLND 7.5OZ"
"","1500805","","0","1","0","18.99","9.75","LST","FLUKERS","FLK BRD DRGN MDLY TRT 1.8OZ"
"","1500807","","0","1","0","18.99","9.55","LST","FLUKERS","FLK FD MWM 1.7OZ"
"","1500811","","0","1","0","10.99","5.75","LST","FLUKERS","FLK AD BRD DRGN BFFT BLND 2.9O"
"","1500859","","0","1","0","32.99","16.5","LST","ZILLA","ZL HOOD CVR SLID 36X12IN"
"","1500861","","0","1","0","59.99","30","LST","ZILLA","ZL HOOD CVR SLID 48X18IN"
"","1500862","","0","1","0","29.99","15","LST","ZILLA","ZL HOOD CVR HINGED 24X12IN"
"","1500863","","0","1","0","34.99","17.5","LST","ZILLA","ZL HOOD CVR HINGED 30X12IN"
"","1500864","","0","1","0","48.99","24.5","LST","ZILLA","ZL HOOD CVR HINGED 48X13IN"
"","1500882","","0","1","0","14.99","6.8","LST","AQUEON","AQUEON QF MPD CRBN 30/50 1EA"
"","1500920","","0","1","0","169.99","101.99","LST","ZILLA","ZL CRITR CG 30X12X12IN 20GAL"
"","1500919","","0","1","0","89.99","58.49","LST","ZILLA","ZL CRITR CG 20X10X12IN 10GAL"
"","1502642","","0","1","0","49.99","29.99","LST","MARSHALL","MRSHL POP N PLY BALL PIT 1EA"
"","1502870","","0","1","0","37.99","22.29","OOS","PENN-PLAX","PP LIZ LNGR 1SM"
"","1502883","","0","1","0","29.99","17.08","LST","ZUPREEM","ZPRM PFUN P&C M&L BRD 2LB"
"","1502887","","0","1","0","26.99","16.05","LST","ZUPREEM","ZPRM SENSEED M&L BRD 2LB"
"","1502888","","0","1","0","26.99","16.05","OOS","ZUPREEM","ZPRM SENSEED LG BRD 2LB"
"","1502951","","0","1","0","24.99","18.47","LST","ARM & HAMMER","A&H DBL DUTY CT LTR 18KG"
"","1502872","","0","1","0","52.99","31.24","LST","PENN-PLAX","PP LIZ LNGR 1XL"
"","1502884","","0","1","0","29.99","17.08","LST","ZUPREEM","ZPRM PFUN LG BRD 2LB"
"","1502953","","0","1","0","24.99","18.47","LST","ARM & HAMMER","A&H MULTI CAT LTR 18kg"
"","1504664","","0","1","0","6.99","2.75","LST","MARINA","MRN NYLN NET 8IN"
"","1504665","","0","1","0","3.49","1.35","LST","MARINA","MRN NYLN NET 4IN"
"","1504973","","0","1","0","2","1.54","LST","BRING YOUR OWN BAG","BYOB PAULMACS BAG 1EA"
"","1505509","51652","0","1","0","25.99","12.5","LST","VERSELE-LAGA","VL NATR RBT CUNI FOOD 5.1LB"
"","1505511","51654","0","1","0","25.99","12.5","LST","VERSELE-LAGA","VL NATR GP CAVIA FOOD 5.1LB"
"","1505513","51656","0","1","0","15.99","6.25","LST","VERSELE-LAGA","VL NATR HMS FOOD 1.5LB"
"","1505515","50845","0","1","0","15.99","6.25","LST","VERSELE-LAGA","VL NATR DEGU FOOD 1.5LB"
"","1505374","","0","1","0","39.99","20","LST","WORLD WIDE","WW SBSTRT FLORA CORE BLK 16LB"
"","1505884","","0","1","0","12.99","6.5","LST","FLUVAL","FL BGB CICH M&L PLT 3.53OZ"
"","1505887","","0","1","0","6.99","2.95","LST","FLUVAL","FL BGB BTM FRD SM&M GRAN 1.6OZ"
"","1505881","","0","1","0","6.99","2.95","LST","FLUVAL","FL BGB TROP M&L GRAN 1.6OZ"
"","1505888","","0","1","0","9.99","4.5","LST","FLUVAL","FL BGB COL ENHCR SM&M GRAN 1.6"
"","1506856","","0","1","0","31.99","16","ROS","MESSY MUTTS","MM DG SS 3 BOWLS W LIDS 1.5CP"
"","1506914","","0","1","0","49.99","33.95","LST","CARLSON PET","CRLSN PLASTIC EXP GATE"
"","1506916","","0","1","0","149.99","75","LST","CARLSON PET","CRLSN EXRTA TALL ASSEMBLY GATE"
"","1506830","","0","1","0","13.99","7.27","LST","BLUE RIBBON","BR LOST TRSRE REEF 2.75IN"
"","1506857","","0","1","0","39.99","20","LST","MESSY MUTTS","MM DG SS 3 BOWLS W LIDS 3CP"
"","1506858","","0","1","0","56.99","28.5","LST","MESSY MUTTS","MM DG SS 3 BOWLS W LIDS 6CP"
"","1506880","","0","1","0","64.99","28.07","LST","OXBOW","OXB ESN AD RBT FOOD 25lb"
"","1506915","","0","1","0","139.99","71.5","LST","CARLSON PET","CRLSN EXRTA WIDE ASSEMBLY GATE"
"","1507079","","0","1","0","13.99","6.25","LST","BLUE RIBBON","BR TG POTHOS LEAF CLSTR 8IN"
"","1507082","","0","1","0.25","9.99","4.5","LST","BLUE RIBBON","BR CBF NGT FNGR LEAF 8.5IN"
"","1507083","","0","1","0","9.99","4.5","LST","BLUE RIBBON","BR CBF TROP FNA RED 8.5IN"
"","1507513","","0","1","0","9.49","4","LST","FLUVAL","FL CRBN SPEC/FLEX/BTA 3PK "
"","1507514","","0","1","0","9.49","3.25","LST","FLUVAL","FL BIOMAX SPEC/FLEX/BTA 1.5OZ"
"","1507701","","0","1","0","64.99","35.7","LST","ZOO MED","ZM DEEP DME DUAL LMP FXTR5.5IN"
"","1507722","","0","1","0","21.99","12.66","LST","SUN SEED","SSD VTPR HDGHG FOOD 1.56LB"
"","1507348","","0","6","0","5.99","2.995","OOS","ACTIV-BETTA","ACBT BTA GRVL BLK 1LB"
"","1507515","","0","1","0","11.99","5.84","LST","FLUVAL","FL FOAM FLTR BLCK FOR FLX 1EA"
"","1507912","","0","1","0","139.99","87.3","LST","MARINELAND","ML EMPRR PRO PWR FLTR 450 1EA"
"","1507955","","0","1","0","9.49","4.2","LST","MARINELAND","ML RSBL MEDIA BAG 4PK"
"","1507957","","0","1","0","13.99","6.79","LST","MARINELAND","ML BIO FOAM & PRFLTR PNGN 1EA"
"","1507958","","0","1","0","16.99","7.9","ROS","MARINELAND","ML PNGN MCRN FLTR RSZ C 1EA"
"","1507959","","0","1","0","19.99","8.89","LST","MARINELAND","ML EMPRR MCRN CRTG RSZ E 1EA"
"","1507963","","0","1","0","15.99","7.34","LST","MARINELAND","ML MGNM FLS SLVE RSZ JH 3PK"
"","1507967","","0","1","0","29.99","15.15","LST","GLOFISH","GFSH LED RND BUBBLER 6COL"
"","1507772","","0","1","0","329.99","286.2","LST","ZOO MED","ZM TERR DBL DOOR 36X18IN 40GAL"
"","1507908","","0","1","0","44.99","28.05","LST","MARINELAND","ML PNGN PRO PWR FLTR 125 1EA"
"","1507909","","0","1","0","55.99","34.29","LST","MARINELAND","ML PNGN PRO PWR FLTR 175 1EA"
"","1507911","","0","1","0","99.99","62.35","LST","MARINELAND","ML PNGN PRO PWR FLTR 375 1EA"
"","1507954","","0","1","0","49.99","27.44","LST","MARINELAND","ML K2 BIO MEDIA 3.3OZ"
"","1507960","","0","1","0","129.99","77.95","ROS","MARINELAND","ML MGNM PLSHN CNSTR FLTR 97GAL"
"","1507961","","0","1","0","13.99","6.79","LST","MARINELAND","ML BIO FOAM & PRFLTR EMP 1EA"
"","1507964","","0","1","0","28.99","14.7","LST","MARINELAND","ML BLK DMND MEDIA CRBN 22OZ"
"","1510159","","0","1","0","25.99","13.12","LST","ZEN PET","ZEN PET ORTHOWRPS HOCK 1sm"
"","1510169","","0","1","0","766.99","390.2","INOT","ZEN PET","ZEN PET ORTHOWRP PWR PNL 1ea"
"","17752","17784","0","1","0","34.99","25.53","LST","PURINA PRO PLAN","PPLN CT IND HAIRBALL TK&R3.5LB"
"","18684","","0","1","0","72.99","46.43","LST","BLUE BUFFALO","BLU CT AD WILD SL 11LB"
"","20405","","0","1","0","144.99","98.03","LST","ROYAL CANIN","RCCHN DG SS MD 30LB"
"","18687","","0","1","0","72.99","46.43","LST","BLUE BUFFALO","BLU CT AD WILD DK 11LB"
"","18741","","0","1","0","102.99","69.46","LST","NOW FRESH","NOW CT SNR GF TK SL&DK 16LB"
"","20653","20652","0","12","0","5.59","3.5175","LST","HILL'S SCIENCE DIET","SD DG PUP CHK&BAR 13OZ"
"","21692","","0","24","0","3.69","2.0333","LST","BLUE BUFFALO","BLU DG SM BRD AD CHK DNR 5.5OZ"
"","22016","","0","24","0","3.99","3.0063","LST","WELLNESS","WEL CT GF SLC CHK 5.5OZ"
"","22817","25111","0","24","0","2.19","1.4271","LST","BLUE BUFFALO","BLU CT AD TF FSH&TUNA 3OZ"
"","24293","","0","24","0","4.49","2.6421","LST","HILL'S SCIENCE DIET","SD CT AD HB SVRY CHK 5.5OZ"
"","24300","","0","24","0","4.49","2.5913","OOS","HILL'S SCIENCE DIET","SD CT AD LIGHT CHK&LVR 5.5OZ"
"","24741","11220","0","1","0.5","108.99","77.04","LST","PURINA PRO PLAN","PPLN DG ESNTL SH BF&R 35 LB"
"","24757","","0","10","0","1.99","1.307","LST","FANCY FEAST","FF CT HD CHICKEN & BEEF 2OZ"
"","24304","","0","24","0","4.49","2.5913","LST","HILL'S SCIENCE DIET","SD CT AD SAVORY SL ENT 5.5OZ"
"","24320","","0","24","0","4.49","2.5913","LST","HILL'S SCIENCE DIET","SD CT KIT CK&LVR 5.5OZ"
"","25185","","0","1","0","108.99","77.82","LST","THE HONEST KITCHEN","HK DG WG CHK 10LB"
"","25334","","0","24","0","4.59","2.92","LST","MERRICK","MRK CT LMTD GF TKY 5OZ"
"","25033","","0","24","0","2.39","1.3754","LST","B.F.F.","BFF CT TN&TLP CF 3OZ"
"","25547","","0","1","0","87.99","67.77","LST","BLUE BUFFALO","BLU PUP WILD GF CHK 24LB"
"","25617","","0","1","0","46.99","26.91","LST","BLUE BUFFALO","BLU CT AD WILD DK 5LB"
"","25826","","0","1","0","131.99","87.09","LST","ROYAL CANIN","RCBHN DG GMN SHEP PUP 30LB"
"","26186","24808","0","1","0","108.99","82.48","LST","PURINA PRO PLAN","PPLN DG SPEC LB SH CK&R 34LB"
"","28164","28170","0","1","0","11.49","9.42","LST","PURINA","PUR CT CHOW KIT 4lb"
"","30754","","0","1","0","17.99","8.9","LST","LAFEBER","LFBR SB NTRIBR TROP FRT 10OZ"
"","31223","","0","1","0","29.99","17.83","LST","ZUPREEM","ZPRM NTRL LG BRD 3LB"
"","31231","","0","1","0","41.99","23.94","LST","ZUPREEM","ZPRM SMRTSEL M&L BRD 4LB"
"","31636","","0","1","0","19.99","9.5","LST","HAGEN","HGN BDG SEED 6LB"
"","31644","","0","1","0","11.49","5.75","LST","HAGEN","HGN GP FD 5LB"
"","30799","","0","1","0","31.99","19.6","LST","MARTIN","MRTN LF GP TMTHY FOOD 11LB"
"","31220","","0","1","0","23.99","13.51","LST","ZUPREEM","ZPRM TR HRVST SM BRD 2.25LB"
"","31233","","0","1","0","41.99","23.94","OOS","ZUPREEM","ZPRM SMRTSEL LG BRD 4LB"
"","31635","","0","1","0","13.99","5.88","LST","HAGEN","HGN BDG SEED 3LB"
"","31637","","0","1","0","14.99","6.37","LST","HAGEN","HGN CNRY SEED 3LB"
"","31639","","0","1","0","13.99","5.88","LST","HAGEN","HGN CKTL SEED 2.5LB"
"","40185","","0","1","0","14.99","7.75","LST","NUTRAFIN","NF MAX TROP FLKS 2.7OZ"
"","40188","","0","1","0","8.99","4.25","LST","NUTRAFIN","NF MAX GLDFSH FLKS 1.34OZ"
"","40210","","0","1","0","25.99","10.41","LST","TETRA","TTR GLDFSH FLKS VTM C 7.06OZ"
"","40251","","0","1","0","12.49","4.62","LST","NORTHFIN","NRFN CICH FRMLA 2MM 3.5OZ"
"","40252","","0","1","0","12.49","4.62","LST","NORTHFIN","NRFN VEG FRMLA 1MM 3.5OZ"
"","40257","","0","1","0","12.49","4","LST","NORTHFIN","NRFN MRN FRMLA 1MM 3.5OZ"
"","40258","","0","1","0","12.49","4.62","LST","NORTHFIN","NRFN GLDFSH FRMLA 2MM 3.5OZ"
"","40259","","0","1","0","12.49","4.62","LST","NORTHFIN","NRFN GLDFSH FRMLA 3MM 3.5OZ"
"","40263","","0","1","0","6.49","1.8","LST","NORTHFIN","NRFN CMNTY FRMLA 0.5MM 0.7OZ"
"","40265","","0","1","0","6.99","2.53","LST","NORTHFIN","NRFN KRILL GLD FRMLA 1MM 0.7OZ"
"","40266","","0","1","0","6.49","1.8","LST","NORTHFIN","NRFN MRN FRMLA 1MM 0.7OZ"
"","40609","","0","1","0","16.99","6.45","LST","TETRA","TTR EASY BLNC PL 8.45OZ"
"","40873","","0","1","0","2.49","0.8","OOS","MARINA","MRN PLSTC 2WAY CNTRL VLV 1EA"
"","40911","","0","1","0","33.99","15.07","LST","NUTRAFIN","NF CYCLE BIO AQRM SUPPL 16.9OZ"
"","40187","","0","1","0","13.99","6.75","LST","NUTRAFIN","NF MAX GLDFSH FLKS 2.7OZ"
"","40925","","0","1","0","49.99","22.5","LST","EXO TERRA","ET TRTL BANK 1MD"
"","40926","","0","1","0","179.99","144.75","LST","ZOO MED","ZM LEOP GEKO KIT 20X12IN 10GAL"
"","40250","","0","1","0","12.49","4.62","LST","NORTHFIN","NRFN CICH FRMLA 1MM 3.5OZ"
"","40978","","0","1","0","24.99","11","LST","EXO TERRA","ET FREST BARK SBSTRT 8QT"
"","40253","","0","1","0","12.49","4.59","LST","NORTHFIN","NRFN VEG FRMLA 2MM 3.5OZ"
"","40254","","0","1","0","12.49","4.62","LST","NORTHFIN","NRFN CMNTY FRMLA 0.5MM 3.5OZ"
"","40255","","0","1","0","12.49","4.62","LST","NORTHFIN","NRFN CMNTY FRMLA 1MM 3.5OZ"
"","40256","","0","1","0","12.49","4","LST","NORTHFIN","NRFN KELP WAFR FRMLA 3.5OZ"
"","40261","","0","1","0","13.99","5.52","LST","NORTHFIN","NRFN KRILL GLD FRMLA 1MM 2.8OZ"
"","41091","","0","1","0.25","13.99","5.34","LST","TETRA","TTR POND STCK 3.5OZ"
"","41095","","0","1","0","14.99","5.82","LST","TETRA","TTR POND KOI VBRNC STCK 4.94OZ"
"","41112","","0","1","0","4.99","2.19","LST","LIVING WORLD","LW MNL STN CRT1.1OZ"
"","41824","","0","1","0","10.99","6.68","LST","ARMSTRONG","AS RJ 4 SEASON VP 3PK"
"","40793","","0","1","0","2.49","0.97","LST","MARINA","MRN AIR STN CYLNDRCL 1.5IN"
"","40885","","0","1","0","39.99","15","LST","FLUVAL","FL EV GRVL CLNR LG 24IN"
"","40889","","0","1","0","6.99","2.66","LST","FLUVAL","FL CHI FOAM PAD 2PK"
"","40897","","0","1","0","8.99","3","LST","MARINA","MRN I25 INTRNL CRTG 2PK"
"","40971","","0","1","0","55.99","28.8","LST","ZOO MED","ZM DEEP DME LMP FXTR 8.5IN"
"","49688","","0","1","0","5.49","1.8","LST","ZOO MED","ZM CRCKT CLCM BLCK 5OZ"
"","50063","","0","1","0","11.49","5","OOS","ZOO MED","ZM CAN O CRCKT MINI 1.2OZ"
"","48157","","0","24","0","3.19","1.9288","LST","NATURAL BALANCE","NB CT LID SL&GPEA 5.5OZ"
"","48741","","0","1","0","29.99","18","LST","JOLLY PETS","JOLLY DG TUG&TOSS BALL RED 8IN"
"","50617","","0","1","0","36.99","18","LST","ZOO MED","ZM DLX PRCLN CLAMP LMP 5.5IN"
"","50633","","0","1","0","26.99","10.35","LST","ZOO MED","ZM REPTI BASK SPT LMP 150W"
"","50637","","0","1","0","22.99","9.8","LST","ZOO MED","ZM DUAL THRMTR&HMDTY GAUGE 1EA"
"","50638","","0","1","0","18.49","7.85","LST","ZOO MED","ZM TERR DGTL THRMTR 1EA"
"","50641","","0","1","0","369.99","250","LST","ZOO MED","ZM BRD DRGN KIT 36X18IN 40GAL"
"","50714","","0","24","0","3.49","0.8479","LST","MARTIN","MRTN LF SA APL DMPL TRT 0.9OZ"
"","50035","","0","1","0","24.99","11.3","LST","ZOO MED","ZM GRMT AQTRTL FOOD 11OZ"
"","50043","","0","1","0","11.49","6.04","LST","ZOO MED","ZM LEOP GEKO FOOD 0.4OZ"
"","50609","","0","1","0","27.99","13.5","LST","ZOO MED","ZM REPTI HMMCK 27IN"
"","50610","","0","1","0","114.99","72.6","OOS","ZOO MED","ZM REPTI FGGR HMDFR 1EA"
"","50611","","0","1","0","18.49","6.45","LST","ZOO MED","ZM ASPN SNK BDING 8QT"
"","50618","","0","1","0","49.99","21.55","LST","ZOO MED","ZM DLX PRCLN CLAMP LMP 8.5IN"
"","50619","","0","1","0","16.99","5.25","LST","ZOO MED","ZM DAYLT BLU BLB 40W"
"","50634","","0","1","0","32.99","14.35","LST","ZOO MED","ZM NCTRNL INFRD HTLMP 150W"
"","50639","","0","1","0","34.99","18.05","LST","ZOO MED","ZM REPTI CARE DY NGT TIMER 1EA"
"","50640","","0","1","0","25.99","10.7","LST","ZOO MED","ZM EXCVTR CLAY 10LB"
"","51662","","0","1","0","19.99","8.75","LST","VERSELE-LAGA","VL CRSP MUESLI GP FOOD 6.1LB"
"","51663","","0","1","0","9.99","4.15","LST","VERSELE-LAGA","VL CRSP MUESLI HMS FOOD2.2LB"
"","50715","","0","24","0","3.49","0.8479","LST","MARTIN","MRTN LF SA BNA MFN TRT 0.9OZ"
"","51675","","0","1","0","16.99","8.5","LST","VERSELE-LAGA","VL PRS LRPRQ AFR PRKT 2.2LB"
"","51676","","0","1","0","16.99","8.5","LST","VERSELE-LAGA","VL PRS LRPRQ AUSTRN PRKT 2.2LB"
"","52681","","0","1","0","31.99","18.7","LST","PETMATE","PM FRESH FLOW PUMP 1EA"
"","55903","","0","1","0","31.99","17.59","LST","ESTES","ES SHLW CRK PBLE 25LB"
"","57217","28615","0","25","0","13.99","6.496","LST","PET CENTER","PC DG BRD BULLY STCK 7in"
"","59356","","0","1","0","333.99","250","LST","PETSAFE","PETSF LTL DG FENCE 1ea"
"","58062","","0","1","0","113.99","49.82","ROS","PREVUE","PR CG STD WHT 62IN"
"","59491","","0","1","0","139.99","89","LST","PETSAFE","PETSF DLX ULTLT REC 1ea"
"","6228034","","0","1","0","0","0.39","","PET VALU","MK RED STKRS 50%  60/ROLL"
"","6228661","","0","1","0","13.99","4.79","LST","NORTHFIN","NRFN BUGPRO CRSP 2MM 4.55OZ"
"","6227903","","0","1","0","134.99","81.06","LST","MIDWEST","MW GP HBTT PL 47X24IN"
"","6228032","","0","1","0","0","0.39","","PET VALU","MK RED STKRS 20% 60/ROLL"
"","6228036","","0","1","0","0","0.42","","PET VALU","MK RED CAN STKRS 35% 120/ROLL"
"","6228662","","0","1","0","6.49","2.07","LST","NORTHFIN","NRFN SUPER BTA FRMLA 1MM 0.35O"
"","6229977","1101145","0","1","0","32.99","19.15","LST","NATURAL BALANCE","NB DG LID LMB&BR 4LB"
"","6229985","1101147","0","1","0","61.99","42.2","LST","NATURAL BALANCE","NB DG LID LMB&BR 12LB"
"","6230009","6465318","0","40","0.75","1.79","0.5713","LST","KOMODO","KM JELLY POTS FRT MIX 1EA"
"","6230170","51672","0","1","0","13.49","6.5","LST","VERSELE-LAGA","VL PRM TROP FNCH 1.76LB"
"","6230657","","0","1","0","5.99","2.67","LST","LIVING WORLD","LW SA CHWS PPY STALK STCK 10PC"
"","6230068","","2","1","0","24.99","13.72","OOS","PACIFIC 21","PACFC 21 DG SLM SKN CRSP7.05OZ"
"","6230169","51671","0","1","0","13.49","6.5","OOS","VERSELE-LAGA","VL PRM CNRY 1.76LB"
"","6230171","51673","0","1","0","13.49","6.5","LST","VERSELE-LAGA","VL PRM BDG 1.7LB"
"","6230599","","0","1","0","29.99","18.74","LST","ZEAL","ZEAL DG BF 1LB"
"","6232390","","0","1","0","0","11.94","","PET VALU","DOG WASH APRON KIDS EA"
"","6231176","","0","1","0","68.99","43.46","LST","ZEAL","ZEAL DG SLM 2.2LB"
"","6232717","","0","12","0","6.99","4.355","LST","TIKI CAT","TIKI CAT CHKN MSSE STIX3OZ6PK"
"","6232732","","0","1","0","29.99","20.86","LST","OPEN FARM","OPFM DG TK&OAT ANCNT G 4LB"
"","6232743","","2","1","0.75","103.99","72.86","LST","OPEN FARM","OPFM DG SL&OAT ANCNT G 22LB"
"","6232744","","1","1","0.25","32.99","23.12","LST","OPEN FARM","OPFM DG ANCNT G PUP CK&SLM4LB"
"","6232745","","1","1","0","106.99","74.97","LST","OPEN FARM","OPFM DG ANCNT G PUP CK&SLM22LB"
"","6232752","","0","1","0","34.99","24.18","LST","OPEN FARM","OPFM DG BF&OAT ANCNT G 4LB"
"","6233479","","1","1","0","19.99","9.99","LST","TUFFY","TUFFY BANANA 2IN1 1EA"
"","6233740","","0","1","0","7.29","4.55","OOS","FRUITABLES","FRTBL DGSTV PMPKN 15OZ"
"","6233739","","0","1","0","7.29","4.55","OOS","FRUITABLES","FRTBL SWITCH PMPKN 15OZ"
"","6234061","","0","1","0","122.99","70","LST","PETSAFE","PETSF PET FTAN 7.5L"
"","6234671","","0","1","0","13.49","6.76","LST","ARK NATURALS","ARK DG BRSHLS DENTAL CHW4OZ"
"","6234789","","0","1","0","0","53.75","","PET VALU","MK PV/PM LOY YR ORCE 2021 1KIT"
"","6234582","","0","1","0","0","4","","PET VALU","PM 3PLY MASK W/LOGO EA"
"","6234673","","0","1","0","72.99","46.15","LST","ARK NATURALS","ARK DG BRSHLS DENTAL VP 54OZMD"
"","6235521","","1","1","0","29.99","15.27","LST","OXBOW","OXB ENLF COZE CAVE 1LG"
"","6235887","","0","1","0","16.99","6.62","ROS","JUMP","JMP DG CLR FLAMINGO GREY 1MD"
"","6235888","","0","1","0","17.99","7.05","ROS","JUMP","JMP DG CLR FLAMINGO GREY 1LG"
"","6236101","","0","1","0","37.99","21.31","LST","NUTRI-VET","NV DG MIL REPL PWDR 12OZ"
"","6236106","","0","1","0","16.99","8.5","LST","PIONEER PET","PP VORTEX RND FLTR 3PK"
"","6236165","1500239","0","1","0","43.99","22.97","LST","POOCH PAD","PCHPD INDOOR REPL PAD 2PK"
"","6236179","","0","1","0","0","34","","PET VALU","MK CORP LO LG WC 1KIT"
"","6236406","","0","10","0","0","7.258","","PET VALU","PM 3PLY CTTN MASKS CAT 10PK"
"","6236890","","0","1","0","19.99","9","INOT","HOTEL DOGGY","S21 HD PRIDE DRESS L 1EA"
"","6236894","","0","1","0","14.99","7","INOT","HOTEL DOGGY","S21 HD PRIDE TANK M 1EA"
"","6236895","","1","1","0","19.99","9","INOT","HOTEL DOGGY","S21 HD PRIDE TANK L 1EA"
"","6236903","","1","1","0","19.99","9.25","INOT","HOTEL DOGGY","S21 HD PRIDE PAJAMAS M 1EA"
"","6236904","","0","1","0","24.99","12","INOT","HOTEL DOGGY","S21 HD PRIDE PAJAMAS L 1EA"
"","6236909","","0","1","0","7.99","3.75","INOT","HOTEL DOGGY","S21 HD PRIDE BOWTIE OS 1EA"
"","6236052","","0","1","0.25","69.99","44.13","OOS","HERM SPRENGER","HERM DG QK RLSE PRNG CLR 22IN"
"","6237035","","2","1","0","31.99","15.5","LST","THIS & THAT","T&T DG EVEREST LG 2pc MLTIPK"
"","6237206","","4","1","0","1.49","0.05","LST","PERFORMATRIN ULTRA","PERF ULT DG STREAM AG SMP 4OZ"
"","6237221","","0","1","0","0","7.01","","PET VALU","MK PERF U WLDS/FRM BLADE 1KIT"
"","6237458","","0","1","0","9.89","5.5","LST","TETRA","TTR FD BLDWM 0.25OZ"
"","6236240","","0","1","0","24.99","12.49","LST","TUFFY","TUFFY HOT DOG 2IN1 1EA"
"","6237482","","0","1","0","22.49","11.44","LST","LIFETIME","LT CT INDR CK&OAT 5LB"
"","6237530","","0","1","0","1.49","0.05","LST","GO! SOLUTIONS","GO! CT S&C GF SL SMP"
"","6236369","1103558","1","1","0.25","76.99","52.19","LST","ACANA","ACANA DG SNGLS DK&PEAR 11.9LB"
"","6236372","1103554","2","1","0.25","66.99","45.44","LST","ACANA","ACANA DG SNGLS PRK&SQSH 11.9LB"
"","6237660","","0","1","0","77.99","37.94","ROS","BAILEY & BELLA","BB GREY PET COUCH 20X30 1EA"
"","6237663","","0","1","0","99.99","49.37","LST","BAILEY & BELLA","BB NAVY PET COUCH 30X40 1EA"
"","6236405","","0","10","0","0","7.258","","PET VALU","PV 3PLY CTTN MASKS CAT 10PK"
"","6237673","","0","1","0","26.99","14.72","ROS","HUGGLEHOUNDS","HH KNOTTIE LOUISE LAMB 1LG"
"","6237674","","0","1","0","22.99","11.45","LST","HUGGLEHOUNDS","HH KNOTTIE PENELOPE PIG 1SM"
"","6237675","","0","1","0","26.99","16.19","LST","HUGGLEHOUNDS","HH KNOTTIE PENELOPE PIG 1LG"
"","6236431","","0","1","0","24.99","12.49","INOT","BAILEY & BELLA","S21 B&B BDAY TUTU TANK XL 1EA"
"","6236440","","0","1","0","19.99","9.99","INOT","BAILEY & BELLA","S21 B&B BDAY T-SHIRT XL 1EA"
"","6236887","","1","1","0","16.99","8","INOT","HOTEL DOGGY","S21 HD PRIDE DRESS XS 1EA"
"","6237992","","0","1","0","38.99","20.27","ROS","BAILEY & BELLA","BB DG HRN RD PLD 1MD"
"","6236888","","1","1","0","16.99","8","INOT","HOTEL DOGGY","S21 HD PRIDE DRESS S 1EA"
"","6237995","","0","1","0","33.99","17.33","ROS","BAILEY & BELLA","BB DG HRN GRY PLD 1SM"
"","6236889","","1","1","0","16.99","8","INOT","HOTEL DOGGY","S21 HD PRIDE DRESS M 1EA"
"","6236891","","1","1","0","19.99","9","INOT","HOTEL DOGGY","S21 HD PRIDE DRESS XL 1EA"
"","6237997","","0","1","0","38.99","20.27","ROS","BAILEY & BELLA","BB DG HRN GRY PLD 1LG"
"","6236892","","0","1","0","14.99","7","INOT","HOTEL DOGGY","S21 HD PRIDE TANK XS 1EA"
"","6237998","","0","1","0","33.99","17.33","ROS","BAILEY & BELLA","BB DG HRN PNK HOUNDTOOTH 1XS"
"","6236893","","0","1","0","14.99","7","INOT","HOTEL DOGGY","S21 HD PRIDE TANK S 1EA"
"","6238003","","0","1","0","33.99","17.33","ROS","BAILEY & BELLA","BB DG HRN PNK PLD 1SM"
"","6236896","","0","1","0","19.99","9","INOT","HOTEL DOGGY","S21 HD PRIDE TANK XL 1EA"
"","6236900","","0","1","0","19.99","9","INOT","HOTEL DOGGY","S21 HD PRIDE TANK XXL 1EA"
"","6238005","","0","1","0","38.99","20.27","ROS","BAILEY & BELLA","BB DG HRN PNK PLD 1LG"
"","6236901","","0","1","0","19.99","9.25","INOT","HOTEL DOGGY","S21 HD PRIDE PAJAMAS XS 1EA"
"","6236902","","0","1","0","19.99","9.25","INOT","HOTEL DOGGY","S21 HD PRIDE PAJAMAS S 1EA"
"","6238011","","0","1","0","33.99","17.33","ROS","BAILEY & BELLA","BB DG HRN GRY HRNGBNE 1SM"
"","6236905","","0","1","0","24.99","12","INOT","HOTEL DOGGY","S21 HD PRIDE PAJAMAS XL 1EA"
"","6238012","","0","1","0","38.99","20.27","ROS","BAILEY & BELLA","BB DG HRN GRY HRNGBNE 1MD"
"","6236906","","0","1","0","24.99","12","INOT","HOTEL DOGGY","S21 HD PRIDE PAJAMAS XXL 1EA"
"","6238020","","0","1","0","20.99","7.35","ROS","JUMP","JMP CLR MRTGL FLMNGO PRP 1XS"
"","6236907","","2","1","0.25","7.99","3.75","INOT","HOTEL DOGGY","S21 HD PRIDE BAND S 1EA"
"","6237036","","0","1","0","33.99","17.6","LST","THIS & THAT","T&T DG EVEREST MED 3pc MLTIPK"
"","6238031","","0","1","0","25.99","9.1","ROS","JUMP","JMP CLR MRTNGL FLMNGO GRY 1LG"
"","6237037","","0","1","0","41.99","21.2","LST","THIS & THAT","T&T DG EVEREST XLG 2pc MLTIPK"
"","6238342","","0","1","0","39.99","24.22","LST","BLUE BUFFALO","BLU DG TRU SLTN MBLTY 5LB"
"","6238351","","0","1","0","0","13.5","","PET VALU","MK X CPS WINDOW PSTR 1KIT"
"","6238378","","0","1","0.75","12.99","6.9","LST","PUREBITES","PB DG MINI TRAINERS BEEF3oz"
"","6238380","","0","1","0.25","12.99","6.9","LST","PUREBITES","PB DG MINI TRAINERS LAMB2.4oz"
"","6237480","","0","1","0","65.99","44","LST","LIFETIME","LT DG LB FSH&OAT 25LB"
"","6238402","","2","1","0.5","13.99","6.47","LST","HILL'S SCIENCE DIET","SD DG SFT SVRIES PEANT&BNNA8oz"
"","6237661","","0","1","0","99.99","49.37","LST","BAILEY & BELLA","BB GREY PET COUCH 30X40 1EA"
"","6239004","26581","1","1","0","31.99","21.57","LST","NOW FRESH","NOW DG AD GF TROUT SL&HRG3.5LB"
"","6237662","","0","1","0","77.99","37.94","ROS","BAILEY & BELLA","BB NAVY PET COUCH 20X30 1EA"
"","6237672","","0","1","0","22.99","11.45","ROS","HUGGLEHOUNDS","HH KNOTTIE LOUISE LAMB 1SM"
"","6237719","","0","1","0","32.99","13.86","ROS","JUMP","JMP DG VST HRN SLD BLU 1LG"
"","6239043","18738","0","1","0","30.99","20.9","LST","NOW FRESH","NOW CT SNR GF TK SL&DK 3LB"
"","6239044","26584","0","1","0","30.99","20.9","LST","NOW FRESH","NOW CT AD GF TROUT SL&HRG 3LB"
"","6237990","","0","1","0","33.99","17.33","ROS","BAILEY & BELLA","BB DG HRN RD PLD 1XS"
"","6237993","","0","1","0","38.99","20.27","ROS","BAILEY & BELLA","BB DG HRN RD PLD 1LG"
"","6238000","","0","1","0","38.99","20.27","ROS","BAILEY & BELLA","BB DG HRN PNK HOUNDTOOTH 1MD"
"","6238001","","0","1","0","38.99","20.27","ROS","BAILEY & BELLA","BB DG HRN PNK HOUNDTOOTH 1LG"
"","6238002","","0","1","0","33.99","17.33","ROS","BAILEY & BELLA","BB DG HRN PNK PLD 1XS"
"","6238006","","0","1","0","33.99","17.33","ROS","BAILEY & BELLA","BB DG HRN BRWN HRNGBNE 1XS"
"","6240076","","0","1","0","125.99","92.92","LST","HILL'S SCIENCE DIET","SD DG AD LB PRFCT DGTV 22LB"
"","6238009","","0","1","0","38.99","20.27","ROS","BAILEY & BELLA","BB DG HRN BRWN HRNGBNE 1LG"
"","6238013","","0","1","0","38.99","20.27","ROS","BAILEY & BELLA","BB DG HRN GRY HRNGBNE 1LG"
"","6240362","","0","25","0","0","0.0004","LST","ZEAL","ZEAL CT SLM & TKY SMP 20G"
"","6238029","","0","1","0","22.99","8.04","ROS","JUMP","JMP CLR MRTNGL FLMNGO GRY 1SM"
"","6240383","","0","1","0","14.99","8","LST","WELLNESS","WEL DG SFT PUPPY BTS L&SLM8OZ"
"","6240503","","0","1","0","11.99","5.95","LST","KONG","KONG SQUEEZZ GOOMZ BALL 1LG"
"","6238379","","0","1","0","12.99","6.9","LST","PUREBITES","PB DG MINI TRAINERS CHKEN2.1oz"
"","6238399","","0","24","0","3.49","2.1883","LST","HILL'S SCIENCE DIET","SD CT KIT CK TNDR PCH 2.8OZ"
"","6239042","18726","0","1","0.25","30.99","20.9","LST","NOW FRESH","NOW KIT GF TK SL&DK 3LB"
"","6241070","","0","1","0","0","113.93","INOT","PLAY","PLAY MUTT HATTER SHIPPER 15PC"
"","6241110","","0","12","0","6.99","5.0883","LST","ORIJEN","ORIJEN DG PUPPY PATE 12.8OZ"
"","6250447","","0","1","0","7.29","4.6","LST","PUREBITES","PB CT SHRIMP VALUE SIZE 0.38OZ"
"","6239858","","0","1","0","0","4.75","","PET VALU","PV 2PLY CTN PAW MASK EA"
"","6240323","","0","12","0","6.99","4.355","LST","TIKI CAT","TIKI CAT SALMN MSSE STIX3OZ6PK"
"","6240359","","0","25","0","0","0.0004","LST","ZEAL","ZEAL DG BF SMP 20G"
"","6240360","","0","25","0","0","0.0004","OOS","ZEAL","ZEAL DG TKY SMP 20G"
"","6250846","","0","1","0","14.99","7.85","LST","LORD JAMESON","LJ PB&CCNT CLBRTION BASH6OZ"
"","6240361","","0","25","0","0","0.0004","OOS","ZEAL","ZEAL DG SLM SMP 20G"
"","6250975","","0","12","0","1.89","1.0433","LST","WERUVA","WER PMKN CCNT&FLXSD 1.05OZ"
"","6251134","","0","1","0","18.99","7.8","LST","PETAG","ESBILAC LIQUID GOAT MILK 11OZ"
"","6240501","","0","1","0","21.99","10.38","LST","KONG","KONG SQUEEZZ GOOMZ FTBL 1LG"
"","6240517","","0","1","0","34.99","21.81","LST","ZEAL","ZEAL CT SLM & TKY 14OZ"
"","6251652","","0","1","0","23.99","12.25","LST","OXBOW","OXB ENLF PLY GRDN PZL 1EA"
"","6240886","","0","12","0.25","6.99","4.5733","LST","TIKI CAT","TIKI CAT CH DK SLMN VP STIX3OZ"
"","6240978","23146","0","24","0","4.69","2.7","LST","ROYAL CANIN","RCCHN DG SB PUP 5.2OZ"
"","6240980","23147","0","24","0","4.69","2.8","LST","ROYAL CANIN","RCCHN DG SB BEAUTY 5.2OZ"
"","6241064","","0","1","0","0","110.93","INOT","PLAY","PLAY SUMMER CLASSIC SHPR 15PC"
"","6250446","","0","1","0","13.49","9.15","LST","PUREBITES","PB CT MINNOW SUPER VSIZE 2.3OZ"
"","6250448","","1","1","0","13.49","9.15","LST","PUREBITES","PB CT SHRIMP SUPER VSIZE0.81OZ"
"","6250790","","0","1","0","72.99","46.15","LST","ARK NATURALS","ARK DG BRSHLS DENTAL VP 54OZLG"
"","6250974","","0","12","0","1.89","1.0433","LST","WERUVA","WER PMKN GNGER&TMIC 1.05OZ"
"","6250976","","0","12","0","2.59","1.4733","LST","WERUVA","WER PMKN GNGER&TMIC 2.8OZ"
"","6250977","","0","12","0","2.59","1.4733","LST","WERUVA","WER PMKN CCNT&FLXSD 2.8OZ"
"","6253993","","0","1","0","21.99","12.09","LST","CALMEROOS","CALMR REPLACE HEARTBEAT 1EA"
"","6253994","","0","1","0","19.99","10.99","LST","CALMEROOS","CALMR REPLACE HEAT PACK 6PC"
"","6251747","","0","1","0","0","4.7","","PET VALU","MK F4L 2021 POP 1KIT"
"","6257170","","0","1","0","28.99","18.11","LST","CAREFRESH","CF SEA GLASS BDNG 23L"
"","6257171","","0","1","0","28.99","18.11","LST","CAREFRESH","CF PURPLE BDNG 23L"
"","6402290","1000097","1","1","0.5","63.99","36.57","LST","PERFORMATRIN ULTRA","PERF ULT CT WG CK&R 12LB"
"","6402292","1000098","0","1","0.25","22.99","13.27","LST","PERFORMATRIN ULTRA","PERF ULT CT WG CK&R 2.5LB"
"","6402295","6229600","1","1","0","33.99","19.91","LST","PERFORMATRIN ULTRA","PERF ULT CT GF FRMSTD 4LB"
"","6402298","1000133","0","1","0","33.99","19.15","LST","PERFORMATRIN ULTRA","PERF ULT CT GF KIT 4LB"
"","6402299","1000135","2","1","0","26.99","14.62","LST","PERFORMATRIN ULTRA","PERF ULT CT GF KIT 2.5LB"
"","6402301","1000285","0","1","0.75","33.99","19.91","LST","PERFORMATRIN ULTRA","PERF ULT CT GF OCN 4LB"
"","6402309","10802","2","1","0","26.99","14.62","LST","PERFORMATRIN ULTRA","PERF ULT CT GF SNR 2.5LB"
"","6402315","1000110","1","1","0.25","22.99","13.56","LST","PERFORMATRIN ULTRA","PERF ULT CT WG HWGT 2.5LB"
"","6402321","1000119","0","1","0.25","63.99","37.75","LST","PERFORMATRIN ULTRA","PERF ULT CT LID GP&DK 12LB"
"","6402323","1000117","0","1","0.25","24.99","14.74","LST","PERFORMATRIN ULTRA","PERF ULT CT LID GP&DK 2.5LB"
"","6402325","1000123","1","1","0.25","63.99","37.75","LST","PERFORMATRIN ULTRA","PERF ULT CT LID SL 12LB"
"","6402327","1000122","3","1","0.75","29.99","17.69","LST","PERFORMATRIN ULTRA","PERF ULT CT LID SL 4LB"
"","6402329","1000130","1","1","0","29.99","17.69","LST","PERFORMATRIN ULTRA","PERF ULT CT LID TURKEY 4LB"
"","6402330","1000129","1","1","0.25","24.99","14.74","LST","PERFORMATRIN ULTRA","PERF ULT CT LID TURKEY 2.5 LB"
"","6402334","1000127","2","1","0.25","63.99","37.75","LST","PERFORMATRIN ULTRA","PERF ULT CT LID CK&SP 12LB"
"","6402344","1000220","2","1","0.75","24.99","14.3","LST","PERFORMATRIN ULTRA","PERF ULT DG WG L&R AD 4LB"
"","6402346","1000218","0","1","0.5","49.99","28.02","LST","PERFORMATRIN ULTRA","PERF ULT DG WG L&R AD 12LB"
"","6402351","6237201","0","1","0.25","59.99","34.23","LST","PERFORMATRIN ULTRA","PERF ULT DG WG MEADOW 12LB"
"","6402353","6237202","3","1","0.5","25.99","15.33","LST","PERFORMATRIN ULTRA","PERF ULT DG WG MEADOW 4LB"
"","6402355","6237198","0","1","0","59.99","34.23","LST","PERFORMATRIN ULTRA","PERF ULT DG WG STREAM 12LB"
"","6402357","6237199","1","1","0","25.99","15.33","LST","PERFORMATRIN ULTRA","PERF ULT DG WG STREAM 4LB"
"","6402360","6229596","0","1","0.25","25.99","15.33","LST","PERFORMATRIN ULTRA","PERF ULT DG WG WDS 4LB"
"","6402368","1000202","1","1","1","64.99","37.83","LST","PERFORMATRIN ULTRA","PERF ULT DG GF FTHL 12LB"
"","6402370","1000204","0","1","0.5","64.99","37.83","LST","PERFORMATRIN ULTRA","PERF ULT DG GF FTHL SB12LB"
"","6402374","1000222","0","1","0","64.99","38.34","LST","PERFORMATRIN ULTRA","PERF ULT DG GF LGBR AD 12LB"
"","6402385","1000209","1","1","0","29.99","16.74","LST","PERFORMATRIN ULTRA","PERF ULT DG GF 4LB"
"","6402392","1000212","1","1","0.25","64.99","38.34","LST","PERFORMATRIN ULTRA","PERF ULT DG GF SMBT 12LB"
"","6402395","1000249","0","1","0","29.99","16.74","LST","PERFORMATRIN ULTRA","PERF ULT DG GF PRR 4LB"
"","6402403","1002233","0","1","1","29.99","16.74","LST","PERFORMATRIN ULTRA","PERF ULT DG GF SNR SB 4LB"
"","6402405","1000214","2","1","0.5","59.99","34.24","LST","PERFORMATRIN ULTRA","PERF ULT DG WG HWGT SL 12LB"
"","6402409","1000256","0","1","0","25.99","15.33","LST","PERFORMATRIN ULTRA","PERF ULT DG WG HWGT SB 4LB"
"","6402410","1000258","0","1","0.25","59.99","34.24","LST","PERFORMATRIN ULTRA","PERF ULT DG WG HWGT SB 12LB"
"","6402412","1000227","0","1","0","33.99","19","LST","PERFORMATRIN ULTRA","PERF ULT DG LID DK&POT 4LB"
"","6402414","1000225","0","1","0","69.99","39.94","LST","PERFORMATRIN ULTRA","PERF ULT DG LID DK&POT 12LB"
"","6402421","1000235","0","1","0","33.99","19","LST","PERFORMATRIN ULTRA","PERF ULT DG LID POT&SL 4LB"
"","6402429","1000195","1","1","0","33.99","19","LST","PERFORMATRIN ULTRA","PERF ULT DG LID CK&SP 4LB"
"","6400828","","1","1","0.25","49.99","29.33","LST","CAPSTAR","CPSTR DG CT SMALL TRTMT 6PC"
"","6402440","1000242","1","1","0.25","33.99","19","LST","PERFORMATRIN ULTRA","PERF ULT DG LID VEN&SP 4LB"
"","6400829","","0","1","0","54.99","33","LST","CAPSTAR","CPSTR DG LARGE TRTMT 6PC"
"","6401898","","0","1","0","0","15.03","ROS","","MK PET EXPERT POP 1kit"
"","6402291","1000099","0","1","0.5","27.99","15.77","LST","PERFORMATRIN ULTRA","PERF ULT CT WG CK&R 4LB"
"","6402296","6229601","0","1","0.25","74.99","44.24","LST","PERFORMATRIN ULTRA","PERF ULT CT GF FRMSTD 12LB"
"","6402520","","1","1","0","29.99","14.99","LST","Pearhead","PH PAWPRINTS DESK FRM BLK 1EA"
"","6402305","1000102","0","1","0","26.99","14.62","LST","PERFORMATRIN ULTRA","PERF ULT CT GF 2.5LB"
"","6402307","1000103","0","1","1.25","33.99","19.15","LST","PERFORMATRIN ULTRA","PERF ULT CT GF 4LB"
"","6402310","10702","1","1","0","33.99","19.15","LST","PERFORMATRIN ULTRA","PERF ULT CT GF SNR 4LB"
"","6402311","10602","0","1","0","74.99","42.11","LST","PERFORMATRIN ULTRA","PERF ULT CT GF SNR 12LB"
"","6402550","","1","1","0","21.99","11.06","LST","PERFORMATRIN ULTRA","PERF ULTRA DG DENTAL SM11.4oz"
"","6402313","1000111","0","1","0.75","27.99","15.77","LST","PERFORMATRIN ULTRA","PERF ULT CT WG HWGT 4LB"
"","6402314","1000109","0","1","1","63.99","37.56","LST","PERFORMATRIN ULTRA","PERF ULT CT WG HWGT 12LB"
"","6402769","","0","1","0","10.99","5.5","LST","PERFORMATRIN ULTRA","PERF ULTRA DG DENTAL MINI5.6oz"
"","6402318","1000114","0","1","0","22.99","13.56","LST","PERFORMATRIN ULTRA","PERF ULT CT WG L&R AD 2.5LB"
"","6402319","1000113","0","1","0.25","63.99","37.52","LST","PERFORMATRIN ULTRA","PERF ULT CT WG L&R AD 12LB"
"","6402322","1000118","0","1","0.25","29.99","17.69","LST","PERFORMATRIN ULTRA","PERF ULT CT LID GP&DK 4LB"
"","6404777","","1","1","0.25","44.99","28.31","LST","HILL'S SCIENCE DIET","SD CT AD PRFT DGTV SL&BR 3.5LB"
"","6402326","1000121","1","1","0.25","24.99","14.74","LST","PERFORMATRIN ULTRA","PERF ULT CT LID SL 2.5LB"
"","6404778","","0","1","0","44.99","28.31","LST","HILL'S SCIENCE DIET","SD CT 7+ PRFT DGTV CK&BR 3.5LB"
"","6402331","1000131","1","1","0","63.99","37.75","LST","PERFORMATRIN ULTRA","PERF ULT CT LID TURKEY 12LB"
"","6402333","1000125","1","1","0","29.99","17.69","LST","PERFORMATRIN ULTRA","PERF ULT CT LID CK&SP 4LB"
"","6402338","1000196","0","1","1","44.99","24.57","LST","PERFORMATRIN ULTRA","PERF ULT DG WG CK&R 12LB"
"","6402339","1000198","0","1","1","21.99","12.91","LST","PERFORMATRIN ULTRA","PERF ULT DG WG CK&R 4LB"
"","6402341","1002230","1","1","0.75","21.99","12.91","LST","PERFORMATRIN ULTRA","PERF ULT DG WG CK&R SMBT 4LB"
"","6402349","1002292","1","1","0.25","49.99","28.02","LST","PERFORMATRIN ULTRA","PERF ULT DG WG L&R SMBT 12LB"
"","6402363","6229594","1","1","0","59.99","33.07","LST","PERFORMATRIN ULTRA","PERF ULT DG WG WDS LGBR 12 LB"
"","6402367","1000201","0","1","0","29.99","16.74","LST","PERFORMATRIN ULTRA","PERF ULT DG GF FTHL 4LB"
"","6402371","1000205","0","1","0.25","29.99","16.74","LST","PERFORMATRIN ULTRA","PERF ULT DG GF FTHL SB 4LB"
"","6402379","1000248","2","1","0.75","64.99","38.34","LST","PERFORMATRIN ULTRA","PERF ULT DG GF OCN 12LB"
"","6402381","1000246","2","1","0.25","29.99","16.74","LST","PERFORMATRIN ULTRA","PERF ULT DG GF OCN 4LB"
"","6402384","1000207","1","1","0.25","64.99","38.34","LST","PERFORMATRIN ULTRA","PERF ULT DG GF 12LB"
"","6402389","1000262","1","1","0","64.99","36.26","LST","PERFORMATRIN ULTRA","PERF ULT DG GF PUP 12LB"
"","6402391","1000210","2","1","0","29.99","16.52","LST","PERFORMATRIN ULTRA","PERF ULT DG GF SMBT 4LB"
"","6402398","10404","0","1","0.25","29.99","16.52","LST","PERFORMATRIN ULTRA","PERF ULT DG GF SNR 4LB"
"","6406464","","0","1","0","22.99","11.5","LST","KOMODO","KM WDLND CNPY 1EA"
"","6402400","10304","0","1","0","64.99","36.23","LST","PERFORMATRIN ULTRA","PERF ULT DG GF SNR 12LB"
"","6406465","","0","1","0","22.99","11.5","LST","KOMODO","KM RAINFORST CNPY 1EA"
"","6402402","1002232","1","1","0.5","64.99","38.23","LST","PERFORMATRIN ULTRA","PERF ULT DG GF SNR SB 12LB"
"","6406467","","0","1","0","23.99","11.95","LST","KOMODO","KM TREX SKL 1EA"
"","6402407","1000216","0","1","0","25.99","15.33","LST","PERFORMATRIN ULTRA","PERF ULT DG WG HWGT SL 4LB"
"","6402419","1000233","0","1","0.25","69.99","39.94","LST","PERFORMATRIN ULTRA","PERF ULT DG LID POT&SL 12LB"
"","6402423","1000237","1","1","0","33.99","19","LST","PERFORMATRIN ULTRA","PERF ULT DG LID POT&TK 4LB"
"","6402428","1000192","0","1","0","62.99","37.07","LST","PERFORMATRIN ULTRA","PERF ULT DG LID CK&SP 12LB"
"","6402433","1000230","1","1","0.25","33.99","19","LST","PERFORMATRIN ULTRA","PERF ULT DG LID SP&FSH 4LB"
"","6402435","1002296","0","1","0.25","33.99","19","LST","PERFORMATRIN ULTRA","PERF ULT DG LID SP&FS SB 4 LB"
"","6402436","1002295","1","1","0.25","69.99","40.59","LST","PERFORMATRIN ULTRA","PERF ULT DG LID SP&FS SB 12 LB"
"","6402439","1000243","0","1","0.25","69.99","40.59","LST","PERFORMATRIN ULTRA","PERF ULT DG LID VEN&SP 12LB"
"","6402443","1000260","1","1","0.25","21.99","12.91","LST","PERFORMATRIN ULTRA","PERF ULT DG WG CK&R PUP 4LB"
"","6402517","","0","1","0","54.99","28.9","LST","PET CENTER","PC DG NO ODOR STR PZZLE15pk6in"
"","6402518","","0","1","0","54.99","28.91","LST","PET CENTER","PC DG NO ODOR STR PZZLE8pk12in"
"","6402535","","0","1","0","76.99","49.79","LST","HILL'S SCIENCE DIET","SD CT AD PRFT DGTV SL&BR 6LB"
"","6402540","","0","1","0","125.99","92.92","LST","HILL'S SCIENCE DIET","SD DG AD PRFT DGTV SL 22LB"
"","6406558","","0","1","0","249.99","149.99","INOT","A&E CAGE","A&E VICTRIAN OPN TOP CAGE 32IN"
"","6406563","26571","0","12","0","6.49","4.3583","LST","TRIPETT","TRIPETT DG ORIG BF TRP 14OZ"
"","6402551","","0","1","0.25","21.99","11.06","LST","PERFORMATRIN ULTRA","PERF ULTRA DG DENTAL MD12.7oz"
"","6406564","26572","0","12","0","6.49","4.3583","OOS","TRIPETT","TRIPETT DG ORIG BF TR&D&S 14OZ"
"","6402552","","0","1","0","21.99","11.06","LST","PERFORMATRIN ULTRA","PERF ULTRA DG DENTAL LG12.7oz"
"","6406568","","1","1","0.25","40.99","27","LST","ORIJEN","ORIJEN CT GURDN CK SL&RB 4LB"
"","6402768","","0","100","0","0","0.0544","ROS","","MK ONLINE ORDER TY CARDS 100pk"
"","6406569","","0","1","0","79.99","53.44","LST","ORIJEN","ORIJEN CT GURDN CK SL&RB 10LB"
"","6402770","","0","1","0","21.99","11.06","LST","PERFORMATRIN ULTRA","PERF ULTRA DG DENTAL MIN11.3oz"
"","6406623","","0","1","0","30.99","21.41","LST","BLUE BUFFALO","BLU DG AD LPF BEEF 6LB"
"","6406625","","0","1","0.25","74.99","59.75","LST","BLUE BUFFALO","BLU DG AD LB LPF BEEF 26LB"
"","6406374","","0","1","0","0","3.2","ROS","","MK F4L 2021 #4 ECP 1 kit"
"","6406466","","0","1","0","24.99","12.48","LST","KOMODO","KM JNGL CNPY 1EA"
"","6406469","","0","1","0","32.99","16.64","LST","KOMODO","KM DEER SKL 1EA"
"","6406565","26573","0","12","0","6.49","4.3583","LST","TRIPETT","TRIPETT DG NZ ORIG LMB TR 14OZ"
"","6406567","","0","1","0","40.99","27","LST","ORIJEN","ORIJEN KIT CK TK&SL 4LB"
"","6406621","","0","1","0","30.99","21.41","LST","BLUE BUFFALO","BLU DG AD SB LPF BEEF 6LB"
"","6406622","","0","1","0","59.99","42.08","LST","BLUE BUFFALO","BLU DG AD SB LPF BEEF 15LB"
"","6406624","","0","1","0","74.99","59.75","LST","BLUE BUFFALO","BLU DG AD LPF BEEF 26LB"
"","6406638","","0","1","0","0","4.16","LST","","FREEZER DATA STRIP 17in"
"","6407620","","0","1","0","14.99","9.45","LST","STELLA & CHEWY'S","S&C DG CG-FR CHK BN BRTH 16OZ"
"","6407120","","0","1","0","16.99","9.85","LST","STELLA & CHEWY'S","S&C DG JUST JERKY BTS SLMN6oz"
"","6407122","","0","1","0","16.99","9.85","LST","STELLA & CHEWY'S","S&C DG JUST JERKY BTS CHCKN6oz"
"","6408011","","0","20","0","0","2.008","ROS","3M","N95 MASKS 20pk"
"","6407619","","0","1","0","14.99","9.45","LST","STELLA & CHEWY'S","S&C DG GRSFD BF BN BROTH 16OZ"
"","6408098","","0","1","0","16.99","8.91","LST","CAREFRESH","CF RBT & FRRT LTR 4.5LB"
"","6408136","","0","25","0","0","0.12","LST","","MK LLH DOG GC ENV 25/pk "
"","6408137","","0","25","0","0","0.12","LST","","MK LLH CAT GC ENV 25/PK "
"","6408138","","0","25","0","0","0.1152","ROS","","MK V3 SMALL PET GC ENV 25/pk"
"","6409078","","0","1","0","29.99","14.99","LST","Pearhead","PH PAWPRINTS DESK FRM WHT 1EA"
"","6409207","","60","60","0","2.99","1.3208","LST","THIS & THAT","T&T DG SNK STN SP ORIGINAL1ea"
"","6409208","","20","20","0.25","5.79","2.825","LST","THIS & THAT","T&T DG SNK STN FISH STICKSL1ea"
"","6409209","","0","60","0","2.99","1.3208","LST","THIS & THAT","T&T DG SNK STN COVINGTON SP1ea"
"","6409210","","0","60","0.75","3.19","1.3478","LST","THIS & THAT","T&T DG SNK STN CHKN BNGERS1ea"
"","6409211","","60","60","1","3.19","1.3478","LST","THIS & THAT","T&T DG SNK STN DUCK BNGERS1ea"
"","6409212","","0","30","0","6.29","3.0933","LST","THIS & THAT","T&T DG SNK STN BB&Y SP STKS1ea"
"","6409260","1100028","0","1","0","38.99","25.3","LST","ROYAL CANIN","RCFHN CT URINARY CARE 3LB"
"","6409261","6406598","0","1","0","117.99","76.7","LST","ROYAL CANIN","RCFHN CT URINARY CARE 14LB"
"","6467198","","0","30","0","3.69","1.8027","LST","THIS & THAT","T&T DG SNK STN LIVER STCKS1ea"
"","66474","","0","1","0","39.99","22","LST","ZOO MED","ZM BASK SPT & INFRD HTLMP 75W"
"","6467199","","0","30","0","6.29","3.0933","LST","THIS & THAT","T&T DG SNK STN APP PRK STKS1ea"
"","66478","","0","1","0","16.49","8.55","LST","ZOO MED","ZM FREST FLR BDING 8QT"
"","6467201","","0","20","0","5.79","2.825","LST","THIS & THAT","T&T DG SNK STN DUCK NECKSL1ea"
"","66544","","0","1","0","19.99","8.5","LST","ZOO MED","ZM NGTLT RED BLB 40W"
"","6467202","","60","60","1","2.19","0.904","LST","THIS & THAT","T&T DG SNK STN DUCK FEET1ea"
"","66802","","0","1","0","35.99","15.75","LST","EXO TERRA","ET REP UVB100 13W"
"","65215","","0","1","0","199.99","124.72","LST","GEN7PETS","GEN7 REGAL STROLLER GRY 1ea"
"","65524","","0","1","0","449.99","308.48","LST","CRITTERWARE","WARE PRM RBT HTCH LG 46X24IN"
"","66868","","0","1","0.25","10.99","4.5","LST","MARINA","MRN BCLR SLIM CRTG 3PK"
"","66473","","0","1","0","18.49","8.55","LST","ZOO MED","ZM REPTI BARK 8QT"
"","66475","","0","1","0","65.99","43.5","OOS","ZOO MED","ZM BASK SPT LMP&UVB5 CMBO 100W"
"","67507","","0","1","0","9.39","3.54","LST","MARINELAND","ML PNGN CRTG RSZ A 1EA"
"","67510","","0","1","0","19.99","8.88","LST","MARINELAND","ML EMPRR CRTG RSZ E 2PK"
"","66560","","0","1","0","19.99","9.98","LST","ZOO MED","ZM RPTRCK RSRVR 22OZ"
"","66724","","0","1","0","64.99","27.3","LST","ZOO MED","ZM UNDR TNK HTR 40GAL 16W"
"","66803","","0","1","0","34.99","15.75","LST","EXO TERRA","ET REP UVB150 13W"
"","66900","","0","1","0","6.99","2.65","LST","ZOO MED","ZM HI RNG THRMTR 1EA"
"","67502","","0","1","0","9.39","3.54","LST","MARINELAND","ML PNGN CRTG RSZ B 1EA"
"","67505","","0","1","0","19.99","8.5","LST","MARINELAND","ML PNGN CRTG RSZ C 3PK"
"","67508","","0","1","0","19.99","8.88","LST","MARINELAND","ML PNGN CRTG RSZ A 3PK"
"","67519","","0","1","0","22.99","11.43","LST","MARINELAND","ML MGNM MCRN CRTG 1EA"
"","70312","","0","1","0","84.99","42.5","LST","FLUVAL","FLVL M150 ADJ SBMRSBL HTR 150W"
"","70313","","0","1","0","84.99","42.5","LST","FLUVAL","FLVL M200 ADJ SBMRSBL HTR 200W"
"","70995","","0","1","0","4.99","1.95","OOS","MARINA","MRN AIR STN RECT 6IN"
"","71014","","0","1","0","8.99","4.75","LST","MARINA","MRN DECO WOOD ORN 1MD"
"","75932","75912","0","1","0","119.99","78","ROS","MIDWEST","MW KNL 1630 LF STG DD 30in"
"","79116","","0","1","0","259.99","150","LST","PETSAFE","PETSF S&P STBRN RCVR 1ea"
"","9100134","","0","24","0","4.49","2.5913","LST","HILL'S SCIENCE DIET","SD CT AD TNDR TUNA DNR 5.5OZ"
"","94588","","0","24","0.75","4.49","2.5913","LST","HILL'S SCIENCE DIET","SD CT MT AD ACT CHK ENTR 5.5OZ"
"","9100137","","0","24","0","4.49","2.5913","LST","HILL'S SCIENCE DIET","SD CT AD TNDR OCN FISH 5.5OZ"
"","9101315","","3","1","0","41.99","19.5","LST","ARK NATURALS","ARK DG BRSHLS DENTAL CHW18OZMD"
"","9503294","","0","1","0","19.99","10","LST","BLUE RIBBON","BR CBF WLD MNTN PLNT RED 1EA"
"","9503314","","0","1","0","7.99","3.6","LST","BLUE RIBBON","BR CBF EXO MN PLNT NEO GRN 1EA"
"","9503798","","0","1","0","15.99","5.6","LST","ESSENTIALS","ESN BIO BOOST 8OZ"
"","B4292","","0","1","0","117.99","76.7","LST","ROYAL CANIN","RCFHN CT INDR HB CARE 14LB"
"","94808","","0","100","0","2.99","1.7697","LST","ROLLOVER","RLLVR DG ROASTED BF STRP 5-6in"
"","G0939","","12","12","0","5.59","3.5175","LST","HILL'S SCIENCE DIET","SD DG 7PL SVRY ST CK&VG 12.8OZ"
"","G2237","","0","1","0","13.99","6.47","ROS","HILL'S SCIENCE DIET","SD DG FLEXI-STIX BF JRKY7.1oz"
"","G4430","","0","1","0","39.99","22.75","LST","THRIVE","THRIVE GRN LPD MSCL 160G"
"","9503295","","0","1","0","17.99","9.25","LST","BLUE RIBBON","BR CBF AMAZONIA PLNT PLM 1EA"
"","9503313","","0","1","0","7.99","3.6","LST","BLUE RIBBON","BR CBF EXO MN PLNT NEO BLU 1EA"
"","9503315","","0","1","0","7.99","3.6","LST","BLUE RIBBON","BR CBF EXO MN PLNT NEO ORG 1EA"
"","9503317","","0","1","0","13.99","6.25","LST","BLUE RIBBON","BR CBF FOXTAIL PLNT NEO BLU1EA"
"","9503793","","0","1","0","15.99","5.6","LST","ESSENTIALS","ESN COMP WTR COND 16OZ"
"","ID720","","0","1","0","43.99","22","LST","MARINA","MRN ADJ SBMRSBL HTR 100W"
"","IE485","","0","1","0","47.99","24","LST","MARINA","MRN ADJ SBMRSBL HTR 300W"
"","IE486","","0","1","0","45.99","23","LST","MARINA","MRN ADJ SBMRSBL HTR 200W"
"","IL345","","0","1","0","129.99","82.2","LST","ROYAL CANIN","RCSHN DG PUP JR GIANT 30LB"
"","E5866","","0","1","0.5","41.99","19.5","LST","ARK NATURALS","ARK DG BRSHLS DENTAL CHW18OZLG"
"","IL733","","0","1","0","129.99","82.85","LST","ROYAL CANIN","RCSHN DG AD 8PL LG 30LB"
"","IP359","","0","1","0","13.99","6.47","LST","HILL'S SCIENCE DIET","SD DG SFT BKD NTRLS DK&PPKN8oz"
"","FE227","","0","1","0","29.99","15.5","LST","ARK NATURALS","ARK DG BRSHLS DENTAL CHW12OZSM"
"","IU266","","0","1","0.25","24.99","14.25","LST","THRIVE","THRIVE ACDN SEA KELP 350g"
"","G5569","","1","1","0","21.99","13.5","LST","THRIVE","THRIVE SLVR SHLD 250ML"
"","IB850","","0","1","0","14.99","7.15","LST","ROLLOVER","RLLVR DG BF STFFD PRK RLLS 2pc"
"","O6402","","0","1","0","14.99","6.5","LST","FLUVAL","FL EV GRVL CLNR MN 10IN"
"","ID719","","0","1","0","35.99","18","LST","MARINA","MRN ADJ SBMRSBL HTR 50W"
"","IE487","","0","1","0","44.99","22.5","LST","MARINA","MRN ADJ SBMRSBL HTR 150W"
"","Q1509","","0","1","0","54.99","25","LST","MARINA","MRN PLYRSN CAVE LG 5X11IN"
"","S0428","","0","1","0","0","96.75","LST","","CONTACT PRICE LABELER 1ea"
"","S0843","","0","1","0","0","19.94","LST","","ORNG (RED) PRICE STICKERS 9rl"
"","S101746","","0","100","0","0","0.019","LST","BOSCO AND ROXY'S","BOSC CLR CELLO BAG 4X6"
"","K3738","","0","1","0","14.99","7","LST","MARINA","MRN DECO WOOD ORN 1LG"
"","S103387","","0","1","0","0","","OOS","EARTH ANIMAL","EARTHAN WOOD STIX DISPLAY 1ea"
"","O8675","","0","1","0","5.99","2.92","LST","MARINA","MRN FLTNG THRMTR 1LG"
"","S103847","","0","1","0","0","","OOS","EARTH ANIMAL","EARTHAN NO-HIDE DSPLY SHLVS P2"
"","S1298","","0","1","0","0","0.55","ROS","RC PET PRODUCTS","PERF ULTRA SCOOP 1ea"
"","S1526","","0","1","0","0","","OOS","THIS & THAT","T&T 9 TUB WIRE DISPLAY"
"","S1777","","0","1","0","0","8.01","LST","","PHEROMON INSCT TRAP&LURE 1EA"
"","S0841","","0","1","0","0","1.69","LST","","TONGS- WHT/CLR PLASTIC ea"
"","S0844","","0","1","0","0","17.59","LST","","WHITE PRICE STICKERS 9RL"
"","S1948","","0","1","0","0","12.11","LST","","DOG WASH 21in NOOSE 1ea"
"","S1975","","0","1","0","0","22.26","LST","PERFORMATRIN ULTRA","PERF ULT DG FD CHK SMP 15.5oz"
"","S101475","","0","1","0","0","300","LST","BOSCO AND ROXY'S","BOSC GLASS BAKERYCASE PT1"
"","S101476","","0","1","0","0","300","OOS","BOSCO AND ROXY'S","BOSC BAKERYCASE TRY & BRKT PT2"
"","S101477","","0","1","0","0","76","LST","BOSCO AND ROXY'S","BOSCO CASE EXTRA SHELF"
"","S2698","","0","1","0","0","1.63","LST","","DATA STRIP LD BEAM 48in"
"","S3409","","0","25","0","0","0","LST","","RANGER PAMPHLET 1ea"
"","S101748","","0","1","0","0","2.79","LST","BOSCO AND ROXY'S","BOSC BKRY PR TAG HLDR"
"","S103632","","0","1","0","0","9","LST","BOSCO AND ROXY'S","BOSCO DG BAKERY CASE TRAY 1ea"
"","S4068","","0","1","0","0","0.25","LST","","SCAN HOOK LABEL HLDR 1ea"
"","S103854","","0","1","0","0","","OOS","ETTA SAYS!","ETTA DG YUMM STICKS DSPLY"
"","S4079","","0","50","0","0","0.313","LST","","WIRE BSKT TAG w/FLEX50pk"
"","S4084","","0","1","0","0","12.59","ROS","","BLK HANG 12x12 DISP BSKT ea"
"","S1208","","0","50","0","0","0.053","LST","","FISH BAGS 8inX18in 50pc"
"","S4090","","0","1","0","0","8.15","LST","","BLK CLIPSTRIP c/w 12 CLIPS 1pk"
"","S4092","","0","1","0","0","1.9","LST","","WIRE SHELF EXTNDR 7in 1pk"
"","S4094","","0","1","0","0","12.02","LST","","LEASH RACK BLK 8PEG-2in"
"","S4099","","0","1","0","0","5.26","ROS","","BLK HARNESS FACEOUT5HK 1ea"
"","S4100","","0","1","0","0","4.07","LST","","BLK SHELF DIVIDER 3x25 1ea"
"","S1715","","0","250","0","0","0.254","LST","PET VALU","PLAIN PAPR BAGS W/HNDL 250pk"
"","S4421","","0","100","0","0","0.0891","LST","","PV LBL 2IN BLACK&TAN100/PK"
"","S1919","","0","1","0","0","13.84","LST","","DOG WASH APRON EA"
"","S4615","","0","50","0","0","0.128","ROS","","MK 3WAY SIGN HOLDER 50/pk"
"","S1941","","0","1","0","0","","OOS","ETTA SAYS!","METAL FIXTURE ETTA 1EA"
"","S4616","","0","50","0","0","0.13","ROS","","MK WIRE BSKT SIGN HOLDER 50pk"
"","S1974","","0","1","0","0","20.14","LST","PERFORMATRIN ULTRA","PERF ULT DG FD BF SMP 17.6oz"
"","S4682","","0","1","0","0","9.99","ROS","","PLSTC GFTCRD HLDR 4-TIER ea"
"","S4800","","0","250","0","0","0.2188","OOS","","PV PAPER SHPNG BGS w/HNDL250bx"
"","S4909","","0","5","0","0","1.408","ROS","","MK POP UP LITERATURE BOX 5/pk"
"","S4074","","0","1","0","0","0.55","LST","","BLACK SCAN HOOK-SNGL 6in"
"","S5351","","0","1","0","0","16.99","LST","RC PET PRODUCTS","DOG MANNEQUIN 1EA"
"","S4075","","0","1","0","0","0.94","LST","","BLACK SCAN HOOK -DBL 6in"
"","S5469","","0","1","0","0","2","ROS","","PASSION TRAINING WRKBK 1ea"
"","S4077","","0","1","0","0","2.44","LST","","BLACK SCAN HOOK -SNGL 4IN"
"","S4093","","0","1","0","0","9.21","LST","","BRCKT c/w LBL HLD 9in 1pk"
"","S4095","","0","1","0","0","17.7","LST","","LEASH RACK BLK 8PEG-4in"
"","S4096","","0","1","0","0","18.3","LST","","LEASH RACK BLK 8PEG-8in"
"","S4605","","0","1","0","0","1.75","ROS","","MK COUNTR TOP SIGN HOLDERS 1ea"
"","S4618","","0","50","0","0","0.1226","ROS","","MK TRAD STORE SHLF CLIPS 50pk"
"","S4686","","0","25","0","0","0.08","ROS","","MK DOG WASH BRCHR 25pk"
"","S6031","","0","1","0","0","288","ROS","","MK DIRECTIONAL SIGN KIT 1kit"
"","S4731","","0","10","0","0","1.115","ROS","","CASH FIXTURE CLIP 10pk"
"","S6032","","0","1","0","0","149.9","ROS","","MK DESTINATION HOLDER KIT 1kit"
"","S4852","","0","500","0","0","0.0308","LST","","SM PAPER TREAT BAGS 500PK"
"","S4906","","0","25","0","0","0.12","ROS","","MK ACTIVITY BOOK 25/pk"
"","S6231","","0","1","0","0","29.82","LST","PET VALU","MK 3FT DOG DIR SIGN 1ea"
"","S6232","","0","1","0","0","48.25","LST","PET VALU","MK 4FT CAT DIR SIGN 1ea"
"","S5222","","0","10","0","0","1.35","OOS","","SQUARE PICK 10/pk"
"","S6234","","0","1","0","0","7.72","ROS","PET VALU","MK SM REPTILE DIR SGN1ea"
"","S5468","","0","1","0","0","2","ROS","","PASSION LEADER'S GUIDE 1bk"
"","S6241","","0","1","0","0","7.72","ROS","PET VALU","MK CAT TOYS DIR SIGN 1ea"
"","S6244","","0","1","0","0","7.72","ROS","PET VALU","MK CAT TREAT DIR SGN1ea"
"","S6245","","0","1","0","0","7.72","ROS","PET VALU","MK DOG TREAT DIR SGN1ea"
"","S6253","","0","1","0","0","7.72","ROS","PET VALU","MK SM DENTAL SIGN 1ea"
"","S6317","","0","150","0","0","0.52","ROS","","MK PM 2026 CALENDAR 150bx"
"","S6150","","0","1","0","0","8.51","ROS","","MK CAN SO FIXTURE SGN 1kit"
"","S6230","","0","1","0","0","69.84","OOS","PET VALU","MK 3FT CAT DIR SIGN 1ea"
"","S6236","","0","1","0","0","7.72","ROS","PET VALU","MK CAD SM STAIN&ODR DIRSN"
"","S6238","","0","1","0","0","7.72","ROS","PET VALU","MK SM NAT TREAT DIRSGN ea"
"","S6239","","0","1","0","0","7.72","ROS","PET VALU","MK SM DEN TREAT DIRSGN ea"
"","S6240","","0","1","0","0","7.72","ROS","PET VALU","MK DOG TOYS DIR SIGN 1ea"
"","S6243","","0","1","0","0","7.72","ROS","PET VALU","MK BIRD DIR SIGN 1ea"
"","S6248","","0","1","0","0","7.72","ROS","PET VALU","MK SM PET DIR SIGN 1ea"
"","S6249","","0","1","0","0","7.72","ROS","PET VALU","MK SM TRAVEL SIGN 1ea"
"","S9002","","0","100","0","0","0","ROS","","PV COMPANION MAG #2 - CDA 1ea"
"","S9003","","0","100","0","0","0","ROS","","PV COMPANION MAG #3 - CDA 1ea"
"","S6251","","0","1","0","0","7.72","ROS","PET VALU","MK SM LITTER SOL SGN 1ea"
"","S9004","","0","100","0","0","0","ROS","","PV COMPANION MAG #4 - CDA 1ea"
"","S6252","","0","1","0","0","7.72","ROS","PET VALU","MK SM GRMNG DIR SIGN 1ea"
"","S9005","","0","100","0","0","0","ROS","","PV COMPANION #5 2011-CDA 1ea"
"","S6310","","0","1","0","0","3.32","ROS","","MK SHLF TLKR FIXTURE ea"
"","S9007","","0","100","0","0","0","ROS","","PV COMPANION #7 2011-CDA 1ea"
"","S9280","","0","250","0","0","0.234","OOS","","PM PAPER SHPNG BGS w/HNDL250bx"
"","S9312","","0","40","0","0","0.18","ROS","","MK YR CASE STICKERS 40PK"
"","S9446","S2145","0","50","0","0","1.295","ROS","TETRA","TTR BTA DBL CUPS 50PC"
"","S9507","","0","10","0","0","0.376","ROS","PET VALU","MK MAKNG RM TCRDS 10PK"
"","S7079","","0","1","0","0","3.43","ROS","","MK PERM ST HLDR wHINGE 1ea"
"","S9523","","0","50","0","0","0.1024","ROS","PET VALU","MK MNGR SPEC TEMP 50pk"
"","S7930","","0","1","0","0","29.45","LST","","MK 4FT CLEARANCE ENDCAP 1KIT"
"","S9530","","0","50","0","0","0.05","ROS","PET VALU","MK BLANK TEMP 50pk"
"","S9001","","0","100","0","0","0","ROS","","PV COMPANION MAG #1 - CDA 20pg"
"","S9006","","0","100","0","0","0","ROS","","PV COMPANION #6 2011-CDA 1ea"
"","S9008","","0","100","0","0","","ROS","","PV COMPANION #8 2011-CDA 1ea"
"","S9971","","0","1","0","0","11.31","LST","","MK PV ADJ HOUR WND CLNG 1kit"
"","S9251","","0","1","0","0","11.31","LST","","MK PM ADJ HOUR WND CLNG 1kit"
"","S9338","","0","100","0","0","0.0167","ROS","PET VALU","MK PERF STKR 100pk"
"","S9341","","0","100","0","0","0.0167","ROS","PET VALU","MK LOVIBLES STKR 100pk"
"","S9380","S0372","0","1","0","0","1.74","LST","PET VALU","CAD REGISTER ROLL 1rl"
"","X2434","","0","12","3","5.49","3.7633","LST","OPEN FARM","OPFM DG BEEF STEW 12.5OZ"
"","X3640","","0","1","0","13.99","6.08","LST","GLOFISH","GFSH GRAVEL WHITE 5LB"
"","S9444","S2143","0","1","0","0","1116.66","ROS","TETRA","TTR BTA FIXTURE 1EA"
"","S9524","","0","50","0","0","0.1024","ROS","PET VALU","MK CLEARANCE TEMP 50pk"
"","S9525","","0","50","0","0","0.076","ROS","PET VALU","MK PV-PM EXC OFR YR 50pk"
"","X5405","","0","1","0","14.99","6.75","LST","PEARHEAD","PH HANGING KEEPSAKE 1EA"
"","S9529","","0","1","0","0","6.33","ROS","PET VALU","MK PLASTIC SS HLDR ea"
"","X6710","","2","1","0","13.99","6.95","OOS","PACIFIC 21","PACFC 21 DG FRSHWTR SMLT1.76OZ"
"","U7294","71635","0","1","0","23.99","11","LST","MARINA","MRN A50 AIR PUMP 15GAL"
"","U7644","77847","0","1","0","25.99","12","LST","MARINA","MRN A75 AIR PUMP 25GAL"
"","X8090","","0","1","0","32.99","18.08","LST","OLD MOTHER HUBBARD","OMH DG ORG ASSRT OB BISC SM6LB"
"","W5343","","0","1","0","16.99","8.27","LST","EXO TERRA","ET SS SCPR 1EA"
"","X3008","","0","1","0","12.99","5.13","LST","GLOFISH","GFSH GRAVEL BLACK W/FLOUR 5LB"
"","X3642","","0","1","0","12.99","5.13","LST","GLOFISH","GFSH GRAVEL PNK/GRN/BLUE 5LB"
"","X4243","","1","1","0","9.99","5","LST","PEARHEAD","PH TOUCH INK PAD 1 EA"
"","Y0471","","0","1","0","8.99","4.76","LST","ETTA SAYS!","ETTA DG SIT TRNG TRT PB 6oz"
"","Y1511","","0","1","0","10.99","6.06","LST","OXBOW","OXB ENLF TIMBELLS 1EA"
"","Y1626","","0","1","0","8.99","4.76","LST","ETTA SAYS!","ETTA DG SIT TRNG TRT BCN 6oz"
"","Y2092","","0","1","0","76.99","49.32","LST","STELLA & CHEWY'S","SC CT RW BLN CG FR PLTRY 10LB"
"","X9397","","0","1","0.5","23.99","14.33","LST","THE HONEST KITCHEN","HK DG INSTNT GOAT MILK 5.2OZ"
"","Y3466","","0","1","0","5.99","2.5","LST","LIVING WORLD","LW SA CRT DROPS 2.6OZ"
"","Y2093","","0","1","0","56.99","35.8","LST","STELLA & CHEWY'S","SC CT RW CTD CHK 10LB"
"","Y3470","","0","1","0","5.99","2.5","LST","LIVING WORLD","LW SA HNY DROPS 2.6OZ"
"","Y3471","","1","1","0","5.99","2.5","LST","LIVING WORLD","LW SA RSBRY DROPS 2.6OZ"
"","Y2399","","1","1","0","5.99","2.5","LST","LIVING WORLD","LW SA MULTIMIX DROPS 2.6OZ"
"","Y3320","","0","1","0","5.99","2.5","LST","LIVING WORLD","LW SA YGRT DROPS 2.6OZ"
"","Y4589","","0","1","0","32.99","18.08","LST","OLD MOTHER HUBBARD","OMH DG P-NUTT OB BISC MINI 6LB"
"","Z2234","","0","1","0","10.99","5.35","LST","MARINA","MRN NTRL FRGN SLK PLNT GRN 6IN"
"","6406511","","0","1","0","13.99","8.33","LST","PERFORMATRIN ULTRA","PERF ULT DG FD PATTY CHK 4OZ"
"","6406512","","1","1","0","34.99","20.83","LST","PERFORMATRIN ULTRA","PERF ULT DG FD PATTY CHK 12OZ"
"","6406515","","3","1","1.25","34.99","20.83","LST","PERFORMATRIN ULTRA","PERF ULT DG FD PATTY BF 12OZ"
"","6406517","","0","1","0","18.99","11.3","LST","PERFORMATRIN ULTRA","PERF ULT DG FD BITES CHK 5OZ"
"","6406522","","1","1","0","29.99","17.52","LST","PERFORMATRIN ULTRA","PERF ULT DG FD PWDR BF 7OZ"
"","6406639","","0","1","0","1.49","0.05","LST","PERFORMATRIN ULTRA","PERF ULT DG FD BF SMP 1EA"
"","6406513","","0","1","0","69.99","41.65","LST","PERFORMATRIN ULTRA","PERF ULT DG FD BITES CHK 25OZ"
"","6406514","","0","1","0","13.99","8.33","LST","PERFORMATRIN ULTRA","PERF ULT DG FD PATTY BF 4OZ"
"","6406516","","0","1","0","69.99","41.65","LST","PERFORMATRIN ULTRA","PERF ULT DG FD BITES BF 25OZ"
"","6406518","","1","1","0","48.99","29.15","LST","PERFORMATRIN ULTRA","PERF ULT DG FD BITES CHK 16OZ"
"","6406519","","0","1","0","18.99","11.3","LST","PERFORMATRIN ULTRA","PERF ULT DG FD BITES BF 5OZ"
"","6406520","","0","1","0.5","48.99","29.15","LST","PERFORMATRIN ULTRA","PERF ULT DG FD BITES BF 16OZ"
"","6406521","","0","1","0","29.99","17.52","LST","PERFORMATRIN ULTRA","PERF ULT DG FD PWDR CHK 7OZ"
"","6406640","","0","1","0","1.49","0.05","LST","PERFORMATRIN ULTRA","PERF ULT DG FD CHK SMP 1EA"
"","X6591","","0","12","0","4.19","2.8967","LST","THE HONEST KITCHEN","HK DG PMK TK&PMK 5.5OZ"
"","X6592","","0","12","0","4.19","2.8967","LST","THE HONEST KITCHEN","HK DG BONE BRTH TK&SAL 5.5OZ"
"","X6593","","12","12","0","4.19","2.8967","LST","THE HONEST KITCHEN","HK DG PMK CK&PMK 5.5OZ"
"","X6597","","0","12","0","4.19","2.8967","LST","THE HONEST KITCHEN","HK DG BONE BRTH BF STW 5.5OZ"
"","Y3875","","0","1","0","11.99","7.99","LST","THE HONEST KITCHEN","HK DG WF CLSTR GF TK 1LB"
"","Y3876","","0","1","0","11.99","7.99","LST","THE HONEST KITCHEN","HK DG WF CLSTR GF BF 1LB"
"","Y3874","","0","1","0","11.99","7.99","LST","THE HONEST KITCHEN","HK DG WF CLSTR GF CK 1LB"
"","6409357","","0","1","0","25.99","14.78","LST","CHECKUP","CHECKUP DG AT HOME TEST1ea"
"","6409326","","0","1","0","44.99","22.49","LST","GROBER PETS","GRBR DG PUPPY MLK RPLCR15.8oz"
"","6409150","","1","1","0","46.99","28.26","LST","FELIWAY","FELIWAY CT OPTM REFILL 1EA"
"","6409149","","0","1","0","54.99","31.92","LST","FELIWAY","FELIWAY CT OPTM STR KIT 1EA"
"","6228317","","2","1","0.25","22.99","10.81","LST","GO DOG","GD CHECKER SKINNY COW 1LG"
"","6228324","","0","1","0","19.99","9.77","ROS","GO DOG","GD DINO FRILLS TEAL 1MD"
"","6228326","","0","1","0","25.99","14.09","LST","GO DOG","GD DRAGON SEAFOAM 1LG"
"","6257104","","0","1","0","19.99","10.04","LST","BENEBONE","BBONE PUP WISHBONE BCN 1MD"
"","63893","","0","1","0","17.99","8.84","LST","GO DOG","GD DOG FUZZY WUZZY LMB 1SM"
"","6411291","","0","1","0","19.99","10.04","LST","BENEBONE","BBONE DG SALMON FISHBONE 1MD"
"","6466149","","1","1","0","24.99","12.25","LST","BENEBONE","BBONE DG BACON STICK 1MD"
"","6411290","","0","1","0","28.99","16.19","LST","BENEBONE","BBONE DG SALMON FISHBONE 1LG"
"","6411292","","0","1","0","16.99","7.98","LST","BENEBONE","BBONE DG SALMON FISHBONE 1SM"
"","6466150","","0","1","0","28.99","16.19","LST","BENEBONE","BBONE DG BACON STICK 1LG"
"","6409333","","0","1","0.25","10.99","5.19","LST","PERFORMATRIN ULTRA","PERF ULT DG CHS CHW MD 2.5oz"
"","6409337","","0","1","0","27.99","12.47","LST","PERFORMATRIN ULTRA","PERF ULT DG CHS CHW LG2PK7OZ"
"","6409332","","0","1","0","8.99","3.86","LST","PERFORMATRIN ULTRA","PERF ULT DG CHS CHW SM 1.5oz"
"","6409334","","1","1","0","14.99","6.65","LST","PERFORMATRIN ULTRA","PERF ULT DG CHS CHW LG 3.5oz"
"","6409335","","0","1","0","18.99","8.83","LST","PERFORMATRIN ULTRA","PERF ULT DG CHS CHW X-LG 5oz"
"","6409336","","0","1","0","27.99","12.47","LST","PERFORMATRIN ULTRA","PERF ULT DG CHS CHW MD3PK7.5OZ"
"","6236145","","0","1","0","43.99","21.57","INOT","GF PET","GFP S24 REV RAINCOAT YEL XS "
"","6236148","","0","1","0","47.99","24","INOT","GF PET","GFP S24 REV RAINCOAT YEL LG"
"","6236149","","0","1","0","51.99","26","INOT","GF PET","GFP S24 REV RAINCOAT YEL XL"
"","6236150","","0","1","0","55.99","27.55","INOT","GF PET","GFP S24 REV RAINCOAT YEL 2XL"
"","6236154","","0","1","0","43.99","21.57","INOT","GF PET","GFP S24 REV RAINCOAT RED XS "
"","6236157","","0","1","0","47.99","24","INOT","GF PET","GFP S24 REV RAINCOAT RED LG"
"","6236158","","0","1","0","51.99","26","INOT","GF PET","GFP S24 REV RAINCOAT RED XL"
"","6236159","","0","1","0","55.99","27.55","INOT","GF PET","GFP S24 REV RAINCOAT RED 2XL"
"","6236172","","0","1","0","64.99","31","INOT","GF PET","GFP ELASTOFIT ICE VEST 1XXXXL"
"","6236146","","0","1","0","44.99","22","INOT","GF PET","GFP S24 REV RAINCOAT YEL SM"
"","6236147","","0","1","0","46.99","23.1","INOT","GF PET","GFP S24 REV RAINCOAT YEL MD"
"","6236151","","0","1","0","58.99","29","INOT","GF PET","GFP S24 REV RAINCOAT YEL 3XL"
"","6236155","","0","1","0","44.99","22","INOT","GF PET","GFP S24 REV RAINCOAT RED SM"
"","6236156","","0","1","0","46.99","23.1","INOT","GF PET","GFP S24 REV RAINCOAT RED MD"
"","6232609","","1","1","0","11.99","7.2","LST","LIVING WORLD GREEN","LWG GRMT INSCT TPR 125G"
"","6232610","","1","1","0","11.99","7.2","LST","LIVING WORLD GREEN","LWG GRMT FRT MDLY TPR 215G"
"","6232612","","1","1","0.25","11.99","7.2","LST","LIVING WORLD GREEN","LWG GRMT BTNCL TPR 35G"
"","6237094","","0","1","0","5.99","2.75","LST","LIVING WORLD GREEN","LWG KENAF NSTN 40G"
"","6253751","","0","1","0.5","6.49","2.75","LST","LIVING WORLD GREEN","LWG NAT BALL CHW TOY 1EA"
"","6253752","","0","1","0","6.49","2.75","LST","LIVING WORLD GREEN","LWG NAT CRT CHW TOY 1EA"
"","6402345","1000219","0","1","2.5","74.99","44.24","LST","PERFORMATRIN ULTRA","PERF ULT DG WG L&R AD 24LB"
"","6402362","6229595","0","1","0.25","95.99","56.63","LST","PERFORMATRIN ULTRA","PERF ULT DG WG WDLND LGBR 24LB"
"","6402366","1000200","0","1","1.25","99.99","58.99","LST","PERFORMATRIN ULTRA","PERF ULT DG GF FTHL 24LB"
"","6402376","1000254","0","1","0.25","99.99","57.19","LST","PERFORMATRIN ULTRA","PERF ULT DG GF LGBR PUP 24LB"
"","6402394","1000252","0","1","0","99.99","58.99","LST","PERFORMATRIN ULTRA","PERF ULT DG GF PRR 24LB"
"","6402413","1000226","1","1","0.25","119.99","70.79","LST","PERFORMATRIN ULTRA","PERF ULT DG LID DK&POT 24LB"
"","6402438","1000241","2","1","1.5","119.99","70.79","LST","PERFORMATRIN ULTRA","PERF ULT DG LID VEN&SP 24LB"
"","6402337","1000197","0","1","1.25","69.99","41.29","LST","PERFORMATRIN ULTRA","PERF ULT DG WG CK&R 24LB"
"","6402352","6237200","1","1","0.5","95.99","56.63","LST","PERFORMATRIN ULTRA","PERF ULT DG WG MEADOW 24LB"
"","6402356","6237197","0","1","0","95.99","56.63","LST","PERFORMATRIN ULTRA","PERF ULT DG WG STREAM 24LB"
"","6402361","6229598","0","1","0","95.99","56.63","LST","PERFORMATRIN ULTRA","PERF ULT DG WG WDLND 24LB"
"","6402373","1000223","0","1","1.5","99.99","58.37","LST","PERFORMATRIN ULTRA","PERF ULT DG GF LGBR AD 24LB"
"","6402380","1000245","2","1","1.75","99.99","58.99","LST","PERFORMATRIN ULTRA","PERF ULT DG GF OCN 24LB"
"","6402383","1000208","0","1","0.5","99.99","58.55","LST","PERFORMATRIN ULTRA","PERF ULT DG GF ORIG 24LB"
"","6402388","1000263","1","1","0","99.99","57.19","LST","PERFORMATRIN ULTRA","PERF ULT DG GF ORIG PUP 24LB"
"","6402399","10204","0","1","0.75","99.99","57.11","LST","PERFORMATRIN ULTRA","PERF ULT DG GF ORIG SNR 24LB"
"","6402406","1000215","1","1","1.5","95.99","56.63","LST","PERFORMATRIN ULTRA","PERF ULT DG WG HWGT SL 24LB"
"","6402420","1000234","1","1","0.25","119.99","70.79","LST","PERFORMATRIN ULTRA","PERF ULT DG LID POT&SL 24LB"
"","6402424","1000239","1","1","0","109.99","64.89","LST","PERFORMATRIN ULTRA","PERF ULT DG LID POT&TK 24LB"
"","6402427","1000194","0","1","0","109.99","64.89","LST","PERFORMATRIN ULTRA","PERF ULT DG LID CK&SP 24LB"
"","6402431","1000229","0","1","0.5","119.99","70.79","LST","PERFORMATRIN ULTRA","PERF ULT DG LID SP&FSH 24LB"
"","6409359","","0","1","0","10.99","5","LST","LIVING WORLD GREEN","LWG BTNCL HC CRT 75G"
"","6409360","","0","1","0","10.99","5","LST","LIVING WORLD GREEN","LWG BTNCL HC BEET 75G"
"","6409362","","1","1","0.25","6.49","2.75","LST","LIVING WORLD GREEN","LWG MNG STCK CHWS 10PK"
"","6409364","","0","1","0.25","6.49","2.75","LST","LIVING WORLD GREEN","LWG NAPR GRS STCK CHWS 20PK"
"","6409365","","0","1","0","9.99","5","INOT","GF PET","GFP DG CANADA SOCCER TOY 1EA"
"","6409361","","0","1","0","13.99","6.53","LST","LIVING WORLD GREEN","LWG BTNCL HB FLWR 200G"
"","6409363","","0","1","0","7.49","3.5","LST","LIVING WORLD GREEN","LWG CCNT CHPS CHWS 45G"
"","6469691","","0","1","0","13.99","6.53","LST","LIVING WORLD GREEN","LWG BTNCL HB VEG 200G"
"","6465513","","0","1","0","19.99","12","LST","LIVING WORLD GREEN","LWG BTNCL AD RBT FOOD 1.3KG"
"","6465515","","0","1","0","19.99","12","LST","LIVING WORLD GREEN","LWG BTNCL AD GP FOOD 1.3KG"
"","F2104","","0","1","0","13.49","6.5","LST","VERSELE-LAGA","VL PRS BRD MILLET GLD 300G"
"","52386","","1","1","0","36.99","20.34","LST","TUFFY","TUFFY ULT 3WY TUG O WAR 1EA"
"","11295","","0","24","0","2.99","1.9146","LST","WELLNESS","WEL CT CUBED CHK 3OZ"
"","11308","","0","24","0","2.99","1.9146","LST","WELLNESS","WEL CT SLC SL 3OZ"
"","11309","","24","24","0","2.99","1.9479","LST","WELLNESS","WEL CT CMPL HLTH MNCD CHK 3OZ"
"","6252510","","0","1","0","39.99","20","LST","CANADA POOCH","CP DG EVRYTHNG HRN REFL 1SM"
"","6254153","","0","1","0","47.99","24","LST","CANADA POOCH","CP DG EVRYTHNG HRN REFL 1XL"
"","6254154","","0","1","0","44.99","22.5","LST","CANADA POOCH","CP DG EVRYTHNG HRN REFL 1LG"
"","6254155","","0","1","0","42.99","21.5","LST","CANADA POOCH","CP DG EVRYTHNG HRN REFL 1MD"
"","6407946","","0","1","0","119.99","72","LST","CATIT","CATIT PIXI SMART FTAN 1EA"
"","6407947","","0","1","0.5","7.99","4","LST","CATIT","CATIT PIXI FTAN FLTR 3PK"
"","6407948","","0","1","0","139.99","84","LST","CATIT","CATIT PIXI SMART FDR 1EA"
"","6409412","","0","1","0","7.99","4","LST","CATIT","CATIT PIXI SMRT FDR DSCNT 3PK"
"","6447309","","1","1","0","54.99","30","LST","CATIT","CATIT PIXI FTAN WHITE 1EA"
"","6447311","","0","1","0","54.99","30","LST","CATIT","CATIT PIXI FTAN LIGHT BLUE 1EA"
"","G5707","","0","1","0","42.99","21.5","LST","CANADA POOCH","CP DG EVRYTHNG HRN PNK 1MD"
"","G6381","","0","1","0","44.99","22.5","LST","CANADA POOCH","CP DG EVRYTHNG HRN PNK 1LG"
"","G6382","","0","1","0","47.99","24","LST","CANADA POOCH","CP DG EVRYTHNG HRN PNK 1XL"
"","G5796","","0","1","0","39.99","20","LST","CANADA POOCH","CP DG EVRYTHNG HRN PNK 1SM"
"","6409376","","0","1","0","14.99","10.21","LST","ARM & HAMMER","A&H MULTI CT SCNT LTR BG 6.4KG"
"","6469667","","1","1","0","53.99","42","LST","WORLD'S BEST","WBCL LOW TRACK &DUST CTRL 28LB"
"","6469666","","0","1","0","35.99","25.8","LST","WORLD'S BEST","WBCL LOW TRACK &DUST CTRL 15LB"
"","6230705","","0","1","0","36.99","20.34","LST","PENN-PLAX","PP AF TR BS GRN RSN 1EA"
"","6404870","","1","1","0","22.49","11.62","LST","TROPICLEAN","TROPCLN FB CT ORAL KIT 2OZ"
"","6409377","","0","1","0","44.99","22.94","LST","GROBER PETS","GRBR CT KTN MLK RPLCR 15.8oz"
"","6409453","","0","1","0","21.99","12.09","LST","PENN-PLAX","PP AF MOS PTCH GRN RSN 1EA"
"","6409513","6229981","0","1","0","107.99","78.42","LST","NATURAL BALANCE","NB DG LID DK&POT 22LB"
"","6409515","15950","0","1","0","30.99","17.2","LST","NATURAL BALANCE","NB DG LID VEG 4LBS"
"","6409517","11996","0","1","0","102.99","71.93","LST","NATURAL BALANCE","NB DG LID VEG 24LBS"
"","6409452","","0","1","0","39.99","21.99","LST","PENN-PLAX","PP AF RK RNG GRN RSN 1EA"
"","6409516","15951","0","1","0","68.99","50.13","LST","NATURAL BALANCE","NB DG LID VEG 12LBS"
"","6409518","6229976","0","1","0","102.99","66.83","LST","NATURAL BALANCE","NB DG LID LMB&BR 24LB"
"","X0612","","0","1","0","18.99","8.55","LST","TROPICLEAN","TROPCLN FB CT DNTL SOLTN 16OZ"
"","6409594","","0","1","0","28.99","15.51","LST","CHECKUP","CHECKUP CT AT HOME TEST 1EA"
"","22014","","0","24","0","3.99","3.0063","LST","WELLNESS","WEL CT CUBED CHKN 5.5OZ"
"","90685","","0","1","0","9.99","4.2","OOS","COASTAL PET PRODUCTS","CSTL CT COLLAR BELLS 3PK"
"","6409722","","0","1","0","12.99","6.5","LST","SCIENCE SELECTIVE","SS HAMSTER FD 12OZ"
"","6409723","","1","1","0","21.99","11","LST","SCIENCE SELECTIVE","SS HOUSE RBT FD 3.3LB"
"","6409724","","0","1","0","21.99","11","LST","SCIENCE SELECTIVE","SS JR RABBIT FD 4.4LB"
"","6409725","","0","1","0","8.49","3.5","LST","SELECTIVE NATURALS","SN ORCHD LOOP 2.8OZ"
"","6467274","","0","1","0","8.49","3.5","LST","SELECTIVE NATURALS","SN CTRY LOOP 2.8OZ"
"","E2179","","0","1","0","22.99","11.5","LST","SCIENCE SELECTIVE","SS GP FD 4.4LB"
"","E4662","","0","1","0","24.99","12.5","LST","SCIENCE SELECTIVE","SS RAT FD 4.6LB"
"","F6138","","0","1","0","21.99","11","LST","SCIENCE SELECTIVE","SS AD RBT FD 4LB"
"","X1316","","0","1","0","8.49","3.5","LST","SELECTIVE NATURALS","SN WDLND LOOP 2.8OZ"
"","6409730","","0","1","0","7.29","3.06","LST","TRIXIE","TRX DG LINT ROLLER"
"","6409729","","0","1","0","8.29","4.1","LST","TRIXIE","TRX DG LINT ROLLER REFIL 2PC"
"","1100844","","0","1","0","33.99","22.97","LST","STELLA & CHEWY'S","S&C CT FD SL&COD 8OZ"
"","6409445","","0","1","0","58.99","34.16","ROS","ESSENTIALS","ESN PUPPY TEARFREE SHMP 1GAL"
"","6409447","","0","1","0","58.99","34.16","ROS","ESSENTIALS","ESN OATMEAL HONEY SHMP 1GAL"
"","6409544","","0","1","0","38.99","18.92","LST","OXBOW","OXB ENLF SACR 12IN"
"","6409545","","0","1","0","45.99","29.73","LST","OXBOW","OXB ENLF MED TMTHY HT 1EA"
"","6409234","","0","1","0","16.99","9.71","LST","WILD HARVEST","WH EDIBLE LOGZ LG 1EA"
"","6411172","","0","1","0","29.99","12.38","LST","OXBOW","OXB ENLF CRNR LTR 1EA"
"","Y3663","","0","1","0","269.99","175.66","LST","OXBOW","OXB ENLF HBTT 1LG"
"","6409897","","0","1","0","0","2.58","LST","","ESN 1 GALLON PUMP 1ea"
"","12549","","0","1","0.25","37.99","22.03","LST","FRESH 4 LIFE","F4L SILICA NON-CLMP LTR 12LB"
"","1504543","","0","1","1","29.99","18.28","LST","FRESH 4 LIFE","F4L SILICA CLMP LTR 8LB"
"","6409823","","0","24","0","3.49","2.2133","LST","HILL'S SCIENCE DIET","SD CT AD SENS CK&BF 2.8OZ PCH"
"","6409851","","0","2","0","34.99","24","LST","HILL'S SCIENCE DIET","SD CT AD SENS VRTY 12PK 2.8 OZ"
"","6409868","","0","12","0","4.19","2.8717","LST","OPEN FARM","OPFM CT HRVT CHKN 5.5 OZ"
"","6409870","","0","12","0","4.19","2.8717","LST","OPEN FARM","OPFM CT SL 5.5 OZ"
"","6409871","","0","12","0","4.19","2.8717","LST","OPEN FARM","OPFM CT HR&MCK 5.5 OZ"
"","6409407","","0","12","0.25","2.99","1.8708","LST","TIKI CAT","TIKI CT SPCL DK&EGG PCH 2.4OZ"
"","6409408","","12","12","0.75","2.59","1.6683","LST","TIKI CAT","TIKI CT BB KIT CK&SL 2.4OZ"
"","6409411","","0","12","0","2.99","1.8708","LST","TIKI CAT","TIKI CT SPCL SL PCH 2.4OZ"
"","6447313","","0","1","0","59.99","36","LST","CATIT","CATIT PIXI SS FTAN 1EA"
"","6409822","","0","24","0","3.49","2.2133","LST","HILL'S SCIENCE DIET","SD CT AD SENS SL&TU 2.8OZ PCH"
"","6409869","","0","12","0","4.19","2.8717","LST","OPEN FARM","OPFM CT HMSTD TKY 5.5 OZ"
"","6409893","","1","1","0","9.99","4.98","LST","KONG","KONG CT BLISSY MOON BALL 1EA"
"","6409939","","0","1","0","21.99","12.5","LST","CATIT","CATIT PIXI ELVTD SS BOWL 6.7OZ"
"","6409940","","0","1","0","29.99","18","LST","CATIT","CATIT PIXI SPINNER 1EA"
"","6409941","","0","1","0","11.99","6","LST","CATIT","CATIT PIXI SPINNER REFRESH 1EA"
"","6471707","","0","1","0","22.99","10.09","LST","KONG","KONG CT PULL-A-PARTZ SUSHI 1EA"
"","6472299","","0","1","0","129.99","72","LST","CATIT","CATIT PIXI SMRT 6MEAL FDR 1EA"
"","6472300","","0","1","0","16.99","8.5","LST","CATIT","CATIT PIXI 6MEAL ICE PACK 2PC"
"","6473942","","0","1","0.5","33.99","16.79","LST","KONG","KONG CT BAT-A-BOUT AQUARM 1EA"
"","IS125","","0","1","0","76.99","46.49","LST","ROYAL CANIN","RCBHN CT SPHYNX AD 7LB"
"","IS284","","0","1","0","125.99","78.66","LST","ROYAL CANIN","RCBHN CT PRSN AD 15LB"
"","6409841","","0","1","0","112.99","77.55","LST","NATURAL BALANCE","NB DG LID BSN & SP 22LB"
"","6409840","","0","1","0","33.99","20.97","LST","NATURAL BALANCE","NB DG LID BSN & SP 4LB"
"","6409872","","0","1","0","25.99","17.83","LST","OPEN FARM","OPFM KE DG PLNT 3.5LB"
"","6473463","","0","1","0","94.99","65.16","LST","OPEN FARM","OPFM KE DG PLNT 20LB"
"","6234845","6234844","0","1","0","49.99","30","LST","ZOLUX","ZLX RODY3 BLU DUO CG 1EA"
"","6409963","","0","1","0","26.99","18.16","LST","PRIMAL","PRIMAL DG FD CHICKEN 7OZ"
"","6409965","","0","1","0","26.99","18.16","ROS","PRIMAL","PRIMAL DG FD PUP CK&SL 7OZ"
"","6409969","","0","1","0","54.99","37.01","ROS","PRIMAL","PRIMAL DG FD PUP CK&SL 16OZ"
"","1101018","","2","1","0.25","88.99","54.68","LST","ROYAL CANIN","RCSHN DG AD MD 17LB"
"","14476","","0","1","0","37.99","22.85","LST","ROYAL CANIN","RCBHN DG YORKIE PUP 2.5LB"
"","IL226","","0","1","0.5","88.99","54.68","LST","ROYAL CANIN","RCSHN DG AD LG 17LB"
"","6232728","","0","1","0","51.99","35.92","LST","OPEN FARM","OPFM DG FD BF 13.5OZ"
"","6232729","","0","1","0","51.99","35.92","LST","OPEN FARM","OPFM DG FD SRF&TRF 13.5OZ"
"","6232726","","0","1","0","48.99","33.85","LST","OPEN FARM","OPFM DG FD TK 13.5OZ"
"","6232727","","0","1","0","48.99","33.85","LST","OPEN FARM","OPFM DG FD CK 13.5OZ"
"","6232730","","0","1","0","51.99","35.92","LST","OPEN FARM","OPFM DG FD LM 13.5OZ"
"","6238734","","0","1","0","72.99","50.43","LST","OPEN FARM","OPFM DG FD SRF&TRF 22OZ"
"","6238735","","0","1","0","72.99","49.74","LST","OPEN FARM","OPFM DG FD TK 22OZ"
"","6240263","","1","1","0","16.99","11.74","LST","OPEN FARM","OPFM DG FD SRF&TRF 3.5OZ"
"","6240340","","1","1","0","15.99","11.04","LST","OPEN FARM","OPFM DG FD CK 3.5OZ"
"","6240342","","2","1","0","16.99","11.74","LST","OPEN FARM","OPFM DG FD BF 3.5OZ"
"","6238731","","0","1","0","72.99","50.43","LST","OPEN FARM","OPFM DG FD BF 22OZ"
"","6238732","","0","1","0","72.99","49.74","LST","OPEN FARM","OPFM DG FD CK 22OZ"
"","6239842","","0","1","0","72.99","50.43","LST","OPEN FARM","OPFM DG FD LM 22OZ"
"","6240339","","0","1","0.25","16.99","11.74","LST","OPEN FARM","OPFM DG FD LM 3.5OZ"
"","6240341","","0","1","0","15.99","11.04","LST","OPEN FARM","OPFM DG FD TK 3.5OZ"
"","6465768","","0","1","0.25","19.99","13.71","LST","OPEN FARM","OPFM DG BF BONE BROTH 33.8OZ"
"","6465770","","0","1","0","19.99","13.71","LST","OPEN FARM","OPFM DG CK BONE BROTH 33.8OZ"
"","Y1613","","0","1","1.25","9.99","6.85","LST","OPEN FARM","OPFM DG CK BONE BROTH 12OZ"
"","Y1615","","0","1","0.5","9.99","6.85","LST","OPEN FARM","OPFM DG BF BONE BROTH 12OZ"
"","6227611","","0","1","0","25.99","17.15","ROS","TIKI DOG","TIKI DG ALHA BST VRTY12PK1.5OZ"
"","6230033","15923","0","1","0","64.99","44.99","LST","NATURAL BALANCE","NB DG SMBR LID DK&POT 12LB"
"","6230034","15939","0","1","0","61.99","42.92","LST","NATURAL BALANCE","NB DG SMBR LID SL&SP 12LB"
"","57052","","1","1","0","19.99","10.33","LST","NATURAL BALANCE","NB DG LIT DK&POT TRT 14oz"
"","6409524","","0","1","0","29.99","14.4","LST","BAILEY & BELLA","B&B LTHR CLR BLK SM 14-17IN"
"","6409526","","0","1","0","34.99","16.8","LST","BAILEY & BELLA","B&B LTHR CLR BLK LG 18-23IN"
"","6409528","","0","1","0","29.99","14.4","LST","BAILEY & BELLA","B&B LTHR CLR DK BRN SM 14-17IN"
"","6409532","","0","1","0","29.99","14.4","LST","BAILEY & BELLA","B&B LTHR CLR COGN SM 14-17IN"
"","6409534","","0","1","0","34.99","16.8","LST","BAILEY & BELLA","B&B LTHR CLR COGN LG 18-23IN"
"","6409535","","0","1","0","34.99","16.8","LST","BAILEY & BELLA","B&B LTHR CLR COGN XL 21-26IN"
"","6409536","","0","1","0","49.99","24","LST","BAILEY & BELLA","B&B LTHR LSH BLK 1IN 5FT"
"","6409525","","0","1","0","29.99","14.4","LST","BAILEY & BELLA","B&B LTHR CLR BLK MD 16-19IN"
"","6409527","","0","1","0","34.99","16.8","LST","BAILEY & BELLA","B&B LTHR CLR BLK XL 21-26IN"
"","6409529","","0","1","0","29.99","14.4","LST","BAILEY & BELLA","B&B LTHR CLR DK BRN MD 16-19IN"
"","6409538","","0","1","0","49.99","24","LST","BAILEY & BELLA","B&B LTHR LSH COGN 1IN 5FT"
"","6409530","","0","1","0","34.99","16.8","LST","BAILEY & BELLA","B&B LTHR CLR DK BRN LG 18-23IN"
"","6409531","","0","1","0","34.99","16.8","LST","BAILEY & BELLA","B&B LTHR CLR DK BRN XL 21-26IN"
"","6409533","","0","1","0","29.99","14.4","LST","BAILEY & BELLA","B&B LTHR CLR COGN MD 16-19IN"
"","6409537","","0","1","0","49.99","24","LST","BAILEY & BELLA","B&B LTHR LSH DK BRN 1IN 5FT"
"","6409726","","0","12","0.25","4.49","2.2442","LST","PERFORMATRIN ULTRA","PERF ULT CT LICKABLE CHK 2OZ"
"","6409727","","0","12","0","4.49","2.2442","LST","PERFORMATRIN ULTRA","PERF ULT CT LCKBLE CHK&SCLP2OZ"
"","6409728","","0","12","0.25","4.49","2.2442","LST","PERFORMATRIN ULTRA","PERF ULT CT LICKABLE TUNA 2OZ"
"","6409899","","0","1","0","72.99","36.38","LST","TRIXIE","TRX ARDA TREE 19.7IN"
"","6409898","","0","1","0","187.99","108.1","LST","TRIXIE","TRX AVA TREE 34IN"
"","6409900","","0","1","0","88.99","48","LST","TRIXIE","TRX GERADO TREE 23.6IN"
"","6409988","","0","1","0","69.99","35","OOS","NOBA","NOBA CLASSIC GREY POST 28IN"
"","6409990","","0","1","0","179.99","102.5","OOS","NOBA","NOBA RELAXATION TREE 34IN"
"","6232947","","0","1","0","102.99","67.8","LST","NATURAL BALANCE","NB DG LGBR LID LMB&BR 26LB"
"","6474407","","0","1","0","10.99","5.72","LST","VAN NESS","VN CT ECO RAISED BOWL 8OZ"
"","A2428","","0","1","0","8.99","4.5","LST","VAN NESS","VN CT ECO BOWL BLUE 8OZ"
"","6409550","","0","1","0","25.99","12.99","ROS","FEATHERLAND","FL PRDS SS BELL 1SM"
"","6409551","","0","1","0","57.99","29","ROS","FEATHERLAND","FL PRDS BRD CHWN LOG 1EA"
"","6409553","","0","1","0","11.99","5.76","LST","FEATHERLAND","FL PRDS GRM PRCH 5IN"
"","6409555","","0","1","0","17.99","8.74","LST","FEATHERLAND","FL PRDS SURE LCK CUP 10OZ"
"","6409561","","0","1","0","30.99","15.49","ROS","FEATHERLAND","FL PRDS FD TMBLR 1EA"
"","6409567","","1","1","0","16.99","8.65","OOS","FEATHERLAND","FL PRDS CTTN 1IN PRCH 30IN"
"","6409570","","0","1","0","10.99","5.65","LST","FEATHERLAND","FL PRDS HGH BCK CP TWN PCK 1LG"
"","6409573","","0","1","0","6.99","3.43","OOS","FEATHERLAND","FL PRDS CTLBN HLDR 1SM"
"","6409574","","0","1","0","4.99","2.55","LST","FEATHERLAND","FL PRDS MLLT CLPS 2PK"
"","6409579","","0","1","0","7.99","4.02","LST","FEATHERLAND","FL PRDS ORB DSCO BALL 1EA"
"","6409581","","0","1","0","17.99","9.17","LST","FEATHERLAND","FL PRDS INTR SILO FDR 1LG"
"","6409554","","0","1","0","13.99","7.04","LST","FEATHERLAND","FL PRDS GRM PRCH 7IN"
"","6409566","","0","1","0","12.99","6.37","LST","FEATHERLAND","FL PRDS CTTN 0.75IN PRCH 20IN"
"","6409568","","0","1","0","17.99","8.8","LST","FEATHERLAND","FL PRDS CTTN 1.5IN PRCH 30IN"
"","6409569","","1","1","0","8.99","4.57","LST","FEATHERLAND","FL PRDS BRD SAND PRCH 1EA"
"","6409571","","0","1","0","5.99","2.89","LST","FEATHERLAND","FL PRDS HGH BCK CP TWN PCK 1SM"
"","6409572","","0","1","0","19.99","10.2","LST","FEATHERLAND","FL PRDS HRZN MLLT HLDR 1EA"
"","6409575","","0","1","0","19.99","10.2","LST","FEATHERLAND","FL PRDS LG PLSTC RNG 24OZ"
"","6409576","","0","1","0","10.99","5.67","LST","FEATHERLAND","FL PRDS SILO DRNKR 1SM"
"","6409582","","0","1","0","13.99","6.95","OOS","FEATHERLAND","FL PRDS INTR SILO FDR 1SM"
"","6409584","","0","1","0","8.99","4.9","LST","FEATHERLAND","FL PRDS PRKT RPLMNT PRCHES 1EA"
"","6409586","","0","1","0","19.99","10.19","LST","FEATHERLAND","FL PRDS HD BRD BTH 1EA"
"","G8583","","0","1","0","12.99","6.5","LST","FEATHERLAND","FL PRDS GRM PRCH 6IN"
"","X5954","","0","1","0","8.99","4.85","LST","FEATHERLAND","FL PRDS PLSTC MLLT HLDR 1EA"
"","X6267","","0","1","0","14.99","7.55","LST","FEATHERLAND","FL PRDS BRDIE BATH TUB 1EA"
"","Y1265","","0","1","0","12.99","6.78","LST","FEATHERLAND","FL PRDS SNBRST JNGL MRR 1SM"
"","1102366","","0","1","0","8.99","5.34","LST","ORIJEN","ORIJEN CT ORIGINAL TRT 1.25OZ"
"","6409972","44442","0","1","0","21.99","10.61","LST","NATURE'S MIRACLE","NM CTS URINE DESTR 946ML"
"","6410005","","1","1","0","44.99","22.26","LST","ZODIAC","ZDC CT INFSTP II TL UNDR 4KG"
"","6410006","","0","1","0.25","43.99","22.26","LST","ZODIAC","ZDC CT INFSTP II TL OVR 4KG"
"","6410007","","0","1","0","41.99","18.92","LST","ZODIAC","ZDC DG INFSTP II TL UNDR 4.5KG"
"","6410008","","0","1","0.25","41.99","19.48","LST","ZODIAC","ZDC DG INFSTP II TL 4.6-11 KG"
"","6410009","","0","1","0","44.99","20.04","LST","ZODIAC","ZDC DG INFSTP II TL 11-25 KG"
"","6410010","","0","1","0","45.99","20.6","LST","ZODIAC","ZDC DG INFSTP II TL OVR 25 KG"
"","6410157","","0","1","0","33.99","23.31","LST","OPEN FARM","OPFM DG FD CK PATTIES 10.5OZ"
"","6409973","44443","1","1","0","44.99","28.63","LST","NATURE'S MIRACLE","NM CTS URINE DESTR 128OZ"
"","6410152","","1","1","0.75","44.99","30.83","LST","PURINA PRO PLAN","PPLN CT FORTIFLORA 1GX30"
"","6410156","","0","1","0","33.99","23.31","LST","OPEN FARM","OPFM DG FD TK PATTIES 10.5OZ"
"","6410158","","0","1","0.25","35.99","24.69","LST","OPEN FARM","OPFM DG FD BF PATTIES 10.5OZ"
"","6470530","","1","1","1.75","44.99","30.83","LST","PURINA PRO PLAN","PPLN DG FORTIFLORA 1GX30"
"","6409719","","0","1","0","37.99","16.75","LST","SKOUT'S HONOR","SKHNR DG MARK PRVNTV SPR 35OZ"
"","6409986","","0","1","0","15.99","6.06","LST","ATTITUDE","ATD DG ITCH SHMP LVNDER 16OZ"
"","6409896","","0","1","0","23.99","14.77","LST","LITTER GENIE","LITTER GENIE EZ ROLL RFL 1EA"
"","6409895","","0","1","0","43.99","30.8","LST","LITTER GENIE","LITTER GENIE EZ ROLL PAIL 1EA"
"","6411267","","0","1","0","15.99","7.84","LST","OPEN FARM","OPFM DG DHYDTD TURKEY128g"
"","6411269","","0","1","0","15.99","7.84","LST","OPEN FARM","OPFM DG DHYDTD BEEF128g"
"","6410242","","0","250","0","0","0.266","LST","","PM LG PR SHPNG BGS w/HNDL250bx"
"","6411268","","0","1","0","15.99","7.84","LST","OPEN FARM","OPFM DG DHYDTD CHICKEN128g"
"","6474456","","0","1","0","7.99","3.96","LST","JAY'S","JAYS DG PLANT BASED JERKY85g"
"","6474457","","1","1","0.25","12.99","7","LST","JAY'S","JAYS DG PLANT BASED JERKY170g"
"","G0297","","1","1","0","15.99","7.84","LST","OPEN FARM","OPFM DG DHYDTD COD SKIN64g"
"","S4801","","0","250","0","0","0.266","OOS","","PV LG PR SHPNG BGS w/HNDL250bx"
"","Y1592","","0","1","0","59.99","31.5","LST","GREAT JACK'S","GRT JCKS DG BLLY STK 5-7in12pk"
"","Y1593","","0","1","0","32.99","16.5","LST","GREAT JACK'S","GRT JCKS DG BLLY STKS 5-7in6pk"
"","6407630","","0","1","0","4.99","2.78","LST","LAZY KITTY","LZY KTY CT AIR DRIED DUCK 3OZ"
"","6407631","","0","1","0","4.99","2.78","LST","LAZY KITTY","LZY KTY CT AIR DRIED CHK 3OZ"
"","6407629","","0","1","0","4.99","2.78","LST","LAZY KITTY","LZY KTY CT AIR DRIED SLM 3OZ"
"","6409912","","0","1","0","26.99","13.5","OOS","COASTAL PET PRODUCTS","W&W DG SLIP LSH GRN&WHT 6FT"
"","6409916","","0","1","0","29.99","15","LST","COASTAL PET PRODUCTS","W&W WTR DG PRF HND CLR BRN L"
"","6409918","","1","1","0","21.99","11","LST","COASTAL PET PRODUCTS","W&W DG ADJ REF CLR ORG L"
"","6409922","","0","1","0","42.99","25.79","LST","COASTAL PET PRODUCTS","CPP DG DBL HNDL LSH REF 4FT"
"","6409981","44437","0","1","0.25","19.99","9.99","LST","NATURE'S MIRACLE","NM DG URINE DSTRYR PLS 32 OZ"
"","6409911","","0","1","0","26.99","13.5","OOS","COASTAL PET PRODUCTS","W&W DG ROPE LSH GRN 6FT"
"","6409913","","0","1","0","31.99","16","LST","COASTAL PET PRODUCTS","W&W DG CAMO TAN LSH 6FT"
"","6409914","","0","1","0","31.99","16","LST","COASTAL PET PRODUCTS","W&W DG CAMO GRN LSH 6FT"
"","6409915","","1","1","0","29.99","15","LST","COASTAL PET PRODUCTS","W&W DG WTR PRF HND CLR BRN M"
"","6409917","","0","1","0","18.99","9.5","LST","COASTAL PET PRODUCTS","W&W DG ADJ CLR CAMO GRN L"
"","6409919","","0","1","0","21.99","11","LST","COASTAL PET PRODUCTS","W&W DG ADJ REF CLR ORG M"
"","6409920","","1","1","0","18.99","9.5","LST","COASTAL PET PRODUCTS","W&W DG ADJ CLR CAMO GRN M"
"","6409921","","0","1","0","38.99","19.5","LST","COASTAL PET PRODUCTS","W&W DG REF LSH ORG 6FT"
"","6409982","44438","0","1","0","44.99","28.85","LST","NATURE'S MIRACLE","NM DG URINE DSTRYR PLS 128 OZ"
"","6473707","","0","1","0","24.99","12.21","LST","COASTAL PET PRODUCTS","CPP NTRL CNTRL TRNG CLR GRY S"
"","6473708","","0","1","0","26.99","14.09","OOS","COASTAL PET PRODUCTS","CPP NTRL CNTRL TRNG CLR GRY L"
"","90877","","0","1","0","19.99","11.5","LST","COASTAL PET PRODUCTS","TITAN DG CHN CLR EXT HVY 22IN"
"","90889","","0","1","0","42.99","22.5","LST","COASTAL PET PRODUCTS","TITAN DG CHN LSH BLK 4MM LG"
"","90688","","0","1","0","17.99","9","LST","COASTAL PET PRODUCTS","TITAN DG CHN CLR HVY 22IN"
"","90689","","0","1","0","19.99","11.5","LST","COASTAL PET PRODUCTS","TITAN DG CHN CLR EXT HVY 26IN"
"","90876","","0","1","0","17.99","9","LST","COASTAL PET PRODUCTS","TITAN DG CHN CLR HVY 20IN"
"","90878","","0","1","0","19.99","11.5","LST","COASTAL PET PRODUCTS","TITAN DG CHN CLR EXT HVY 24IN"
"","90892","","1","1","0","29.99","15","LST","COASTAL PET PRODUCTS","TITAN DG CHN LSH BLK 3MM MD"
"","A8631","","1","1","0","18.99","8.74","LST","COASTAL PET PRODUCTS","CPP ADJ TRNG CLR BLK MD"
"","A8629","","0","1","0","24.99","12.54","LST","COASTAL PET PRODUCTS","CPP ADJ TRNG CLR BLK XL"
"","A8630","","0","1","0","21.99","10.27","LST","COASTAL PET PRODUCTS","CPP ADJ TRNG CLR BLK LG"
"","I8036","","0","1","0","16.99","7.76","LST","COASTAL PET PRODUCTS","TITAN DG CHN CLR MD 22IN"
"","IF712","","0","1","0","18.99","8.86","OOS","COASTAL PET PRODUCTS","CPP 2 DG ADJ CPLR BLK MD"
"","J1246","","0","1","0","16.99","7.76","LST","COASTAL PET PRODUCTS","TITAN DG CHN CLR MD 18IN"
"","J1249","","0","1","0","17.99","9","LST","COASTAL PET PRODUCTS","TITAN DG CHN CLR HVY 24IN"
"","J3301","","0","1","0","16.99","7.78","LST","COASTAL PET PRODUCTS","TITAN DG CHN CLR MD 20IN"
"","R8890","","0","1","0","19.99","11.5","LST","COASTAL PET PRODUCTS","TITAN DG CHN CLR EXT HVY 30IN"
"","R9140","","0","1","0","22.99","10.88","OOS","COASTAL PET PRODUCTS","CPP 2 DG ADJ CPLR BLK LG"
"","V2409","","0","1","0","26.99","13.5","LST","COASTAL PET PRODUCTS","TITAN DG CHN LSH BLK 2MM SM"
"","Y2968","","0","1","0","42.99","25.79","OOS","COASTAL PET PRODUCTS","CPP 2 DG ADJ LSH BLK 4FT"
"","Y5520","","0","1","0","32.99","16.45","ROS","COASTAL PET PRODUCTS","CPP DG LIL CMBO PK 10-14IN 5FT"
"","Y5519","","0","1","0","32.99","16.45","ROS","COASTAL PET PRODUCTS","CPP DG LIL CMBO BL 10-14IN 5FT"
"","6410218","","1","1","0.25","44.99","25","LST","SAVIC","SV NESTOR MARBLE LTR BOX 1EA"
"","6410258","","0","250","0","0","0.278","LST","","LG PLAIN PAPR BAGS W/HNDL250pk"
"","E1557","","0","1","0","54.99","30","LST","SAVIC","SV NESTOR CORNER LTR BOX 1EA"
"","6407153","","0","1","0.5","8.49","4.18","LST","REDBARN","RB BEEF CHEEK ROLLS1ea SM MD"
"","6407154","","7","1","3.75","11.99","6.84","LST","REDBARN","RB BEEF CHEEK ROLLS1ea LG"
"","6409742","","0","1","0","13.99","6.99","LST","BAILEY & BELLA","B&B CT DBL WALL BWL OMBR 5.7OZ"
"","1102365","","0","1","0","20.49","12.17","LST","ORIJEN","ORIJEN DG TUNDRA FD TRT 3.25oz"
"","24099","","0","24","0","2.59","1.6033","LST","NATURAL BALANCE","NB CT PF CHK&PMP 3OZ PCH"
"","24114","","0","24","0","2.59","1.6033","LST","NATURAL BALANCE","NB CT PF TKY&CHK&DK 3OZ PCH"
"","6409732","","1","1","0","24.99","12.49","LST","BAILEY & BELLA","B&B DG DBL WALL BWL BLK 1MD"
"","6409733","","0","1","0","29.99","15","LST","BAILEY & BELLA","B&B DG DBL WALL BWL BLK 1LG"
"","6409737","","0","1","0","19.99","10","LST","BAILEY & BELLA","B&B DG DBL WALL BWL OMBR 1SM"
"","6409738","","1","1","0","24.99","12.49","LST","BAILEY & BELLA","B&B DG DBL WALL BWL OMBR 1MD"
"","6409744","","0","1","0","14.99","7.49","LST","ESSENTIALS","ESN DG SS BWL WHT 1MD"
"","6410030","","0","1","0","24.99","15","INOT","ALL STAR DOGS","AS DG SOCCER CANADA CLR 1SM"
"","6410031","","0","1","0","29.99","15.5","INOT","ALL STAR DOGS","AS DG SOCCER CANADA CLR 1MD"
"","6410037","","0","1","0","19.99","13","INOT","ALL STAR DOGS","AS DG SOCCER CANADA BND 1SM"
"","6410039","","0","1","0","39.99","22.15","INOT","ALL STAR DOGS","AS DG SOCCER CANADA JRSY 1XXXS"
"","6410040","","0","1","0","39.99","22.15","INOT","ALL STAR DOGS","AS DG SOCCER CANADA JRSY 1XXS"
"","6410042","","0","1","0","39.99","22.15","INOT","ALL STAR DOGS","AS DG SOCCER CANADA JRSY 1SM"
"","6410045","","0","1","0","39.99","22.15","INOT","ALL STAR DOGS","AS DG SOCCER CANADA JRSY 1XL"
"","6409731","","0","1","0","19.99","10","LST","BAILEY & BELLA","B&B DG DBL WALL BWL BLK 1SM"
"","6409739","","0","1","0","29.99","15","LST","BAILEY & BELLA","B&B DG DBL WALL BWL OMBR 1LG"
"","6409743","","1","1","0","11.99","5.97","LST","ESSENTIALS","ESN DG SS BWL WHT 1SM"
"","6409745","","0","1","0","17.99","8.98","LST","ESSENTIALS","ESN DG SS BWL WHT 1LG"
"","6409746","","0","1","0","30.99","15.59","LST","ESSENTIALS","ESN DG SS TRT JAR WHT 1EA"
"","6410029","","0","1","0","24.99","15","INOT","ALL STAR DOGS","AS DG SOCCER CANADA CLR 1XS"
"","6410032","","0","1","0","29.99","15.5","INOT","ALL STAR DOGS","AS DG SOCCER CANADA CLR 1LG"
"","6410038","","0","1","0","22.99","14","INOT","ALL STAR DOGS","AS DG SOCCER CANADA BND 1LG"
"","6410041","","0","1","0","39.99","22.15","INOT","ALL STAR DOGS","AS DG SOCCER CANADA JRSY 1XS"
"","6410043","","0","1","0","39.99","22.15","INOT","ALL STAR DOGS","AS DG SOCCER CANADA JRSY 1MD"
"","6410044","","0","1","0","39.99","22.15","INOT","ALL STAR DOGS","AS DG SOCCER CANADA JRSY 1LG"
"","6410046","","0","1","0","39.99","22.15","INOT","ALL STAR DOGS","AS DG SOCCER CANADA JRSY 1XXL"
"","6410245","","0","1","0","49.99","25","LST","ESSENTIALS","ESN DG COLLAPS CTNR CHAR 1EA"
"","6232941","","0","1","0","55.99","36.5","LST","NATURAL BALANCE","NB CT LID GPEA&CHK 10LB"
"","6409262","1002240","12","12","0","3.99","2.3417","LST","PERFORMATRIN ULTRA","PERF ULT DG PBL TK STW 3.5oz"
"","6409264","1002242","0","12","0","3.99","2.3417","LST","PERFORMATRIN ULTRA","PERF ULT DG PBL VEN STW 3.5oz"
"","6409265","1002238","12","12","0","3.99","2.3417","LST","PERFORMATRIN ULTRA","PERF ULT DG PBL BF STW 3.5oz"
"","6409267","20445","0","12","0.5","5.49","3.2392","LST","PERFORMATRIN ULTRA","PERF ULT DG GF CHK PATE 13.2oz"
"","6409273","20446","0","12","0","5.49","3.2392","LST","PERFORMATRIN ULTRA","PERF ULT DG GF TK&DK&SL 13.2oz"
"","6409274","1000277","0","12","0","5.49","3.2392","LST","PERFORMATRIN ULTRA","PERF ULT DG GF CHK SNR 13.2oz"
"","6409276","20447","0","12","1.5","5.79","3.4733","LST","PERFORMATRIN ULTRA","PERF ULT DG LID SP&FSH 13.2oz"
"","6409283","25090","0","24","2","2.69","1.5871","LST","PERFORMATRIN ULTRA","PERF ULT CT GF CHK STEW 3OZ"
"","6409288","22478","0","12","1.75","6.79","4.0733","LST","PERFORMATRIN ULTRA","PERF ULT CT GF BF STW 13.2OZ"
"","6409291","22477","0","12","0.25","6.79","4.0733","LST","PERFORMATRIN ULTRA","PERF ULT CT GF TK STW 13.2OZ"
"","6409292","25074","0","24","0","2.69","1.5871","LST","PERFORMATRIN ULTRA","PERF ULT CT GF TK PATE 3OZ"
"","6409294","21274","0","12","1","6.79","4.0733","LST","PERFORMATRIN ULTRA","PERF ULT CT GF TK PATE 13.2OZ"
"","6409295","25179","0","24","1.25","2.69","1.5871","LST","PERFORMATRIN ULTRA","PERF ULT CT GF TK&SL&DK 3OZ"
"","6409297","21279","0","12","4.75","6.79","4.0733","LST","PERFORMATRIN ULTRA","PERF ULT CT GF TK&SL&DK 13.2OZ"
"","6409299","25073","0","24","0","2.69","1.5871","LST","PERFORMATRIN ULTRA","PERF ULT CT GF CHK PATE 3OZ"
"","6409301","6229568","24","24","0","3.99","2.3938","LST","PERFORMATRIN ULTRA","PERF ULT CT GF CHK KIT 5.5OZ"
"","6409303","21273","0","12","2","6.79","4.0733","LST","PERFORMATRIN ULTRA","PERF ULT CT GF CHK PATE 13.2OZ"
"","6409305","1000302","0","24","3.75","3.99","2.3938","LST","PERFORMATRIN ULTRA","PERF ULT CT GF TUNA BSQ 5.5OZ"
"","6409313","1000278","0","12","1","6.79","4.0733","LST","PERFORMATRIN ULTRA","PERF ULT CT GF CHK SNR 13.2OZ"
"","6409263","1002239","0","12","0","3.99","2.3417","LST","PERFORMATRIN ULTRA","PERF ULT DG PBL CSTEW 3.5oz"
"","6409268","1000292","0","12","0.75","5.49","3.2392","LST","PERFORMATRIN ULTRA","PERF ULT DG GF CHK PUP 13.2oz"
"","6409269","1000283","0","12","0","5.79","3.4733","LST","PERFORMATRIN ULTRA","PERF ULT DG LID CK&SP 13.2oz"
"","6409270","20449","0","12","1.5","5.79","3.4733","LST","PERFORMATRIN ULTRA","PERF ULT DG LID GP&DK 13.2oz"
"","6409271","1000281","0","12","0.5","5.79","3.4733","LST","PERFORMATRIN ULTRA","PERF ULT DG LID POT&TK 13.2oz"
"","6409272","1000282","0","12","1","5.79","3.4733","LST","PERFORMATRIN ULTRA","PERF ULT DG LID DK&POT 13.2oz"
"","6409275","20448","12","12","2.25","5.79","3.4733","LST","PERFORMATRIN ULTRA","PERF ULT DG LID VEN&SP 13.2oz"
"","6409277","20517","0","12","3","5.79","3.4142","LST","PERFORMATRIN ULTRA","PERF ULT DG GF BF STW 13.2oz"
"","6409278","1000000","0","12","1","5.79","3.4142","LST","PERFORMATRIN ULTRA","PERF ULT DG GF FTHL STW 13.2OZ"
"","6409280","20518","0","12","0.5","5.79","3.4142","LST","PERFORMATRIN ULTRA","PERF ULT DG GF VEN STW 13.2oz"
"","6409284","22715","0","24","1.75","3.99","2.3938","LST","PERFORMATRIN ULTRA","PERF ULT CT GF CHK STEW 5.5OZ"
"","6409285","22475","0","12","2.25","6.79","4.0733","LST","PERFORMATRIN ULTRA","PERF ULT CT GF CHK STEW 13.2OZ"
"","6409289","25091","0","24","2","2.69","1.5871","LST","PERFORMATRIN ULTRA","PERF ULT CT GF TK STW 3OZ"
"","6409293","22774","0","24","0.75","3.99","2.3938","LST","PERFORMATRIN ULTRA","PERF ULT CT GF TK PATE 5.5OZ"
"","6409296","22779","0","24","0.75","3.99","2.3938","LST","PERFORMATRIN ULTRA","PERF ULT CT GF TK&SL&DK 5.5OZ"
"","6409298","6229567","24","24","0","2.69","1.5871","LST","PERFORMATRIN ULTRA","PERF ULT CT GF CHK KIT 3OZ"
"","6409300","22773","0","24","0.5","3.99","2.3938","LST","PERFORMATRIN ULTRA","PERF ULT CT GF CHK PATE 5.5OZ"
"","6409302","6229569","0","12","0.5","6.79","4.0733","LST","PERFORMATRIN ULTRA","PERF ULT CT GF CHK KIT 13.2OZ"
"","6409312","1000279","0","24","0.25","3.99","2.3938","LST","PERFORMATRIN ULTRA","PERF ULT CT GF CHK SNR 5.5OZ"
"","6238417","","0","1","0","41.99","23","LST","NITE IZE","NITE DG LED LEASH LIME 4FT"
"","6410159","","0","1","0","26.99","14.75","LST","NITE IZE","NITE DG LED SFTY NCKLCE SM"
"","6410161","","0","1","0","0","","ROS","NITE IZE","NITE DG EMPTY SPNR DISPLY EA"
"","6410162","","0","1","0","0","","ROS","NITE IZE","NITE DG PEG HOOKS 4IN"
"","6410160","","0","1","0","26.99","14.75","LST","NITE IZE","NITE DG CRBNR LIGHT DISCO EA"
"","6411270","","0","1","0","15.99","7.84","LST","OPEN FARM","OPFM DG DHYDTD PORK128g"
"","6408818","","0","1","0","17.99","9.7","LST","YEOWWW!","YEOWWW! PINEAPPLE 7IN"
"","6410085","","0","1","0","19.99","10","LST","BAILEY & BELLA","B&B DG BDAY TUTU TANK PNK 1LG"
"","6410108","","1","1","0","27.99","14.5","ROS","BAILEY & BELLA","B&B DG BDAY PRSNT PLSH 1EA"
"","6410111","","1","1","0","14.99","7.5","LST","BAILEY & BELLA","B&B DG WED I DO TOO BNDA XS/SM"
"","6410112","","0","1","0","14.99","7.5","LST","BAILEY & BELLA","B&B DG WED I DO TOO BNDA MD/LG"
"","6410114","","0","1","0","14.99","7.5","LST","BAILEY & BELLA","B&B DG WED DG HNR BNDA MD/LG"
"","6410118","","0","1","0","42.99","21","ROS","BAILEY & BELLA","B&B DG WED CLR SET BLK 4PC LG"
"","6410120","","0","1","0","42.99","21","ROS","BAILEY & BELLA","B&B DG WED CLR SET IVRY 4PC LG"
"","6410123","","1","1","0","27.99","14.5","ROS","BAILEY & BELLA","B&B DG WED HPLYEVR AFT RPE 1EA"
"","6410125","","0","1","0","36.99","18.99","LST","BAILEY & BELLA","B&B DG WED FLWR PNK DRS 1MD"
"","6410138","","0","1","0","42.99","21","ROS","BAILEY & BELLA","B&B DG WED CLR SET IVRY 4PC MD"
"","6410316","","0","1","0","24.99","12.5","INOT","CANADA POOCH","CP DG COOLING PALS BLUE DOLPHN"
"","6410110","","1","1","0","27.99","14.5","ROS","BAILEY & BELLA","B&B DG BDAY PNTA PLSH 4PC"
"","6410113","","0","1","0","14.99","7.5","LST","BAILEY & BELLA","B&B DG WED DG HNR BNDA XS/SM"
"","6410115","","0","1","0","14.99","7.5","LST","BAILEY & BELLA","B&B DG WED BEST BUD BNDA XS/SM"
"","6410116","","0","1","0","14.99","7.5","LST","BAILEY & BELLA","B&B DG WED BEST BUD BNDA MD/LG"
"","6410117","","1","1","0","42.99","21","ROS","BAILEY & BELLA","B&B DG WED CLR SET BLK 4PC SM"
"","6410119","","1","1","0","42.99","21","ROS","BAILEY & BELLA","B&B DG WED CLR SET IVRY 4PC SM"
"","6410121","","1","1","0","16.99","8.5","ROS","BAILEY & BELLA","B&B DG WED RING BONE PLSH 1EA"
"","6410122","","0","1","0","27.99","14.5","ROS","BAILEY & BELLA","B&B DG WED CHAMPAGNE PLSH 1EA"
"","6410137","","0","1","0","42.99","21","ROS","BAILEY & BELLA","B&B DG WED CLR SET BLK 4PC MD"
"","6410140","","0","1","0","36.99","18.99","LST","BAILEY & BELLA","B&B DG WED FLWR PNK DRS 1LG"
"","6410411","","0","1","0","407.76","206.4","INOT","GF PET","GF PET DG ICE TOYS SHIPPER 1EA"
"","X5392","","0","1","0","56.99","28.5","INOT","CANADA POOCH","CP TORRNT TK RAINCOAT YLW 18IN"
"","X5395","","0","1","0","67.99","34","INOT","CANADA POOCH","CP TORRNT TK RAINCOAT YLW 24IN"
"","X5393","","0","1","0","61.99","31","INOT","CANADA POOCH","CP TORRNT TK RAINCOAT YLW 20IN"
"","6238063","","0","1","0","16.99","8","LST","THE HONEST KITCHEN","HK DG GOAT MILK CKS PB&HNEY8oz"
"","6238069","","0","1","0","16.99","8","LST","THE HONEST KITCHEN","HK DG GOAT MILK CKS BB &VAN8oz"
"","6238076","","0","1","0","16.99","8","ROS","THE HONEST KITCHEN","HK DG BONE BROTH BITES BEEF8oz"
"","6410134","","0","1","0","23.99","14.36","LST","FRESH 4 LIFE","F4L WHEAT CLMP LTR 12LB"
"","6410135","","0","1","0","47.99","36.55","LST","FRESH 4 LIFE","F4L WHEAT CLMP LTR 36LB"
"","6229533","","0","1","0","22.49","10.12","LST","MYFAMILY","MYFAM BLUE BONE RUBBER 1EA"
"","6229534","","0","1","0","22.49","10.12","LST","MYFAMILY","MYFAM RED HEART RUBBER 1EA"
"","6240630","","0","1","0.25","22.49","10.12","LST","MYFAMILY","MYFAM LG GREY GLTR PAW 1EA"
"","6240631","","0","1","0","24.49","11.16","LST","MYFAMILY","MYFAM LG BOSS 1EA"
"","6240784","","0","1","0","24.49","11.16","LST","MYFAMILY","MYFAM CHROME BLACK RUBBER 1EA"
"","6241035","","0","1","0","22.49","10.12","LST","MYFAMILY","MYFAM BLACK BONE RUBBER 1EA"
"","6254058","","0","1","0","24.49","11.16","LST","MYFAMILY","MYFAM MD QUEEN 1EA"
"","6252335","","0","1","0","24.49","11.16","LST","MYFAMILY","MYFAM LG GOLD BOSS 1EA"
"","6254056","","0","1","0","24.49","11.16","LST","MYFAMILY","MYFAM MD KING 1EA"
"","6410487","","0","1","0","24.49","11.16","LST","MYFAMILY","MYFAM CHROME SHERIFF STAR 1EA"
"","6410726","","0","1","0","24.99","13.9","OOS","PROJECT HIVE","PH DG HIVE FETCH STICK 1EA"
"","6410484","","0","1","0","24.49","11.16","LST","MYFAMILY","MYFAM XL GOLD FUTURE BONE 1EA"
"","6410486","","0","1","0","24.49","11.16","LST","MYFAMILY","MYFAM GOLD SHERIFF STAR 1EA"
"","6410725","","0","1","0.25","22.99","12.78","OOS","PROJECT HIVE","PH DG HIVE DISK 1EA"
"","6410727","","0","1","0","27.99","15.53","OOS","PROJECT HIVE","PH DG HIVE CHEW TOY 1LG"
"","6464933","","0","1","0","24.49","11.16","LST","MYFAMILY","MYFAM LG DAISY 1EA"
"","6466509","","0","1","0.25","24.49","11.16","LST","MYFAMILY","MYFAM MILITARY RUBBER 1EA"
"","6471309","","0","1","0","24.49","12.03","LST","MYFAMILY","MYFAM SUSHI 1EA"
"","6471291","","0","1","0","24.49","11.16","LST","MYFAMILY","MYFAM BEER 1EA"
"","6471334","","0","1","0","15.99","7.39","LST","KONG","KONG DG SNUZZLES KIDOS BUN 1SM"
"","6471308","","0","1","0","24.49","12.03","LST","MYFAMILY","MYFAM COFFEE 1EA"
"","6471455","","0","1","0","24.49","12.03","LST","MYFAMILY","MYFAM DONUT 1EA"
"","6471460","","0","1","0.25","24.49","12.03","LST","MYFAMILY","MYFAM PIZZA 1EA"
"","6471335","","0","1","0","15.99","7.39","LST","KONG","KONG DG SNUZZLES KIDOS BER 1SM"
"","6473654","","0","1","0.25","19.99","8.87","LST","MYFAMILY","MYFAM LG LT BLUE CIRCLE 1EA"
"","6473655","","0","1","0","19.99","8.87","LST","MYFAMILY","MYFAM LG YELLOW CIRCLE 1EA"
"","6473661","","0","1","0","19.99","8.87","LST","MYFAMILY","MYFAM LG LILAC CIRCLE 1EA"
"","6473914","","0","1","0","19.99","8.87","LST","MYFAMILY","MYFAM SM YELLOW CIRCLE 1EA"
"","6471467","","0","1","0","24.49","12.03","LST","MYFAMILY","MYFAM XL FUTURE BONE 1EA"
"","6471913","","0","1","0","28.49","15.07","LST","MYFAMILY","MYFAM MILITARY RAINBOW 1EA"
"","6473658","","0","1","0","19.99","8.87","LST","MYFAMILY","MYFAM LG PINK CIRCLE 1EA"
"","6473912","","0","1","0","19.99","8.87","LST","MYFAMILY","MYFAM SM LILAC CIRCLE 1EA"
"","6473913","","0","1","0","19.99","8.87","LST","MYFAMILY","MYFAM SM PINK CIRCLE 1EA"
"","6474533","","0","1","0","19.99","8.87","LST","MYFAMILY","MYFAM SM LT BLUE CIRCLE 1EA"
"","X0177","","0","1","0","24.49","12.03","LST","MYFAMILY","MYFAM LG LOVE DAD 1EA"
"","X0208","","0","1","0","18.49","7.47","LST","MYFAMILY","MYFAM SM CHROME BONE 1EA"
"","X0212","","4","1","0.25","13.49","4.62","LST","MYFAMILY","MYFAM SM RED BONE 1EA"
"","X0215","","0","1","0","13.49","4.62","LST","MYFAMILY","MYFAM LG BLUE BONE 1EA"
"","X0216","","0","1","0","13.49","4.62","LST","MYFAMILY","MYFAM LG PINK BONE 1EA"
"","X0217","","0","1","0","13.49","4.62","LST","MYFAMILY","MYFAM LG RED BONE 1EA"
"","X0218","","0","1","0","18.49","7.47","OOS","MYFAMILY","MYFAM SM CHROME CIRLCE 1EA"
"","X0229","","1","1","0.25","19.99","8.87","LST","MYFAMILY","MYFAM SM GOLD HEART 1EA"
"","X0231","","0","1","0","13.49","4.62","LST","MYFAMILY","MYFAM SM PINK HEART 1EA"
"","X0239","","0","1","0","13.49","4.62","LST","MYFAMILY","MYFAM LG BLACK BONE 1EA"
"","X0240","","0","1","0","13.49","4.62","LST","MYFAMILY","MYFAM SM BLACK CIRCLE 1EA"
"","X0176","","0","1","0","24.49","12.03","LST","MYFAMILY","MYFAM LG LOVE MOM 1EA"
"","X0209","","0","1","0.25","19.99","8.87","LST","MYFAMILY","MYFAM SM GOLD BONE 1EA"
"","X0210","","0","1","0","13.49","4.62","LST","MYFAMILY","MYFAM SM BLUE BONE 1EA"
"","X0211","","0","1","0","13.49","4.62","LST","MYFAMILY","MYFAM SM PINK BONE 1EA"
"","X0213","","0","1","0","18.49","7.47","LST","MYFAMILY","MYFAM LG CHROME BONE 1EA"
"","X0214","","0","1","0","19.99","8.87","LST","MYFAMILY","MYFAM LG GOLD BONE 1EA"
"","X0219","","1","1","0","19.99","8.87","LST","MYFAMILY","MYFAM SM GOLD CIRCLE 1EA"
"","X0228","","0","1","0","18.49","7.47","LST","MYFAMILY","MYFAM SM CHROME HEART 1EA"
"","X0232","","0","1","0","13.49","4.62","LST","MYFAMILY","MYFAM SM RED HEART 1EA"
"","X0236","","0","1","0","13.49","4.62","LST","MYFAMILY","MYFAM LG PINK HEART 1EA"
"","X0237","","0","1","0","13.49","4.62","LST","MYFAMILY","MYFAM LG RED HEART 1EA"
"","X0238","","0","1","0","13.49","4.62","LST","MYFAMILY","MYFAM SM BLACK BONE 1EA"
"","X0415","","0","1","0","24.49","12.03","LST","MYFAMILY","MYFAM LG FUTURE BONE 1EA"
"","X0502","","0","1","0","24.49","12.03","LST","MYFAMILY","MYFAM CANADIAN FLAG 1EA"
"","X0397","","0","1","0","41.99","23.1","LST","MYFAMILY","MYFAM BLACK GLAM PAW 1EA"
"","X0405","","0","1","0","41.99","23.1","LST","MYFAMILY","MYFAM SM PINK GLAM BONE 1EA"
"","X3296","","0","1","0","22.49","10.88","LST","MYFAMILY","MYFAM LG GREY GLTR CIRCLE 1EA"
"","X2477","","0","1","0","22.49","10.88","LST","MYFAMILY","MYFAM LG PINK GLTR CIRCLE 1EA"
"","X4944","","0","1","0","18.49","7.47","LST","MYFAMILY","MYFAM XL PINK BONE 1EA"
"","X4945","","0","1","0","18.49","7.47","LST","MYFAMILY","MYFAM XL BLACK BONE 1EA"
"","X7392","","0","1","0","18.49","7.47","OOS","MYFAMILY","MYFAM XL RED BONE 1EA"
"","Y2178","","1","1","0","18.49","7.47","LST","MYFAMILY","MYFAM XL BLUE BONE 1EA"
"","Y3044","","0","1","0","22.49","10.88","LST","MYFAMILY","MYFAM SM GREY GLTR PAW 1EA"
"","Y4502","","0","1","0","19.99","8.87","LST","MYFAMILY","MYFAM CHROME MILITARY 1EA"
"","6409846","","0","1","0","6.69","2.76","OOS","PERFORMATRIN ULTRA","PERF ULTRA CT PILL CHK 2.4OZ"
"","6409848","","1","1","0.25","11.29","4.65","LST","PERFORMATRIN ULTRA","PERF ULTRA DG PILL CHK 5.3OZ"
"","6409849","","0","1","0.5","15.99","8.1","LST","PERFORMATRIN ULTRA","PERF ULTRA DG PILL PB 10.6OZ"
"","6409850","","0","1","0.25","15.99","8.1","LST","PERFORMATRIN ULTRA","PERF ULTRA DG PILL CHK 10.6OZ"
"","6409627","1000140","2","1","0","66.99","37.51","LST","PERFORMATRIN PRIME","PERF PRM CT GF CKN & POT13.2LB"
"","6409629","1000142","2","1","0.25","41.99","23.51","LST","PERFORMATRIN PRIME","PERF PRM CT GF CKN & POT 6LB"
"","6409631","6253985","0","1","0.25","41.99","23.51","LST","PERFORMATRIN PRIME","PERF PRM CT SS&S CHK 6LB"
"","6409633","1000137","1","1","0.5","66.99","37.51","LST","PERFORMATRIN PRIME","PERF PRM CT CK&R AD 13.2LB"
"","6409635","1000139","0","1","0.5","41.99","23.51","LST","PERFORMATRIN PRIME","PERF PRM CT CK&R AD 6LB"
"","6409636","1000144","1","1","0","66.99","37.51","LST","PERFORMATRIN PRIME","PERF PRM CT HAIRBALL 13.2LB"
"","6409638","1000146","0","1","0","41.99","23.51","LST","PERFORMATRIN PRIME","PERF PRM CT HAIRBALL 6LB"
"","6409641","1000149","1","1","0.5","41.99","23.51","LST","PERFORMATRIN PRIME","PERF PRM CT HLTHY WGT 6LB"
"","6409643","1000151","0","1","0.25","26.99","15.11","LST","PERFORMATRIN PRIME","PERF PRM CT INDR CKN 3LB"
"","6409646","1000154","3","1","1.5","41.99","23.51","LST","PERFORMATRIN PRIME","PERF PRM CT CK&R KIT 6LB"
"","6409648","1000157","0","1","0.25","26.99","15.11","LST","PERFORMATRIN PRIME","PERF PRM CT CK&R SNR 3LB"
"","6409679","","1","1","0.25","47.99","26.87","LST","PERFORMATRIN PRIME","PERF PRM DG CK&R SMB PUP13.2LB"
"","6409680","1000184","1","1","0.25","21.99","12.31","LST","PERFORMATRIN PRIME","PERF PRM DG CK&R PUP 4LB"
"","6409681","1000183","0","1","0","47.99","26.87","LST","PERFORMATRIN PRIME","PERF PRM DG CK&R PUP 13.2LB"
"","6409682","1000187","2","1","0.5","74.99","41.99","LST","PERFORMATRIN PRIME","PERF PRM DG LGBR CHK PUP 26LB"
"","6409684","1000180","0","1","0.25","21.99","12.31","LST","PERFORMATRIN PRIME","PERF PRM DG SMBR CHK AD 4LB"
"","6409686","1000162","0","1","0.25","21.99","12.31","LST","PERFORMATRIN PRIME","PERF PRM DG CK&R AD 4LB"
"","6409689","1000169","0","1","0","74.99","41.99","LST","PERFORMATRIN PRIME","PERF PRM DG LGBR AD 26LB"
"","6409690","6787381","0","1","2.5","94.99","53.19","LST","PERFORMATRIN PRIME","PERF PRM DG LGBR AD 37LB"
"","6409692","1000182","0","1","0.75","21.99","12.31","LST","PERFORMATRIN PRIME","PERF PRM DG CK&R SMBR SNR 4LB"
"","6409694","1000175","0","1","0","47.99","26.87","LST","PERFORMATRIN PRIME","PERF PRM DG CK&R LGB SNR13.2LB"
"","6409699","1000177","1","1","0","21.99","12.31","LST","PERFORMATRIN PRIME","PERF PRM DG HWGT CHK SMBR 4LB"
"","6409702","1000172","0","1","0.5","74.99","41.99","LST","PERFORMATRIN PRIME","PERF PRM DG HWGT CHK LGBR 26LB"
"","6409704","6237203","4","1","2","78.99","44.23","LST","PERFORMATRIN PRIME","PERF PRM DG SS&S SLM&OAT 26LB"
"","6409630","6253984","0","1","0.5","26.99","15.11","LST","PERFORMATRIN PRIME","PERF PRM CT SS&S CHK 3LB"
"","6409632","6253986","0","1","0.25","66.99","37.51","LST","PERFORMATRIN PRIME","PERF PRM CT SS&S CHK 13.2LB"
"","6409634","1000138","0","1","0","26.99","15.11","LST","PERFORMATRIN PRIME","PERF PRM CT CK&R AD 3LB"
"","6409637","1000145","1","1","0","26.99","15.11","LST","PERFORMATRIN PRIME","PERF PRM CT HAIRBALL 3LB"
"","6409639","1000147","2","1","0.75","66.99","37.51","LST","PERFORMATRIN PRIME","PERF PRM CT HLTHY WGT 13.2LB"
"","6409640","1000148","1","1","0.5","26.99","15.11","LST","PERFORMATRIN PRIME","PERF PRM CT HLTHY WGT 3LB"
"","6409642","1000150","0","1","1","66.99","37.51","LST","PERFORMATRIN PRIME","PERF PRM CT INDR CKN 13.2LB"
"","6409644","1000152","0","1","0.75","41.99","23.51","LST","PERFORMATRIN PRIME","PERF PRM CT INDR CKN 6LB"
"","6409645","1000153","2","1","0.25","26.99","15.11","LST","PERFORMATRIN PRIME","PERF PRM CT CK&R KIT 3LB"
"","6409647","1000156","2","1","0.25","66.99","37.51","LST","PERFORMATRIN PRIME","PERF PRM CT CK&R SNR 13.2LB"
"","6409649","1000158","1","1","0","41.99","23.51","LST","PERFORMATRIN PRIME","PERF PRM CT CK&R SNR 6LB"
"","6409678","1000190","0","1","0.25","21.99","12.31","LST","PERFORMATRIN PRIME","PERF PRM DG CK&R SMBR PUP 4LB"
"","6409683","1000186","1","1","0","47.99","26.87","LST","PERFORMATRIN PRIME","PERF PRM DG LGBR CHK PUP13.2LB"
"","6409685","1000181","0","1","0.5","47.99","26.87","LST","PERFORMATRIN PRIME","PERF PRM DG SMBR CHK AD 13.2LB"
"","6409687","1000160","1","1","0.25","47.99","26.87","LST","PERFORMATRIN PRIME","PERF PRM DG CK&R AD 13.2LB"
"","6409688","6787380","1","1","0.75","74.99","41.99","LST","PERFORMATRIN PRIME","PERF PRM DG CK&R AD 26LB"
"","6409691","1000174","0","1","0","47.99","26.87","LST","PERFORMATRIN PRIME","PERF PRM DG LGBR AD 13.2LB"
"","6409693","1000164","1","1","0","47.99","26.87","LST","PERFORMATRIN PRIME","PERF PRM DG CK&R SNR 13.2LB"
"","6409695","1000176","0","1","0","74.99","41.99","LST","PERFORMATRIN PRIME","PERF PRM DG CK&R LGBR SNR 26LB"
"","6409696","1000166","0","1","0.25","21.99","12.31","LST","PERFORMATRIN PRIME","PERF PRM DG GF CKN&POT 4LB"
"","6409698","1000165","0","1","0.5","74.99","41.99","LST","PERFORMATRIN PRIME","PERF PRM DG GF CKN&POT 26LB"
"","6409700","1000163","1","1","0","47.99","26.87","LST","PERFORMATRIN PRIME","PERF PRM DG HWGT CHK 13.2LB"
"","6409701","1000171","0","1","0","47.99","26.87","LST","PERFORMATRIN PRIME","PERF PRM DG HWGT CHK LGB13.2LB"
"","6409703","6237205","1","1","0.25","24.99","13.99","LST","PERFORMATRIN PRIME","PERF PRM DG SS&S SLM&OAT 4LB"
"","6409705","6237204","0","1","0","51.99","29.11","LST","PERFORMATRIN PRIME","PERF PRM DG SS&S SLM&OAT13.2LB"
"","6230717","","0","1","0","24.99","13.99","LST","TALL TAILS","TLTL DG LTHR WOOL RING 1EA"
"","6230715","","1","1","0","22.99","12.39","LST","TALL TAILS","TLTL DG LTHR WOOL BONE TUG 1EA"
"","6408707","","1","1","0","26.99","15.61","LST","TALL TAILS","TLTL DG LTHR ANTLER 1EA"
"","6409076","","1","1","0","7.99","3.8","LST","PEARHEAD","PH DG DOG BUTT MAGNETS 4PC"
"","6410068","","0","1","0","184.99","100","ROS","BOWSERS","BSWR DG LOUNGER PRNT 1LG"
"","6410730","","1","1","0","15.99","8","LST","PEARHEAD","PH DG KEYCHAIN & DOG TAG 2PC"
"","6410731","","0","1","0","12.99","6.5","ROS","PEARHEAD","PH DG ANNOUNCEMENT BOARD 1EA"
"","6410728","","1","1","0","12.99","6.5","LST","PEARHEAD","PH DG HRT & PAW KYCHN 1EA"
"","6472882","","0","1","0","25.99","14.73","LST","TALL TAILS","TLTL DG FISH TWITCHY TAIL 1EA"
"","6409438","63212","0","1","0.25","14.99","8.08","LST","ESSENTIALS","ESN PUPPY TEARFREE SHMP 16OZ"
"","6409440","63215","0","1","1.25","14.99","8.08","LST","ESSENTIALS","ESN OATMEAL HONEY SHMP 16OZ"
"","6409442","1503122","0","1","0","14.99","8.08","LST","ESSENTIALS","ESN TEA TREE ALOE SHMP 16OZ"
"","6409444","1503124","2","1","1","14.99","8.08","OOS","ESSENTIALS","ESN OATMEAL HONEY COND 16OZ"
"","6409439","63211","0","1","0","15.99","8.28","OOS","ESSENTIALS","ESN DESHED SHMP 16OZ"
"","6409441","1503121","0","1","0","14.99","8.08","LST","ESSENTIALS","ESN WHITENING SHMP 16OZ"
"","6409443","1503123","0","1","0","14.99","8.08","OOS","ESSENTIALS","ESN ODOR SHMP 16OZ"
"","6410143","","0","1","0","13.99","6.15","LST","ESSENTIALS","ESN DG SPRITZ MNG 8OZ"
"","6410145","","1","1","0","13.99","6.15","LST","ESSENTIALS","ESN DG SPRITZ FRSH 8OZ"
"","6410144","","1","1","0.25","13.99","6.15","LST","ESSENTIALS","ESN DG SPRITZ SGR CANE 8OZ"
"","6410366","","0","1","0","30.99","15.59","LST","ESSENTIALS","ESN DG SS TRT JAR CHAR 1EA"
"","6410370","","0","1","0","30.99","15.59","LST","ESSENTIALS","ESN DG SS TRT JAR ROSE 1EA"
"","6410363","","0","1","0","11.99","5.97","LST","ESSENTIALS","ESN DG SS BWL CHAR 1SM"
"","6410364","","0","1","0","14.99","7.49","LST","ESSENTIALS","ESN DG SS BWL CHAR 1MD"
"","6410365","","0","1","0","17.99","8.98","LST","ESSENTIALS","ESN DG SS BWL CHAR 1LG"
"","6409381","","0","1","0","21.99","12.1","LST","JUMP","JMP DG RPE SUCTION & BALL 1EA"
"","6409379","","0","1","0","22.99","10.58","ROS","JUMP","JMP DG CCTS SUCTION 1MD"
"","6409380","","0","1","0","31.99","15.55","ROS","JUMP","JMP DG CCTS SUCTION 1LG"
"","6409243","","0","1","0","12.99","7.6","LST","PERFORMATRIN ULTRA","PERF ULT DG CHK COW EAR 3PC"
"","6409244","","0","1","0","12.99","7.6","LST","PERFORMATRIN ULTRA","PERF ULT DG CHK HLF COW EAR6PC"
"","6409246","","12","12","0","4.99","3","LST","PERFORMATRIN ULTRA","PERF ULT DG BF COW EAR EA"
"","6409242","","12","12","0","4.99","3","LST","PERFORMATRIN ULTRA","PERF ULT DG CHK COW EAR EA"
"","6409245","","0","1","0","37.49","22","LST","PERFORMATRIN ULTRA","PERF ULT DG CHK COW EAR 10PC"
"","6409247","","0","1","0","12.99","7.6","LST","PERFORMATRIN ULTRA","PERF ULT DG BF COW EAR 3PC"
"","6409650","","0","1","1","26.99","15.11","LST","PERFORMATRIN PRIME","PERF PRM CT URINARY 3 LB"
"","6409652","","3","1","0.25","66.99","37.51","LST","PERFORMATRIN PRIME","PERF PRM CT URINARY 13.2 LB"
"","6409669","","2","1","0.25","12.99","7.6","LST","PERFORMATRIN ULTRA","PERF ULT DG BF HLF COW EAR 6PC"
"","6409670","","0","1","0","37.49","22","LST","PERFORMATRIN ULTRA","PERF ULT DG BF COW EAR 10PC"
"","6409706","1000096","1","1","0.25","24.99","13.99","LST","PERFORMATRIN PRIME","PERF PRM DG L&R PUP 4LB"
"","6409707","1000095","2","1","0.5","51.99","29.11","LST","PERFORMATRIN PRIME","PERF PRM DG L&R PUP 13.2LB"
"","6409710","1000087","0","1","0","24.99","13.99","LST","PERFORMATRIN PRIME","PERF PRM DG L&R AD 4 LB"
"","6409711","1000089","0","1","0.5","78.99","44.23","LST","PERFORMATRIN PRIME","PERF PRM DG HWGT L&R 26LB"
"","6409713","1000090","0","1","0.25","24.99","13.99","LST","PERFORMATRIN PRIME","PERF PRM DG HWGT L&R 4LB"
"","6409715","1000092","0","1","0","78.99","44.23","LST","PERFORMATRIN PRIME","PERF PRM DG L&R SNR 26 LB"
"","6409651","","0","1","0.5","41.99","23.51","LST","PERFORMATRIN PRIME","PERF PRM CT URINARY 6 LB"
"","6409708","6787360","0","1","1.5","78.99","44.23","LST","PERFORMATRIN PRIME","PERF PRM DG L&R AD 26 LB"
"","6409709","1000085","2","1","1","51.99","29.11","LST","PERFORMATRIN PRIME","PERF PRM DG L&R AD 13.2 LB"
"","6409712","1000088","0","1","0.25","51.99","29.11","LST","PERFORMATRIN PRIME","PERF PRM DG HWGT L&R 13.2LB"
"","6409714","1000091","1","1","0.25","51.99","29.11","LST","PERFORMATRIN PRIME","PERF PRM DG L&R SNR 13.2 LB"
"","6409716","1000093","0","1","0","24.99","13.99","LST","PERFORMATRIN PRIME","PERF PRM DG L&R SNR 4 LB"
"","6410705","1100186","0","1","0","35.99","24.86","LST","OPEN FARM","OPFM DG GF TKY CHK 4LB"
"","6410706","1100188","0","1","0","113.99","79.87","LST","OPEN FARM","OPFM DG GF TKY CHK 22LB"
"","6410708","1100194","0","1","0","117.99","82.67","LST","OPEN FARM","OPFM DG GF WHT FSH 22LB"
"","6410709","1151018","1","1","0","35.99","24.86","LST","OPEN FARM","OPFM DG GF LMB 4LB"
"","6410710","1151020","0","1","0","117.99","82.67","LST","OPEN FARM","OPFM DG GF LMB 22LB"
"","6410712","1151023","1","1","0","117.99","82.67","LST","OPEN FARM","OPFM DG GF WLD SL 22LB"
"","6410713","6234430","0","1","0","35.99","24.86","LST","OPEN FARM","OPFM DG GF BF 4LB"
"","6410707","1100192","0","1","0","35.99","24.86","LST","OPEN FARM","OPFM DG GF WHT FSH 4LB"
"","6410711","1151021","0","1","0","35.99","24.86","LST","OPEN FARM","OPFM DG GF WLD SL 4LB"
"","6410714","6234432","0","1","0","118.99","83.38","LST","OPEN FARM","OPFM DG GF BF 22LB"
"","6445942","","0","1","0","0","0.01","ROS","","DW ESS SHAMPOO LABLES kit"
"","6240751","","0","1","0","39.99","21.8","ROS","NITE IZE","NITE DG LED COLLAR BLUE MD"
"","6240750","","0","1","0","41.99","23","LST","NITE IZE","NITE DG LED COLLAR BLUE LG"
"","6447312","","0","1","0","54.99","30","LST","CATIT","CATIT PIXI FTAN GREEN 1EA"
"","6447310","","0","1","0","54.99","30","LST","CATIT","CATIT PIXI FTAN PINK 1EA"
"","6410821","","0","1","0","43.99","20.93","INOT","CANADA POOCH","CP BARBIE LOGO PM PONCHO 18IN"
"","6410824","","0","1","0","35.99","17.16","INOT","CANADA POOCH","CP BARBIE TIDY PM PONCHO 12IN"
"","6410832","","0","1","0","50.99","24.18","INOT","CANADA POOCH","CP BARBIE HODDIE DRK PNK 16IN"
"","6410837","","0","1","0","28.99","13.92","INOT","CANADA POOCH","CP BARBIE TSHRT TIE DYE 14IN"
"","6410838","","0","1","0","30.99","14.54","INOT","CANADA POOCH","CP BARBIE TSHRT TIE DYE 16IN"
"","6410841","","0","1","0","25.99","12.35","INOT","CANADA POOCH","CP BARBIE TSHRT CHECKER 10IN"
"","6410842","","0","1","0","26.99","12.87","INOT","CANADA POOCH","CP BARBIE TSHRT CHECKER 12IN"
"","6410850","","0","1","0","54.99","26.27","INOT","CANADA POOCH","CP BARBIE DENIM ACID VEST 16IN"
"","6410817","","0","1","0","32.99","15.59","INOT","CANADA POOCH","CP BARBIE LOGO PM PONCHO 10IN"
"","6410818","","0","1","0","35.99","17.16","INOT","CANADA POOCH","CP BARBIE LOGO PM PONCHO 12IN"
"","6410820","","0","1","0","41.99","19.88","INOT","CANADA POOCH","CP BARBIE LOGO PM PONCHO 16IN"
"","6410823","","0","1","0","32.99","15.59","INOT","CANADA POOCH","CP BARBIE TIDY PM PONCHO 10IN"
"","6410827","","0","1","0","43.99","20.93","INOT","CANADA POOCH","CP BARBIE TIDY PM PONCHO 18IN"
"","6410839","","0","1","0","32.99","15.59","INOT","CANADA POOCH","CP BARBIE TSHRT TIE DYE 18IN"
"","6410843","","0","1","0","28.99","13.92","INOT","CANADA POOCH","CP BARBIE TSHRT CHECKER 14IN"
"","6410844","","0","1","0","30.99","14.54","INOT","CANADA POOCH","CP BARBIE TSHRT CHECKER 16IN"
"","6410845","","0","1","0","32.99","15.59","INOT","CANADA POOCH","CP BARBIE TSHRT CHECKER 18IN"
"","6410847","","0","1","0","44.99","21.46","INOT","CANADA POOCH","CP BARBIE DENIM ACID VEST 10IN"
"","6410848","","0","1","0","48.99","23.13","INOT","CANADA POOCH","CP BARBIE DENIM ACID VEST 12IN"
"","6410849","","0","1","0","51.99","24.7","INOT","CANADA POOCH","CP BARBIE DENIM ACID VEST 14IN"
"","6410851","","0","1","0","57.99","27.42","INOT","CANADA POOCH","CP BARBIE DENIM ACID VEST 18IN"
"","6445994","","0","25","0","0","0.25","","","MK HOLIDAY 2025 GC ENV 25pk"
"","62096","","0","1","0","76.99","38.5","INOT","MUTTLUKS","MTLK BLK DG BOOTS 1LG"
"","62101","","0","1","0","65.99","33","INOT","MUTTLUKS","MTLK RED DG BOOTS 1XXXS"
"","62106","","0","1","0","76.99","38.5","INOT","MUTTLUKS","MTLK RED DG BOOTS 1LG"
"","6410508","","0","1","0","15.99","7.9","LST","JUMP","JMP CT LT & SNDCHIP OCPS 1EA"
"","6410514","","0","1","0","8.29","3.63","LST","JUMP","JMP CT DNTL EGPNT 1EA"
"","6410520","","0","1","0.25","17.99","8.4","LST","JUMP","JMP CT TELESCOPIC FTHR TSR 1EA"
"","6410587","","0","1","0","12.99","5.09","LST","JUMP","JMP CT SHARK KCKR 1EA"
"","6410590","","0","1","0","9.99","4.69","LST","JUMP","JMP CT SSHI ROLL 3PC"
"","6410592","","1","1","0","9.99","4.69","LST","JUMP","JMP CT SSHI SHRIMP ROLL 2PC"
"","6410593","","0","1","0","9.99","4.66","LST","JUMP","JMP CT SSHI SILVER FSH 2PC"
"","6410597","","1","1","0.25","9.99","4.94","LST","JUMP","JMP CT FISH TSR 1EA"
"","6410598","","2","1","0.5","9.99","4.94","LST","JUMP","JMP CT SSHI TSR 1EA"
"","6410607","","0","60","0","2.39","0.9315","LST","JUMP","JMP CT DNTL BALL 1EA"
"","6410608","","0","48","0.25","2.39","1.0802","LST","JUMP","JMP CT CRINKLE BALL 1EA"
"","6410609","","0","75","0","2.39","0.9207","LST","JUMP","JMP CT TENNIS BALL 1EA"
"","6410611","","0","1","0","16.99","7.8","LST","JUMP","JMP CT FRUIT ASRTD 4PC"
"","6410650","","0","100","2","1.49","0.59","LST","JUMP","JMP CT LONG MESH TUBES 1EA"
"","6410651","","75","75","0","1.59","0.6296","LST","JUMP","JMP CT SHORT MESH TUBES 1EA"
"","6410737","","0","72","0","1.59","0.6551","LST","JUMP","JMP CT SPONGE BALL 1EA"
"","6410739","","0","48","0","1.49","0.6819","LST","JUMP","JMP CT RATTAN BALL 1EA"
"","6410510","","0","1","0.25","9.99","4.68","LST","JUMP","JMP CT TPR STUFFABLE MSE 1EA"
"","6410521","","1","1","0","11.99","5.99","LST","JUMP","JMP CT FTHR TSR REPL 3PC"
"","6410591","","0","1","0","9.99","4.68","LST","JUMP","JMP CT SSHI SALMN NIGIRI 2PC"
"","6410594","","0","1","0","9.99","4.68","LST","JUMP","JMP CT SSHI SHRIMP NIGIRI 2PC"
"","6410596","","0","1","0","9.99","4.68","LST","JUMP","JMP CT SSHI EDEMAME 3PC"
"","6410610","","1","1","0.5","9.39","4.15","LST","JUMP","JMP CT 4IN1 LSR 1EA"
"","6410615","","1","1","0","15.99","7.8","LST","JUMP","JMP CT 5IN1 FISH TSR SET 5PC"
"","6410616","","0","1","0","15.99","7.8","LST","JUMP","JMP CT 5IN1 FRUIT TSR SET 5PC"
"","6410654","","0","1","0","21.99","8.4","LST","JUMP","JMP CT LVL 2 FLIP PZL 1EA"
"","6410655","","0","24","0","9.99","4.1892","LST","JUMP","JMP CT ROD W STRING TSR 1EA"
"","6410738","","0","48","1.5","1.59","0.6954","LST","JUMP","JMP CT SCRUNCHIE BALL 1EA"
"","14463","","0","1","0","37.99","22.76","LST","ROYAL CANIN","RCBHN DG SHIH TZU AD 2.5LB"
"","1150997","","0","1","0","144.99","98.03","LST","ROYAL CANIN","RCCCN DG DGTV CARE LG 30LB"
"","13445","","0","1","0","32.99","19.25","LST","ROYAL CANIN","RCSHN DG AD XS 2.5LB"
"","13455","","0","1","0","105.99","70.76","LST","ROYAL CANIN","RCCCN DG DGTV CARE SM 17LB"
"","20423","","1","1","0.25","144.99","98.03","LST","ROYAL CANIN","RCCCN DG WGT CARE LG 30LB"
"","18423","","0","1","0.25","38.99","21.09","LST","ROYAL CANIN","RCFHN CT INDR AD 3LB"
"","26141","","0","1","0","39.99","25.51","LST","ROYAL CANIN","RCCCN DG DGTV CARE SM 3.5LB"
"","28472","","0","1","0","38.99","21.09","LST","ROYAL CANIN","RCFHN CT SS DGST AD 3.5LB"
"","6410773","","0","1","0","69.99","35","ROS","CANADA POOCH","CP DG CNTRL HRNS BLUE SM"
"","6410781","","0","1","0","54.99","30.24","ROS","CANADA POOCH","CP DG UTLT LSH BLUE SM/MD"
"","6410778","","0","1","0","34.99","19.24","ROS","CANADA POOCH","CP DG UTLT CLR BLUE SM"
"","6410782","","0","1","0","54.99","30.24","ROS","CANADA POOCH","CP DG UTLT LSH BLUE LG/XL"
"","6445920","","0","1","0","46.99","26.75","LST","PENN-PLAX","PP CS BTA STRTR KT 9PC"
"","6471925","","0","1","0","34.99","17.5","ROS","CANADA POOCH","CP DG UTILITY CLR BLK SM"
"","6471927","","0","1","0","54.99","27.5","ROS","CANADA POOCH","CP DG UTILITY LSH BLK S/M"
"","6473808","","0","1","0","34.99","17.5","ROS","CANADA POOCH","CP DG UTILITY CLR PLUM SM"
"","6473811","","0","1","0","54.99","27.5","ROS","CANADA POOCH","CP DG UTILITY LSH PLUM S/M"
"","6475028","","0","1","0","74.99","37.5","LST","CANADA POOCH","CP DG UTILITY BELT BLK 1EA"
"","6445990","","0","1","0","21.99","11.55","LST","POOCHIEBELLS","PCHBL DG CANADA 1EA"
"","6446003","","0","1","0","79.99","44.74","INOT","PAIKKA","PAIK DG HI VIS RNCT LT YLW 30"
"","6446021","","0","1","0","99.99","59.64","INOT","PAIKKA","PAIK DG HI VIS RNCT DRK 40"
"","6446022","","0","1","0","99.99","59.64","INOT","PAIKKA","PAIK DG HI VIS RNCT DRK 45"
"","6446023","","0","1","0","99.99","59.65","INOT","PAIKKA","PAIK DG HI VIS RNCT DRK 50"
"","6446029","","0","1","0","109.99","61.75","INOT","PAIKKA","PAIK DG RAINSUIT NEON 35"
"","6446030","","0","1","0","109.99","61.74","INOT","PAIKKA","PAIK DG RAINSUIT NEON 40"
"","6446032","","0","1","0","109.99","61.75","INOT","PAIKKA","PAIK DG RAINSUIT NEON 50"
"","6446039","","0","1","0","79.99","47.73","INOT","PAIKKA","PAIK DG HI VIS RNCT LT PTRL 40"
"","6446050","","0","1","0","129.99","68","INOT","PAIKKA","PAIKKA DG REF HRNSS BLK 1XXL"
"","6446051","","0","1","0","54.99","30","INOT","PAIKKA","PAIKKA DG REF LEASH BLK 1SM"
"","6446056","","0","1","0","119.99","64","INOT","PAIKKA","PAIKKA DG REF HRNSS ORG 1LG"
"","6446059","","0","1","0","54.99","30","INOT","PAIKKA","PAIKKA DG REF LEASH ORG 1SM"
"","6446019","","0","1","0","89.99","55.39","INOT","PAIKKA","PAIK DG HI VIS RNCT DRK 30"
"","6446020","","0","1","0","99.99","59.64","INOT","PAIKKA","PAIK DG HI VIS RNCT DRK 35"
"","6446024","","0","1","0","109.99","63.93","INOT","PAIKKA","PAIK DG HI VIS RNCT DRK 55"
"","6446031","","0","1","0","109.99","61.74","INOT","PAIKKA","PAIK DG RAINSUIT NEON 45"
"","6446037","","0","1","0","69.99","44.75","INOT","PAIKKA","PAIK DG HI VIS RNCT LT PTRL 30"
"","6446038","","0","1","0","79.99","47.72","INOT","PAIKKA","PAIK DG HI VIS RNCT LT PTRL 35"
"","6446041","","0","1","0","79.99","47.72","INOT","PAIKKA","PAIK DG HI VIS RNCT LT PTRL 50"
"","6446053","","0","1","0","109.99","60","INOT","PAIKKA","PAIKKA DG REF HRNSS ORG 1XS"
"","6446054","","0","1","0","109.99","60","INOT","PAIKKA","PAIKKA DG REF HRNSS ORG 1SM"
"","6446055","","0","1","0","119.99","64","INOT","PAIKKA","PAIKKA DG REF HRNSS ORG 1MD"
"","6446057","","0","1","0","129.99","68","INOT","PAIKKA","PAIKKA DG REF HRNSS ORG 1XL"
"","6446058","","0","1","0","129.99","68","INOT","PAIKKA","PAIKKA DG REF HRNSS ORG 1XXL"
"","6477752","","0","1","0","99.99","59.63","INOT","PAIKKA","PAIK DG RCVRY RNCT ORG 30"
"","6477753","","0","1","0","109.99","62.6","INOT","PAIKKA","PAIK DG RCVRY RNCT ORG 35"
"","6477756","","0","1","0","109.99","62.61","INOT","PAIKKA","PAIK DG RCVRY RNCT ORG 50"
"","6477761","","0","1","0","109.99","60","INOT","PAIKKA","PAIKKA DG REF HRNSS BLK 1XS"
"","6477763","","0","1","0","119.99","64","INOT","PAIKKA","PAIKKA DG REF HRNSS BLK 1MD"
"","6477747","","0","1","0","79.99","47.7","INOT","PAIKKA","PAIK DG HI VIS RNCT LT YLW 40"
"","6477754","","0","1","0","109.99","62.61","INOT","PAIKKA","PAIK DG RCVRY RNCT ORG 40"
"","6477755","","0","1","0","109.99","62.61","INOT","PAIKKA","PAIK DG RCVRY RNCT ORG 45"
"","6477762","","0","1","0","109.99","60","INOT","PAIKKA","PAIKKA DG REF HRNSS BLK 1SM"
"","6477764","","0","1","0","119.99","64","INOT","PAIKKA","PAIKKA DG REF HRNSS BLK 1LG"
"","6477765","","0","1","0","129.99","68","INOT","PAIKKA","PAIKKA DG REF HRNSS BLK 1XL"
"","6236945","","0","1","0","27.99","16.79","LST","CHUCKIT","CHUCKIT FETCH MEDLEY 3PC"
"","6410600","","0","1","0","22.99","11.34","LST","JUMP","JMP DG TUFF DINO 1EA"
"","6410602","","0","1","0","22.99","11.33","LST","JUMP","JMP DG TUFF STFH 1EA"
"","6410630","","0","1","0","17.99","8.31","ROS","JUMP","JMP DG GGLR TRT DSP BALL 1EA"
"","6410631","","0","1","0","14.99","6.75","ROS","JUMP","JMP DG BLY STCK HLDR 1MD"
"","6410638","","0","1","0","17.99","7.9","LST","JUMP","JMP DG SPKY TRT STCK BLU 1LG"
"","6410746","","1","1","0.25","8.29","4.1","LST","JUMP","JMP DG DNTL SQKR BAL ORG 4.5IN"
"","6410748","","0","1","0","13.99","6.9","LST","JUMP","JMP DG TPR SQKR STCK 1LG"
"","6410749","","1","1","0","4.19","1.88","LST","JUMP","JMP DG DNTL SQKR BAL BLU 2.5IN"
"","6410751","","0","1","0","8.29","4.1","LST","JUMP","JMP DG DNTL SQKR BAL PRP 4.5IN"
"","6410752","","1","1","0.25","8.29","4.11","LST","JUMP","JMP DG DNTL SQKR BONE ORG 1MD"
"","6410816","","0","1","0","14.99","9.21","LST","CHUCKIT","CHUCKIT DG AMPHBS MEGA BAL 1EA"
"","6411355","","0","12","0.25","2.99","1.8408","LST","WERUVA","WER CT WX CHK PUREE 3OZ"
"","6411358","","0","12","-0.75","2.99","1.8408","LST","WERUVA","WER CT WX CHK GRAVY 3OZ"
"","6411359","","0","12","0","2.99","1.8408","LST","WERUVA","WER CT WX CK&TLP GRAVY 3OZ"
"","6445979","","0","1","0","33.99","17.15","LST","PETRAGEOUS","PTRGS ROUND SCRTCH 1EA"
"","6445980","","0","1","0","30.99","15.59","LST","PETRAGEOUS","PTRGS EARLY BIRD SCRTCH 1EA"
"","6445981","","0","1","0","44.99","23.39","LST","PETRAGEOUS","PTRGS YELLOW DOTS SCRTCH 1EA"
"","6410599","","0","1","0","22.99","11.33","LST","JUMP","JMP DG TUFF RHINO 1EA"
"","6410601","","0","1","0.25","22.99","11.34","LST","JUMP","JMP DG TUFF PIG 1EA"
"","6410624","","0","1","0","13.99","6.4","LST","JUMP","JMP DG BALL W RPE PRP 1EA"
"","6410628","","0","1","0","28.99","13","LST","JUMP","JMP DG RND PZL 1EA"
"","6410629","","0","1","0","13.99","6.8","LST","JUMP","JMP DG FTCH BALL 3PK"
"","6410633","","0","1","0","9.99","4.67","LST","JUMP","JMP DG SPKY TRT STCK RED 1SM"
"","6410694","","0","1","0","15.99","7.27","LST","JUMP","JMP DG BOUNCE BALL TURQ 2PK"
"","6410744","","0","1","0","4.19","1.88","LST","JUMP","JMP DG DNTL SQKR BAL RED 2.5IN"
"","6410745","","0","1","0","5.19","2.47","LST","JUMP","JMP DG DNTL SQKR BAL YLW 3.5IN"
"","6410747","","0","1","0","8.29","4.11","LST","JUMP","JMP DG DNTL SQKR BONE BLU 1MD"
"","6410750","","0","1","0.25","5.19","2.47","OOS","JUMP","JMP DG DNTL SQKR BAL GRN 3.5IN"
"","6410753","","0","1","0.75","8.29","4.11","LST","JUMP","JMP DG DNTL SQKR BONE PRP 1MD"
"","6411356","","0","12","0.25","2.99","1.8408","LST","WERUVA","WER CT WX TLP&TU PUREE 3OZ"
"","E9039","","0","1","0","19.99","12.79","LST","CHUCKIT","CHUCKIT DG RUGGED FLYER 1EA"
"","E9033","","0","1","0","16.99","9.08","LST","CHUCKIT","CHUCKIT DG ULTRA SQKR SM 2PC"
"","X8608","","0","1","0","31.99","22.7","LST","CHUCKIT","CHUCKIT DG ROPE FETCH 1EA"
"","6445934","","1","1","0","13.99","6.76","LST","JUMP","JMP LINES WAVE SCRTCH 1MD"
"","6445936","","0","1","0","21.99","10.39","LST","JUMP","JMP MRBL INFNTY SCRTCH 1EA"
"","6445983","","1","1","0","9.99","5.25","LST","JUMP","JMP CRTN FISH SCRTCH 1MD"
"","6445999","","0","1","0","22.99","11.5","LST","ROAM PET TREATS","RPT DG KANGA CHEW 2pc"
"","6445932","","0","1","0.25","9.99","5.25","LST","JUMP","JMP CRTN CATS SCRTCH 1MD"
"","6445933","","0","1","0.25","27.99","14.02","LST","JUMP","JMP TERRAZZO SCRTCH 1XXL"
"","6445935","","0","1","0","27.99","14.04","LST","JUMP","JMP LEAVES WAVE SCRTCH 1XXL"
"","6410339","23615","0","24","6","3.19","1.7863","LST","PERFORMATRIN PRIME","PERF PRM CT GF CHK KIT 5.5OZ"
"","6410341","22253","0","24","1.25","3.19","1.7863","LST","PERFORMATRIN PRIME","PERF PRM CT GF BF AD 5.5OZ"
"","6410344","22255","0","12","1.5","5.29","2.9625","LST","PERFORMATRIN PRIME","PERF PRM CT GF CHK KIT 13.2OZ"
"","6410345","22261","0","12","6","5.29","2.9625","LST","PERFORMATRIN PRIME","PERF PRM CT GF TURKEY 13.2OZ"
"","6410347","22259","0","12","0","5.29","2.9625","LST","PERFORMATRIN PRIME","PERF PRM CT GF WHTFSH AD13.2OZ"
"","6410348","22251","12","12","0.25","5.29","2.9625","LST","PERFORMATRIN PRIME","PERF PRM CT CK&TK SNR 13.2OZ"
"","6410349","22254","0","12","1.5","5.29","2.9625","LST","PERFORMATRIN PRIME","PERF PRM CT INDR SL 13.2OZ"
"","6410353","21285","0","12","2","4.19","2.3458","LST","PERFORMATRIN PRIME","PERF PRM DG CHK AD 13.2OZ"
"","6410535","","0","1","0","21.99","11","LST","JUMP","JMP DG DINO RPE 1EA"
"","6410340","22262","0","24","2","3.19","1.7863","LST","PERFORMATRIN PRIME","PERF PRM CT GF TURKEY 5.5OZ"
"","6410342","23617","0","24","2.5","3.19","1.7863","LST","PERFORMATRIN PRIME","PERF PRM CT HWGT WHTFSH 5.5OZ"
"","6410543","","0","1","0","21.99","10","LST","JUMP","JMP DG TUFF OCPS 1EA"
"","6410343","23618","0","24","1.5","3.19","1.7863","LST","PERFORMATRIN PRIME","PERF PRM CT HWGT TK 5.5OZ"
"","6410346","22256","0","12","0.5","5.29","2.9625","LST","PERFORMATRIN PRIME","PERF PRM CT GF CHK AD 13.2OZ"
"","6410350","21288","0","12","0","4.19","2.3458","LST","PERFORMATRIN PRIME","PERF PRM DG CHK SNR 13.2OZ"
"","6410547","","0","1","0","22.99","11","LST","JUMP","JMP DG ALLIG W TRT DSP 1EA"
"","6410351","21281","0","12","0","4.19","2.3458","LST","PERFORMATRIN PRIME","PERF PRM DG CHK PUP 13.2OZ"
"","6410553","","0","1","0","12.99","5.82","LST","JUMP","JMP DG CROISSANT PLSH 1EA"
"","6410352","21289","0","12","0.25","4.19","2.3458","LST","PERFORMATRIN PRIME","PERF PRM DG HWGT CHK 13.2OZ"
"","6410567","","0","1","0","13.99","6.31","LST","JUMP","JMP DG GLOW BALL 1EA"
"","6410530","","0","1","0","21.99","11","LST","JUMP","JMP DG ORG BURW 3PC"
"","6410537","","0","1","0","15.99","7.02","ROS","JUMP","JMP DG TUFF CRT 1EA"
"","6410538","","0","1","0","17.99","7.95","LST","JUMP","JMP DG TUFF AVOCADO 1EA"
"","6410555","","0","1","0.5","13.99","6.31","LST","JUMP","JMP DG PRETZEL PLSH 1EA"
"","6410559","","0","1","0","15.99","7.28","LST","JUMP","JMP DG BNA PLSH 1EA"
"","6410565","","0","1","0","13.99","6.5","LST","JUMP","JMP DG TPR PRNTING STCK 1EA"
"","6410573","","0","1","0","31.99","15.5","ROS","JUMP","JMP DG BEE SNUFFLE 1EA"
"","6411352","","0","1","0","9.99","5","ROS","JUMP","JMP DG STUFFABLZ ORG 1MD"
"","6446096","","0","1","0","13.99","7.5","LST","HOTEL DOGGY","HD DG PRIDE COLLAR TIE 1LG"
"","6446094","","0","1","0.25","11.99","6.5","LST","HOTEL DOGGY","HD DG PRIDE COLLAR TIE 1SM"
"","6446095","","0","1","0","12.99","7","LST","HOTEL DOGGY","HD DG PRIDE COLLAR TIE 1MD"
"","6410640","","0","1","0","25.99","12.5","LST","JUMP","JMP DG TRN ARD PZL 1EA"
"","6410674","","0","1","0","15.99","8","LST","JUMP","JMP DG RCYCLD PLSH PIG 1EA"
"","6410675","","0","1","0","15.99","8","LST","JUMP","JMP DG RCYCLD PLSH ELPH 1EA"
"","6410641","","0","1","0","19.99","10.2","ROS","JUMP","JMP DG ADCD FLIP BOARD 1EA"
"","6410642","","0","1","0","29.99","15.5","ROS","JUMP","JMP DG POKER BOX LVL 1 1EA"
"","6410679","","0","1","0","9.99","4.67","LST","JUMP","JMP DG TBONE BCN SM"
"","6410681","","0","1","0","19.99","9.5","LST","JUMP","JMP DG TBONE BCN LG"
"","6410734","","0","1","0","56.99","28.08","ROS","BAILEY & BELLA","B&B HDWY BED GRY 20IN"
"","6410735","","0","1","0","69.99","33.26","LST","BAILEY & BELLA","B&B HDWY BED GRY 24IN"
"","6410736","","0","1","0","79.99","38.46","ROS","BAILEY & BELLA","B&B HDWY BED GRY 28IN"
"","6446046","","0","1","0","25.99","11.44","LST","JUMP","JMP CT RACE N SCRTCH 1EA"
"","6446047","","1","1","0","14.99","6.25","LST","JUMP","JMP CT RACE N SCRTCH PADS 2PC"
"","6410696","1050002","0","1","0","14.99","7.9","LST","PERFORMATRIN ULTRA","PERF ULT DG SWT POT 11.6OZ"
"","6410698","1050004","0","1","0","16.49","8.25","LST","PERFORMATRIN ULTRA","PERF ULT DG SWT POT FRS 9.9OZ"
"","6410699","1050006","1","1","0","8.49","4.24","LST","PERFORMATRIN ULTRA","PERF ULT DG L&SP CHWS 5.6OZ"
"","6410701","1103760","0","1","0.5","9.99","4.6","LST","PERFORMATRIN ULTRA","PERF ULT DG OCEAN STIX 7OZ"
"","6410704","1103849","2","1","0","26.99","15","LST","PERFORMATRIN ULTRA","PERF ULT DG SWT POT 24OZ"
"","6446108","13230","0","1","0","25.99","21.3","LST","PURINA","PUR DG CHOW PUP CHK 14 LBS"
"","6410695","1050001","0","1","0","8.49","3.74","LST","PERFORMATRIN ULTRA","PERF ULT DG SWT POT 5.6OZ"
"","6410697","1050003","0","1","0","8.99","4.49","LST","PERFORMATRIN ULTRA","PERF ULT DG SWT POT FRS 4.8OZ"
"","6410700","1103759","2","1","0.5","9.99","4.6","LST","PERFORMATRIN ULTRA","PERF ULT DG FOOTHLLS STIX 7OZ"
"","6410702","1103761","0","1","0.25","9.99","4.6","LST","PERFORMATRIN ULTRA","PERF ULT DG PRAIRIE STIX 7OZ"
"","6410703","1103762","0","1","0.75","9.99","4.6","LST","PERFORMATRIN ULTRA","PERF ULT DG ORIGINAL STIX 7OZ"
"","6469887","","2","1","0","22.99","11.5","LST","PRODEN","PRODEN CT PLAQUEOFF 40g"
"","6446271","","0","1","0","69.99","41.8","INOT","PAIKKA","PAIK DG RECOVERY SHIRT GRY 40"
"","6446273","","0","1","0","69.99","41.8","INOT","PAIKKA","PAIK DG RECOVERY SHIRT GRY 50"
"","6446269","","0","1","0","69.99","40.3","INOT","PAIKKA","PAIK DG RECOVERY SHIRT GRY 30"
"","6446270","","0","1","0","69.99","41.8","INOT","PAIKKA","PAIK DG RECOVERY SHIRT GRY 35"
"","6446272","","0","1","0","69.99","41.8","INOT","PAIKKA","PAIK DG RECOVERY SHIRT GRY 45"
"","6446274","","0","1","0","74.99","43.3","INOT","PAIKKA","PAIK DG RECOVERY SHIRT GRY 55"
"","E7771","","0","1","0.25","16.99","9.25","LST","FLEXI","FLEXI CAT CLSC CORD BK XS 10FT"
"","6446255","18744","0","1","0","35.99","22.2","LST","NATURAL BALANCE","NB CT LI CHK&GPEA 4LB"
"","6446256","18748","0","1","0","35.99","22.2","LST","NATURAL BALANCE","NB CT LI SL&GPEA 4LB"
"","6446257","18743","0","1","0","35.99","23.79","LST","NATURAL BALANCE","NB CT LI RS DK&GPEA 4LB"
"","6229851","","0","1","0","14.99","6.3","OOS","COASTAL PET PRODUCTS","CSTL CT ADJ SUSHI BLUE 1EA"
"","6446178","","0","1","0.25","26.99","13.48","OOS","COASTAL PET PRODUCTS","CSTL CT ADJ MSH HRN&LSH BK 1EA"
"","J3799","","0","1","0","11.99","5.03","OOS","COASTAL PET PRODUCTS","CSTL KTN COL ELASTICIZED BLUE"
"","Q5075","","0","1","0","11.99","5.76","OOS","COASTAL PET PRODUCTS","CSTL CT RFLCTV STRTCH BLK"
"","1501826","","0","1","0","12.99","6.31","LST","GO DOG","GD JFM ROOSTER WHT 1XS"
"","63872","","0","1","0","23.99","11.96","LST","GO DOG","GO DOG CORDUROY MINI ROOSTER"
"","6446082","50579","2","1","0.75","12.99","5.2","LST","ESSENTIALS","ESN DG WIPES UNSCNTD 100PK"
"","44909","","0","1","0.25","31.99","18.08","LST","PRODEN","PRODEN PLAQUEOFF 60g"
"","6446083","","2","1","0.5","12.99","5.2","LST","ESSENTIALS","ESN CT WIPES UNSCNTD 100PK"
"","6410050","","0","12","0","3.99","2.4525","LST","WERUVA","WER DG MNM STK FRT CUP 3.5 OZ"
"","6410052","","0","12","0","3.99","2.4525","LST","WERUVA","WER DG MNM GM CH SP CUP3.5 OZ"
"","6410055","","0","1","0","37.99","24.03","LST","WERUVA","WER DG MNM VRTY 10PK CUP3.5OZ"
"","6410058","","0","12","0","3.19","1.8042","LST","B.F.F.","BFF DG MNCKN CUP 2.75 OZ"
"","6410061","","0","12","0","3.19","1.8042","LST","B.F.F.","BFF DG KS THR CUP 2.75 OZ"
"","6410063","","0","1","0","23.99","14.4","LST","B.F.F.","BFF DG VRTY 8PK CUP 2.75OZ"
"","6410048","","0","12","0","3.99","2.4525","LST","WERUVA","WER DG MNM PW LK CHK CUP3.5OZ"
"","6410053","","0","12","0","3.99","2.4525","LST","WERUVA","WER DG MNM AMZN LVN CUP 3.5OZ"
"","6410054","","0","12","0","3.99","2.4525","LST","WERUVA","WER DG MNM WOK DG CUP 3.5 OZ"
"","6410056","","0","12","0","3.19","1.8042","LST","B.F.F.","BFF DG RL DCE CUP 2.75OZ"
"","6410057","","0","12","0","3.19","1.8042","LST","B.F.F.","BFF DG LCK CUP 2.75 OZ"
"","6410059","","0","12","0","3.19","1.8042","LST","B.F.F.","BFF DG MLS NC CUP 2.75 OZ"
"","6410062","","0","12","0","3.19","1.8042","LST","B.F.F.","BFF DG WN BWT CUP 2.75 OZ"
"","6446142","","0","1","0","35.99","24.86","LST","OPEN FARM","OPFM DG GF PUP CHK&SLM 4LB"
"","6446143","","0","1","0","113.99","79.87","LST","OPEN FARM","OPFM DG GF PUP CHK&SLM 22LB"
"","6446154","","1","1","0","87.99","71.8","LST","BLUE BUFFALO","BLU DG AD WILD WG SLM 24 LB"
"","6446156","","0","1","0","87.99","65.89","LST","BLUE BUFFALO","BLU DG AD LB WILD WG CHK 24LB"
"","6446158","","0","1","0","32.99","21.2","LST","BLUE BUFFALO","BLU PUP WILD WG CHK 4.5LB"
"","6446159","","0","1","0","32.99","21.2","LST","BLUE BUFFALO","BLU DG SB WILD WG CHK 4.5LB"
"","6446144","","0","1","0","35.99","24.86","LST","OPEN FARM","OPFM DG GF SMBR CHK&TRK 4LB"
"","6446149","","0","1","0","87.99","65.89","LST","BLUE BUFFALO","BLU DG AD WILD WG CHK 24 LB"
"","6446150","","0","1","0","32.99","21.2","LST","BLUE BUFFALO","BLU DG AD WILD WG CHK 4.5 LB"
"","6446151","","0","1","0","87.99","71.8","LST","BLUE BUFFALO","BLU DG AD WILD WG DCK 24 LB"
"","6446152","","0","1","0","32.99","23.19","LST","BLUE BUFFALO","BLU DG AD WILD WG DCK 4.5LB"
"","6446153","","0","1","0","87.99","65.89","LST","BLUE BUFFALO","BLU DG AD WILD WC WG CHK 24LB"
"","6446155","","0","1","0","32.99","23.19","LST","BLUE BUFFALO","BLU DG AD WILD WG SLM 4.5 LB"
"","6446157","","0","1","0","87.99","65.89","LST","BLUE BUFFALO","BLU PUP LB WILD WG CHK 24LB"
"","6446252","","12","12","1","5.59","4.0267","OOS","CANADA FRESH","CAN FRESH DG VEG 13OZ"
"","G9952","","0","12","0","6.29","4.455","LST","CANADA FRESH","CAN FRSH DG DUCK 13OZ"
"","G9953","","0","12","0","5.59","4.0267","LST","CANADA FRESH","CAN FRESH DG LMB 13OZ"
"","G9962","","0","12","0","4.59","3.36","LST","CANADA FRESH","CAN FRESH DG SL 13OZ"
"","G9954","","0","12","0","5.49","3.9108","OOS","CANADA FRESH","CAN FRESH DG BF 13OZ"
"","X0799","","0","12","8.75","3.89","2.74","LST","CANADA FRESH","CAN FRSH DG CHK 13OZ"
"","6410783","","0","1","0","27.99","14.04","LST","MAX & MOLLY URBAN PETS","M&M DG CHERRY LSH 3/5IN 6 FT"
"","6410792","","0","1","0","20.99","10.45","LST","MAX & MOLLY URBAN PETS","M&M DG CHERRY CLR XS"
"","6410793","","0","1","0","24.99","12.47","LST","MAX & MOLLY URBAN PETS","M&M DG CHERRY CLR SM"
"","6410814","","0","1","0","47.99","24.2","LST","MAX & MOLLY URBAN PETS","M&M DG DONUT HRN MD"
"","6410815","","0","1","0","55.99","28.2","LST","MAX & MOLLY URBAN PETS","M&M DG DONUT HRN LG"
"","6410784","","0","1","0","33.99","17.2","LST","MAX & MOLLY URBAN PETS","M&M DG CHERRY LSH 1IN 6FT"
"","6410794","","0","1","0","27.99","14.03","LST","MAX & MOLLY URBAN PETS","M&M DG CHERRY CLR MD"
"","6410795","","0","1","0","31.99","15.65","OOS","MAX & MOLLY URBAN PETS","M&M DG CHERRY CLR LG"
"","6410800","","0","1","0","36.99","18.4","LST","MAX & MOLLY URBAN PETS","M&M DG CHERRY HRN XS"
"","6410801","","0","1","0","39.99","20.35","LST","MAX & MOLLY URBAN PETS","M&M DG CHERRY HRN SM"
"","6410802","","0","1","0","47.99","24.2","LST","MAX & MOLLY URBAN PETS","M&M DG CHERRY HRN MD"
"","6410803","","0","1","0","55.99","28.2","LST","MAX & MOLLY URBAN PETS","M&M DG CHERRY HRN LG"
"","6410812","","0","1","0","36.99","18.4","ROS","MAX & MOLLY URBAN PETS","M&M DG DONUT HRN XS"
"","6446447","","0","1","0","1.49","0.05","LST","GO! SOLUTIONS","GO! CT SENS LID GF INST. SMP"
"","6446448","","0","1","0.25","32.99","22.25","LST","GO! SOLUTIONS","GO! CT SENS LID GF INST. 3LB"
"","6446481","44371","0","1","0","19.99","8.9","OOS","NATURE'S MIRACLE","NM CT JFC S&O RMVR 946ML"
"","6446449","","0","1","0","51.99","35.06","LST","GO! SOLUTIONS","GO! CT SENS LID GF INST. 6LB"
"","6468232","","0","1","0","39.99","28.35","LST","THE HONEST KITCHEN","HK CT GF CLSTR CHKN & FISH 4LB"
"","6468233","","1","1","0","39.99","28.35","LST","THE HONEST KITCHEN","HK CT GF CLSTR CHICKEN 4LB"
"","6468234","","0","1","0","39.99","28.35","LST","THE HONEST KITCHEN","HK CT GF CLSTR TRKY & CHKN 4LB"
"","6446063","","1","1","0","12.99","8.91","LST","OPEN FARM","OPFM CT FD SL&COD 3.5OZ"
"","6446064","","0","1","0","29.99","20.57","LST","OPEN FARM","OPFM CT FD HRVST CHK 9OZ PCH"
"","6446065","","0","1","0","29.99","20.57","LST","OPEN FARM","OPFM CT FD CHK&SL 9OZ PCH"
"","6446068","","1","1","0.25","35.99","23.31","LST","OPEN FARM","OPFM CT GF KIT CHK&TK 4LB"
"","6446061","","0","1","0","12.99","8.91","LST","OPEN FARM","OPFM CT FD HRVST CHK 3.5OZ"
"","6446062","","0","1","0","12.99","8.91","LST","OPEN FARM","OPFM CT FD CHK&SL 3.5OZ"
"","6446066","","0","1","0","29.99","20.57","LST","OPEN FARM","OPFM CT FD SL&COD 9OZ PCH"
"","6640014","","0","1","0","18.99","12.34","LST","OPEN FARM","OPFM CT GF KIT CHK&TK 2LB"
"","6408543","","1","1","0","14.99","7.45","LST","ARK NATURALS","ARK DG PROTCTN+ DENTL MINI4oz"
"","6408544","","1","1","0","31.99","15.8","LST","ARK NATURALS","ARK DG PROTCTN+ DENTL SM 12oz"
"","6408546","","0","1","0","45.99","21.75","LST","ARK NATURALS","ARK DG PROTCTN+ DENTL LG18oz"
"","6445922","","0","1","0","11.99","5.8","LST","LORD JAMESON","LJ DG TROP PARADISE SMBR 3oz"
"","6446335","","0","1","0","1.49","0.05","LST","GO! SOLUTIONS","GO! DG SENS LID GF INSCT SMP"
"","6446336","","0","1","0","30.99","20.9","LST","GO! SOLUTIONS","GO! DG SENS LID GF INSCT 3.5LB"
"","6446341","","0","1","0","31.99","15.5","LST","ARK NATURALS","ARK DG SFT SD PRO TPST SM12oz"
"","6445921","","0","1","0","11.99","5.8","LST","LORD JAMESON","LJ DG VERY BERRY SMBR 3oz"
"","6446337","","0","1","0","81.99","55.3","LST","GO! SOLUTIONS","GO! DG SENS LID GF INSCT 12LB"
"","6446340","","2","1","0.25","37.99","18.75","LST","ARK NATURALS","ARK DG XTRM BRSHLS TPST LG18oz"
"","IA874","","0","1","0","21.99","10.7","LST","CATIT","CATIT ADJ HRN&LSH SET BLK 1SM"
"","II829","","0","1","0","24.99","12.16","LST","CATIT","CATIT ADJ HRN&LSH SET BLK 1LG"
"","Z0036","","0","1","0","22.99","11.18","LST","CATIT","CATIT ADJ HRN&LSH SET BLK 1MD"
"","6252303","","0","1","0.25","19.99","10.32","LST","JAY'S","JAYS DG TINY BITS TRAINING16oz"
"","6446254","","0","1","0","19.99","10.33","LST","NATURAL BALANCE","NB DG PB CRUNCHY 14oz"
"","6446253","","0","1","0","12.99","4.8","LST","NATURAL BALANCE","NB DG PB CRUNCHY SM BREED8oz"
"","6466822","","0","12","0","5.29","3.49","LST","THE HONEST KITCHEN","HK CT CHKN MINCED 5.5OZ"
"","6466831","","0","12","0","5.29","3.49","LST","THE HONEST KITCHEN","HK CT BEEF CHKN CATE 5.5 OZ"
"","6466832","","0","12","0","5.19","3.49","LST","THE HONEST KITCHEN","HK CT CHKN CATE 5.5 OZ"
"","6466823","","0","12","0","5.29","3.49","ROS","THE HONEST KITCHEN","HK CT TURKEY MINCED 5.5OZ"
"","6466824","","0","12","0","5.19","3.49","LST","THE HONEST KITCHEN","HK CT TURKEY DUCK MNCED 5.5OZ"
"","6447016","","0","1","0","57.99","39.11","LST","GO! SOLUTIONS","GO! DG S&C WG LB AD SLM 12 LB"
"","6447017","","0","1","0","99.99","67.44","LST","GO! SOLUTIONS","GO! DG S&C WG LB AD SLM 25 LB"
"","6447018","","0","1","0","62.99","42.48","LST","GO! SOLUTIONS","GO! DG S&C WG LB PUP SLM 12 LB"
"","6447019","","0","1","0.25","108.99","73.51","LST","GO! SOLUTIONS","GO! DG S&C WG LB PUP SLM 25 LB"
"","6227534","","1","1","0","34.99","24.85","LST","TIKI CAT","TIKI CT AFTRDRK VRTY 12PK2.8OZ"
"","6445985","","0","1","0","94.99","50.83","LST","JUMP","JMP CT WILLOW TREE 17IN"
"","6446085","","0","1","0","209.99","115","LST","JUMP","JMP CT MAISIE TREE 50IN"
"","6446088","","0","1","0","149.99","75","LST","JUMP","JMP CT MONTY TREE 36IN"
"","6446089","","0","1","0","17.99","9","LST","JUMP","JMP CT REPL POST 12.5IN"
"","6446090","","0","1","0","20.99","10.5","LST","JUMP","JMP CT REPL POST 18.8IN"
"","6445984","","0","1","0","129.99","77.96","LST","JUMP","JMP CT DELILAH CONDO 26IN"
"","6446084","","0","1","0","199.99","115.37","LST","JUMP","JMP CT MIMI TREE 62IN"
"","6446086","","0","1","0","114.99","62.37","LST","JUMP","JMP CT CLEO TREE 24IN"
"","6446087","","0","1","0","99.99","52.2","LST","JUMP","JMP CT SIMBA TREE 23IN"
"","6446091","","0","6","0","31.99","16","LST","JUMP","JMP CT HEAD SCRTCH 1EA"
"","6228758","","0","1","0","11.99","5.5","LST","FLUVAL","FL BGB COL ENCNG FLKS 1.5OZ"
"","6228754","","0","1","0","8.99","3.5","LST","FLUVAL","FL BGB BTA COL ENHG FLKS 0.6OZ"
"","6228755","","0","1","0.25","7.99","4","LST","FLUVAL","FL BGB ALG CRSPS 1.4OZ"
"","6228759","","0","1","0","11.99","5.5","LST","FLUVAL","FL BGB SPRLN FLKS 1.5OZ"
"","6447001","","0","1","0","16.99","8.9","OOS","BURT'S BEES","BURTS DG MH DEO SHMP BIL 16OZ"
"","6447002","","0","1","0","16.99","8.9","OOS","BURT'S BEES","BURTS DG MH ITCH SHMP BIL 16OZ"
"","6529889","","0","1","0","6.99","3.5","LST","FLUVAL","FL BGB VCTN FD 0.7OZ"
"","E7902","","0","1","0","13.99","7.5","LST","FLUVAL","FL BGB BTM FDR FRML PLCO 4.5OZ"
"","Y5330","","0","1","0","11.99","5.5","LST","FLUVAL","FL BGB TROP FLKS 1.5OZ"
"","Y5332","","0","1","0","12.99","5.5","LST","FLUVAL","FL BGB GLDFSH FLKS 1.5OZ"
"","6447220","28624","0","1","0","38.99","22.9","LST","ROYAL CANIN","RCFHN CT KIT MTHR&BBC 3LB"
"","6447223","G8363","1","1","0","117.99","76.7","LST","ROYAL CANIN","RCFHN CT APPT CTRL 14LB"
"","6447224","18475","0","1","0","38.99","25.3","LST","ROYAL CANIN","RCFHN CT APPT CTRL 3LB"
"","6447219","IR425","0","1","0","76.99","47.12","LST","ROYAL CANIN","RCFHN CT KIT MTHR&BBC 6LB"
"","6447221","6227238","0","1","0.25","117.99","71.8","LST","ROYAL CANIN","RCFHN CT KIT 14LB"
"","6447222","18432","0","1","0","38.99","22.9","LST","ROYAL CANIN","RCFHN CT KIT 3LB"
"","35124","","0","1","0","88.99","55.93","LST","ROYAL CANIN","RCBHN DG FRENCH BULLDOG 17LB"
"","6446591","","0","1","0","37.99","22.85","LST","ROYAL CANIN","RCBHN DG MINI SCHNR PUP 2.5LB"
"","6446592","","0","1","0","37.99","22.85","LST","ROYAL CANIN","RCBHN DG PUG PUP 2.5LB"
"","6446593","","0","1","0","37.99","22.85","LST","ROYAL CANIN","RCBHN DG FRENCH BULLDG PUP 3LB"
"","6446595","","0","12","0.5","5.59","3.2175","LST","ROYAL CANIN","RCCHN DG LG PUP THN GRY 13OZ"
"","6446597","","0","24","0","3.19","1.6796","LST","ROYAL CANIN","RCCHN DG XS PUP THN GRY 3OZ"
"","6446869","13547","0","1","0.25","89.99","57.63","LST","ROYAL CANIN","RCSHN DG SM PUPPY 14LB"
"","6446872","24844","0","1","0.25","122.99","80.2","LST","ROYAL CANIN","RCSHN DG GIANT 30LB"
"","6446596","","0","12","0","5.59","3.2175","LST","ROYAL CANIN","RCCHN DG MD PUP THN GRY 13OZ"
"","6446870","IL225","0","1","0","89.99","56.35","LST","ROYAL CANIN","RCSHN DG LRG PUPPY 17LB"
"","6446871","20403","1","1","0.25","129.99","82.38","LST","ROYAL CANIN","RCSHN DG LRG PUPPY 30LB"
"","6446879","20414","0","1","0.5","122.99","74.55","LST","ROYAL CANIN","RCSHN DG LARGE 30LB"
"","18390","","0","1","0.5","38.99","25.3","LST","ROYAL CANIN","RCFCN CT INDR WGT CARE 3LB"
"","28634","","0","1","0","38.99","25.3","LST","ROYAL CANIN","RCFHN CT INDR HB CARE 3LB"
"","28647","","0","1","0","38.99","25.3","LST","ROYAL CANIN","RCFHN CT DGST CARE AD 3LB"
"","6447194","","0","1","0","38.99","27.69","LST","PURINA PRO PLAN","PPLN DG PUP SPORT CK&R 4LB"
"","6447196","","0","12","0","4.39","3","LST","PURINA PRO PLAN","PPLN DG SNR 7+ CK&R 13OZ"
"","6473640","","0","1","0","107.99","74.41","LST","PURINA PRO PLAN","PPLN DG SNR SS&S SL&R 24LB"
"","66756","","0","1","0","24.99","8.5","LST","EXO TERRA","ET INFRD BASK SPT 75W"
"","66757","","0","1","0","25.99","10","LST","EXO TERRA","ET HEAT GLO INFRD LMP 100W"
"","E7964","","0","1","0","14.99","6.25","LST","EXO TERRA","ET NGHT HEAT LMP 100W"
"","K1805","","0","1","0","14.99","6.25","LST","EXO TERRA","ET DAYTM HEAT LMP 100W"
"","K1807","","0","1","0","13.99","5.75","LST","EXO TERRA","ET NGHT HEAT LMP 25W"
"","K1804","","0","1","0","14.99","6.25","LST","EXO TERRA","ET DAYTM HEAT LMP 60W"
"","K1806","","0","1","0","14.99","6.25","LST","EXO TERRA","ET DAYTM HEAT LMP 100W"
"","K1808","","0","1","0","13.99","5.75","LST","EXO TERRA","ET NGHT HEAT LMP 50W"
"","K1809","","0","1","0","15.99","7.25","LST","EXO TERRA","ET DAYLT BASK SPT LMP 50W"
"","K1810","","0","1","0","15.99","7.25","LST","EXO TERRA","ET DAYLT BASK SPT LMP 75W"
"","K1811","","0","1","0","18.99","8.5","LST","EXO TERRA","ET DAYLT BASK SPT LMP 100W"
"","O7407","","0","1","0","22.99","8.5","LST","EXO TERRA","ET INFRD BASK SPT 50W"
"","O7943","","0","1","0","13.99","5.75","LST","EXO TERRA","ET NGHT HEAT LMP 75W"
"","O8646","","0","1","0","14.99","6.25","LST","EXO TERRA","ET DAYTM HEAT LMP 150W"
"","Q8038","","0","1","0","26.99","11.25","LST","EXO TERRA","ET INFRD BASK SPT 150W"
"","Z1222","","0","1","0","14.99","6.75","LST","EXO TERRA","ET DAYLT BASK SPT LMP 25W"
"","1103985","","0","12","0","5.79","3.6975","LST","HILL'S SCIENCE DIET","SD DG AD SEN ST&SK TK&R 12.5OZ"
"","6232820","","0","1","0","64.99","44.96","ROS","THE HONEST KITCHEN","HK DG WG BF 4LB"
"","6447176","1103988","1","1","0","91.99","63.97","LST","HILL'S SCIENCE DIET","SD DG AD PFWGT CHK 12LB"
"","6447178","6234872","0","1","0","125.99","92.92","LST","HILL'S SCIENCE DIET","SD DG AD SB PRFT WGT 25LB"
"","6447179","6234871","0","1","0","125.99","92.92","LST","HILL'S SCIENCE DIET","SD DG AD LB PRFT WGT 25LB"
"","6447180","9100611","0","1","0","115.99","85.28","LST","HILL'S SCIENCE DIET","SD DG PUP LB LMB&BR 30LB"
"","6447181","1104005","0","1","0","115.99","82.88","OOS","HILL'S SCIENCE DIET","SD DG PUP CK&BR 27.5LB"
"","6447189","","0","1","0","37.99","27","ROS","INSTINCT","INST DG RAW FD LAMB 9.5OZ"
"","6447190","","1","1","0.5","39.99","27.64","LST","OPEN FARM","OPFM DG RAWMIX PRAIRIE 3.5LB"
"","6447191","","3","1","0","126.99","88.97","LST","OPEN FARM","OPFM DG RAWMIX PRAIRIE 20LB"
"","6447192","","0","1","0.75","39.99","27.64","LST","OPEN FARM","OPFM DG RAWMIX WLD OCN 3.5LB"
"","6447228","","12","12","3","5.79","3.6975","LST","HILL'S SCIENCE DIET","SD DG PRFT DGST CK 12.8OZ"
"","6447177","25635","0","1","0.25","125.99","92.92","LST","HILL'S SCIENCE DIET","SD DG AD PFWGT CHK 25LB"
"","6447182","11642","0","1","0","115.99","82.88","LST","HILL'S SCIENCE DIET","SD DG PUP LB CK&BR 27.5LB"
"","6447193","","2","1","0.25","126.99","88.97","LST","OPEN FARM","OPFM DG RAWMIX WLD OCN 20LB"
"","E6545","","0","12","0.25","5.79","3.56","LST","HILL'S SCIENCE DIET","SD DG HC CHK CRT SPNCH 12.8OZ"
"","6409314","","0","12","0","5.79","3.4142","LST","PERFORMATRIN ULTRA","PERF ULT DG GF LM&BF STW13.2OZ"
"","6409315","","0","12","1.25","5.49","3.2392","LST","PERFORMATRIN ULTRA","PERF ULT DG WG LM&BF PAT13.2OZ"
"","6409316","","0","12","0","5.79","3.4142","LST","PERFORMATRIN ULTRA","PERF ULT DG WG LM&BF STW13.2OZ"
"","6464771","","0","1","0","45.99","25.45","LST","ZODIAC","ZDC DG INFSTP PLUS 11-25KG"
"","6464772","","0","1","0","45.99","26","LST","ZODIAC","ZDC DG INFSTP PLUS 25KG OVER"
"","6464769","","0","1","0","42.99","24.34","LST","ZODIAC","ZDC DG INFSTP PLUS 4.5KG UNDER"
"","6464770","","0","1","0","42.99","24.9","LST","ZODIAC","ZDC DG INFSTP PLUS 4.6-11KG"
"","6446964","","0","1","0","0","17.66","LST","CAREFRESH","CF NTRL BEDDING STOR USE 60L"
"","6447021","","0","1","0","28.99","18.11","LST","CAREFRESH","CF TUTTI FRUTTI BDNG 23L"
"","6465774","","0","1","0","9.99","4.5","LST","FLUVAL","FL BTA MDGSCR LC PLNT 6IN"
"","6465775","","0","1","0","14.99","6.75","LST","FLUVAL","FL BTA YLW PRT PLNT 8IN"
"","6465776","","0","1","0","8.99","4","LST","FLUVAL","FL BTA WTR TRMPT PLNT 8IN"
"","6465777","","0","1","0","8.99","4","LST","FLUVAL","FL BTA RD LZRD PLNT 6IN"
"","1100071","","0","12","0","5.79","3.56","LST","HILL'S SCIENCE DIET","SD DG AD HC BF&VG 12.5OZ"
"","1100072","","0","12","0.75","5.79","3.56","LST","HILL'S SCIENCE DIET","SD DG AD 7+ HC BF&VG 12.5OZ"
"","36067","","0","12","0","5.79","3.6975","LST","HILL'S SCIENCE DIET","SD DG AD WGT CHK VEG 12.8OZ"
"","6250758","6233724","0","1","0","7.99","3.6","LST","TETRA","TTR SHRIMP WAFERS 3OZ"
"","6251216","","0","1","0","11.99","6.64","LST","TETRA","TTR COMMUNITY 3IN1 3.25OZ"
"","6447134","","0","1","0","10.99","5.69","LST","GLOFISH","GF SPECIAL FLAKE FOOD 1.59OZ"
"","6447135","","0","1","0","11.99","6.25","OOS","TETRA","TTR RIVERSHRIMP 0.92 OZ"
"","6464773","","0","1","0","44.99","22.5","LST","DRYMATE","DRYMATE PLUSH LTR MT 1EA"
"","6464774","","0","1","0","22.99","11.5","LST","DRYMATE","DRYMATE SAVANNAH LTR MT 1EA"
"","6464775","","0","1","0","32.99","16.5","LST","DRYMATE","DRYMATE BLUE FLORAL LTR MT 1EA"
"","49211","","0","1","0","17.99","9.77","LST","CHUCKIT","CHUCKIT INDOOR ROLLER 1EA"
"","6252513","","0","1","0","4.49","1.96","LST","ZOO MED","ZM ELTRL SOAK 2OZ"
"","6475227","","0","1","0","46.99","23.25","LST","ZOO MED","ZM INFRD HEAT PRJCTR 100W"
"","6477698","","0","1","0","10.49","4.4","LST","ZOO MED","ZM CRSTD GEKO BLBRY FD 2OZ"
"","E2917","","0","1","0","7.99","2.6","LST","ZOO MED","ZM AQTC TRTL FD HTC FRML 1.6OZ"
"","G7202","","0","1","0","10.49","4.95","LST","ZOO MED","ZM CRSTD GEKO TRPCL FRT FD 2OZ"
"","G7203","","0","1","0","26.9","12.85","LST","ZOO MED","ZM DIGI THRMTR N HMDTY 1EA"
"","G9808","","1","1","0","19.99","8.55","LST","ZOO MED","ZM REPTI SOIL 10QT"
"","IL966","","0","1","0","49.99","26.65","LST","ZOO MED","ZM REPTI CARE TERR CNTRLR 1EA"
"","IR549","","0","1","0","14.99","6.55","LST","ZOO MED","ZM GRMT AQTC TRTL FD 6OZ"
"","M0687","","0","1","0","13.99","6.7","LST","ZOO MED","ZM REPTI SAFE 8.75OZ"
"","R4204","","0","1","0","12.99","3.75","LST","ZOO MED","ZM REPTI CLCM W/O D3 3OZ"
"","X7656","","0","1","0","10.49","4.95","LST","ZOO MED","ZM CRSTD GEKO WTRMLN FD 2OZ"
"","Z4149","","2","1","0","16.99","7.15","LST","ZOO MED","ZM AQTC TRTL FD GRW FRML 13OZ"
"","6464830","","0","1","0","25.99","11.66","ROS","OXBOW","OXB PRM TIMTHY SOFT HAY 40OZ"
"","25121","","0","12","0","4.39","3.2242","LST","PURINA PRO PLAN","PPLN DG WMGT MORSEL TK 13OZ"
"","6464859","","0","1","0","59.99","32.56","LST","TICKLESS","TICKLESS DG ECOPET TAG 1EA"
"","6238416","","0","1","0","41.99","23","LST","NITE IZE","NITE DG LED LEASH BLUE 4FT"
"","6446069","59426","0","1","0","12.99","5.65","LST","COMPANY OF ANIMALS","COA DG WHISTLE BL 1EA"
"","6446070","59362","0","1","0.25","14.99","7.7","LST","COMPANY OF ANIMALS","COA DG WHIZZCLICK LT BL 1EA"
"","76830","","0","1","0.25","16.99","7.82","LST","KONG","KONG ZOOM GRM BLU 1ea"
"","1100003","","0","1","0","87.99","71.8","LST","BLUE BUFFALO","BLU DG AD LB WILD GF SL 24LB"
"","6237463","","0","1","0","19.99","11.35","OOS","BLUESTEM","BLST DG TOOTHPASTE CHK 2.5OZ"
"","6464888","1501248","0","21","2.5","1.99","0.7395","LST","EARTH RATED","ER DG BAG SNGL ROLL UNSCT 15pc"
"","90970","","0","1","0","12.99","5.36","OOS","COASTAL PET PRODUCTS","COS CAT TIE OUT BLACK10ft"
"","6410375","","0","1","0","23.99","11.05","LST","EXCEED","EXCD FRSH SHMP 16OZ"
"","6410377","","0","1","0.25","23.99","11.05","LST","EXCEED","EXCD ANXT RLF SHMP 16OZ"
"","6410378","","0","1","0","23.99","11.05","LST","EXCEED","EXCD SHED CNTRL SHMP 16OZ"
"","6410379","","0","1","0","23.99","11.05","LST","EXCEED","EXCD SHINE BST SHMP 16OZ"
"","6410381","","0","1","0","23.99","11.05","LST","EXCEED","EXCD MSTE BST COND 16OZ"
"","6410383","","0","1","0","17.99","6.35","LST","EXCEED","EXCD COAT REVIT CONDTN SPR 8OZ"
"","6410384","","0","1","0","17.99","6.35","LST","EXCEED","EXCD NOSE & PAW SERUM 4OZ"
"","6410385","","0","1","0","17.99","6.35","LST","EXCEED","EXCD CLN EAR SERUM 4OZ"
"","6410387","","0","1","0","17.99","6.35","LST","EXCEED","EXCD MRNG MST SPR 4OZ"
"","6410388","","0","1","0","17.99","6.35","LST","EXCEED","EXCD GRDN GLRY SPR 4OZ"
"","6410376","","0","1","0","23.99","11.05","LST","EXCEED","EXCD PEACH SHMP 16OZ"
"","6410380","","0","1","0","23.99","11.05","LST","EXCEED","EXCD 2IN1 SHMP & COND 16OZ"
"","6410382","","0","1","0","17.99","6.35","LST","EXCEED","EXCD SMTH OUT CONDTN SPR 8OZ"
"","G3846","","0","1","0","42.99","21.07","LST","EXO TERRA","ET HEAT MAT 4W"
"","6447136","6233735","0","1","0","5.99","2.7","LST","TETRA","TTR BTA SM PELLETS 1.23OZ"
"","6638527","6233733","0","1","0","9.89","4.45","LST","TETRA","TTR PLECO WAFERS 3.03OZ"
"","6464885","","0","1","0","19.99","10.95","LST","VITAL ESSENTIALS","VITAL E DG FD RABBIT BITES2oz"
"","6464886","","0","1","0.25","17.99","9.45","OOS","VITAL ESSENTIALS","VITAL E DG FD SALMN BITES2.5oz"
"","6464883","","0","1","0","17.99","9.45","LST","VITAL ESSENTIALS","VITAL E DG FD CHKN HEARTS1.9oz"
"","6464884","","0","1","0.25","18.99","10.4","LST","VITAL ESSENTIALS","VITAL E DG FD MINNOWS1oz"
"","1503771","","0","1","0","29.99","15.59","LST","BLUE RIBBON","BR MNTN TP CSTL 6.5IN"
"","6464844","","0","1","0","49.99","34.05","LST","VITAL ESSENTIALS","VE DG FD RAW BF NIBS 14OZ"
"","6464845","","0","1","0","47.99","32.69","LST","VITAL ESSENTIALS","VE DG FD RAW CK NIBS 14OZ"
"","6464846","","0","1","0","67.99","46.58","LST","VITAL ESSENTIALS","VE DG FD RAW DK NIBS 14OZ"
"","6464847","","0","1","0","76.99","52.75","OOS","VITAL ESSENTIALS","VE DG FD RAW RB NIBS 14OZ"
"","6464848","","1","1","0","49.99","34.05","LST","VITAL ESSENTIALS","VE DG FD RAW TK NIBS 14OZ"
"","W5663","","0","1","0","12.99","6.75","LST","BLUE RIBBON","BR BRIED TRSRE 3IN"
"","6411219","","0","10","0.5","9.99","4.542","LST","TILTED BARN PET CO.","TB DG BEEF MINIWAGS3.53oz"
"","6411220","","0","10","0.25","9.99","4.542","LST","TILTED BARN PET CO.","TB DG BACON MINIWAGS3.53oz"
"","6465829","","0","10","0","14.99","6.79","LST","TILTED BARN PET CO.","TB DG LAMB MINIWAGS3.53oz"
"","6475253","","0","12","0","5.29","2.5758","LST","THIS & THAT","T&T DG SNK STN TRACHEA6in 1pc"
"","6480473","","0","1","0","51.99","32.6","LST","PUREBITES","PB DG SALMON FD SUPR VP 9.5oz"
"","6446145","","0","1","0","24.99","12.99","LST","BLUE RIBBON","BR DRFTWD HDAWY 4IN"
"","6446148","","0","1","0","35.99","18.71","LST","BLUE RIBBON","BR SNKN SHPWRK 5.5IN"
"","6446147","","0","1","0","19.99","10.39","LST","BLUE RIBBON","BR SBMRNE XPLR 3.5IN"
"","6654969","","0","1","0","44.99","24","LST","MOBILE DOG GEAR","MDG DG CAR SEAT ORGNZ 1EA"
"","6654973","","0","1","0","89.99","42","LST","MOBILE DOG GEAR","MDG DG WEEK AWAY BAG 1EA"
"","6464891","","0","1","0","21.99","12.5","LST","INSTINCTS","INSTNCTS FLY N FRENZY TSR 1EA"
"","6464892","","0","1","0","10.99","5","OOS","INSTINCTS","INSTNCTS MOUSER MAYHEM 2PC"
"","6465110","","0","1","0","12.99","6.93","LST","INSTINCTS","INSTNCTS CRAZY COIL SPRING 1EA"
"","6465111","","0","1","0","16.99","8.4","LST","INSTINCTS","INSTNCTS ROWDY RIBBON 1EA"
"","6465112","","0","1","0","49.99","25.64","LST","INSTINCTS","INSTNCTS TWINKLE TUBE 1EA"
"","6464890","","0","1","0","49.99","26.47","LST","INSTINCTS","INSTNCTS HIDDEN HIJINKS 1EA"
"","6464893","","0","1","0","11.99","5.94","LST","INSTINCTS","INSTNCTS SOARIN SQUIRREL 1EA"
"","6465109","","0","1","0","11.99","5.94","LST","INSTINCTS","INSTNCTS ROWDY ROCKER TSR 1EA"
"","6465116","","0","1","0","9.99","5","LST","INSTINCTS","INSTNCTS TRICKY TWISTER 1EA"
"","6465119","","0","1","0","46.99","23.39","LST","INSTINCTS","INSTNCTS WILD WAND TSR 1EA"
"","6465121","","1","1","0","12.99","6.93","LST","INSTINCTS","INSTNCTS PRIDEFUL PLAYER 1EA"
"","6465122","","1","1","0.25","11.99","5.94","LST","INSTINCTS","INSTNCTS SNEAKY SLIDER 1EA"
"","6465113","","0","1","0","14.99","7.4","LST","INSTINCTS","INSTNCTS FIN FRENZY KICKER 1EA"
"","6465117","","0","1","0","12.99","6.93","LST","INSTINCTS","INSTNCTS ZINGY ZEBRA 1EA"
"","6465118","","0","1","0","17.99","8.83","LST","INSTINCTS","INSTNCTS SAFARI SNEAKERS 3PC"
"","6465120","","1","1","0.25","11.99","5.4","LST","INSTINCTS","INSTNCTS CHATTY CHIRP 1EA"
"","6464777","","0","1","0","24.99","16.5","LST","MORE BIRDS","MRBD LNTRN FDR 1EA"
"","6464776","","0","1","0","16.99","9.85","LST","MORE BIRDS","MRBD WNDW TUBE FDR 1EA"
"","6464778","","0","1","0","34.99","19.93","LST","PERKY-PET","PRPT VNTGE FDR 1EA"
"","6464779","","0","1","0","41.99","23.3","LST","PERKY-PET","PRPT WDNS LNTRN FED 1EA"
"","6616488","","0","1","0","8.99","4.05","LST","PENN-PLAX","PP E CTLBN BNA & MNG 2PK"
"","6655652","","0","1","0","24.99","13.9","LST","PROJECT HIVE","PH DG HIVE DISK BERRY 1EA"
"","6655658","","0","1","0","27.99","15.35","LST","PROJECT HIVE","PH DG HIVE CHEW TOY BERRY 1LG"
"","6655654","","0","1","0","24.99","13.9","LST","PROJECT HIVE","PH DG HIVE DISK VNILA 1EA"
"","6655655","","0","1","0","24.99","13.9","LST","PROJECT HIVE","PH DG HIVE FETCH STK BERRY 1EA"
"","6655657","","0","1","0","24.99","13.9","OOS","PROJECT HIVE","PH DG HIVE FETCH STK VNILA 1EA"
"","6655661","","0","1","0","27.99","15.35","LST","PROJECT HIVE","PH DG HIVE CHEW TOY VNILA 1LG"
"","A4005","","0","1","0","8.99","4.05","LST","PENN-PLAX","PP E CTLBN NTRL 2PK"
"","9507055","","0","1","0","84.99","50.99","LST","ZILLA","ZL HEAT & UVB BSKNG FXTR 1SM"
"","IF907","","0","1","0","16.99","8.5","LST","ZILLA","ZL MINI HAL BLB NGHT RD 25W"
"","IG376","","0","1","0","16.99","8.5","LST","ZILLA","ZL MINI HAL BLB DAY WHT 50W"
"","IE481","","0","1","0","16.99","8.5","LST","ZILLA","ZL MINI HAL BLB DAY WHT 25W"
"","IH508","","0","1","0","16.99","8.5","LST","ZILLA","ZL MINI HAL BLB NGHT RD 50W"
"","6464828","","0","1","0","36.99","20.01","LST","JUMP","JMP CT PEEK-A-BOO POST 18IN"
"","6464827","","0","1","0","44.99","24.35","LST","JUMP","JMP CT RACE TRCK POST 18IN"
"","6464840","","0","1","0","32.99","16.5","LST","JUMP","JMP CT TSR SCRTCH POST 18IN"
"","6465272","","0","35","0","4.49","2.35","LST","OPEN RANGE","OPN RNG DG TILAPIA SKIN 1pc"
"","6465315","","0","4","0","24.99","13.42","LST","PETRAGEOUS","PTRGS CT MEOW DUO DINER 10IN"
"","6465314","","0","6","0","12.99","6.5","LST","PETRAGEOUS","PTRGS CT MARBLE SAUCER 5IN"
"","6465728","","0","4","0","18.99","9.5","LST","PETRAGEOUS","PTRGS CT MEOW BOWL WHITE 5IN"
"","6465836","","0","1","0","19.99","10.92","LST","CATSTAGES","CTSTGS KITTY LICKIN LAYERS 1EA"
"","6467271","","0","6","0","12.99","6.5","OOS","PETRAGEOUS","PTRGS CT KTY & FSH BN BOWL 5IN"
"","6474947","","0","20","1.75","9.99","5.5","LST","OPEN RANGE","OPN RNG DG CHEEK STK W/ESO 1pc"
"","6480481","","0","1","0","24.99","12.5","LST","CATIT","CATIT PIXI DOUBLE DISH 1EA"
"","6467132","","30","30","0.75","6.29","2.7067","LST","COLLACHEWS","CC DG COLLAGEN BF ROLL6in1ea"
"","6467133","","1","1","0.25","18.99","8.46","LST","COLLACHEWS","CC DG COLLAGEN BF ROLL9in 3pk"
"","6467134","","0","24","0","6.29","2.6042","LST","COLLACHEWS","CC DG DRUMSTICK CHICKEN 1ea"
"","6467135","","0","1","0.5","18.99","8.46","LST","COLLACHEWS","CC DG COLLAGEN CHKN ROLL6in4pk"
"","6467137","","2","1","0.25","18.99","8.46","LST","COLLACHEWS","CC DG COLLAGEN CHKN STK5in25pk"
"","6467138","","0","1","0","18.99","8.46","LST","COLLACHEWS","CC DG COLLAGEN BF STKS5in25pk"
"","6467139","","0","1","0","18.99","8.46","LST","COLLACHEWS","CC DG COLLAGEN PB STKS5in25pk"
"","6467136","","2","1","0.5","18.99","8.46","LST","COLLACHEWS","CC DG COLLAGEN BF ROLL6in4pkBF"
"","6465294","","0","1","0","59.99","30","LST","CANADA POOCH","CP CLM VEST BLU M"
"","6465296","","0","1","0","79.99","40","LST","CANADA POOCH","CP CLM VEST BLU XL"
"","6465292","","0","1","0","49.99","25","LST","CANADA POOCH","CP CLM VEST BLU XS"
"","6465295","","0","1","0","69.99","35","LST","CANADA POOCH","CP CLM VEST BLU L"
"","6467140","1152881","1","1","0","38.99","23.4","LST","PURINA PRO PLAN","PPLN DG SPEC SS&S SL&R 4LB"
"","6465847","","1","1","0","45.99","29.99","LST","HILL'S SCIENCE DIET","SD DG PRF WT&JNT CK 3.5LB"
"","6465848","","1","1","0","127.99","94.85","LST","HILL'S SCIENCE DIET","SD DG PRF WT&JNT CK 25LB"
"","6465849","","0","1","0","127.99","94.85","LST","HILL'S SCIENCE DIET","SD DG LB PRF WT&JNT 25LB"
"","6465859","","1","1","0","43.99","28.66","LST","HILL'S SCIENCE DIET","SD DG SS&S POLK&BRLY 3.5LB"
"","6465861","","0","1","0","38.99","24.65","LST","HILL'S SCIENCE DIET","SD DG PUP LAMB&BR 4LB"
"","6465862","","0","1","0","115.99","82.88","LST","HILL'S SCIENCE DIET","SD DG PUP LAMB&BR 25LB"
"","6529702","","1","1","0.25","125.99","92.7","LST","HILL'S SCIENCE DIET","SD DG LB SS&S CK 30LB"
"","6467149","","0","1","0","54.99","27.5","LST","CANADA POOCH","CP CLM VEST PNK S"
"","6467150","","0","1","0","59.99","30","LST","CANADA POOCH","CP CLM VEST PNK M"
"","6467151","","0","1","0","69.99","35","LST","CANADA POOCH","CP CLM VEST PNK L"
"","6467152","","0","1","0","79.99","40","LST","CANADA POOCH","CP CLM VEST PNK XL"
"","6467157","","0","1","0","69.99","35","LST","CANADA POOCH","CP CLM VEST GRY L"
"","6467158","","0","1","0","79.99","40","LST","CANADA POOCH","CP CLM VEST GRY XL"
"","6467161","","0","1","0","88.99","56","LST","CANADA POOCH","CP WGHT BLNKT GRY M"
"","6467155","","0","1","0","54.99","27.5","LST","CANADA POOCH","CP CLM VEST GRY S"
"","6467156","","0","1","0","59.99","30","LST","CANADA POOCH","CP CLM VEST GRY M"
"","6467160","","0","1","0","88.99","51","LST","CANADA POOCH","CP WGHT BLNKT GRY S"
"","6467162","","0","1","0","109.99","62","LST","CANADA POOCH","CP WGHT BLNKT GRY L"
"","6657773","","0","1","0","24.99","12.5","ROS","CANADA POOCH","CP WEIGHTED TOY GRY S/M"
"","6465866","","0","1","0","12.99","6.84","LST","NITE IZE","NITE DG TRACKER HOLDER BLU 1EA"
"","6235211","","0","1","0","24.99","12.25","LST","MESSY CATS","MCAT SILICONE LTR MAT 1EA"
"","6467144","","0","1","0","19.99","10.32","LST","NOBA","NOBA ZERO SYSTEM 1EA"
"","G8316","","0","1","0","11.99","6","OOS","MESSY CATS","MCAT LONG LTR SCOOP 1XL"
"","X9296","","0","1","0","5.99","3","OOS","NOBA","NOBA LTR SCOOP TEAL 1EA"
"","1100077","","0","24","0","3.49","2.1883","LST","HILL'S SCIENCE DIET","SD CT KIT HC CK&R 2.8OZ"
"","1102375","","0","24","0","3.49","1.845","LST","HILL'S SCIENCE DIET","SD CT KIT CK LVR ENT 2.9OZ"
"","49361","","0","1","0","17.99","9","INOT","LSC ACCESSORIES","LSC WOOF COLLAGE 1EA"
"","9100131","","0","24","0","4.49","2.5913","LST","HILL'S SCIENCE DIET","SD CT KTN TD CHK 5.5 OZ CN"
"","6447022","","0","1","0","6.99","3.5","LST","LIVING WORLD GREEN","LWG SA CHWS KENAF WD STCK 1EA"
"","6655202","","0","1","0","42.99","29.7","LST","OPEN FARM","OPFM DG RAWMIX FRN RNG 3.5LB"
"","6655205","","0","1","0.25","132.99","93.19","LST","OPEN FARM","OPFM DG RAWMIX FRN RNG 20LB"
"","6446584","","0","1","0","18.99","11.3","LST","PERFORMATRIN ULTRA","PERF ULT DG FD BITES D&T 5OZ"
"","6446586","","0","1","0","14.99","8.92","LST","PERFORMATRIN ULTRA","PERF ULT DG FD PATTY D&T 4OZ"
"","6446585","","0","1","0","52.99","31.53","LST","PERFORMATRIN ULTRA","PERF ULT DG FD BITES D&T 16OZ"
"","6446587","","1","1","0.25","35.99","21.59","LST","PERFORMATRIN ULTRA","PERF ULT DG FD PATTY D&T 12OZ"
"","6464813","","0","1","0","18.99","11.3","LST","PERFORMATRIN ULTRA","PERF ULT DG FD BITES L&P 5OZ"
"","6464814","","0","1","0","52.99","31.53","LST","PERFORMATRIN ULTRA","PERF ULT DG FD BITES L&P 16OZ"
"","6464811","","0","1","0","14.99","8.92","LST","PERFORMATRIN ULTRA","PERF ULT DG FD PATTY L&P 4OZ"
"","6464812","","1","1","0","35.99","21.59","LST","PERFORMATRIN ULTRA","PERF ULT DG FD PATTY L&P 12OZ"
"","6464881","","0","1","0","1.49","0.05","OOS","PERFORMATRIN ULTRA","PERF ULT DG FD DK&TK SMP 1EA"
"","6464882","","2","1","0","1.49","0.05","LST","PERFORMATRIN ULTRA","PERF ULT DG FD LMB&PK SMP 1EA"
"","M8288","","1","1","0","19.99","11.99","LST","API","API MELAFIX 8OZ"
"","6466495","","21","21","0","13.99","6.7","LST","PERFORMATRIN ULTRA","PERF ULT HD-F PUP ROLL7IN LG"
"","6466496","","1","1","0","14.99","6.85","LST","PERFORMATRIN ULTRA","PERF ULT HD-F PUP STK5IN 3.5oz"
"","6465645","","0","1","0.25","44.99","22.4","LST","FRESH 4 LIFE","F4L ECO GRN LTR HOOD 21IN"
"","6465646","","0","1","0","24.99","11.9","LST","FRESH 4 LIFE","F4L ECO GRN LTR PAN 20IN"
"","E1821","70259","0","1","0","129.99","77.99","LST","MARINA","MRN LED AQRM KT 10GAL"
"","E2172","","0","1","0","99.99","60","LST","MARINA","MRN LED AQRM KT 5 GAL"
"","E1820","70261","0","1","0","219.99","131.99","LST","MARINA","MRN LED AQRM KT 20GAL"
"","6467444","","0","1","0.5","25.99","15","LST","PET GENIE","PET GENIE JMBO 28FT REFILL 1ea"
"","6467443","","0","1","0","59.99","42.5","LST","PET GENIE","PET GENIE DG WSTE PAIL 1ea"
"","6467398","","0","1","0","149.99","85","LST","BOWSERS","BSWR DG BURROW BED MAYAN 1SM"
"","6467399","","0","1","0","199.99","114","LST","BOWSERS","BSWR DG BURROW BED MAYAN 1MD"
"","64898","","0","1","0","14.99","8","INOT","HUNTER","OTT REDBLACK BNDNA 1SM"
"","64901","","0","1","0","39.99","20.3","INOT","HUNTER","TOR ARGONAUTS JRSY 1SM"
"","64902","","0","1","0","39.99","20.3","INOT","HUNTER","TOR ARGONAUTS JRSY 1MD"
"","64903","","0","1","0","39.99","20.3","INOT","HUNTER","TOR ARGONAUTS JRSY 1LG"
"","64904","","0","1","0","39.99","20.3","INOT","HUNTER","TOR ARGONAUTS JRSY 1XL"
"","64905","","0","1","0","14.99","8","INOT","HUNTER","TOR ARGONAUTS BNDNA 1SM"
"","64912","","0","1","0","14.99","8","INOT","HUNTER","HAM TIGERCATS BNDNA 1SM"
"","6237038","","0","12","0.25","5.49","2.7","LST","THIS & THAT","T&T CT CRACK NIP SL 1.5oz"
"","6237041","","0","12","0","5.49","2.7","LST","THIS & THAT","T&T CT CRACK NIP CHK 1.5oz"
"","6465285","","0","1","0.25","7.99","4.85","LST","PUREBITES","PB PLUS CT GUT&DGST TRT 1.09OZ"
"","6465286","","0","1","0","7.99","4.85","LST","PUREBITES","PB PLUS CT SK&CO TRT 1.09OZ"
"","6470653","","0","6","1","4.99","3.1","LST","INABA","INABA CT CHURU S&C CHK 2OZ"
"","6467466","","0","1","0","0","","INOT","K9 ADVANTIX","ADVNTGII K9 ADVNTX TG KIT 44pc"
"","6470652","","0","6","0","4.99","3.1","LST","INABA","INABA CT CHURU S&C TUNA 2OZ"
"","6474529","","2","1","0.5","23.99","14.19","LST","INABA","INB CT CHURU CHK VAR PK 20CT"
"","6474530","","2","1","0.5","23.99","14.19","LST","INABA","INB CT CHURU TUNA VAR PK 20CT"
"","6501064","","0","12","0.25","5.49","2.7","LST","THIS & THAT","T&T CT CRACK NIP TUNA 1.5oz"
"","6617737","","0","6","1.75","4.99","3.1","LST","INABA","INABA CT CHURU HB CHK 2OZ"
"","6617738","","0","6","0","4.99","3.1","LST","INABA","INABA CT CHURU HB TUNA 2OZ"
"","J8732","","0","1","0","9.99","5.2","LST","VAN NESS","VN CT GRAVITY WATERER 1.5LR"
"","R8928","","0","1","0","9.99","5.2","LST","VAN NESS","VN CT GRAVITY FEEDER 1.5LB"
"","6465644","","0","1","0","11.99","8.33","LST","ESSENTIALS","ESN CLMP UNSCNT LTR 33LB"
"","6446578","","0","1","0","29.99","17.05","LST","PERFORMATRIN ULTRA","PERF ULT DG GF RW CT ATMN3.5LB"
"","6446579","","0","1","0","62.99","35.8","LST","PERFORMATRIN ULTRA","PERF ULT DG GF RW CT ATMN 10LB"
"","6446580","","0","1","0","99.99","58.88","LST","PERFORMATRIN ULTRA","PERF ULT DG GF RW CT ATMN 22LB"
"","6446581","","0","1","0","29.99","17.05","LST","PERFORMATRIN ULTRA","PERF ULT DG GF RW CT SPRG3.5LB"
"","6446582","","0","1","0","62.99","35.8","ROS","PERFORMATRIN ULTRA","PERF ULT DG GF RW CT SPRG 10LB"
"","6446583","","1","1","0.25","99.99","58.88","LST","PERFORMATRIN ULTRA","PERF ULT DG GF RW CT SPRG 22LB"
"","6466102","","0","1","0","1.49","0.05","LST","PERFORMATRIN ULTRA","PERF ULT DG GF RW CT SV SMP4OZ"
"","6466103","","9","1","0","1.49","0.05","OOS","PERFORMATRIN ULTRA","PERF ULT DG GF RW CT AR SMP4OZ"
"","6467465","","0","1","0","91.99","63.97","LST","HILL'S SCIENCE DIET","SD DG SM&MIN ORAL CK 12.5LB"
"","6467464","","1","1","0","45.99","29.98","LST","HILL'S SCIENCE DIET","SD DG SM&MIN ORAL CK 4LB"
"","6467437","","0","1","0.25","13.99","6.75","LST","THIS & THAT","T&T DG ENH EVRT CHS PB MD2.5oz"
"","6467448","","0","1","0","12.99","6.37","LST","OPEN FARM","OPFM DG GOOD BITES BEEF6oz"
"","6467450","","0","6","0","15.99","7.35","LST","OPEN FARM","OPFM DG DEHYDRATED COD FSH2oz"
"","6467438","","0","1","0","17.99","8.75","LST","THIS & THAT","T&T DG ENH EVRT CHS PB LG3.5oz"
"","6467439","","0","1","0","22.99","11.5","OOS","THIS & THAT","T&T DG ENH EVRT CHS PB XL5oz"
"","6467447","","1","1","0.25","12.99","6.37","LST","OPEN FARM","OPFM DG GOOD BITES TURKEY6oz"
"","6467449","","0","1","0","12.99","6.37","LST","OPEN FARM","OPFM DG GOOD BITES PLNT PMP6oz"
"","6474944","","0","1","0","11.99","5.2","LST","ZIGNATURE","ZIGNATURE DG VENISON SOFT4oz"
"","6474937","","0","1","0","11.99","5.2","LST","ZIGNATURE","ZIGNATURE DG DUCK SOFT4oz"
"","6474938","","0","1","0","11.99","5.2","LST","ZIGNATURE","ZIGNATURE DG KANGAROO SOFT4oz"
"","6474942","","0","1","0","11.99","5.2","LST","ZIGNATURE","ZIGNATURE DG TROUT SOFT4oz"
"","6465786","","0","1","0","4.49","2.25","LST","FLUVAL","FL BTA DFFSN CHMBR PD 4PK"
"","6467453","","2","1","0.5","17.99","9.05","LST","PUREBITES","PB PLUS DG FD H&J 3oz"
"","6467455","","1","1","0.25","17.99","9.05","LST","PUREBITES","PB PLUS DG FD SKIN&COAT 3oz"
"","6467543","","0","1","0","17.99","8.58","LST","NORTHERN BISCUIT","NRTH BSC DG MINI M SF&T15.8oz"
"","6467546","","0","1","0","16.99","8.47","LST","EARTH ANIMAL","EA DG NO HIDE CHKN STRIPS 4pk"
"","6467547","","0","1","0","16.99","8.47","OOS","EARTH ANIMAL","EA DG NO HIDE BEEF STRIPS 4pk"
"","6467451","","2","1","0.25","14.99","8.36","LST","CRUMPS' NATURALS","CRMP DG PB ADVNCD KELP9.5oz"
"","6467452","","2","1","0.75","14.99","8.36","LST","CRUMPS' NATURALS","CRMP DG PB ADVNCD MTHCARE9.5oz"
"","6467454","","1","1","0.5","17.99","9.05","LST","PUREBITES","PB PLUS DG FD GT&DGSTION 3oz"
"","6467548","","2","1","0","16.99","8.47","LST","EARTH ANIMAL","EA DG NO HIDE VNS STRIPS 4pk"
"","6467549","","0","1","0","16.99","8.47","OOS","EARTH ANIMAL","EA DG NO HIDE PB STRIPS 4pk"
"","6666265","","1","1","0","9.99","5.5","LST","CRUMPS' NATURALS","CRMP DG MINI TRAINERS LMB4.6oz"
"","6666267","","0","1","0.25","9.99","5.5","LST","CRUMPS' NATURALS","CRMP DG MINI TRAINERS DCK4.6oz"
"","6465282","","0","1","0.25","69.99","38.89","LST","PERFORMATRIN ULTRA","PERF ULT DG LID KANGARO 12LB"
"","6465127","","0","1","0","33.99","19","LST","PERFORMATRIN ULTRA","PERF ULT DG LID KANGARO 4LB"
"","6465873","","0","1","0","1.49","0.05","LST","PERFORMATRIN ULTRA","PERF ULT DG LID KANGA SMP4OZ"
"","6465283","","0","1","0","119.99","70.79","LST","PERFORMATRIN ULTRA","PERF ULT DG LID KANGARO 24LB"
"","6447157","1000155","0","1","0","2.49","0.05","LST","PERFORMATRIN PRIME","PERF PRM CT CK&R KIT SMP 4OZ"
"","6447160","1000159","7","1","0","1.99","0.05","LST","PERFORMATRIN PRIME","PERF PRM DG CK&R AD SMP 4OZ"
"","6447161","1000167","8","1","0","1.99","0.05","LST","PERFORMATRIN PRIME","PERF PRM DG GF CKN&POT SMP 4OZ"
"","6447164","1000185","8","1","0","1.99","0.05","LST","PERFORMATRIN PRIME","PERF PRM DG CK&R PUP SMP 4OZ"
"","6447165","1000188","4","1","0","1.99","0.05","LST","PERFORMATRIN PRIME","PERF PRM DG LGBR CK PUP SMP4OZ"
"","6447166","1000191","9","1","0","1.99","0.05","OOS","PERFORMATRIN PRIME","PERF PRM DG CK SMBR PUP SMP4OZ"
"","6447168","","0","1","0","1.99","0.05","LST","PERFORMATRIN PRIME","PERF PRM DG CK SMBR SNR SMP4OZ"
"","6447169","","0","1","0","1.99","0.05","LST","PERFORMATRIN PRIME","PERF PRM DG CK&R SNR SMP 4OZ"
"","6447170","","0","1","0","1.99","0.05","LST","PERFORMATRIN PRIME","PERF PRM DG CK LGBR SNR SMP4OZ"
"","6447155","1000136","0","1","0","2.49","0.05","LST","PERFORMATRIN PRIME","PERF PRM CT CK&R AD SMP 4OZ"
"","6447156","1000143","0","1","0","2.49","0.05","LST","PERFORMATRIN PRIME","PERF PRM CT GF CK&POT SMP 4OZ"
"","6447158","","0","1","0","2.49","0.05","LST","PERFORMATRIN PRIME","PERF PRM CT INDR CKN SMP 4OZ"
"","6447159","","0","1","0","2.49","0.05","LST","PERFORMATRIN PRIME","PERF PRM CT CK&R SNR SMP 4OZ"
"","6447162","1000173","0","1","0","1.99","0.05","LST","PERFORMATRIN PRIME","PERF PRM DG LGBR AD SMP 4OZ"
"","6447163","1000178","8","1","0","1.99","0.05","LST","PERFORMATRIN PRIME","PERF PRM DG SMBR CK AD SMP 4OZ"
"","6447167","6237208","0","1","0","1.99","0.05","LST","PERFORMATRIN PRIME","PERF PRM DG SS&S SL&OAT SMP4OZ"
"","6467142","","0","1","0","15.99","8.3","LST","PERFORMATRIN NATURALS","PERF NAT DG BF LIVR SLDRS 15oz"
"","6467143","","0","1","0","15.99","8.3","LST","PERFORMATRIN NATURALS","PERF NAT DG TRDUCKN SLDRS 15oz"
"","6658193","","0","1","0","36.99","20.75","LST","SPOT","SPOT DG EASY TALK BUTTON 3PC"
"","6465863","","0","1","0","12.99","6.5","LST","LICKIMAT","LICKIMAT FELIX TURQUOISE 1EA"
"","6465864","","0","1","0","19.99","10.05","LST","LICKIMAT","LICKIMAT OH BOWL GREEN 1EA"
"","6467827","","0","1","0","32.99","17.72","LST","CHUCKIT","CHUCKIT SNIFF FTCH BALL MD 4PC"
"","6467555","","0","1","0","19.99","10","LST","LICKIMAT","LICKIMAT DG SLOMO 1EA"
"","6467556","","0","1","0","24.99","12.5","LST","LICKIMAT","LICKIMAT DG WOBBLE 1EA"
"","6467554","","0","1","0","19.99","10","LST","LICKIMAT","LICKIMAT DG PLAYDATE TUFF 1EA"
"","6470682","","0","24","0","3.99","3.0063","LST","WELLNESS","WEL CT KITTEN TUNA & WF 5.5OZ"
"","6470792","","0","24","0","3.99","3.0063","LST","WELLNESS","WEL CT KITN CHKN PATE 5.5OZ"
"","6471434","","0","2","0","34.99","24.035","LST","WELLNESS","WEL CT CHICKEN VAR 12PK 3OZ"
"","6470681","","24","24","0.25","2.99","1.9146","LST","WELLNESS","WEL CT KITTEN TUNA & WF 3OZ"
"","6473645","","0","24","0","2.69","1.6333","LST","PURINA PRO PLAN","PPLN CT PP SS&S CHAR 3OZ"
"","6473644","","0","24","0","2.69","1.6333","OOS","PURINA PRO PLAN","PPLN CT SS&S CHK 3OZ"
"","6640473","","0","2","0","34.99","24.035","LST","WELLNESS","WEL KIT CMP PATE VAR 12PK 3OZ"
"","6664218","","0","1","0","19.99","10","LST","LICKIMAT","LICKIMAT KEEPER 1EA"
"","6467427","","0","12","1","4.19","2.7917","LST","ACANA","ACANA CT TNA BB PATE 5.5OZ"
"","6467430","","0","12","1.25","4.19","2.7917","LST","ACANA","ACANA CT SL BB PATE 5.5OZ"
"","6467431","","0","12","1","4.19","2.7917","LST","ACANA","ACANA CT TNA BB PATE 5.5 OZ"
"","6467432","","0","12","0.5","4.69","3.1283","LST","ORIJEN","ORIJEN CT ORIG PATE 5.5OZ"
"","6467428","","0","12","0.75","4.19","2.7917","LST","ACANA","ACANA CT BEEF BB PATE 5.5OZ"
"","6467429","","0","12","0.75","4.19","2.7917","LST","ACANA","ACANA CT LAMB BB PATE 5.5OZ"
"","6467433","","0","12","0","4.69","3.1283","LST","ORIJEN","ORIJEN CT RGNL RD PATE 5.5 OZ"
"","6467434","","0","12","0","4.69","3.1283","LST","ORIJEN","ORIJEN CT TUNA&BF PATE 5.5 OZ"
"","6467435","","0","12","0.5","4.69","3.1283","LST","ORIJEN","ORIJEN CT DK&CHK PATE 5.5 OZ"
"","6467177","","0","1","0","76.99","49.79","LST","HILL'S SCIENCE DIET","SD CT AD SN SK&ST PL BRL 6LB"
"","6467436","","0","1","0.5","35.99","23.67","LST","ACANA","ACANA KIT HP CK TKY SL 3.9 LB"
"","6467175","","0","1","0","69.99","45.53","LST","HILL'S SCIENCE DIET","SD CT KIT OCNFSH&BR 7 LB"
"","6467176","","0","1","0","44.99","28.31","LST","HILL'S SCIENCE DIET","SD CT AD SN SK&ST PL BRL 3.5LB"
"","6467457","","0","40","1","4.49","1.7","LST","PERFORMATRIN ULTRA","PERF ULT DG COLLAGN CHW 6IN"
"","6467460","","0","1","0","21.99","9.41","LST","PERFORMATRIN ULTRA","PERF ULT DG COLGN CHW 12IN PK4"
"","6467461","","0","24","1","13.99","6.05","LST","PERFORMATRIN ULTRA","PERF ULT DG COLLAGN CHW 24IN"
"","6467462","","0","40","2.75","6.49","2.28","LST","PERFORMATRIN ULTRA","PERF ULT DG COLLAGEN BRAID 6IN"
"","6467458","","40","40","0.25","7.49","2.77","LST","PERFORMATRIN ULTRA","PERF ULT DG COLLAGN CHW 12IN"
"","6467459","","0","1","0","21.99","8.04","LST","PERFORMATRIN ULTRA","PERF ULT DG COLLGN CHW 6IN PK6"
"","6467463","","30","30","3.5","8.99","4.1","LST","PERFORMATRIN ULTRA","PERF ULT DG COLLAGN BRAID 12IN"
"","6666197","","0","1","0","18.99","12.81","LST","SUMMIT","SMT DG RNGE WG CHK&TRK 5LB"
"","6666198","","0","1","0","18.99","12.81","LST","SUMMIT","SMT DG CSTL WG CHK&SLM 5LB"
"","6666199","","0","1","0","59.99","40.46","LST","SUMMIT","SMT DG CSTL WG CHK&SLM 25LB"
"","6666200","","0","1","0","59.99","40.46","LST","SUMMIT","SMT DG RNGE WG CHK&TRK 25LB"
"","6666201","","0","1","0","59.99","40.46","LST","SUMMIT","SMT DG FRMSTD WG PK&LMB 25LB"
"","6666202","","0","1","0","59.99","40.46","LST","SUMMIT","SMT DG FMST LB WG PRK&LMB 25LB"
"","6666196","","0","1","0","18.99","12.81","LST","SUMMIT","SMT DG FRMSTD WG PK&LMB 5LB"
"","6250997","","0","12","0","5.59","3.2175","LST","ROYAL CANIN","RCCCN DG JOINT CARE 13.5OZ"
"","6467482","","0","12","0","5.59","3.2175","LST","ROYAL CANIN","RCCCN DG SS 13.5OZ"
"","6467557","","0","12","0","4.99","3.3292","LST","PURINA PRO PLAN","PPLN DG SS&S LMB&OAT 13OZ"
"","6468104","6234878","0","1","0","91.99","64.69","LST","HILL'S SCIENCE DIET","SD DG SM BRD PRFCT WGT 12.5LB"
"","6467559","","0","1","0","43.99","34.1","LST","PURINA PRO PLAN","PPLN DG ESNTL VAR PK 13OZ 12PK"
"","9101001","","0","1","0","109.99","83.24","LST","PURINA PRO PLAN","PPLN DG L&R PUP 34LB"
"","L1942","","0","1","0","19.99","13.17","LST","ROLLOVER","RLLVR DG CK 4.41LB"
"","Y1604","","0","12","0","5.59","3.2175","LST","ROYAL CANIN","RCCCN DG WGHT CRE LOAF 13.5OZ"
"","Y2023","","0","12","0","5.59","3.2175","LST","ROYAL CANIN","RCCCN DG DGTV CARE 13.5OZ"
"","1103672","","0","1","0","144.99","98.03","LST","ROYAL CANIN","RCCCN DG LG DENTAL 30LB"
"","1150638","","0","12","0","5.79","3.2175","LST","ROYAL CANIN","RCBHN DG LABR RTRVR AD 13.5OZ"
"","13456","","0","1","0","95.99","60.49","LST","ROYAL CANIN","RCCCN DG WGT CARE SM 13LB"
"","1103670","","0","1","0","105.99","70.76","LST","ROYAL CANIN","RCCCN DG SM DENTAL 17LB"
"","18407","","0","24","0","3.59","2.1775","LST","ROYAL CANIN","RCFCN CT HB SLC IN GVY 3OZ"
"","18468","","0","1","0.5","38.99","21.09","LST","ROYAL CANIN","RCFHN CT FIT&ACT AD 3LB"
"","20424","","0","1","0","144.99","98.03","LST","ROYAL CANIN","RCCCN DG JNT CARE LG 30LB"
"","28654","","0","1","0","68.99","39.58","LST","ROYAL CANIN","RCFHN CT INDR 7PL MTR AD 5.5LB"
"","35105","","0","1","0","89.99","56.38","LST","ROYAL CANIN","RCSHN DG MTR 8PL SM 13LB"
"","6240984","35127","0","24","1","4.69","2.7188","LST","ROYAL CANIN","RCFHN CT AD INSTVE LOAF 5.1OZ"
"","6240986","18406","0","24","1.75","4.69","2.7188","LST","ROYAL CANIN","RCFCN CT DGST SS LOAF 5.1OZ"
"","6240988","35129","0","24","1.25","4.69","2.7188","LST","ROYAL CANIN","RCFHN CT ULT LT LOAF 5.1OZ"
"","6466105","","0","1","0","49.99","20","INOT","JUMP","JMP DG PADDLE LIFE VEST ORG S"
"","6466107","","0","1","0","59.99","24","INOT","JUMP","JMP DG PADDLE LIFE VEST ORG L"
"","6466106","","0","1","0","49.99","20","INOT","JUMP","JMP DG PADDLE LIFE VEST ORG M"
"","6466413","","0","1","0","16.99","6.8","INOT","JUMP","JMP SMR24 COOLING BNDA BLU X/S"
"","6466411","","0","1","0","39.99","15.8","INOT","JUMP","JMP SMR24 COOLIN MAT 25.6x20IN"
"","6466412","","0","1","0","59.99","23.99","INOT","JUMP","JMP SMR24 COOLING MAT 38X32IN"
"","6468099","","2","1","0","8.49","3.5","OOS","VERSELE-LAGA","VL NATR SNCK MX GRDN MDLY 3OZ"
"","6468100","","0","1","0","8.49","3.5","LST","VERSELE-LAGA","VL NATR SNCK MX FRST MDLY 3OZ"
"","6468101","","2","1","0","8.49","3.5","OOS","VERSELE-LAGA","VL NATR SNCK MX TRPCL MDLY 3OZ"
"","6464821","6404815","0","12","0.5","2.14","1.6475","LST","BARKER'S","BRKS DG CHNKY BF 13.2OZ"
"","6464822","6404816","12","12","1.75","2.14","1.6475","LST","BARKER'S","BRKS DG CNTRY STW GVY 13.2OZ"
"","6464820","6404814","12","12","2.75","2.14","1.6475","LST","BARKER'S","BRKS DG BF CUTS GVY 13.2OZ"
"","6467552","","0","1","0","14.99","7.5","LST","POUNCE & FETCH","P&F REUSABLE TREAT BAG 1EA"
"","6468403","","0","1","0","36.99","15","LST","PERFORMATRIN ULTRA","PERF ULT BULLY CHEW 12INPK4"
"","6468404","","0","48","0","10.99","4.45","LST","PERFORMATRIN ULTRA","PERF ULT BULLY CHEW 12IN"
"","6468405","","0","48","0","5.99","2.24","LST","PERFORMATRIN ULTRA","PERF ULT BULLY CHEW 6IN"
"","6468406","","0","1","0","18.99","7.75","LST","PERFORMATRIN ULTRA","PERF ULT BULLY CHEW 6INPK4"
"","E7603","","0","1","0","10.49","4.72","LST","TETRA","TTR CICH FLKS 1.58OZ"
"","L5943","","0","1","0","12.99","6.32","LST","MARTIN","MRTN SM HRS APL TRT 2.2LB"
"","6666192","","0","1","0","16.99","11.46","LST","SUMMIT","SUMMIT CT RNG RTSRE AD 3LB"
"","28463","","0","1","0","68.99","40.24","LST","ROYAL CANIN","RCFHN CT FIT&ACT AD 7LB"
"","6740389","11834","0","1","0","54.99","35.34","LST","NATURAL BALANCE","NB FAT DOG LO CAL 11lb"
"","6740386","11833","0","1","0","28.99","16.2","LST","NATURAL BALANCE","NB FAT DOG LO CAL 4LB"
"","6740599","","0","1","0","5.99","3","LST","GO CAT","GO CAT FEATHER PONG 1EA"
"","6740391","11835","0","1","0","97.99","66.6","LST","NATURAL BALANCE","NB FAT DOG LO CAL 24lb"
"","6740499","1500271","0","1","0.25","23.99","18.82","LST","OKOCAT","OKOCT LOW TRACK CAT 14LB"
"","6227820","","0","12","0.25","14.99","7.1775","LST","TILTED BARN PET CO.","TB DG CNDN LMB3.53OZ"
"","6740672","","0","1","0","6.99","3.59","LST","KONG","KONG CT MOUSSE SALMON 2.5OZ"
"","6447171","1000084","7","1","0","1.99","0.05","LST","PERFORMATRIN PRIME","PERF PRM DG L&R AD SMP 4OZ"
"","6656204","","1","1","0","26.99","12.83","LST","KONG","KONG DG WHIPPLES PLSH 1XL"
"","6656202","","0","1","0","12.99","5.75","LST","KONG","KONG DG LICKS LG"
"","6656203","","0","1","0.25","8.99","3.83","LST","KONG","KONG DG LICKS SM"
"","6447172","1000094","9","1","0","1.99","0.05","LST","PERFORMATRIN PRIME","PERF PRM DG L&R PUP SMP 4OZ"
"","6469710","","0","1","0","19.99","10.25","LST","KONG","KONG CHEWSTIX MEGA STICK 1LGXL"
"","6467748","","0","1","0","10.99","4.42","LST","KONG","KONG DG CLEANING BRUSH 1EA"
"","6447175","","0","1","0","1.99","0.05","LST","PERFORMATRIN PRIME","PERF PRM DG L&R SNR SMP 4OZ"
"","6740601","1500270","0","1","0.25","25.99","19.47","LST","OKOCAT","OKOCT CLUMPING 12.6LB"
"","6740501","1500272","0","1","1","23.99","18.82","LST","OKOCAT","OKOCT SUPERSOFT 10.6LB"
"","6675020","","0","1","0","79.99","44","LST","NOBA","NOBA ORIGIN URBN A-FRAME 1EA"
"","6740502","1500274","0","1","0","23.99","18.82","LST","OKOCAT","OKOCT DUSTFREE PAPR 8LB"
"","6656211","","1","1","0.25","11.99","6.4","ROS","KONG","KONG CT TSR GLOW FIREFLY"
"","Y4783","","0","1","0","11.99","5.88","LST","KONG","KONG CT INFUSED GYRO 1EA"
"","6617728","","0","1","0","7.99","4","LST","CATIT","CATIT PIXI MSE TRT DSPNSER 1EA"
"","6655095","","0","1","0","8.99","4.14","LST","KONG","KONG CT ACTIVE BUBBLE BALL 1EA"
"","6672414","","0","1","0","9.99","4.65","LST","KONG","KONG CT KICKEROO CRUNCH 1EA"
"","1150640","","12","12","2","5.79","3.2175","LST","ROYAL CANIN","RCBHN DG GMN SHEP AD 13.5OZ"
"","6467974","","0","1","0","89.99","41.01","LST","JUMP","JMP CAR HAMMOCK CHAR 1EA"
"","6467976","","0","1","0","99.99","40.2","LST","JUMP","JMP CAR EXTBNCH CVR CHAR 1EA"
"","6467977","","0","1","0","64.99","29.8","LST","JUMP","JMP CAR BKSEAT BARR CHAR 1EA"
"","6468024","","0","1","0","39.99","15.9","LST","JUMP","JMP DG RETRACT LSH RED MD 16FT"
"","6468022","","0","1","0","39.99","15.9","LST","JUMP","JMP DG RETRACT LSH BLK MD 16FT"
"","6468067","","0","1","0","39.99","15.9","LST","JUMP","JMP DG RETRACT LSH BLU MD 16FT"
"","6468068","","0","1","0","49.99","23.47","LST","JUMP","JMP DG RETRACT LSH BLU LG 16FT"
"","6467975","","0","1","0","69.99","27.48","LST","JUMP","JMP CAR BNCH CVR CHAR 1EA"
"","6468025","","0","1","0","49.99","23.47","LST","JUMP","JMP DG RETRACT LSH RED LG 16FT"
"","6468023","","0","1","0","49.99","23.47","LST","JUMP","JMP DG RETRACT LSH BLK LG 16FT"
"","52977","","0","1","0","16.99","9.17","LST","KONG","KONG DG GOODIE BONE RED 1MD"
"","6467542","","0","1","0","79.99","42.2","ROS","BAILEY & BELLA","B&B BRAIDED CUDDLER LILAC 23IN"
"","6467973","","0","1","0","99.99","50.68","LST","BAILEY & BELLA","B&B CONVERTIBLE TRVL TOTE 1EA"
"","6467981","","0","1","0","41.99","20.55","LST","BAILEY & BELLA","B&B CT SHELL CHLT GRY 15X15IN"
"","1150639","","0","12","0","5.79","3.2175","LST","ROYAL CANIN","RCBHN DG GOLDN RTRVR 13.5OZ"
"","W8870","","0","1","0","8.99","4.5","LST","GO CAT","GO CAT KITTY KOPTER 1EA"
"","6467986","","0","1","0","103.99","53.01","LST","BAILEY & BELLA","B&B ORTHO LNGR BED GRY 30X40IN"
"","M2515","","0","1","0","5.99","2.5","LST","LIVING WORLD","LW CTLBN SM 2PK"
"","E9495","","1","1","0","17.99","9","LST","GO CAT","GO CAT PURR PELLER 1EA"
"","6467993","","0","1","0","72.99","38.45","LST","BAILEY & BELLA","B&B FUR CDLR BED BRN 36X36IN"
"","Q3846","","0","1","0","139.99","84","LST","HARI","HARI VSN CG 1MD"
"","6467999","","0","1","0","171.99","98.75","LST","BAILEY & BELLA","B&B DNUT CUDLR BED TAN 29X40IN"
"","6468000","","0","1","0","207.99","113.31","LST","BAILEY & BELLA","B&B DNUT CUDLR BED TAN 34X50IN"
"","M2517","","1","1","0","9.99","5","LST","LIVING WORLD","LW CTLBN LG 2PK"
"","6467995","","0","1","0","129.99","64.46","LST","BAILEY & BELLA","B&B LNGR BED CHAR 34X27IN"
"","6467989","","0","1","0","46.99","23.9","ROS","BAILEY & BELLA","B&B CDLR BED CHAR 22X22IN"
"","6467985","","0","1","0","77.99","40.95","LST","BAILEY & BELLA","B&B ORTHO LNGR BED GRY 20X30IN"
"","6467997","","0","1","0","207.99","113.3","LST","BAILEY & BELLA","B&B LNGR BED CHAR 47X35IN"
"","6467998","","2","1","0","129.99","64.43","LST","BAILEY & BELLA","B&B DNUT CUDLR BED TAN 25X33IN"
"","6467984","","0","1","0","59.99","30.56","LST","BAILEY & BELLA","B&B SNUGGLER BED GRY 22X22IN"
"","6467991","","0","1","0","77.99","42.62","LST","BAILEY & BELLA","B&B CHAISE BED GRN 27X35IN"
"","6467996","","0","1","0","171.99","98.75","LST","BAILEY & BELLA","B&B LNGR BED CHAR 41X32IN"
"","M8099","","1","1","0.25","6.99","3","LST","HARI","HARI SPR MILLET 3.5OZ"
"","I2883","","0","1","0","179.99","108","LST","HARI","HARI VSN CG 1LG"
"","58037","","0","1","0","119.99","72","LST","HARI","HARI VSN CG 1SM"
"","Z2305","","1","1","0","12.99","6.5","LST","GO CAT","GO CAT SPRKLNG KTY DUSTR 36IN "
"","6465780","","0","1","0","11.99","6.25","LST","FLUVAL","FL BTA MOSS BALL 1EA"
"","6746873","","0","24","0","3.49","2.1883","LST","HILL'S SCIENCE DIET","SD CT AD TN PCH 2.8OZ"
"","6744854","","0","24","0","3.49","2.2375","LST","HILL'S SCIENCE DIET","SD CT AD PRDG CHK&VG 2.9oz"
"","6468087","","0","1","0","33.99","15.59","LST","JUMP","JMP DG REF HRN BLK 12-18IN"
"","6468408","","0","12","0.25","2.14","1.6475","LST","BARKER'S","BRKS DG CHK RICE 13.2OZ"
"","6468075","","0","1","0","26.99","11.66","LST","JUMP","JMP DG ADJ CLR RED 18-26IN"
"","6468097","","0","1","0","46.99","21.2","LST","JUMP","JMP DG REF HRN BLU 20-30IN"
"","24290","","0","24","0","4.49","2.5913","LST","HILL'S SCIENCE DIET","SD CT AD 7+ BEEF 5.5OZ"
"","6468080","","0","1","0","28.99","12.5","LST","JUMP","JMP DG ADJ CLR BLU 26-30IN"
"","6468094","","0","1","0","46.99","21.2","LST","JUMP","JMP DG REF HRN RED 26-38IN"
"","6468095","","0","1","0","33.99","15.59","LST","JUMP","JMP DG REF HRN BLU 12-18IN"
"","6468093","","0","1","0","46.99","21.2","LST","JUMP","JMP DG REF HRN RED 20-30IN"
"","6468081","","0","1","0","29.99","15.48","LST","JUMP","JMP DG REF ROPE LSH BLK 6FT"
"","6468407","","0","12","1","2.14","1.6475","LST","BARKER'S","BRKS DG LAMB & RICE 13.2OZ"
"","6468076","","0","1","0","28.99","12.5","LST","JUMP","JMP DG ADJ CLR RED 26-30IN"
"","6468090","","0","1","0.25","46.99","21.2","LST","JUMP","JMP DG REF HRN BLK 26-38IN"
"","6468092","","0","1","0","33.99","15.59","LST","JUMP","JMP DG REF HRN RED 16-24IN"
"","6468077","","2","1","0.25","22.99","9.2","LST","JUMP","JMP DG ADJ CLR BLU 8-12IN"
"","6468089","","0","1","0","46.99","21.2","LST","JUMP","JMP DG REF HRN BLK 20-30IN"
"","6468073","","0","1","0","22.99","9.2","LST","JUMP","JMP DG ADJ CLR RED 8-12IN"
"","6468072","","0","1","0","28.99","12.5","LST","JUMP","JMP DG ADJ CLR BLK 26-30IN"
"","6468069","","0","1","0","22.99","9.2","LST","JUMP","JMP DG ADJ CLR BLK 8-12IN"
"","6468071","","0","1","0","26.99","11.66","LST","JUMP","JMP DG ADJ CLR BLK 18-26IN"
"","6468091","","0","1","0","33.99","15.59","LST","JUMP","JMP DG REF HRN RED 12-18IN"
"","6666195","","0","1","0","43.99","29.67","LST","SUMMIT","SUMMIT CT RNG RTSRE AD 12LB"
"","6468088","","0","1","0","33.99","15.59","LST","JUMP","JMP DG REF HRN BLK 16-24IN"
"","6468070","","0","1","0","25.99","11.12","LST","JUMP","JMP DG ADJ CLR BLK 12-18IN"
"","24310","","0","24","0","4.49","2.5913","LST","HILL'S SCIENCE DIET","SD CT AD LVR&CHK ENT 5.5OZ"
"","6468096","","0","1","0","33.99","15.59","LST","JUMP","JMP DG REF HRN BLU 16-24IN"
"","6468079","","0","1","0","26.99","11.66","LST","JUMP","JMP DG ADJ CLR BLU 18-26IN"
"","6468098","","0","1","0.25","46.99","21.2","LST","JUMP","JMP DG REF HRN BLU 26-38IN"
"","6468083","","0","1","0","29.99","15.48","LST","JUMP","JMP DG REF ROPE LSH BLU 6FT"
"","6468082","","1","1","0","29.99","15.48","LST","JUMP","JMP DG REF ROPE LSH RED 6FT"
"","1151010","","0","24","1","3.49","2.3213","LST","HILL'S SCIENCE DIET","SD CT AD SS TNA&VG 2.9OZ"
"","6468078","","0","1","0","25.99","11.12","LST","JUMP","JMP DG ADJ CLR BLU 12-18IN"
"","6468074","","0","1","0.25","25.99","11.12","LST","JUMP","JMP DG ADJ CLR RED 12-18IN"
"","36063","","0","24","0","3.49","2.3213","ROS","HILL'S SCIENCE DIET","SD CT AD PRFCT LVR CHK 2.9OZ"
"","6235256","","0","2","0","34.99","22.44","LST","HILL'S SCIENCE DIET","SD CT 7+ CK TN VRTY 2.8OZ 12PK"
"","6467980","","0","1","0","59.99","30.15","LST","BAILEY & BELLA","B&B CT MEOW CHLT PNK 17X17IN"
"","6475194","","0","24","0","3.49","2.1883","LST","HILL'S SCIENCE DIET","SD CT OCEAN DR AD 2.8OZ PCH"
"","6467983","","0","1","0","41.99","20.71","LST","BAILEY & BELLA","B&B CT FUR CDLR BRN 19X19IN"
"","6740706","","0","1","0","23.99","13","LST","PET EYEZ","PETEYZ VIT TRT BF 1oz"
"","6740472","","2","1","0.5","31.99","16.92","OOS","SILVER HONEY","SH DG WOUND CARE SPRY 236.6ML"
"","6746878","","1","1","0","64.99","38.34","LST","PERFORMATRIN ULTRA","PERF ULT DG GF HLLSD 12LB"
"","6746867","","1","1","0","29.99","16.74","LST","PERFORMATRIN ULTRA","PERF ULT DG GF HLLSD 4LB"
"","6740594","","0","1","0","32.99","16.5","LST","CANPRESSCO","CANPR DG CN CAM OL 16.9oz"
"","6740748","","0","1","0","23.99","13","LST","PET EYEZ","PETEYZ VIT TRT LMB 1oz"
"","6740749","","0","1","0","23.99","13","LST","PET EYEZ","PETEYZ VIT TRT WF 1oz"
"","6746879","","1","1","0","99.99","58.54","LST","PERFORMATRIN ULTRA","PERF ULT DG GF HLLSD 24LB"
"","6740470","","0","1","0.5","31.99","16.92","OOS","SILVER HONEY","SH DG WOUND CARE OINTMNT 56.7G"
"","6746880","","0","1","0","1.49","0.05","LST","PERFORMATRIN ULTRA","PERF ULT DG GF HLLSD SMP 4OZ"
"","Y3088","6231034","0","10","0","3.99","1.65","LST","LIVING WORLD","LW SA FRT CN 1.4OZ"
"","6467467","","1","1","0","14.99","7.49","LST","PERFORMATRIN PRIME","PERF PRM DTL STK MNT SM16OZ"
"","6467470","","0","1","0","19.99","9.99","LST","PERFORMATRIN PRIME","PERF PRM DTL STK CK LG1.7LB"
"","6467469","","0","1","0.25","14.99","7.49","OOS","PERFORMATRIN PRIME","PERF PRM DTL STK CHK SM16OZ"
"","6467468","","0","1","0","19.99","9.99","OOS","PERFORMATRIN PRIME","PERF PRM DTL STK MNT LG 1.7LB"
"","6468438","","0","24","0","2.99","1.66","LST","PERFORMATRIN ULTRA","PERF ULT CT GF CHK&QEGG 3OZ"
"","6468423","","0","24","0","2.79","1.4833","LST","PERFORMATRIN ULTRA","PERF ULT CT GF SLM&TN 3OZ"
"","6468419","","0","24","0","2.79","1.4833","LST","PERFORMATRIN ULTRA","PERF ULT CT GF CHK SHRD 3OZ"
"","6468420","","0","24","0","3.89","2.2133","LST","PERFORMATRIN ULTRA","PERF ULT CT GF TN&TLP 5.5OZ"
"","Y5321","","0","1","0","9.99","5","LST","MARINA","IGLO FLRCNT PLNT 7.5IN"
"","6468439","","0","24","0","5.39","2.8658","LST","PERFORMATRIN ULTRA","PERF ULT CT GF TN&LMB 5.5OZ"
"","Y5266","","0","1","0","4.99","1.75","LST","MARINA","MRN IGLO GRVL PNK 1LB"
"","6468421","","0","24","0","2.79","1.4833","LST","PERFORMATRIN ULTRA","PERF ULT CT GF TN&TLP 3OZ"
"","6468440","","0","24","0","2.99","1.66","LST","PERFORMATRIN ULTRA","PERF ULT CT GF TN&LMB 3OZ"
"","Y5320","","0","1","0","5.49","2.75","LST","MARINA","IGLO FLRCNT PLNT 5.5IN"
"","6656584","","0","1","0","122.99","82.95","LST","GO! SOLUTIONS","GO! DG SENS LID GF INSCT 22LB"
"","6468436","","0","24","0","2.99","1.66","LST","PERFORMATRIN ULTRA","PERF ULT CT GF CHK&DCK 3OZ"
"","6468435","","0","24","0.5","5.39","2.8658","LST","PERFORMATRIN ULTRA","PERF ULT CT GF CHK&DCK 5.5OZ"
"","6468437","","0","24","0","5.39","2.8658","LST","PERFORMATRIN ULTRA","PERF ULT CT GF CHK&QEGG 5.5OZ"
"","6468418","","0","24","3.5","3.89","2.2133","LST","PERFORMATRIN ULTRA","PERF ULT CT GF CHK SHRD 5.5OZ"
"","6468422","","0","24","0","3.89","2.2133","LST","PERFORMATRIN ULTRA","PERF ULT CT GF SLM&TN 5.5OZ"
"","Y5263","","0","1","0","4.99","1.75","LST","MARINA","MRN IGLO GRVL GRN 1LB"
"","Y5613","","0","1","0","25.99","13.5","LST","MARINA","IGLO ORN SHP W OCTO 4.25IN"
"","6468489","","0","1","0","16.99","7.5","LST","JUMP","JMP CAT TOY BASKET 1EA"
"","6744662","","0","1","0","6.19","2.86","LST","JUMP","JMP CT CNIP BALL W HLDR 1EA"
"","6750731","6232425","0","1","0.5","92.99","62.72","LST","GO! SOLUTIONS","GO! DG S&C WG TKY 22LB"
"","6750651","","0","1","0","9.99","4.94","LST","ROSEWOOD NATURALS","RWN SA DNDLN DLGHT TRT 3.52OZ"
"","6750691","1102996","0","1","1.25","98.99","66.77","LST","GO! SOLUTIONS","GO! DG S&C WG SL 22lb"
"","6750685","1102992","0","1","0.75","87.99","59.35","LST","GO! SOLUTIONS","GO! DG S&C WG CHK 22lb"
"","6750652","","0","1","0","11.99","6.03","LST","ROSEWOOD NATURALS","RWN SA DBL WDRLL TRT 10.4OZ"
"","6750657","","0","1","0","15.99","7.97","LST","ROSEWOOD NATURALS","RWN SA I LV HAY CUBE 1MD"
"","6750709","25414","0","1","0","98.99","66.77","LST","GO! SOLUTIONS","GO! DG S&C WG DUCK 22LB"
"","6750014","","0","1","0","8.29","3.95","LST","JUMP","JMP CT WDLND BALL & PLSH 6PC"
"","6750708","1103000","3","1","0.75","98.99","66.77","LST","GO! SOLUTIONS","GO! DG S&C WG LMB 22lb"
"","6750012","","0","1","0","11.99","6.02","LST","JUMP","JMP CT WDLND BEAR 3PC"
"","6750015","","0","1","0","13.99","6.76","LST","JUMP","JMP CT WDLND BALL & PLSH 12PC"
"","6750689","76088","0","1","0.25","39.99","17.99","LST","KURGO","KURGO QUANTUM LSH GRY BLUE 1EA"
"","6750692","76109","0","1","0","61.99","25.5","LST","KURGO","KURGO TRUFIT HARNESS BLK 1XS"
"","6750693","76130","0","1","0","61.99","25.5","LST","KURGO","KURGO TRUFIT HARNESS BLK 1SM"
"","6750690","76083","0","1","0","39.99","17.99","LST","KURGO","KURGO QUANTUM LSH GRY ORG 1EA"
"","6750694","76229","0","1","0","61.99","25.5","LST","KURGO","KURGO TRUFIT HARNESS BLK 1MD"
"","6750700","76009","0","1","0","109.99","55","LST","KURGO","KURGO BACKSEAT BRIDGE CHAR 1EA"
"","6750699","1500693","0","1","0","59.99","34","LST","KURGO","KURGO BUCKET STCV BLK BLU 1EA"
"","6750697","76286","0","1","0","61.99","25.5","LST","KURGO","KURGO TRUFIT HARNESS BLK 1XL"
"","6750701","76006","0","1","0","49.99","28","LST","KURGO","KURGO BUCKET STCV CHAR 1EA"
"","6750696","76285","0","1","0","61.99","25.5","LST","KURGO","KURGO TRUFIT HARNESS BLK 1LG"
"","6747028","1505043","0","1","0","89.99","49.5","LST","KURGO","KURGO RVR BSTER SEAT BLK 1ea"
"","6750658","","0","1","0","25.99","12.85","LST","ROSEWOOD NATURALS","RWN SA I LV HAY CUBE 1LG"
"","6750656","","0","12","0","4.49","2.1817","LST","ROSEWOOD NATURALS","RWN SA GRNLS NBL PTS 2.65OZ"
"","6750633","","0","1","0","6.49","3.32","LST","ROSEWOOD NATURALS","RWN PEA FLKS 0.44LB"
"","6750013","","0","1","0","12.99","5.78","LST","JUMP","JMP CT WDLND KCKR 1EA"
"","6750016","","0","1","0","15.99","7.81","LST","JUMP","JMP CT 5IN1 WDLND TSR SET 5PC"
"","6750659","","0","1","0","6.49","3.12","LST","ROSEWOOD NATURALS","RWN SA LIL HRTS TRT 3.52OZ"
"","6750725","","1","1","0","6.49","3.22","LST","ROSEWOOD NATURALS","RWN FNGRK CRNCH 7OZ"
"","6744644","","0","1","0","9.39","4.26","LST","JUMP","JMP CT SQK MSE 1EA"
"","6750663","","0","1","0","6.49","3.34","LST","ROSEWOOD NATURALS","RWN APL & STWBRY BUN 3.52OZ"
"","6750653","","0","1","0.75","9.99","4.94","LST","ROSEWOOD NATURALS","RWN SA SMMRFLD TRT 3.52OZ"
"","6751136","44132","0","1","0","13.99","7.8","LST","BURT'S BEES","BURTS MANUKA ITCH SPRY 10OZ"
"","6750654","","0","1","0","24.99","15.05","LST","ROSEWOOD NATURALS","RWN SA CRT CTTG 1MD"
"","6231215","","0","1","0","24.99","12.5","LST","CATSTAGES","CTSTGS CT TOWER OF TRACKS 1EA"
"","6750726","","1","1","0.25","8.99","4.5","LST","ROSEWOOD NATURALS","RWN FLWR N FRG BLSM 2.68OZ"
"","6750655","","0","1","0","39.99","24.06","LST","ROSEWOOD NATURALS","RWN SA CRT CTTG 1LG"
"","6744568","","0","1","0","12.99","5.72","LST","JUMP","JMP CT FTHR BALL TSR 1EA"
"","6744677","","0","1","0","18.99","9.07","LST","JUMP","JMP DG TUFF PTEROSAUR 1EA"
"","6744665","","0","1","0","21.99","11","ROS","JUMP","JMP DG SNUFFLE CUBE 1EA"
"","6744673","","0","1","0","21.99","11","LST","JUMP","JMP DG TIGER RPE W BALL 2PC"
"","6744666","","0","1","0","21.99","11","ROS","JUMP","JMP DG SNUFFLE PRISM 1EA"
"","6744672","","0","1","0","21.99","11","LST","JUMP","JMP DG ELPH RPE W BALL 2PC"
"","6744678","","0","1","0","18.99","9.07","LST","JUMP","JMP DG TUFF STEGOSAURUS 1EA"
"","6753282","","0","1","0","119.99","84.07","LST","OPEN FARM","OPFM DG VEN ANCNT G 22LB"
"","6751457","","0","1","0","24.99","17.26","LST","OPEN FARM","OPFM GB DG CHK & BR 3.5LB"
"","6753279","","0","1","0","32.99","22.79","LST","OPEN FARM","OPFM DG VEN ANCNT G 4LB"
"","6753288","","0","12","0","5.29","3.6258","LST","OPEN FARM","OPFM KE DG PLNT 12.5OZ"
"","6753287","","0","12","0","5.29","3.6258","LST","OPEN FARM","OPFM DG CHK&SL PUP 12.5OZ"
"","6751471","","0","1","0","27.99","19.34","LST","OPEN FARM","OPFM GB DG BF & BR 3.5LB"
"","6751604","","0","1","0","89.99","63.06","LST","OPEN FARM","OPFM GB DG SLM & BR 22LB"
"","6753285","","0","12","0","5.29","3.6258","LST","OPEN FARM","OPFM DG GF TRK 12.5OZ"
"","6222799","","0","12","0","4.39","3.2242","LST","PURINA PRO PLAN","PPLN DG COMP ESNTL TK&VG 13OZ"
"","6752096","","0","1","0","39.99","27.63","LST","OPEN FARM","OPFM GB CT WCSL & BR 7LB"
"","6752095","","0","1","0","39.99","27.63","LST","OPEN FARM","OPFM GB CT CHK & BR 7LB"
"","6752089","","0","1","0","24.99","16.57","LST","OPEN FARM","OPFM GB CT CHK & BR 3LB"
"","6752090","","0","1","0","24.99","16.57","LST","OPEN FARM","OPFM GB CT WCSL & BR 3LB"
"","6753283","","0","12","0","5.29","3.6258","LST","OPEN FARM","OPFM DG HRV CHK 12.5OZ"
"","6753286","","0","12","0.25","5.29","3.6258","LST","OPEN FARM","OPFM DG GF CHK&BF 12.5OZ"
"","6751472","","0","1","0","24.99","17.27","LST","OPEN FARM","OPFM GB DG SLM & BR 3.5LB"
"","6751487","","0","1","0","94.99","66.56","LST","OPEN FARM","OPFM GB DG BF & BR 22LB"
"","6753284","","0","12","0.25","5.29","3.6258","LST","OPEN FARM","OPFM DG GF CHK&SLM 12.5OZ"
"","6751478","","0","1","0","89.99","63.06","LST","OPEN FARM","OPFM GB DG CHK & BR 22LB"
"","6672424","","0","24","10","3.69","2.225","LST","PURINA PRO PLAN","PPLN CT URINARY TK&GB AD 5.5OZ"
"","6751486","","0","24","0","3.39","2.0396","LST","PURINA PRO PLAN","PPLN CT CMP ESNTL CK ENT 5.5OZ"
"","6744688","","0","1","0","13.99","6.43","LST","JUMP","JMP CT SNGL FLAT SCRTCH 1EA"
"","6744690","","0","1","0","20.99","10.09","LST","JUMP","JMP CT FLDBL SCRTCH W BALL 1EA"
"","6751568","","0","1","0","24.99","20.19","LST","TIDY CATS","TIDY CAT LW GLAD CLR SPRG 12LB"
"","6751135","44171","0","1","0","18.99","9.65","OOS","BURT'S BEES","BURTS MANUKA PW&NS LTN 6OZ"
"","6744647","","0","1","0","14.99","6.24","LST","JUMP","JMP CT BTRFY WNDW TSR 1EA"
"","6750865","","0","1","0","16.99","8.5","ROS","CATSTAGES","CTSTGS 2 IN 1 BAT N SPRING 1EA"
"","6750866","","1","1","0","9.99","5.2","LST","CATSTAGES","CTSTGS FTHR TREAT STUFFER 1EA"
"","6744645","","0","1","0","17.99","8.31","LST","JUMP","JMP CT SPRL SCNCH TSR 1EA"
"","6750017","","0","1","0","29.99","15.06","LST","JUMP","JMP CT FSH TSR SCRTCH 1EA"
"","6744467","","0","1","0","9.99","4.79","LST","JUMP","JMP CT RBW TSR 1EA"
"","6474540","","0","24","-2","3.69","2.225","LST","PURINA PRO PLAN","PPLN CT URINARY WHT FISH 5.5OZ"
"","6744643","","0","1","0","9.39","4.26","LST","JUMP","JMP CT CHIRPY BEE 1EA"
"","6744638","","0","1","0","9.99","4.79","LST","JUMP","JMP CT STAR RBN TSR 1EA"
"","6751554","","0","1","1.5","28.99","23.35","LST","TIDY CATS","TIDY CAT ALERT NONCLMP LTR 8LB"
"","6744689","","0","1","0","16.99","8.31","LST","JUMP","JMP CT DBL FLAT SCRTCH 1EA"
"","6751565","","0","1","1.75","32.99","26.76","LST","TIDY CATS","TIDY CAT LW ODOR CTR 24/7 17LB"
"","6744646","","0","1","0","9.99","4.78","LST","JUMP","JMP CT BLBRD SPRG TSR 1EA"
"","6744691","","0","1","0","25.99","13.51","LST","JUMP","JMP CT INCLN SCRTCH W BALL 1EA"
"","6466498","1000370","0","1","0.25","14.99","8.21","LST","PERFORMATRIN NATURALS","PERF NTRL CT GF CHK AD 2.5LB"
"","6466788","1000377","0","1","0","17.99","10.4","LST","PERFORMATRIN NATURALS","PERF NTRL DG GF SLM SB AD4LB"
"","6466818","6229558","1","1","0","16.99","10.1","LST","PERFORMATRIN NATURALS","PERF NTRL DG HG CHK AD 4LB"
"","6467831","1000428","8","1","0","2.49","0.05","LST","PERFORMATRIN NATURALS","PERF NTRL CT GF CHK AD SMP 4OZ"
"","6466550","1000383","1","1","0.75","41.99","24.35","LST","PERFORMATRIN NATURALS","PERF NTRL CT GF SLM AD 12LB"
"","6466719","1000380","0","1","0.5","20.99","11.96","LST","PERFORMATRIN NATURALS","PERF NTRL CT GF SLM AD 5LB"
"","6467959","1000434","0","1","0","1.49","0.05","LST","PERFORMATRIN NATURALS","PERF NTRL DG GF SLM SBADSMP4OZ"
"","6466787","1000375","0","1","0","17.99","10.4","LST","PERFORMATRIN NATURALS","PERF NTRL DG GF SLM AD 4LB"
"","6466549","1000381","1","1","0","20.99","11.96","LST","PERFORMATRIN NATURALS","PERF NTRL CT GF CHK KIT 5LB"
"","6467961","6229561","9","1","0","1.49","0.05","LST","PERFORMATRIN NATURALS","PERF NTRL DG HG CK AD SMP4OZ"
"","6466786","1000392","3","1","1.75","57.99","34.79","LST","PERFORMATRIN NATURALS","PERF NTRL DG GF SLM AD 25LB"
"","6466817","6229564","1","1","0.25","49.99","29.74","LST","PERFORMATRIN NATURALS","PERF NTRL DG HG BF AD 25LB"
"","6467832","1000430","0","1","0","2.49","0.05","OOS","PERFORMATRIN NATURALS","PERF NTRL CT GF CHK KIT SMP4OZ"
"","6467833","1000429","8","1","0","2.49","0.05","LST","PERFORMATRIN NATURALS","PERF NTRL CT GF SLM AD SMP 4OZ"
"","6467956","1000436","0","1","0","1.49","0.05","LST","PERFORMATRIN NATURALS","PERF NTRL DG GF CHK PUP SMP4OZ"
"","6466548","1000372","1","1","0","14.99","8.21","LST","PERFORMATRIN NATURALS","PERF NTRL CT GF CHK KIT 2.5LB"
"","6466814","1000388","0","1","0","42.99","25.79","LST","PERFORMATRIN NATURALS","PERF NTRL DG GF SLM SB AD12LB"
"","6466551","1000371","0","1","0.25","14.99","8.21","LST","PERFORMATRIN NATURALS","PERF NTRL CT GF SLM AD 2.5LB"
"","6466819","6229559","0","1","0","39.99","23.18","LST","PERFORMATRIN NATURALS","PERF NTRL DG HG CHK AD 12LB"
"","6466779","1000390","1","1","0.5","57.99","34.51","LST","PERFORMATRIN NATURALS","PERF NTRL DG GF CHK AD 25LB"
"","6466815","6229562","0","1","0","16.99","10.1","LST","PERFORMATRIN NATURALS","PERF NTRL DG HG BF AD 4LB"
"","6466499","1000379","1","1","0.25","20.99","11.96","LST","PERFORMATRIN NATURALS","PERF NTRL CT GF CHK AD 5LB"
"","6466777","1000374","0","1","0.5","17.99","9.79","LST","PERFORMATRIN NATURALS","PERF NTRL DG GF BF AD 4LB"
"","6466820","6229560","0","1","0","49.99","29.74","LST","PERFORMATRIN NATURALS","PERF NTRL DG HG CHK AD 25LB"
"","6466785","1000386","0","1","0","42.99","25.79","LST","PERFORMATRIN NATURALS","PERF NTRL DG GF SLM AD 12LB"
"","6466775","1000385","0","1","0","42.99","24.92","LST","PERFORMATRIN NATURALS","PERF NTRL DG GF BF AD 12LB"
"","6467834","1000435","0","1","0","1.49","0.05","LST","PERFORMATRIN NATURALS","PERF NTRL DG GF BF AD SMP 4OZ"
"","6466782","1000378","0","1","0","17.99","9.79","LST","PERFORMATRIN NATURALS","PERF NTRL DG GF CHK PUP 4LB"
"","6466776","1000391","1","1","0.5","57.99","34.51","LST","PERFORMATRIN NATURALS","PERF NTRL DG GF BF AD 25LB"
"","6466781","1000389","0","1","0","42.99","24.92","LST","PERFORMATRIN NATURALS","PERF NTRL DG GF CHK PUP 12LB"
"","6466497","1000382","0","1","0.25","41.99","24.35","LST","PERFORMATRIN NATURALS","PERF NTRL CT GF CHK AD 12LB"
"","6750890","","1","1","0","9.99","5.2","LST","CATSTAGES","CTSTGS FUNGI KICKER 1EA"
"","6466780","1000373","0","1","0","17.99","9.79","LST","PERFORMATRIN NATURALS","PERF NTRL DG GF CHK AD 4LB"
"","6466816","6229563","0","1","0","39.99","23.18","LST","PERFORMATRIN NATURALS","PERF NTRL DG HG BF AD 12LB"
"","6743910","","0","1","0","25.99","13.64","LST","PRODEN","PRODEN LB GNT PLAQUEOFF 1EA"
"","6740638","","0","1","0","18.99","11.24","OOS","PRODEN","PRODEN DG SM MD PLQOFF 1EA"
"","6252218","","1","1","0","55.99","32.5","LST","PURICA","PURICA CURCUMIN 60CT"
"","6759912","82945","0","1","0","44.99","20.15","LST","COMPANY OF ANIMALS","COA DG BSKRVLL ULTRA MUZL SZ3"
"","6759906","82944","0","1","0","37.99","19.87","LST","COMPANY OF ANIMALS","COA DG BSKRVLL ULTRA MUZL SZ2"
"","6759772","","0","1","0","39.99","25.89","LST","PRIMAL","PRIML DG CHK KIBBLE RAW 1.5LB"
"","6759911","82947","0","1","0","55.99","25.99","LST","COMPANY OF ANIMALS","COA DG BSKRVLL ULTRA MUZL SZ5"
"","6759784","","0","1","0","39.99","25.89","ROS","PRIMAL","PRIML DG FS&PK KIBBLE RAW1.5LB"
"","6759905","82943","0","1","0","32.99","16.5","LST","COMPANY OF ANIMALS","COA DG BSKRVLL ULTRA MUZL SZ1"
"","6759790","","0","1","0","179.99","129.02","ROS","PRIMAL","PRIML DG BF KIBBLE RAW 9LB"
"","6759785","","0","1","0","39.99","25.89","LST","PRIMAL","PRIML DG PUP KIBBLE RAW 1.5LB"
"","6759789","","0","1","0","179.99","129.02","ROS","PRIMAL","PRIML DG CHK KIBBLE RAW 9LB"
"","6759783","","0","1","0","39.99","25.89","LST","PRIMAL","PRIML DG BF KIBBLE RAW 1.5LB"
"","6759916","82948","0","1","0","61.99","27.06","LST","COMPANY OF ANIMALS","COA DG BSKRVLL ULTRA MUZL SZ6"
"","6759913","82946","0","1","0","49.99","22.55","LST","COMPANY OF ANIMALS","COA DG BSKRVLL ULTRA MUZL SZ4"
"","6760036","","1","1","0","79.99","53.49","LST","ORIJEN","ORIJEN CT GRDN 8 SNR 10LB"
"","6760024","","0","1","0.25","69.99","46.82","LST","ACANA","ACANA CT HP INDR 9.9LB"
"","6760035","","0","1","0","40.99","27.01","LST","ORIJEN","ORIJEN CT GRDN 8 SNR 4LB"
"","6228253","","0","1","0","119.99","72","OOS","MARINA","IGLO AQUARM KIT 5GAL"
"","6760020","","1","1","0.5","35.99","23.71","LST","ACANA","ACANA CT HP INDR 3.9LB"
"","6232742","","0","1","0","72.99","51.15","LST","OPEN FARM","OPFM DG WLD SL ANCNT G 11LB"
"","6666194","","0","1","0","43.99","29.67","LST","SUMMIT","SUMMIT CT MDW RST AD 12 LB"
"","6232738","","0","1","0","34.99","24.34","OOS","OPEN FARM","OPFM DG LMB ANCNT G 4LB"
"","X2427","","0","12","0","4.19","2.8808","LST","OPEN FARM","OPFM CT BEEF 5.5OZ"
"","6666193","","0","1","0","16.99","11.46","LST","SUMMIT","SUMMIT CT MDW RST AD 3 LB"
"","6232735","","0","1","0","29.99","20.86","LST","OPEN FARM","OPFM DG CHK ANCNT G 4LB"
"","X2433","","0","12","0","5.49","3.7633","LST","OPEN FARM","OPFM DG HRG&MCKRL STEW 12.5OZ"
"","6232737","","0","1","0","103.99","72.86","LST","OPEN FARM","OPFM DG CHK ANCNT G 22LB"
"","6232749","","0","1","0","30.99","21.72","LST","OPEN FARM","OPFM DG PRK ANCNT G 4LB"
"","6232751","","0","1","0","103.99","72.86","LST","OPEN FARM","OPFM DG PRK ANCNT G 22LB"
"","X2429","","0","12","0","4.19","2.8808","LST","OPEN FARM","OPFM CT CHK&SLM 5.5OZ"
"","6232753","","0","1","0","69.99","49.04","LST","OPEN FARM","OPFM DG BF ANCNT G 11LB"
"","6232739","","0","1","0","72.99","51.15","LST","OPEN FARM","OPFM DG LMB ANCNT G 11LB"
"","6232748","","0","1","0","103.99","72.86","LST","OPEN FARM","OPFM DG WHTFSH ANCNT G 22LB"
"","6232736","","0","1","0","64.99","45.54","LST","OPEN FARM","OPFM DG CHK ANCNT G 11LB"
"","6743883","","0","1","0","19.99","13.71","LST","OPEN FARM","OPFM CT GF LAMB 2LB"
"","6232740","","0","1","0","109.99","77.07","LST","OPEN FARM","OPFM DG LMB ANCNT G 22LB"
"","6232733","","0","1","0","64.99","45.54","OOS","OPEN FARM","OPFM DG TKY ANCNT G 11LB"
"","6232747","","0","1","0","72.99","51.15","LST","OPEN FARM","OPFM DG WHTFSH ANCNT G 11LB"
"","6232750","","0","1","0","64.99","45.54","LST","OPEN FARM","OPFM DG PRK ANCNT G 11LB"
"","6232746","","0","1","0","32.99","23.12","LST","OPEN FARM","OPFM DG WHTFSH ANCNT G 4LB"
"","6655151","","0","1","0","35.99","24.86","LST","OPEN FARM","OPFM DG RAWMIX AG PRAIRIE3.5LB"
"","6655212","","0","1","0","65.99","44.9","LST","OPEN FARM","OPFM CT RAWMIX OCEAN GF 8LB"
"","6638407","","0","1","0","84.99","58.3","LST","OPEN FARM","OPFM DG GF VENISON 11LB"
"","6640857","","0","1","0","64.99","45.54","OOS","OPEN FARM","OPFM DG GF PRK&VEG 11LB"
"","6640023","","0","1","0","68.99","48.34","LST","OPEN FARM","OPFM DG GF WLD SLM 11LB"
"","6640011","","0","1","0","64.99","45.54","OOS","OPEN FARM","OPFM DG GF SMBR CHK TRK 11LB"
"","6655207","","0","1","0","122.99","86.17","LST","OPEN FARM","OPFM DG RAWMIX AG PRAIRIE 20LB"
"","6655203","","0","1","0","39.99","27.63","LST","OPEN FARM","OPFM DG RAWMIX AG FRN RNG3.5LB"
"","6760454","","0","1","0","15.99","7.85","LST","COLLACHEWS","CC DG CLGN FISH STICKS 25 PK"
"","6743881","","0","1","0","19.99","13.71","OOS","OPEN FARM","OPFM CT GF SALMON 2LB"
"","6759706","","0","1","0","26.99","14.75","LST","NITE IZE","NTIZ CT LED SAFETY NCKLCE 1EA"
"","6655069","","0","1","0","35.99","24.86","LST","OPEN FARM","OPFM DG GF PRK&VEG 4LB"
"","6638642","","0","1","0","69.99","49.04","OOS","OPEN FARM","OPFM DG GF BF 11 LB"
"","6617516","","0","1","0.25","113.99","79.87","LST","OPEN FARM","OPFM DG GF CHK&TKR SENIOR 22LB"
"","6760216","","0","1","0","15.99","7.85","LST","COLLACHEWS","CC DG COLLAGEN BULLY CHPS11oz"
"","6655206","","0","1","0","129.99","91.08","LST","OPEN FARM","OPFM DG RAWMIX AG FRN RNG 20LB"
"","6743880","","0","1","0","18.99","12.34","OOS","OPEN FARM","OPFM CT GF TKY CHK 2LB"
"","6760220","","0","1","0","15.99","7.85","LST","COLLACHEWS","CC DG COLLAGEN DRUMSTICK4PK"
"","6640024","","0","1","0","69.99","49.04","LST","OPEN FARM","OPFM DG GF LMB 11LB"
"","6640899","","0","1","0","64.99","45.54","LST","OPEN FARM","OPFM DG GF CHK&TRK 11LB"
"","6643432","","0","1","0","113.99","79.87","LST","OPEN FARM","OPFM DG GF PRK&VEG 22LB"
"","6655209","","0","1","0","25.99","17.27","LST","OPEN FARM","OPFM CT RAWMX PRARIE GF 2.25LB"
"","6640830","","0","1","0","35.99","24.86","OOS","OPEN FARM","OPFM DG GF CHK&TRK SENIOR 4LB"
"","6640013","","0","1","0","65.99","46.24","LST","OPEN FARM","OPFM DG SMBR CHKTRK ANCN G11LB"
"","6760429","","0","1","0","15.99","7.85","LST","COLLACHEWS","CC DG COLLAGEN FISH ROLL 4PK"
"","6638641","","0","1","0","36.99","25.56","LST","OPEN FARM","OPFM DG GF VENISON 4LB"
"","6616742","","0","1","0","149.99","104.36","OOS","OPEN FARM","OPFM DG GF VENISON 22LB"
"","6655211","","0","1","0","67.99","46.28","LST","OPEN FARM","OPFM CT RAWMIX PRAIRIE GF 8LB"
"","6640012","","0","1","0.25","29.99","20.86","LST","OPEN FARM","OPFM DG SMBR CHK&TRK ANCN G4LB"
"","6655204","","0","1","0","35.99","24.86","LST","OPEN FARM","OPFM DG RAWMIX AG WLD OCN3.5LB"
"","6655210","","0","1","0","27.99","18.64","LST","OPEN FARM","OPFM CT RAWMIX OCEAN GF 2.25LB"
"","6743882","","0","1","0","19.99","13.71","LST","OPEN FARM","OPFM CT GF WHITEFISH 2LB"
"","6632546","","0","1","0","68.99","48.34","LST","OPEN FARM","OPFM DG GF WHT FSH 11LB"
"","6760433","","0","1","0","15.99","7.85","LST","COLLACHEWS","CC DG COLLAGEN FISH CHPS 11OZ"
"","6655208","","0","1","0","124.99","86.17","LST","OPEN FARM","OPFM DG RAWMIX AG WLD OCN 20LB"
"","6750891","","0","1","0","16.99","8.5","LST","MAX & MOLLY URBAN PETS","MX&ML CT SMRTID CLR STRBRY 1EA"
"","6750888","","0","1","0","16.99","8.5","LST","MAX & MOLLY URBAN PETS","MX&ML CT SMRTID CLR KIWI 1EA"
"","6750892","","0","1","0.25","16.99","8.5","LST","MAX & MOLLY URBAN PETS","MX&ML CT SMRTID CLR CHERRY 1EA"
"","6753382","","0","1","0","24.99","19.2","LST","PURINA PRO PLAN","PPLN DG JOINT CARE LARGE5.29OZ"
"","6753371","","0","1","0","19.99","13.98","LST","PURINA PRO PLAN","PPLN DG JOINT CARE SMAL1.055OZ"
"","6760831","","0","1","0","79.99","48","LST","NOBA","NOBA CT ORIGIN URBAN HUT 1EA"
"","35103","","0","1","0","128.99","82.58","LST","ROYAL CANIN","RCBHN DG ROTTWEILER AD 30LB"
"","1100582","","0","24","0","3.19","1.85","LST","ROYAL CANIN","RCBHN DG DASCHND AD 3OZ"
"","35144","","0","24","0","3.59","2.1775","LST","ROYAL CANIN","RCFHN CT AD INSTVE LOAF 3OZ"
"","14462","","0","1","0.25","37.99","22.76","LST","ROYAL CANIN","RCBHN DG POODLE AD 2.5LB"
"","1100669","","0","24","0","3.19","1.85","LST","ROYAL CANIN","RCBHN DG POODLE AD 3OZ"
"","6760832","","0","1","0","79.99","48","LST","NOBA","NOBA CT ORI URBAN CONDO 1EA"
"","1100037","","0","1","0","88.99","55.93","LST","ROYAL CANIN","RCBHN DG LABR RTRVR AD 17LB"
"","6760830","","0","1","0","79.99","48","LST","NOBA","NOBA CT EVOLUTION SCRTCH 1EA"
"","6760833","","0","1","0","199.99","125","LST","NOBA","NOBA CT ORIGIN LODGE TREE 1EA"
"","13493","","0","1","0","88.99","55.93","LST","ROYAL CANIN","RCBHN DG GMN SHEP AD 17LB"
"","6760582","","0","1","0","149.99","85","LST","BOWSERS","BWSR DG BURROW BED SEA/GAL 1SM"
"","6761027","","2","1","0","44.99","30.83","LST","PURINA PRO PLAN","PPLN DG CALMING CARE 1GX30"
"","6760759","","0","1","0","219.99","131.99","LST","BOWSERS","BSWR DG LOUNGER TAUPE 1XL"
"","6761026","","0","1","0","44.99","30.83","LST","PURINA PRO PLAN","PPLN CT CALMING CARE 1GX30"
"","6760682","","0","1","0","119.99","67.33","LST","BOWSERS","BSWR DG LOUNGER TAUPE 1SM"
"","6760598","","0","1","0","199.99","114","LST","BOWSERS","BWSR DG BURROW BED SEA/GAL 1MD"
"","6760740","","0","24","0.5","2.49","1.3946","LST","PERFORMATRIN PRIME","PERF PRM CT GF S&C SL&WF 3OZ"
"","6760758","","0","1","0","184.99","110.99","LST","BOWSERS","BSWR DG LOUNGER TAUPE 1LG"
"","6761326","","0","1","0","24.99","12.9","LST","TREATWORX","TTWRX DG BEEF STICKS 25oz"
"","6760762","","0","24","0.25","2.49","1.3946","LST","PERFORMATRIN PRIME","PERF PRM CT GF DGSTN TKY 3OZ"
"","6760757","","0","1","0","139.99","76.99","OOS","BOWSERS","BWSR DG LOUNGER TAUPE 1MD"
"","B0032","","0","1","0","41.99","20","LST","LAGUNA","LAG ALL SSN PND FLTNG FD 4.4LB"
"","1101348","","0","1","0","34.99","25.1","ROS","WELLNESS","WEL CT CMPL HLTH GF KIT CK 5LB"
"","E6414","","0","1","0","69.99","35","INOT","LAGUNA","LAG SG/FL WHT GRM SPRLN 4.4LB"
"","1101341","","0","1","0","66.99","43.86","LST","WELLNESS","WEL CT CORE GF ORIG 11LB"
"","6761340","","0","1","0","26.99","13.85","LST","TREATWORX","TTWRX DG DGST HTH LMB&TRKY16oz"
"","26131","","0","1","0","33.99","20.68","LST","ROYAL CANIN","RCSHN DG AD 8PL SM 2.5LB"
"","26082","","0","1","0","144.99","98.03","LST","ROYAL CANIN","RCCCN DG DGTV CARE MD 30LB"
"","IB227","","0","1","0","8.99","4.5","LST","MARINA","MRN AQRM GRVL GRY 4.4LB"
"","35102","","0","1","0","131.99","87.09","LST","ROYAL CANIN","RCBHN DG ROTTWEILER PUP 30LB"
"","35099","","0","1","0","131.99","87.09","LST","ROYAL CANIN","RCBHN DG BULLDOG PUP 30LB"
"","6234923","","0","1","0","144.99","98.03","LST","ROYAL CANIN","RCCHN DG SS LG 30LB"
"","13465","","0","1","0","37.99","22.85","LST","ROYAL CANIN","RCBHN DG CHIHUAHUA PUP 3LB"
"","6760953","","0","25","0","15.49","7.56","OOS","OPEN RANGE","OPN RNG DG WB CLLGN BRD11-12in"
"","13447","","0","1","0","86.99","54.29","LST","ROYAL CANIN","RCSHN DG AD XS 14LB"
"","6761336","","0","1","0","26.99","13.85","LST","TREATWORX","TTWRX DG SKN&COAT SLMN16oz"
"","35101","","0","1","0","37.99","22.85","LST","ROYAL CANIN","RCBHN DG SHIH TZU PUP 2.5LB"
"","6761338","","0","1","0","26.99","13.85","LST","TREATWORX","TTWRX DG HP&JNT CHKN STRPS16oz"
"","14460","","0","1","0","37.99","22.76","LST","ROYAL CANIN","RCBHN DG DASCHND AD 2.5LB"
"","IB236","","0","1","0","36.99","18.5","OOS","MARINA","MRN AQRM GRVL GRY 22LB"
"","50543","","0","1","0","199.99","120","LST","CATIT","VESPER V-HIGH BASE WLNT"
"","40244","","0","1","0","123.99","90.19","OOS","HILL'S SCIENCE DIET","SD DG AD 6+ LB 33LB"
"","IT986","","0","1","0","88.99","55.93","LST","ROYAL CANIN","RCBHN DG GOLDN RTRVR AD 17LB"
"","6740649","","0","1","0","17.99","9.45","OOS","VITAL ESSENTIALS","VITAL E DG FD BF TRPE BTS2.3oz"
"","13827","","0","1","0","86.99","61.63","LST","HILL'S SCIENCE DIET","SD DG AD SM BRD CHK&R 15.5LB"
"","1103246","","0","1","0","123.99","90.19","LST","HILL'S SCIENCE DIET","SD DG AD LB BAR LIGHT 30LB"
"","Y0829","","0","1","0","99.99","54","LST","CATIT","VESPER CHT MINOU BENCH SCRTCHR"
"","B4470","","7","1","2.75","22.99","14.5","LST","ODOURLOCK","ODOURLOCK 4IN1 UNSCN LTR 26LB"
"","1507726","","0","1","0","44.99","21","LST","FLUVAL","FL PLNT & SHRMP STRTM 8.8LB"
"","6750180","","0","1","0","269.99","162","LST","CATIT","VESPER V-HIGH BASE WLNT XL"
"","W7180","","0","1","0","19.99","10.25","LST","LIVING WORLD","LW XTRD GP FOOD 3LB"
"","K1016","","0","1","0","24.99","13.5","LST","FLUVAL","FL MPN WD 1MD"
"","W7286","","0","1","0","53.99","34.04","LST","LIVING WORLD","LW FRSH N CMFY BDNG TAN 50L"
"","K1015","","0","1","0","18.99","10","LST","FLUVAL","FL MPN WD 1SM"
"","1507725","","0","1","0","25.99","11.5","LST","FLUVAL","FL PLNT & SHRMP STRTM 4.4LB"
"","50995","","0","1","0","149.99","90","LST","LIVING WORLD","LW DLX GP STRTR KT 1LG"
"","W7950","","0","1","0","19.99","10.25","LST","LIVING WORLD","LW XTRD RBT FOOD 3LB"
"","K1017","","0","1","0","44.99","20","LST","FLUVAL","FL MPN WD 1LG"
"","K5850","","0","1","0","499.99","318","LST","FLUVAL","FL PRM AQRM LED KT 45GAL"
"","Y4496","","0","1","0","99.99","50","LST","NOBA","NOBA CATECO GRY LTR BOX 1EA"
"","R7977","","0","1","0","29.99","16.2","LST","LIVING WORLD","LW FRSH N CMFY BDNG TAN 20L"
"","W6081","","0","1","0","29.99","16.2","LST","LIVING WORLD","LW FRSH N CMFY BDNG BLU 20L"
"","U5104","","0","1","0","11.49","5.75","NEW","LIVING WORLD","LW CHW-NLS ALF 1MD"
"","IE412","","0","1","0","53.99","34.04","LST","LIVING WORLD","LW FRSH N CMFY BDNG BLU 50L"
"","J0326","","0","1","0","38.99","23.4","LST","HAGEN","HGN HMS GER STP VME DT 11.3KG"
"","Z2374","","0","1","0","234.99","141","OOS","LIVING WORLD","LW DLX HBBTT 1XL"
"","U5105","","0","1","0","24.99","10.5","LST","LIVING WORLD","LW CHW-NLS ALF 1LG"
"","IP631","","0","1","0","199.99","120","OOS","LIVING WORLD","LW DLX RBT STRTR KT 1LG"
"","31642","","0","1","0","11.49","5.75","LST","HAGEN","HGN HMS GRBL STP VME DT 2.26KG"
"","IH666","","0","1","0","299.99","198","LST","FLUVAL","FL BW FRNT AQRM CBNT BLK 1EA"
"","6763547","","0","1","0.25","29.99","19.6","LST","ODOURLOCK","ODOURLOCK MAXCARE LTR 26LB"
"","6241117","","0","1","0","99.99","60","LST","MARINA","MRN 360 AQRM 2.65GAL"
"","6740654","","0","1","0","17.99","9.45","OOS","VITAL ESSENTIALS","VITAL E DG FD DUCK BITES2oz"
"","6759804","","0","1","0","16.99","9.2","LST","STELLA & CHEWY'S","S&C DG DENTAL DLGHTS SM 5.5oz"
"","6760670","","0","1","0","29.99","21.46","LST","ARM & HAMMER","A&H CLOUD CNTRL LTR 28LB"
"","6760827","","0","45","0","7.99","3.6","LST","OPEN RANGE","OPN RNG DG WB CLLGN STK11-12in"
"","6759803","","0","1","0","16.99","9.2","LST","STELLA & CHEWY'S","S&C DG DENTAL DLGHTS XS 5.5oz"
"","6761258","","0","1","0","2.49","1.35","LST","PET VALU","PL DG TENNIS BALL 1.8IN"
"","6761259","","0","1","0","2.99","1.6","LST","PET VALU","PL DG TENNIS BALL 2.5IN"
"","6759806","","0","1","0","16.49","9.2","LST","STELLA & CHEWY'S","S&C DG DENTAL DLGHTS LG 5.5oz"
"","6760671","","0","1","0.5","29.99","23","LST","ARM & HAMMER","A&H CLUMP&SEAL MC 17.2KG"
"","6759805","","0","1","0","16.99","9.2","LST","STELLA & CHEWY'S","S&C DG DENTAL DLGHTS MD 5.5oz"
"","6760672","","0","1","0","24.99","17.82","LST","ARM & HAMMER","A&H SLIDE ODOR CTR 20LB"
"","6763326","","0","1","0","105.99","70.76","LST","ROYAL CANIN","RCCHN DG SS DGST MD 17LB"
"","6446487","","0","1","0","39.99","20","LST","MARINA","MRN IGLO GRVL GLXY 22LB"
"","6760601","","0","1","0.25","24.99","17.82","LST","ARM & HAMMER","A&H CLOUD CNTRL LTR 19LB"
"","6404909","","0","1","0","9.99","5","LST","MARINA","MRN IGLO GRVL PNK 4.4LB"
"","53149","","0","1","0","18.99","8.46","LST","KONG","KONG COZIE MOOSE 1MD"
"","53166","","0","1","0","18.99","8.46","LST","KONG","KONG COZIE ALLIGATOR 1MD"
"","6760603","58337","0","1","0","24.99","12.85","LST","ESSENTIALS","ESN CT HIGH SIDE LTR PAN 1XL"
"","6764322","","1","1","0","14.99","7.13","LST","GO! SOLUTIONS","GO! DG DGTGUT SLM TRTS 6OZ"
"","6760608","58320","0","1","0","39.99","23.79","OOS","ESSENTIALS","ESN CT HOOD LTR BOX 1LG"
"","6760602","58250","0","1","0","22.99","11.91","OOS","ESSENTIALS","ESN CT LTR BOX 1XL"
"","6764325","","0","1","0","14.99","7.13","LST","GO! SOLUTIONS","GO! DG LIT SLMN TRTS 6OZ"
"","6760604","50631","0","1","0","22.99","11.2","LST","ESSENTIALS","ESN CT HI CRNR LTR PAN 1EA"
"","6760609","58360","0","1","0.25","49.99","29.77","OOS","ESSENTIALS","ESN CT HOOD LTR BOX 1XL"
"","6760596","58220","0","1","0","8.99","4.13","OOS","ESSENTIALS","ESN CT LTR PAN 1SM"
"","6764323","","0","1","0","14.99","7.13","LST","GO! SOLUTIONS","GO! DG WGTJNT CHK TRTS 6OZ"
"","6760613","50561","0","1","0","21.99","11.28","OOS","ESSENTIALS","ESN CT SS LTR SCOOP 1EA"
"","6760600","58240","0","1","0.25","12.99","6.23","LST","ESSENTIALS","ESN CT LTR PAN 1LG"
"","6764324","","0","1","0","14.99","7.13","LST","GO! SOLUTIONS","GO! DG SKNCT LAMB TRTS 6OZ"
"","Y5316","","0","1","0","119.99","66","LST","MARINA","MRN IGLO 360 AQRM 2.65GAL"
"","6465512","","0","1","0","19.99","12","LST","LIVING WORLD GREEN","LWG BTNCL JV RBT FOOD 1.3KG"
"","6465514","","0","1","0","35.99","21.6","OOS","LIVING WORLD GREEN","LWG BTNCL AD RBT FOOD 2.75KG"
"","6465516","","0","1","0","35.99","21.6","OOS","LIVING WORLD GREEN","LWG BTNCL AD GP FOOD 2.75KG"
"","6763467","1503459","0","1","0","33.99","17","LST","PETSAFE","PSFE DG SSSCAT RFL CAN 1EA"
"","O6456","","0","1","0","14.99","7.25","LST","HARI","HARI GRMT CCKTL MX 1.13KG"
"","N7291","","0","1","0","59.99","30","OOS","EXO TERRA","ET RPTL BRK 24QT"
"","O6458","","0","1","0","13.99","7.25","LST","HARI","HARI GRMT BUDGIE MIX 1KG"
"","I7302","","0","1","0","179.99","108","LST","HARI","HARI VSN DBL CG 1MD"
"","M9538","","0","1","0","32.99","16.5","LST","HARI","HARI GRMT SM PRT MX 2KG"
"","N3516","","0","1","0","139.99","78","LST","EXO TERRA","ET GLS TRRM TL 18IN"
"","X8643","","0","1","0","39.99","25.3","LST","ROYAL CANIN","RCFBN CT PERSIAN KIT 1.4KG"
"","R6589","","0","1","0","15.99","8","LST","EXO TERRA","ET FRST PLM MSS 14QT"
"","K5186","","0","1","0","32.99","16.5","LST","HARI","HARI GRMT LG PRT MX 1.8KG"
"","N3517","","0","1","0","259.99","156","LST","EXO TERRA","ET GLS TRRM TL 24IN"
"","Q5426","","0","1","0","15.49","7.75","LST","EXO TERRA","ET PLNTN SL BRK 24QT"
"","ID336","","0","1","0","399.99","240","LST","EXO TERRA","ET NTRL LOW GLS TRRM 1LG"
"","50991","","0","1","0","89.99","54","OOS","LIVING WORLD","LW BDG STRTR KT 1EA"
"","IU090","","0","1","0","76.99","46.49","LST","ROYAL CANIN","RCFBN CT RAGDOLL 3.2KG"
"","IN984","","0","1","0","124.99","75","LST","LIVING WORLD","LW DLX BDG STRTR KT 1EA"
"","6760764","","0","1","0","87.99","71.8","LST","BLUE BUFFALO","BLU DG AD WILD WG BF 24 LB"
"","6240987","","0","24","0","4.69","2.7188","LST","ROYAL CANIN","RCFHN CT BTY LOAF 5.1OZ"
"","35147","","0","24","0","3.59","2.1775","LST","ROYAL CANIN","RCFHN CT ULT LT LOAF 2.87OZ"
"","1150643","","0","1","0","76.99","46.49","LST","ROYAL CANIN","RCFBN CT BENGAL AD 7LB"
"","6764685","","0","1","0","0","6.48","","PET VALU","CULINARY APRON ea"
"","K2827","","0","1","0","4.99","2.2","LST","NUTRAFIN","NF 7 DAY VCTN FDR 1.25OZ"
"","6238062","","0","1","0","19.99","10","LST","THE HONEST KITCHEN","HK DG HRVST MINI BR CHKJRKY4oz"
"","6763706","","0","1","0","19.99","13.83","LST","DR. ELSEY'S","DR ELSY CT ULT CLMP 20LB"
"","K2755","","0","1","0","4.99","2.2","LST","NUTRAFIN","NF 3 DAY VCTN FDR 0.88OZ"
"","6238065","","0","1","0","19.99","10","LST","THE HONEST KITCHEN","HK DG BBQ CHK&CHDR LVR CHPS4oz"
"","6763541","","0","1","0","9.29","4.63","LST","ESSENTIALS","ESN CT MSTY TEAL SS BWL 9.2OZ"
"","6763542","","0","1","0.25","15.99","7.89","LST","ESSENTIALS","ESN CT MSTY PINK SS DISH 6.3OZ"
"","6232466","","0","1","0","104.99","70.81","LST","GO! SOLUTIONS","GO! CT CNV GF SL&COD 16LB"
"","6763543","","0","1","0","20.99","10.23","LST","ESSENTIALS","ESN CT WOODN HLDR SS BWL 9.2OZ"
"","6238067","","0","1","0","19.99","10","LST","THE HONEST KITCHEN","HK DG BBQ BF&CHDDR LVR CHPS4oz"
"","6764222","","0","1","0.25","17.99","9.25","ROS","INFINITY","IFTY DG DOUBLE HANDLE TUG 1EA"
"","6232439","","0","1","0","68.99","46.53","LST","GO! SOLUTIONS","GO! DG SENS LID GF TKY 12LB"
"","6232446","","0","1","0","87.99","59.35","LST","GO! SOLUTIONS","GO! CT S&C GF SL 16LB"
"","6763715","","0","1","0","31.99","25.94","LST","DR. ELSEY'S","DR ELSY CT CLN TRCK CLMP 40LB"
"","6764502","","0","1","0","7.99","4.25","OOS","TREATLY","TTLY DG CHKN COLLAGN CRSPS 5OZ"
"","6750776","","0","1","0","36.99","19.03","LST","REDBARN","RB DG COLLAGEN BLLY SLICS 12OZ"
"","6408917","","0","1","0","63.99","43.16","LST","GO! SOLUTIONS","GO! DG WGT&JNT GF CHK 12LB"
"","6408921","","0","1","0","94.99","64.07","LST","GO! SOLUTIONS","GO! CT WGT&JNT GF CHK 16LB"
"","6408911","","0","1","0","63.99","43.16","LST","GO! SOLUTIONS","GO! DG GUT HLTH WG SLM 12LB"
"","6751576","","0","1","0.25","39.99","26.03","LST","ROYAL CANIN","RCFHN CT FEL URI MLTPK 12 PK"
"","6764319","","0","1","0","29.99","20.23","LST","GO! SOLUTIONS","GO! CT HBC & UTC CHK WG 3LB"
"","6764684","","0","1","0","87.99","71.8","LST","BLUE BUFFALO","BLU DG AD WILD LB WG BF 24LB"
"","6764320","","0","1","0","48.99","33.04","LST","GO! SOLUTIONS","GO! CT HBC & UTC CHK WG 6LB"
"","6237546","","0","1","0","15.99","8","NEW","EXO TERRA","ET COCO HSK BDDNG 24QT"
"","6760941","","0","24","0","4.69","2.6996","LST","ROYAL CANIN","RCFHN CT WGT TN SL GRV 5.1 OZ"
"","6761022","","0","1","0","29.99","20.23","LST","GO! SOLUTIONS","GO! CT SENS LID GF SL 3LB"
"","6764798","","0","1","0","1.49","0.05","LST","GO! SOLUTIONS","GO! CT HC UC CHK WG SMP"
"","6764321","","0","1","0.25","79.99","53.95","LST","GO! SOLUTIONS","GO! CT HBC & UTC CHK WG 12LB"
"","6760936","","0","24","0","4.69","2.6996","LST","ROYAL CANIN","RCFHN CT URI TN SL GRV 5.1 OZ"
"","6761019","","0","1","0","1.49","0.05","LST","GO! SOLUTIONS","GO! CT SENS LTD GF SL SMP"
"","6760925","","0","1","0","39.99","25","LST","ROYAL CANIN","RCFHN CT FEL KIT MULTIPK 12 PK"
"","6761532","","0","24","0","4.69","2.7","LST","ROYAL CANIN","RCSHN DG PUP THN GRVY 5.1OZ"
"","6254196","","0","1","0","116.99","58.5","LST","VISION","VSN CMPCT CG LMP 1EA"
"","6764686","","1","1","0","32.99","23.19","LST","BLUE BUFFALO","BLU DG AD WILD WG BF 4.5 LB"
"","6464970","","0","24","0","3.59","2.1775","LST","ROYAL CANIN","RCFCN CT APPT CTRL SLC GVY 3OZ"
"","6252511","","0","1","0","154.99","93","OOS","LIVING WORLD","LW DORM BRD CG 1EA"
"","6760939","","0","24","0","4.69","2.6996","LST","ROYAL CANIN","RCFHN CT DGT TN SL GRV 5.1 OZ"
"","6761260","","0","1","0","88.99","56.38","LST","ROYAL CANIN","RCBHN DG FB PUP 10.5LB"
"","6761023","","0","1","0","47.99","32.37","LST","GO! SOLUTIONS","GO! CT SENS LID GF SL 6LB"
"","6760931","","0","1","0","39.99","26.03","LST","ROYAL CANIN","RCFHN CT AD INST MULTIPK 12 PK"
"","6761028","","0","1","0","77.99","52.6","LST","GO! SOLUTIONS","GO! CT SENS LID GF SL 12LB"
"","E8663","","0","1","0","95.99","60.49","OOS","ROYAL CANIN","RCCCN DG AD SM SS SKIN 13LB"
"","6468186","","0","24","0","4.69","2.74","LST","ROYAL CANIN","RCSHN DG PUP MSS MTR&BBY 5.1OZ"
"","6763716","","0","1","0","22.99","17.12","LST","DR. ELSEY'S","DR ELSY CT ULT PLUS CLMP 20LB"
"","IS883","","0","1","0","37.99","22.85","LST","ROYAL CANIN","RCBHN DG POODLE PUP 2.5LB"
"","55039","","0","1","0","19.99","10.75","LST","REDBARN","RB DG BULLY SLICES 9oz"
"","6763476","","0","1","0.25","108.99","82.06","LST","PURINA PRO PLAN","PPLN DG ESNTL SH TK&R 33LB"
"","IS881","","0","1","0","131.99","87.09","LST","ROYAL CANIN","RCBHN DG BOXER PUP 30LB"
"","6763475","","0","1","-0.25","109.99","82.81","LST","PURINA PRO PLAN","PPLN DG SPEC LB SS&S S&R 34LB"
"","IP035","","0","1","0","144.99","98.03","LST","ROYAL CANIN","RCCCN DG AD MD WGT CRE 30LB"
"","IS884","","0","1","0","37.99","22.85","OOS","ROYAL CANIN","RCBHN DG DSHSHND PUPPY 2.5LB"
"","6763714","","0","1","0","28.99","23.51","LST","DR. ELSEY'S","DR ELSY CT SNR CYTL LTR 8LB"
"","6763477","","0","1","0","107.99","77.49","LST","PURINA PRO PLAN","PPLN DG PUP LB SS&S 24LB"
"","6469621","","0","1","0","47.99","32.1","OOS","TIKI CAT","TIKI CT FSH VRTY 24PK 2.8OZ"
"","6761322","","0","1","0","26.99","19.35","LST","TIKI CAT","TIKI CT GRILL VRTY 8PK 6OZ"
"","6657772","","0","1","0","27.99","18.05","LST","TIKI CAT","TIKI CT ALOHAFR VRTY 8PK 5.5OZ"
"","6763713","","0","1","0","27.99","19.03","LST","DR. ELSEY'S","DR ELSY KIT ATTRACT LTR 20LB"
"","6501073","","0","6","0","6.29","4.36","ROS","THE HONEST KITCHEN","HK DG BTCH BLK TK&DK PT 10.5OZ"
"","6744540","","0","1","0","37.99","25.7","LST","TIKI CAT","TIKI CT LUAU VRTY 8PK 6OZ"
"","6235788","","0","6","0","6.29","4.36","ROS","THE HONEST KITCHEN","HK DG BTCH BLK CK&VG PT 10.5OZ"
"","6238072","","0","1","0","19.99","10","LST","THE HONEST KITCHEN","HK DG HRVST MINI BR BF JRKY4oz"
"","6666477","","0","1","0","45.99","25.09","LST","OXBOW","OXB ENLF SA HDWY HV 1EA"
"","6474043","","0","6","0","6.29","4.36","ROS","THE HONEST KITCHEN","HK DG BTCH BLK BF&LM PT 10.5OZ"
"","6507012","","0","1","0","63.99","44.4","LST","TIKI CAT","TIKI CT CHK VRTY 24PK 2.8OZ"
"","6232819","","0","1","0","128.99","89.95","ROS","THE HONEST KITCHEN","HK DG WG BF 10LB"
"","6235789","","0","6","0","6.29","4.36","ROS","THE HONEST KITCHEN","HK DG 1POT SL&CHK STW 10.5OZ"
"","6617678","","0","1","0","39.99","26.4","LST","TIKI CAT","TIKI CT AFTRDRK VRTY 8PK 5.5OZ"
"","S2670","","0","1","0","0","","OOS","WHIMZEES","WHMZ 15CS BLK DSPLY 1EA"
"","6763406","","0","1","0","44.99","22.5","ROS","CANADA POOCH","CP DG EVRYTNG HRN NEON PNK 1XL"
"","6766847","","0","1","0","159.99","96","LST","PETSAFE","PSFE DG NANOBARK COLLAR 1EA"
"","6764506","","0","1","0","24.99","16.25","ROS","NOBA","NOBA CT SOY CLMP LTR 9.17LB"
"","6764630","","0","1","0","96.99","48.8","INOT","CANADA POOCH","CP HARNESS RAINCOAT BLK SZ24"
"","6760978","","0","1","0","25.99","17.83","LST","OPEN FARM","OPFM DG GB FD WG CHK 8OZ"
"","6764632","","0","1","0","102.99","51.5","INOT","CANADA POOCH","CP HARNESS RAINCOAT BLK SZ28"
"","1100106","","0","1","0.25","24.99","17.15","LST","STELLA & CHEWY'S","S&C DG FD LMB 5.5OZ"
"","1100104","","0","1","0","23.99","16.21","LST","STELLA & CHEWY'S","S&C DG FD DUCK&GSE 5.5OZ"
"","6763409","","0","1","0","42.99","21.5","ROS","CANADA POOCH","CP DG EVRYTNG HRN NEON GRN 1LG"
"","6760982","","0","1","0","25.99","17.83","ROS","OPEN FARM","OPFM DG GB FD WG BEEF 8OZ"
"","6763405","","0","1","0","42.99","21.5","ROS","CANADA POOCH","CP DG EVRYTNG HRN NEON PNK 1LG"
"","6764629","","0","1","0","91.99","46","INOT","CANADA POOCH","CP HARNESS RAINCOAT BLK SZ22"
"","6616456","","0","1","0","10.99","6","NEW","ZEUS","ZEUS DG TRPL ACTN FILTER 2PK"
"","6763410","","0","1","0","44.99","22.5","ROS","CANADA POOCH","CP DG EVRYTNG HRN NEON GRN 1XL"
"","6764628","","0","1","0","88.99","44.5","INOT","CANADA POOCH","CP HARNESS RAINCOAT BLK SZ20"
"","6764626","","0","1","0","82.99","41.5","INOT","CANADA POOCH","CP HARNESS RAINCOAT BLK SZ16"
"","6764580","","0","1","0","70.99","35.5","INOT","CANADA POOCH","CP HARNESS RAINCOAT BLK SZ10"
"","6763407","","0","1","0","37.99","19","ROS","CANADA POOCH","CP DG EVRYTNG HRN NEON GRN 1SM"
"","6764631","","0","1","0","98.99","49.5","INOT","CANADA POOCH","CP HARNESS RAINCOAT BLK SZ26"
"","6764627","","0","1","0","85.99","43","INOT","CANADA POOCH","CP HARNESS RAINCOAT BLK SZ18"
"","6763408","","0","1","0","39.99","20","ROS","CANADA POOCH","CP DG EVRYTNG HRN NEON GRN 1MD"
"","6763404","","0","1","0","39.99","20","ROS","CANADA POOCH","CP DG EVRYTNG HRN NEON PNK 1MD"
"","6764625","","0","1","0","76.99","38.5","INOT","CANADA POOCH","CP HARNESS RAINCOAT BLK SZ14"
"","6640352","","0","1","0","74.99","45","LST","ZEUS","ZEUS DG CASCADE FTAN 6L "
"","6764624","","0","1","0","72.99","36.5","INOT","CANADA POOCH","CP HARNESS RAINCOAT BLK SZ12"
"","6235793","","0","6","0","6.29","4.36","ROS","THE HONEST KITCHEN","HK DG BTCH BLK BF&CH PT 10.5OZ"
"","6474596","","0","6","0","6.29","4.36","ROS","THE HONEST KITCHEN","HK DG 1POT BF&LMB STW 10.5OZ"
"","6235790","","0","6","0","6.29","4.36","ROS","THE HONEST KITCHEN","HK DG BTCH BLK TK&VG PT 10.5OZ"
"","6640021","","0","12","0","5.19","3.6567","ROS","THE HONEST KITCHEN","HK DG SK&CO SL TPR 5.5OZ"
"","6640019","","0","12","0","5.19","3.6567","ROS","THE HONEST KITCHEN","HK DG IMNE BF TPR 5.5OZ"
"","6640022","","0","12","0","5.19","3.6567","ROS","THE HONEST KITCHEN","HK DG H&J CHK TPR 5.5OZ"
"","G8938","","0","1","0","66.99","44.3","LST","WELLNESS","WEL CT CORE GF TK&DK 11LB"
"","G4912","","0","1","0","66.99","44.3","LST","WELLNESS","WEL CT CORE GF INDOOR 11LB"
"","1102229","","0","1","0","36.99","25.65","LST","WELLNESS","WEL CT CMPL HLTH GF CHK 5LB"
"","1101349","","0","1","0","36.99","25.65","LST","WELLNESS","WEL CT CMPL HLTH GF SM&HRG 5LB"
"","G7945","","0","1","0","34.99","25.65","LST","WELLNESS","WEL CT CMPL HLTH GF AD CHK 5LB"
"","6764885","52479","0","1","0","9.99","5","OOS","POUNCE & FETCH","P&F DG TRAVEL H20 BTL 10oz"
"","6764766","","0","12","0","2.39","1.5","LST","GO! SOLUTIONS","GO! CT BST CHKDK 2.5OZ"
"","6764763","","0","12","0","2.39","1.5","LST","GO! SOLUTIONS","GO! CT BST IMM CHK&SMN 2.5OZ"
"","1101857","","0","1","0","672.99","310","LST","ETTA SAYS!","ETTA DG DEER CHEW DISPLAY54CT"
"","6763262","","0","1","0","66.99","46.25","LST","WELLNESS","WEL CHK TK GR VAR 24PK 3OZ"
"","6764762","","0","12","0","2.39","1.5","LST","GO! SOLUTIONS","GO! CT BST BH CHK&SLM 2.5OZ"
"","6235451","","0","1","0","51.99","36.6","LST","WELLNESS","WEL CT CMPL HLTH GF C&T 11.5LB"
"","6764882","52489","0","1","0","11.99","6","OOS","POUNCE & FETCH","P&F DG TRAVEL H20 BTL 24OZ"
"","6228207","","0","1","0","51.99","36.6","LST","WELLNESS","WEL CT CMPL HLTH GF CHK 11.5LB"
"","6761533","","0","1","0","66.99","46.25","LST","WELLNESS","WEL CH CK & TK VP 24PK 3OZ"
"","6471432","","0","1","0","34.99","24.03","LST","WELLNESS","WEL CT CK TK GRV VAR 12PK 3OZ"
"","6763269","","0","1","0","66.99","46.25","LST","WELLNESS","WEL CT CMPL SEA VAR 24PK 3OZ"
"","6763270","","0","1","0","45.99","36.9","LST","WELLNESS","WEL CT PATE VAR 12PK 5.5OZ"
"","6471433","","0","1","0","34.99","24.03","LST","WELLNESS","WEL CH SEA VP 12PK 3OZ"
"","6764764","","0","12","0","2.39","1.5","LST","GO! SOLUTIONS","GO! CT BST WHT CHK&TNA 2.5OZ"
"","X8870","","0","1","0","16.99","10.19","LST","THE HONEST KITCHEN","HK DG BOOST BEEF BROTH 3.6OZ"
"","6739560","","0","1","0","49.99","34.99","OOS","THE HONEST KITCHEN","HK DG WF CLSTR GF SB BF 4LB"
"","6761045","","0","1","0","41.99","20.99","LST","LIQUID-VET","LIQVT DG PRE POST BIOTIC 32OZ"
"","X7527","","0","1","0","349.99","227.49","LST","ZOO MED","ZM SNK KIT 40GAL"
"","G9805","","0","1","0","109.99","69.05","LST","ZOO MED","ZM RPSN T5 HO HD 24IN"
"","X6698","","0","1","0","87.99","52.95","OOS","ZOO MED","ZM RPSN T5 OP HD 14IN"
"","6761411","","0","1","0","219.99","142.99","LST","ZOO MED","ZM FRNT OPN TRRM 25GAL"
"","6761412","","0","1","0","13.99","5.85","OOS","ZOO MED","ZM ECO ERTH CCNT CHP 3PK"
"","G3538","","0","1","0","44.99","23.75","LST","ZOO MED","ZM RPSN T5 HO 5 UBV 22IN"
"","X6697","","0","1","0","39.99","22.2","LST","ZOO MED","ZM RPSN T5 HO 10 UBV 12IN"
"","R2603","","0","1","0","16.99","6.8","OOS","ZOO MED","ZM HYDRBL 2.5LB"
"","E3397","","0","1","0","44.99","25.2","OOS","ZOO MED","ZM RPSN T5 HO 10 UBV 22IN"
"","6228773","","0","1","0","39.99","19.45","LST","ZOO MED","ZM RPSN T5 HO 5 UBV 12IN"
"","Y5315","","0","1","0","34.99","17.5","LST","HARI","HARI AVN LGHT 26WT"
"","6766796","","1","1","0","34.99","19.25","LST","ASOBU","ASOBU DG BARKLEY BTL YLW 50OZ"
"","6766794","","0","1","0","44.99","24.75","LST","ASOBU","ASOBU DG SS BUDDY BTL WHT 34OZ"
"","6766798","","0","1","0","34.99","19.25","LST","ASOBU","ASOBU DG BARKLEY BTL PNK 50OZ"
"","6764985","","0","1","0","44.99","24.75","LST","ASOBU","ASOBU DG SS BUDDY BTL PNK 34OZ"
"","6640018","","0","12","0","5.19","3.6567","ROS","THE HONEST KITCHEN","HK DG HRT HLTH TK&SL TPR 5.5OZ"
"","6467248","","0","1","0","20.99","10.45","LST","MAX & MOLLY URBAN PETS","MX&ML DG SMRTID CLR KIWI 1XS"
"","6766793","","0","1","0","44.99","24.75","LST","ASOBU","ASOBU DG SS BUDDY BTL BLU 34OZ"
"","6766797","","0","1","0","34.99","19.25","LST","ASOBU","ASOBU DG BARKLEY BTL BLU 50OZ"
"","IV604","","0","1","0","99.99","70.95","LST","PETKIND","PTKND DG GF LMB TRP 25LB"
"","IV597","","0","1","0","32.99","22.8","LST","PETKIND","PTKND DG GF LMB TRP 6LB"
"","6764777","","0","1","0","27.99","14.04","ROS","MAX & MOLLY URBAN PETS","MX&ML DG KIWI LSH 3/5IN 6FT"
"","6764782","","0","1","0","47.99","24.2","LST","MAX & MOLLY URBAN PETS","MX&ML DG KIWI HARN 1MD"
"","6764772","","0","1","0","31.99","15.65","LST","MAX & MOLLY URBAN PETS","MX&ML DG SMRTID CLR STRBRY 1LG"
"","6764768","","0","1","0","33.99","17.2","LST","MAX & MOLLY URBAN PETS","MX&ML DG STRBRY LSH 1IN 6FT"
"","IV606","","0","1","0","99.99","70.95","LST","PETKIND","PTKND DG GF WLD SALMON 25LB"
"","6764783","","0","1","0","47.99","24.2","LST","MAX & MOLLY URBAN PETS","MX&ML DG STRBRY HARN 1MD"
"","G9036","","0","1","0","36.99","25.8","LST","PETKIND","PTKND DG GF SMBT LMB TRP 6LB"
"","X1148","","0","1","0","36.99","25.8","LST","PETKIND","PTKND DG GF RED MEAT 6LB"
"","6764769","","0","1","0","27.99","14.04","LST","MAX & MOLLY URBAN PETS","MX&ML DG STRBRY LSH 3/5IN 6FT"
"","6764773","","0","1","0","20.99","10.45","LST","MAX & MOLLY URBAN PETS","MX&ML DG SMRTID CLR STRBRY 1XS"
"","6764779","","0","1","0","36.99","18.4","LST","MAX & MOLLY URBAN PETS","MX&ML DG STRBRY HARN 1XS"
"","6764784","","0","1","0","55.99","28.2","LST","MAX & MOLLY URBAN PETS","MX&ML DG KIWI HARN 1LG"
"","IV605","","0","1","0","99.99","70.95","LST","PETKIND","PTKND DG GF BEEF TRIPE 25LB"
"","IV607","","0","1","0","99.99","70.95","LST","PETKIND","PTKND DG GF BSN TRP 25LB"
"","X0714","","0","1","0","109.99","78.09","LST","PETKIND","PTKND DG GF SMBT LMB TRP 25LB"
"","6764770","","0","1","0","24.99","12.47","LST","MAX & MOLLY URBAN PETS","MX&ML DG SMRTID CLR STRBRY 1SM"
"","6760741","","12","12","0.25","4.49","2.3025","LST","PERFORMATRIN ULTRA","PERF ULT CT LCKBLE TU&SL 2OZ"
"","6764785","","0","1","0","55.99","28.2","LST","MAX & MOLLY URBAN PETS","MX&ML DG STRBRY HARN 1LG"
"","6467250","","0","1","0","27.99","14.03","LST","MAX & MOLLY URBAN PETS","MX&ML DG SMRTID CLR KIWI 1MD"
"","6764778","","0","1","0","36.99","18.4","LST","MAX & MOLLY URBAN PETS","MX&ML DG KIWI HARN 1XS"
"","X1088","","0","1","0","109.99","78.09","LST","PETKIND","PTKND DG GF RED MEAT 25LB"
"","6763453","","0","1","0","155.99","93.35","LST","TRIXIE","TRX CT DAYNA TREE 1EA"
"","6760859","","0","12","1.25","4.49","2.3025","LST","PERFORMATRIN ULTRA","PERF ULT CT LCKBLE TU&SCLP 2OZ"
"","6764781","","0","1","0","39.99","20.35","ROS","MAX & MOLLY URBAN PETS","MX&ML DG KIWI HARN 1SM"
"","IV596","","0","1","0","32.99","22.8","LST","PETKIND","PTKND DG GF BEEF TRIPE 6LB"
"","6467251","","0","1","0","31.99","15.65","LST","MAX & MOLLY URBAN PETS","MX&ML DG SMRTID CLR KIWI 1LG"
"","6764771","","0","1","0","27.99","14.03","LST","MAX & MOLLY URBAN PETS","MX&ML DG SMRTID CLR STRBRY 1MD"
"","IV599","","0","1","0","32.99","22.8","LST","PETKIND","PTKND DG GF WLD SALMON 6LB"
"","G6025","","0","1","0","109.99","78.09","LST","PETKIND","PTKND DG GF VENISON TRIPE 25LB"
"","6764776","","0","1","0","33.99","17.2","LST","MAX & MOLLY URBAN PETS","MX&ML DG KIWI LSH 1IN 6FT"
"","G4506","","0","1","0","36.99","25.8","LST","PETKIND","PTKND DG GF VENISON TRIPE 6LB"
"","G3131","","0","1","0","29.99","18","OOS","JOLLY PETS","JOLLY DG SOCCER BALL ASRTD 8IN"
"","6764780","","0","1","0","39.99","20.35","LST","MAX & MOLLY URBAN PETS","MX&ML DG STRBRY HARN 1SM"
"","IV598","","0","1","0","33.99","23.6","LST","PETKIND","PTKND DG GF BSN TRIPE 6LB"
"","6764949","","0","1","0","16.99","9.62","LST","CAREFRESH","CF TUTTI FRUTTI BDNG 10L"
"","6739688","","0","1","0","169.99","102","ROS","KAYTEE","KT OPN LVNG HBTT 60IN"
"","6751548","12921","0","1","0.5","39.99","32.3","LST","SWHEAT SCOOP","SWHEAT SCP CT NAT WHEAT 28lb"
"","IS045","","0","1","0","209.99","126","LST","KAYTEE","KT FRST HM MULTI LVL FRT 30IN"
"","6753317","12924","1","1","0.75","39.99","32.3","LST","SWHEAT SCOOP","SWHEAT SCP CT MC NAT WH 28lb"
"","6760893","","3","1","0.25","18.99","9.6","LST","PERFORMATRIN ULTRA","PERF ULT CT LCKBLE TUNA VP 9OZ"
"","6753316","1502585","0","1","0","25.99","17.5","LST","SWHEAT SCOOP","SWHEAT SCP CT MC NAT WH 14lb"
"","6764553","","0","1","0","37.99","26.6","LST","PETKIND","PTKND DG GF WGHT LMB TRP 6LB"
"","6228925","","0","1","0","103.99","62.36","LST","OXBOW","OXB ENLF HMSTR HBTT 1EA"
"","6763267","","0","1","0","38.99","19.69","LST","OXBOW","OXB ENLF SA PLY PLC 1SM"
"","6764519","","0","1","0","89.99","45","LST","KAYTEE","KT OPN LVNG RFTP ADDON 60IN"
"","6473674","","0","1","0","36.99","25.8","LST","PETKIND","PTKND DG GF SMBT BF TRP 6LB"
"","6764946","","0","1","0","39.99","25.5","LST","CAREFRESH","CF SEA GLASS BDNG 50L"
"","6764668","","0","1","0","112.99","80.22","LST","PETKIND","PTKND DG GF WGHT LMB TRP 25LB"
"","6739648","","0","1","0","109.99","78.09","LST","PETKIND","PTKND DG GF SMBT BF TRP 25LB"
"","6753234","1502584","1","1","0.25","25.99","17.5","LST","SWHEAT SCOOP","SWHEAT SCP CT NAT WHEAT 14lb"
"","6764948","","0","1","0","16.99","9.62","LST","CAREFRESH","CF SEA GLASS BDNG 10L"
"","9101094","","0","12","0","5.59","3.5175","LST","HILL'S SCIENCE DIET","SD DG AD BF VEG STEW 12.8OZ"
"","6760881","","1","1","0","18.99","9.6","LST","PERFORMATRIN ULTRA","PERF ULT CT LCKBLE CHK VP 9OZ"
"","6767079","","0","1","0","39.99","30","OOS","INSTACHEW","INSTCHW SMART MOUSE 1EA"
"","6760874","","12","12","0","4.49","2.3025","LST","PERFORMATRIN ULTRA","PERF ULT CT LCKBLE CK&SHRMP2OZ"
"","6764950","","0","1","0","39.99","25.5","LST","CAREFRESH","CF TUTTI FRUTTI BDNG 50L"
"","L4911","","0","1","0","68.99","40.53","OOS","ROYAL CANIN","RCFHN CT INDR LNGHR 6LB"
"","IP305","","0","1","0","125.99","78.66","LST","ROYAL CANIN","RCFBN CT SIAMESE 14LB"
"","6767161","","1","1","0","17.99","9.05","LST","PUREBITES","PRB DG WILD FD SMELT 2.1oz"
"","6764914","","0","1","0","16.99","6.62","LST","JUMP","JMP DG CLR TIE DYE PNK 1MD"
"","6471431","","0","12","0","5.99","3.9667","LST","NATURAL BALANCE","NB DG LID BSN & SP 13OZ"
"","6764908","","0","1","0","14.99","5.78","LST","JUMP","JMP DG CLR GEO ORG 1XS"
"","6764910","","0","1","0","16.99","6.62","LST","JUMP","JMP DG CLR GEO ORG 1MD"
"","6764894","","0","1","0","16.99","6.62","LST","JUMP","JMP DG CLR ZIGZAG B&W 1MD"
"","6764900","","0","1","0","14.99","5.78","LST","JUMP","JMP DG CLR PNT BLU 1XS"
"","6764915","","0","1","0","17.99","7","LST","JUMP","JMP DG CLR TIE DYE PNK 1LG"
"","6764893","","0","1","0","15.99","6.2","LST","JUMP","JMP DG CLR ZIGZAG B&W 1SM"
"","6767107","","0","1","0","129.99","103.99","LST","INSTACHEW","INSTCHW SMART TREAT DSPSNR 1EA"
"","6764899","","0","1","0","17.99","7","LST","JUMP","JMP DG CLR TRZO GRN 1LG"
"","6764916","","0","1","0","24.99","9.65","LST","JUMP","JMP DG LSH ZIGZAG B&W 6FT"
"","6764755","","0","12","0","2.59","1.6242","LST","GO! SOLUTIONS","GO! DG BSTJNT CHSLDK 2.8OZ"
"","6767151","","0","1","0","17.99","9.05","LST","PUREBITES","PRB DG WILD FD BSN LIVR 2.1OZ"
"","6764753","","0","12","0","2.59","1.6242","LST","GO! SOLUTIONS","GO! DG BST IMN CH SL 2.8OZ"
"","6764754","","0","12","0","2.59","1.6242","LST","GO! SOLUTIONS","GO! DG BST JNT CHK 2.8OZ"
"","6764895","","0","1","0","17.99","7","LST","JUMP","JMP DG CLR ZIGZAG B&W 1LG"
"","6764918","","1","1","0.25","24.99","9.65","LST","JUMP","JMP DG LSH PNT BLU 6FT"
"","6764906","","0","1","0","16.99","6.62","LST","JUMP","JMP DG CLR STRIPE RED 1MD"
"","6764903","","0","1","0","17.99","7","LST","JUMP","JMP DG CLR PNT BLU 1LG"
"","6764996","","0","12","0","5.99","3.5375","ROS","NATURAL BALANCE","NB DG LID BF BRWN RICE 13OZ"
"","6764917","","0","1","0","24.99","9.65","LST","JUMP","JMP DG LSH TRZO GRN 6FT"
"","6672923","","0","1","0","72.99","45.53","LST","ROYAL CANIN","RCFCN CT HAIR&SK CARE AD 6LB"
"","6764757","","0","12","0","2.59","1.6242","LST","GO! SOLUTIONS","GO! DG BST DGT CHKDK 2.8OZ"
"","6764920","","0","1","0","24.99","9.65","LST","JUMP","JMP DG LSH ORG GEOMETRIC 6FT"
"","6480573","","0","1","0","699.99","480","OOS","INSTACHEW","INSTCHW SMART LTR BOX 1EA"
"","6764902","","0","1","0.25","16.99","6.62","LST","JUMP","JMP DG CLR PNT BLU 1MD"
"","6764901","","0","1","0","15.99","6.2","LST","JUMP","JMP DG CLR PNT BLU 1SM"
"","6764912","","0","1","0","14.99","5.78","LST","JUMP","JMP DG CLR TIE DYE PNK 1XS"
"","6764898","","0","1","0","16.99","6.62","LST","JUMP","JMP DG CLR TRZO GRN 1MD"
"","6764896","","0","1","0","14.99","5.78","LST","JUMP","JMP DG CLR TRZO GRN 1XS"
"","6764905","","0","1","0","15.99","6.2","LST","JUMP","JMP DG CLR STRIPE RED 1SM"
"","6764909","","0","1","0","15.99","6.2","LST","JUMP","JMP DG CLR GEO ORG 1SM"
"","6764752","","0","12","0.5","2.59","1.6242","LST","GO! SOLUTIONS","GO! DG BST DGSTCHLMB 2.8OZ"
"","6764756","","0","12","1.75","2.59","1.6242","LST","GO! SOLUTIONS","GO! DG BSTTRQDKSLCHK 2.8OZ"
"","6764904","","0","1","0","14.99","5.78","LST","JUMP","JMP DG CLR STRIPE RED 1XS"
"","6764913","","0","1","0","15.99","6.2","LST","JUMP","JMP DG CLR TIE DYE PNK 1SM"
"","6764892","","0","1","0","14.99","5.78","LST","JUMP","JMP DG CLR ZIGZAG B&W 1XS"
"","6764919","","0","1","0","24.99","9.65","LST","JUMP","JMP DG LSH STRIPE RED 6FT"
"","6764897","","0","1","0","15.99","6.2","LST","JUMP","JMP DG CLR TRZO GRN 1SM"
"","6668765","","0","1","0","89.99","57.71","LST","ROYAL CANIN","RCSHN DG EX SM PUPPY 14LB"
"","6672922","","0","1","0","39.99","25.21","LST","ROYAL CANIN","RCCCN DG SM DNTL CR 3LB"
"","6764911","","0","1","0","17.99","7","LST","JUMP","JMP DG CLR GEO ORG 1LG"
"","6764758","","0","12","3","2.59","1.6242","LST","GO! SOLUTIONS","GO! DG BST IMM CHK 2.8 OZ"
"","6656277","","0","24","0","4.69","2.7188","LST","ROYAL CANIN","RCFCN CT APPT CTRL LOAF 5.1OZ"
"","6764921","","0","1","0.25","24.99","9.65","LST","JUMP","JMP DG LSH TIE DIE PNK 6FT"
"","6764751","","12","12","0","2.59","1.6242","OOS","GO! SOLUTIONS","GO! DG BST TRQ CHK 2.8 OZ"
"","6764907","","0","1","0","17.99","7","LST","JUMP","JMP DG CLR STRIPE RED 1LG"
"","6767541","","0","12","0","2.69","1.36","OOS","INABA","INABA CT BROTH CHK&TUNA 1.4OZ"
"","6501295","","0","1","0.25","10.99","6.74","LST","REDBARN","RB DG GLZD BF CHK ROLL MD1ea "
"","6769382","","0","12","0","2.69","1.36","LST","INABA","INABA CT STEW CHK&TUNA 1.4OZ"
"","6769375","","0","12","0","2.69","1.36","LST","INABA","INABA CT STEW CHICKEN 1.4OZ"
"","6769381","","0","12","0","2.69","1.36","LST","INABA","INABA CT BSQ CHICKEN 1.4OZ"
"","6769380","","0","12","0","2.69","1.36","OOS","INABA","INABA CT BSQ TUNA 1.4OZ"
"","6229623","","0","1","0.75","4.49","2.77","LST","GREENIES","GREENIES CT DNTL CHKN 2.1OZ"
"","6769378","","0","12","0","2.69","1.36","OOS","INABA","INABA CT BROTH CHICKEN 1.4OZ"
"","6501296","","0","1","0.75","16.99","10.47","LST","REDBARN","RB DG GLZD BF CHK ROLL LG1ea "
"","6474125","","0","1","0","129.99","103.99","OOS","INSTACHEW","INSTCHW DG PURECHW SGT FDR 1EA"
"","6769481","","0","1","0","9.39","4.67","LST","FOUFIT","FFIT DG TPR BMP&SPIKE BALL 5IN"
"","6474126","","0","1","0","49.99","36","LST","INSTACHEW","INSTCHW DG PURRSGT CAMERA 1EA"
"","6767181","","0","1","0","34.99","26","LST","INSTACHEW","INSTCHW SMART MINI CAMERA 1EA"
"","6769479","","0","1","0","20.99","9.35","LST","FOUFIT","FFIT DG HIDE & SEEK SNAIL 1EA"
"","6769553","","0","1","0","24.99","13","LST","FOUFIT","FFIT DG HD&SK KNOT BALL 1LG"
"","6769482","","0","1","0","18.99","9.35","LST","FOUFIT","FFIT DG HD&SK TPR ORBIE 4IN"
"","6769423","","0","1","0","39.99","25.5","LST","CAREFRESH","CF BEACH PARTY BDNG 50L"
"","6769593","","0","1","0","28.99","18.11","OOS","CAREFRESH","CF BEACH PARTY BDNG 23L"
"","6769467","","0","1","0","17.99","8.83","LST","FOUFIT","FFIT DG FZY WZY OCTOPUS 1LG"
"","6761313","","0","1","0","27.99","13.9","OOS","BLUESTEM","BLSTM DG ORAL KIT CHK 70G"
"","6767076","","0","1","0","9.99","6.99","LST","INSTACHEW","INSTCHW SMART LTR BX LNRS 20PC"
"","6769748","1505050","1","1","0","23.99","13.4","LST","JUMP","JMP DG RUBR BTS BLK 12PK M"
"","6769749","1505051","0","1","0","23.99","13.5","LST","JUMP","JMP DG RUBR BTS BLK 12PK L"
"","6769747","1505049","0","1","0","21.99","12.65","LST","JUMP","JMP DG RUBR BTS BLK 12PK S"
"","6769746","1505048","0","1","0","21.99","13.25","LST","JUMP","JMP DG RUBR BTS BLK 12PK XS"
"","6769745","1505047","0","1","0","21.99","12.7","LST","JUMP","JMP DG RUBR BTS BLK 12PK 2XS"
"","6769750","1505052","0","1","0","23.99","13.5","LST","JUMP","JMP DG RUBR BTS BLK 12PK XL"
"","E2178","","0","1","0","9.99","5","OOS","TINY FRIENDS FARM","TFF GERTY GP TASTY MIX 2LB"
"","IG360","","0","1","0","4.99","2.5","LST","TINY FRIENDS FARM","TFF GERTY GP SCRUMMIES 4.2OZ"
"","X1319","","0","1","0","4.99","2.5","LST","TINY FRIENDS FARM","TFF HAZEL HMSTR LOVELIES 4.2OZ"
"","X8063","","0","1","0","21.99","11","LST","SELECTIVE NATURALS","SN GRAIN FR RBT FD 3.3LB"
"","B2156","","0","1","0","9.99","5","LST","TINY FRIENDS FARM","TFF RUSSEL RBBT TASTY MIX 2LB"
"","G9911","","0","1","0","8.49","3.5","LST","SELECTIVE NATURALS","SS NTRLS MDW LP RBT 2.8OZ"
"","IG356","","0","1","0","4.99","2.5","LST","TINY FRIENDS FARM","TFF RUSSEL RBBT CRNCHRS 4.2oz"
"","6234424","","0","1","0.5","26.99","16.2","LST","THRIVE","THRIVE DG SLMN OIL 500 ML"
"","6771149","","0","1","0","18.99","8.84","LST","MY DOG","MY DOG DG MNKY PLUSH TOY 1EA"
"","6771148","","0","1","0","18.99","8.84","LST","MY DOG","MY DOG DG FOX PLUSH TOY 1EA"
"","6771193","84250","0","1","0","29.99","17.05","LST","FLEXI","FLEXI DG AKKU LED LGHT BLK 1EA"
"","6771155","","0","1","0","15.99","7.8","LST","N-GAGE","NGAGE DG ACTV HDLR REG RED 1EA"
"","6770170","","0","1","0","14.99","7","LST","PLATO","PLATO DG LMB GT MLK JRKY BT6oz"
"","6771153","","0","1","0","22.99","11.43","LST","N-GAGE","NGAGE DG HYD HDLR JMBO ORG 1EA"
"","6771156","","0","1","0","19.99","10.7","ROS","N-GAGE","NGAGE DG CZY BUNGEE ORG 1EA"
"","6771152","","0","1","0","9.99","5.2","LST","N-GAGE","NGAGE DG HYD HNDLR REG RED 1EA"
"","6771154","","0","1","0","19.99","10.39","LST","N-GAGE","NGAGE DG ACTV BMPR REG RED 1EA"
"","6770171","","0","1","0","14.99","7","LST","PLATO","PLATO DG TRKY PPKN JRKY BTS6OZ"
"","6770169","","0","1","0","14.99","7","LST","PLATO","PLATO DG DK CRNBRY JRKY BTS6OZ"
"","6770168","","0","1","0","14.99","7","LST","PLATO","PLATO DG BEEF JRKY BTS6OZ"
"","6770173","","0","1","0","15.99","7.28","ROS","HONEST TO GOODNESS","HTG DG PLANT MB PMPKN&CNNMN8OZ"
"","6470754","","0","2","0","27.99","18.55","OOS","PURINA PRO PLAN","PPLN CT URINARY TRAKT VAR 12PK"
"","6769812","","0","1","0","36.99","28.28","LST","PURINA PRO PLAN","PPLN CT LIVECLEAR SLM&R 3.5LB"
"","6769701","","0","1","0","36.99","26","LST","PURINA PRO PLAN","PPLN CT KIT LIVECLR CK&R 3.2LB"
"","6770162","","0","1","0","15.99","7.28","ROS","HONEST TO GOODNESS","HTG DG PLANT HP APPLE&CNNMN8OZ"
"","6666464","","0","2","0","27.99","18.55","LST","PURINA PRO PLAN","PPLN CT COMP ESNTL VAR PK 12PK"
"","6238070","","0","1","0","19.99","10","LST","THE HONEST KITCHEN","THK DG S&T MTY LTTLE BF&SL 4OZ"
"","6770183","","0","1","0","14.99","7.5","LST","LORD JAMESON","LJ DG PB&J PILL HIDER6oz"
"","6770156","","0","1","0","14.99","7.5","LST","LORD JAMESON","LJ DG APPLE PIE PILL HIDER6oz"
"","6238066","","0","1","0","19.99","10","LST","THE HONEST KITCHEN","THK DG S&T MTY LTTLE CHK&SL4OZ"
"","6770160","","0","1","0","14.99","7.5","LST","LORD JAMESON","LJ DG COOKIE DGH PILL HIDER6oz"
"","29161","","0","1","0","11.99","5","LST","ROLLOVER","RLLVR DG BF CHEWBIES SM 2pc"
"","55123","","0","1","0","13.99","6.4","LST","ROLLOVER","RLLVR DG GCR CHK BISC SM10.6OZ"
"","55120","","0","1","0","11.99","5.8","LST","ROLLOVER","RLLVR DG GCR BF BISC SM 10.6OZ"
"","6773453","","0","1","0","13.99","7.4","ROS","CRUMPS' NATURALS","CRMPN DG HAPPY BITES 4.6OZ"
"","6773426","","0","1","0","13.99","7.4","LST","CRUMPS' NATURALS","CRMPN DG BALANCE BITES 4.6OZ"
"","6773424","","1","1","0","13.99","7.4","LST","CRUMPS' NATURALS","CRMPN DG IMMUNE BITES 4.6OZ"
"","6773452","","0","1","0","13.99","7.4","LST","CRUMPS' NATURALS","CRMPN DG CALM BITES 4.6OZ"
"","G2203","","0","1","0","22.99","11.5","LST","MARINA","MRN INDG & RD MNYWRT 14IN"
"","Z1218","","0","1","0","14.99","7.5","LST","MARINA","MRN RD&GRN PCKRL SLK PLT 10IN"
"","Z1220","","0","1","0","11.99","6","LST","MARINA","MRN RED FRGRND SLK PLNT 6IN"
"","50208","","0","1","0","12.99","7.14","OOS","BROWNS","BRN CRN GRMT R&M FD 2LB"
"","6654852","","0","1","0","27.99","14.03","OOS","KOMODO","KM CLMBING PLANT GRN LEAF 24IN"
"","6654853","","0","1","0","27.99","14.03","LST","KOMODO","KM CLIMBING ZEBRINA PLANT 24IN"
"","IJ937","","0","1","0","11.99","5.21","ROS","KONG","KONG DG SQUEAKAIR BALL 1XL"
"","E7946","","0","1","0","32.99","15.55","LST","KONG","KONG DG COZIE MOOSE 1XL"
"","Z9741","","0","1","0","8.99","3.73","LST","KONG","KONG DG PUPPY CLASSIC 1XS"
"","U8919","","0","1","0","15.99","7.35","LST","KONG","KONG DG EXTREME BALL 1SM"
"","U6282","","0","1","0","26.99","14.71","LST","KONG","KONG DG E-COLLAR CLOUD 1SM"
"","U7082","","0","1","0","54.99","29.46","LST","KONG","KONG DG E-COLLAR CLOUD 1XL"
"","U8097","","0","1","0","22.99","12","LST","KONG","KONG DG WOBBLER 1SM"
"","X2875","","0","1","0","11.99","5.9","LST","KONG","KONG DG KIDDOS ELEPHANT 1XS"
"","X8361","","0","1","0","16.99","8.11","LST","KONG","KONG DG GOODIE RIBBON 1SM"
"","U3943","","0","1","0","19.99","10.69","ROS","KONG","KONG DG EXTREME BALL 1MDLG"
"","W8855","","0","1","0","21.99","11.47","LST","KONG","KONG DG EXTREME FLYER 1LG"
"","U8583","","0","1","0","9.99","4.46","LST","KONG","KONG CT REFIL RAT 1EA"
"","U7081","","0","1","0","44.99","24.54","LST","KONG","KONG DG E-COLLAR CLOUD 1LG"
"","U7080","","0","1","0","22.99","12.25","LST","KONG","KONG DG E-COLLAR CLOUD 1XS"
"","6769777","","0","1","0.5","28.99","17.1","LST","TALL TAILS","TLTL DG POSSUM ROPE TOY 1EA"
"","6776286","","0","1","0","29.99","17.74","ROS","TALL TAILS","TLTL DG ANIMATED TURTLE 1EA"
"","L8826","","0","1","0","37.99","15.4","LST","ZOO MED","ZM REPTI BSK SPT LMP 2PK 100WT"
"","6408579","","0","1","0","22.99","12.51","LST","TALL TAILS","TLTL DG RUBBER PINECONE 1EA"
"","6776281","","0","1","0","29.99","18.46","ROS","TALL TAILS","TLTL DG BULLY STK HLDR 1XL"
"","6771288","","0","1","0","28.99","15.94","LST","TALL TAILS","TLTL DG BRAIDED SOFT TUG 1EA"
"","R3396","","0","1","0","27.99","14.05","LST","ZOO MED","ZM REPTI BSK SPT LMP 2PK 75WT"
"","6473852","","0","1","0.25","31.99","18.89","LST","TALL TAILS","TLTL DG YETI SQUEAKER TOY 1EA"
"","U8929","","0","1","0","8.49","3.75","LST","ZOO MED","ZM BETTA DIAL-A-TREAT 0.12OZ"
"","6766850","","0","1","0","31.99","15.75","OOS","KOMODO","KM CORNER HUT 6.5IN"
"","6776917","","0","200","0","0.35","0.31","","PET VALU","PM REUSABLE BAG "
"","6776918","","0","200","8.25","0.35","0.31","","PET VALU","PV REUSABLE BAG "
"","1152875","","0","24","0","2.69","1.4604","LST","PURINA PRO PLAN","PPLN CT SAVOR CHK&VEG GVY 3OZ"
"","6773775","","0","1","0","24.99","15","LST","CATIT","CATIT PEA HUSK LVN LTR 12.3LB"
"","6408438","","0","1","0","24.99","15","LST","CATIT","CATIT PEA HUSK VNLA LTR 12.3LB"
"","6657280","","1","1","0.25","18.99","9.34","LST","PRODEN","PRODEN CT PLQOFF SFT CHW 45CT"
"","6777319","","0","1","0","49.99","32.93","LST","KONG","KONG DG ULT SFTY TETHER 1EA"
"","6777430","","0","1","0","32.99","22","OOS","KONG","KONG DG DLX SWIVEL TETHER 1EA"
"","27439","","0","1","0","89.99","66.89","LST","PURINA PRO PLAN","PPLN CT URINARY CHK&R 16LB"
"","50205","","0","1","0","26.99","14.84","LST","BROWNS","BRN TRP CRN GRMT GP FD 5LB"
"","6776298","1503458","0","1","0","89.99","58","LST","PETSAFE","PSFE DG SSSCAT SPRY DTRNT 1EA"
"","G6470","","0","1","0","19.99","10","LST","CATIT","CATIT 2.0 SOFTENING FILTER 5PK"
"","Z9602","","0","1","0","9.99","5","LST","CATIT","CATIT CATNIP SPRAY 3OZ"
"","6658184","","0","1","0","8.99","4.5","LST","CATIT","CATIT FLWR FTN FLTR 2PK"
"","6467891","","0","1","0","9.99","5.5","LST","CATIT","CATIT CATNIP BUBBLES 5OZ"
"","6654670","","0","1","0","19.99","10","OOS","CATIT","CATIT FLWR FTN FLTR PD 6PK"
"","6467890","","0","1","0","8.99","4.5","LST","CATIT","CATIT CATNIP&SIVRNE MIX 1OZ"
"","6408443","","0","1","0","14.99","7.5","LST","CATIT","CATIT PIXI FOUNTN FLTR 6PK"
"","6467888","","0","1","0","7.99","4","LST","CATIT","CATIT LOOSE CATNIP 1OZ"
"","90991","","0","1","0.25","23.99","13.3","LST","PET ORGANICS","PORG CT NO SCRTCH SPRAY 16OZ"
"","6750602","","0","1","0","5.99","3","LST","CATIT","CATIT LOOSE CATNIP 0.5OZ"
"","50207","","0","1","0","26.99","14.84","LST","BROWNS","BRN TRP CRN GRMT RBT FD 5LB"
"","6467889","","0","1","0","9.99","5","LST","CATIT","CATIT LOOSE CATNIP 2OZ"
"","V5121","","0","1","0.25","23.99","13.05","LST","PET ORGANICS","PORG CT NO MARK SPRAY 16OZ"
"","Y0770","","0","1","0","34.99","21","LST","CATIT","CATIT SENSES 2.0 FOOD TREE 1EA"
"","6760787","","0","1","0","99.99","60.49","LST","PARAPET","K9 PRAVENTA 360 SM DG 6PK"
"","90990","","0","1","0","23.99","13.3","LST","PET ORGANICS","PORG CT NO STAY SPRAY 16OZ"
"","6760789","","0","1","0","109.99","66.35","LST","PARAPET","K9 PRAVENTA 360 LG DG 6PK"
"","6760783","","0","1","0","52.99","32.05","LST","PARAPET","K9 PRAVENTA 360 SM DG 3PK"
"","6739778","","0","1","0","19.99","9.8","LST","OPEN FARM","OPFM DG GF CH JRKY STRP5.6oz"
"","6760785","","0","1","0","56.99","34.31","LST","PARAPET","K9 PRAVENTA 360 LG DG 3PK"
"","6777146","","0","1","0","113.99","79.87","LST","OPEN FARM","OPFM DG GF PUP SLM&SP 22LB"
"","6777143","","0","1","0","35.99","24.86","LST","OPEN FARM","OPFM DG GF PUP SLM&SP 4LB"
"","6760788","","0","1","0","104.99","63.19","LST","PARAPET","K9 PRAVENTA 360 MD DG 6PK"
"","6777147","","0","1","0","31.99","22.41","LST","OPEN FARM","OPFM DG ANCNT G PUP SLM 4LB"
"","A8140","","0","1","0","17.99","8","LST","SENTRY","SENTRY DG FLEA&TICK UP 15KG"
"","A8142","","0","1","0","23.99","11","LST","SENTRY","SNTR DG FLEA&TICK OVER 30KG"
"","6760786","","0","1","0","59.99","36.11","LST","PARAPET","K9 PRAVENTA 360 DG XL 3PK"
"","6474243","","0","1","0","11.99","6","OOS","PRIMAL","PRIML DG CH&PUMP GOAT MLK 2OZ"
"","6760784","","0","1","0","54.99","33.4","LST","PARAPET","K9 PRAVENTA 360 MD DG 3PK"
"","6739781","","0","1","0","19.99","9.8","LST","OPEN FARM","OPFM DG GF TRK JRKY STRP5.6oz"
"","A8455","","0","1","0","19.99","9.5","OOS","SENTRY","SNTR DG FLEA&TICK UP 30KG"
"","6777148","","0","1","0","106.99","74.97","LST","OPEN FARM","OPFM DG ANCNT G PUP SLM 22LB"
"","6656719","","0","1","0","26.99","14.84","OOS","BROWNS","BRN TRP CRN NB RBT FD 4LB"
"","IY756","","0","1","0","26.99","17.5","LST","WHOLESOME BLEND","WB DG TRK&RB 5LB"
"","IY912","","0","1","0","26.99","18.39","LST","WHOLESOME BLEND","WB DG CHK&DK 5LB"
"","X7523","","0","1","0","39.99","21","LST","CATIT","CATIT VESPER TUNNEL GRAY"
"","50259","","0","1","0","28.99","14.5","LST","BROWNS","BRN TRP CRN NB TMTHY HAY 48OZ"
"","1103949","","0","1","0","73.99","52.5","LST","GREENIES","GREENIES DG DNTL LRGE 54OZ"
"","6232280","","0","1","0","52.99","33.6","OOS","INABA","INABA CT CHURU VAR PK 50CT"
"","E4270","","0","1","0","56.99","35.48","LST","WHOLESOME BLEND","WB CT TK & RB 11LB"
"","A9732","","0","1","0","28.99","17.03","LST","WHOLESOME BLEND","WB CT SLM&CHK 5LB"
"","A0691","","0","1","0","28.99","17.02","OOS","WHOLESOME BLEND","WB CT TK&RB 5LB"
"","A4483","","0","1","0","56.99","33.87","LST","WHOLESOME BLEND","WB CT SLM&CHK 11LB"
"","1103946","","0","1","0","73.99","52.5","LST","GREENIES","GREENIES DG DNTL TEENIE 54OZ"
"","E1643","","0","1","0","13.99","7.16","LST","THIS & THAT","T&T DG SWEET POTATO ORG 5.29OZ"
"","1103948","","0","1","0","73.99","52.5","LST","GREENIES","GREENIES DG DNTL REG 54OZ"
"","X7444","","0","1","0","12.99","6.5","LST","CATIT","CATIT LITTER MAT 1SM"
"","E1645","","0","1","0","14.99","7.25","LST","THIS & THAT","T&T DG SWP BLUEBERRY 5.3OZ"
"","1103947","","0","1","0","73.99","52.5","LST","GREENIES","GREENIES DG DNTL PETITE 54OZ"
"","E1644","","0","1","0","14.99","7.25","LST","THIS & THAT","T&T DG SWP APPLE 5.3OZ"
"","X7445","","0","1","0","21.99","11","LST","CATIT","CATIT LITTER MAT 1LG"
"","6759848","","0","1","0","13.99","7","LST","CATIT","CATIT AIRSIFT PURIFR PAD 2PK"
"","6759849","","0","1","0","34.99","17.5","LST","CATIT","CATIT AIRSIFT PURIFR PAD 6PK"
"","6776934","","0","1","0","14.99","10.6","LST","ROLLOVER","RLLVR DG WF SLM 800G"
"","E9580","","0","1","0","129.99","78","LST","CATIT","CATIT VESPER BX WALNUT 1SM"
"","6779766","","0","1","0","16.99","9.34","LST","CLIFFORD","CLIFFORD DG FLYING DISC 1EA"
"","6777376","","0","1","0","16.99","10.09","LST","ACANA","ACANA DG IMMUNE CHKN STRPS4oz"
"","6777382","","0","1","0.25","121.99","85.64","LST","ORIJEN","ORIJEN DG LB AD 25LB"
"","6739780","","0","1","0","19.99","9.8","LST","OPEN FARM","OPFM DG GF SLMN JRKY STRP5.6oz"
"","6777377","","1","1","0","16.99","10.09","LST","ACANA","ACANA DG S&C SLMN STRPS4oz"
"","Y0372","40702","0","1","0","9.99","5","LST","FLUVAL","FL CLEARX MEDIA INSERT 4PK"
"","6777444","","1","1","0.25","93.99","62.12","LST","ACANA","ACANA DG HLTH GRN S/STR 22.5LB"
"","6777375","","0","1","0","16.99","10.09","LST","ACANA","ACANA DG CHEWY TENDER BEEF4oz"
"","6739779","","0","1","0","19.99","9.8","LST","OPEN FARM","OPFM DG GF BF JERKY STRPS5.6oz"
"","6777443","","0","1","0","27.99","18.43","LST","ACANA","ACANA DG HLTHY GRNS S/STR 4LB"
"","6777442","","0","1","0","96.99","64.13","LST","ACANA","ACANA DG HLTH GR PUP SF22.5LB"
"","6777407","","0","1","0","27.99","18.43","LST","ACANA","ACANA DG HLTH GR PUP S&F4LB"
"","W6700","","0","1","0","17.99","9.43","OOS","NUTRI-VET","NV CT HIP&JOINT PAW GEL 3OZ"
"","W6701","","0","1","0","17.99","9.43","LST","NUTRI-VET","NV CT MULTI-VITE GEL 3OZ"
"","W6699","","0","1","0","17.99","9.43","LST","NUTRI-VET","NV CT HAIRBALL GEL CHK 3OZ"
"","Q5121","","0","1","0","82.99","41.58","LST","VAN NESS","VN ENCLOSED CAT PAN 1EA"
"","50541","","0","1","0","169.99","102","LST","CATIT","CATIT VESPER BASE WALNUT 33IN"
"","Z1031","","0","1","0","22.99","11.45","LST","HUGGLEHOUNDS","HH KNOTTIE OCTOPUS 1SM"
"","6739792","","0","1","0","47.99","32.69","LST","VITAL ESSENTIALS","VE DG FD RAW CK PATTIES 14oz"
"","6777318","","0","1","0.25","25.99","17.53","LST","GO! SOLUTIONS","GO! DG WGTJNT GF SLM 3.5LB"
"","6777379","","0","1","0.25","24.99","16.85","LST","GO! SOLUTIONS","GO! DG GUT HLTH WG CHK 3.5LB"
"","6777483","","0","1","0","67.99","45.86","LST","NOW FRESH","NOW DG GG SB AD WG CHK 12LB"
"","6777368","","0","1","0.25","99.99","67.44","LST","GO! SOLUTIONS","GO! DG WGT JNT GF SLM 22LB"
"","6777378","","0","1","0","1.49","0.05","LST","GO! SOLUTIONS","GO! DG GUT HLTH WG CHK SMP"
"","6739796","","0","1","0","67.99","46.58","LST","VITAL ESSENTIALS","VE DG FD RAW DK PATTIES 14oz"
"","6777687","","0","1","0","104.99","70.81","LST","NOW FRESH","NOW DG GG AD WG CHK 22LB"
"","6779955","","0","1","0","1.49","0.05","LST","NOW FRESH","NOW DG GG AD WG SLM SMP"
"","6739798","","0","1","0","76.99","52.75","LST","VITAL ESSENTIALS","VE DG FD RAW RB PATTIES 14oz"
"","6777482","","0","1","0","1.49","0.05","LST","NOW FRESH","NOW DG GG AD WG CHK SMP"
"","6779954","","0","1","0","109.99","74.19","LST","NOW FRESH","NOW DG GG AD WG SLM 22LB"
"","6777484","","0","1","0","1.49","0.05","LST","NOW FRESH","NOW DG GG SB AD WG CHK SMP"
"","6777336","","0","1","0","64.99","43.83","LST","GO! SOLUTIONS","GO! DG WGT JNT GF SLM 12LB"
"","6777480","","0","1","0","60.99","41.13","LST","GO! SOLUTIONS","GO! DG GUT HLTH WG CHK 12LB"
"","6777337","","0","1","0.25","26.99","18.21","LST","NOW FRESH","NOW DG GG AD WG CHK 3.5LB"
"","6739790","","0","1","0","49.99","34.05","LST","VITAL ESSENTIALS","VE DG FD RAW BF PATTIES 14oz"
"","6777481","","1","1","0","91.99","62.04","LST","GO! SOLUTIONS","GO! DG GUT HLTH WG CHK 22LB"
"","6777488","","0","1","0","72.99","49.23","LST","NOW FRESH","NOW DG GG SB AD WG SLM 12LB"
"","6779960","","1","1","0.5","29.99","20.23","LST","NOW FRESH","NOW DG GG AD WG SLM 3.5LB"
"","6779928","","0","1","0","33.99","22.93","LST","NOW FRESH","NOW DG GG SB AD WG SLM 3.5LB"
"","6779953","","0","1","0","1.49","0.05","LST","NOW FRESH","NOW DG GG SB AD WG SLM SMP"
"","6777317","","0","1","0","1.49","0.05","LST","GO! SOLUTIONS","GO! DG WGT JNT GF SLM SMP"
"","6777486","","0","1","0.25","29.99","20.23","LST","NOW FRESH","NOW DG GG SB AD WG CHK 3.5LB"
"","90270","","0","1","0","8.99","4.55","LST","KOOKYKAT","KOOK CNIP OIL SPRAY 1OZ"
"","90264","","0","1","0","11.99","5.4","ROS","KOOKYKAT","KOOK CNIP TUB 2OZ"
"","IZ516","","0","1","0","8.99","4.45","LST","NYLABONE","NYLABONE BLUE PUP CHEW XS 1EA"
"","6484550","","0","1","0","8.99","4.5","LST","CATIT","CATIT 2.0 MSHRM REPL FTHR 6PK"
"","W5397","6233953","0","1","0.25","14.99","7.5","LST","LIVING WORLD","LW ECO+ WATER BOTTLE 12OZ"
"","6617729","","0","1","0.25","7.99","4","LST","CATIT","CATIT PIXI TRT DSPNSR RSTR 1EA"
"","W5396","6233952","0","1","0","10.99","5.5","LST","LIVING WORLD","LW ECO+ WATER BOTTLE 6OZ"
"","6776883","","0","1","0","11.99","6","LST","CATIT","CATIT LASER MOUSE TOY 1EA"
"","6773282","","0","1","0","21.99","12.09","LST","BROWNS","BRN TRP CRN NB AD GP FD 4LB"
"","6484549","","0","1","0","49.99","30","LST","CATIT","CATIT SENSES 2.0 MSHRM TOY 1EA"
"","6773281","","0","1","0","26.99","14.84","OOS","BROWNS","BRN TRP CRN NB GP FD 4LB"
"","W5398","6233954","0","1","0","19.99","10","LST","LIVING WORLD","LW ECO+ WATER BOTTLE 26OZ"
"","6773283","","0","1","0","21.99","12.09","LST","BROWNS","BRN TRP CRN NB AD RBT 4LB"
"","6764582","","0","1","0.75","17.99","9.25","LST","CRUMPS' NATURALS","CRMPN DG CHICKEN BITES 3.5OZ"
"","Z0469","","0","1","0","33.99","17","LST","MARINA","MRN A300 AIR PUMP 70GAL"
"","6780107","","0","1","0","16.99","8.5","LST","API","API TURTLE FIX 8OZ"
"","B2076","","0","1","0","67.99","31.58","OOS","OXBOW","OXB ESN ADULT GUINEA PIG 25LB"
"","Z5375","","0","1","0.25","19.99","10.45","LST","OXBOW","OXB CC HERB APPL BANANA 4.97OZ"
"","W6509","","0","1","0","14.99","7.5","LST","MARINA","MRN COOL AIR PUMP 5.5GAL"
"","U7839","","0","1","0","29.99","15","LST","MARINA","MRN A200 AIR PUMP 60GAL"
"","Z4440","","0","1","0","23.99","12.5","LST","OXBOW","OXB CC CARNIVORE 2.47OZ"
"","U0549","","0","1","0","23.99","12","LST","MARINA","MRN BATTERY AIR PUMP"
"","6780599","","0","1","0","23.99","12.5","LST","OXBOW","OXB CC HERB PAPAYA 3.53OZ"
"","1507531","","0","1","0","79.99","40","LST","FLUVAL","FLVL M100 ADJ SBMRSBL HTR 100W"
"","6780583","","0","1","0","149.99","74.22","INOT","MULTIPET","MP DG LSH WRAP CLPSTRP 12PC"
"","6239453","","0","1","0","35.99","17.5","LST","FLUVAL","FLVL P50 PRST SBMRSBL HTR 50W"
"","U9371","","0","1","0","27.99","13","LST","MARINA","MRN A100 AIR PUMP 40GAL"
"","6780602","","0","1","0","23.99","12.5","LST","OXBOW","OXB CC OMNIVORE 2.47OZ"
"","6773310","","0","1","0","25.99","12.6","LST","ZOO MED","ZM JUVE BRD DRGN FD 10OZ"
"","6769373","","1","1","0","17.99","9.25","LST","CRUMPS' NATURALS","CRMPN DG COLGN CHK JRKY 5.4OZ"
"","76790","","0","1","0","34.99","18.67","LST","KONG","KONG KING 1xxl"
"","6766894","","0","1","0","29.99","18.6","LST","CAREFRESH","CF RBT & FRRT LTR 10LB"
"","1506895","","0","1","0","9.99","4.46","LST","KONG","KONG CT REFIL SQUIRREL 1EA"
"","6773311","","0","1","0","25.99","12.3","LST","ZOO MED","ZM AD BRD DRGN FD 10OZ"
"","1506894","","0","1","0","9.99","4.94","LST","KONG","KONG REFILLABLES TURTLE 1EA"
"","E1648","","0","1","0","24.99","13.33","LST","THIS & THAT","T&T DG SWP APPLE 11.46OZ"
"","IZ517","","0","1","0","8.99","4.45","LST","NYLABONE","NYLABONE PINK PUP CHEW XS 1EA"
"","6769837","","0","1","0.25","13.99","7.69","LST","BE WILD","T&T BW DG TRNRS VENISON 5.3OZ"
"","6769833","","0","1","0","13.99","8.04","LST","BE WILD","T&T BW DG CROCODILE STICKS 6PC"
"","E1646","","0","1","0","22.99","12.58","LST","THIS & THAT","T&T DG SW POTATO ORG 11.46OZ"
"","E1647","","0","1","0","24.99","13.33","LST","THIS & THAT","T&T DG SWP BLUEBERRY 11.46OZ"
"","6780238","","0","1","0","24.99","15.75","LST","NYLABONE","NYLA DG CHW MRSHMLLW STCK 1L "
"","6658264","","0","1","0","19.99","11","LST","NYLABONE","NYLA DG LOBSTR CHEW MIGNON 1SM"
"","6780240","","0","1","0","24.99","11.03","OOS","NYLABONE","NYLA DG STRNG CHEW PNT TOY 1M "
"","6776614","","0","1","0","14.99","6.87","LST","NORTHERN BISCUIT","NRTH BSC DG SOFTIE PB BCN 6OZ"
"","6780229","","0","1","0","17.99","8.59","ROS","NYLABONE","NYLA DG DONUT BACON CHEW 1MD "
"","6658111","","0","1","0","15.99","7.8","LST","THIS & THAT","T&T DG 3IN TRACHEA 6PK"
"","6500967","","0","1","0","14.99","7.25","LST","THIS & THAT","T&T DG SWT POT BACON 5.3OZ"
"","6780232","","0","1","0","14.99","7.5","LST","NYLABONE","NYLA BASTED BLAST CHEW 1S "
"","6773662","","0","1","0","13.99","7.69","LST","BE WILD","T&T BW DG EMU STICKS 6PC"
"","6658113","","0","1","0","12.99","7.29","LST","THIS & THAT","T&T DG BEEF LUNG 5.3OZ"
"","6780199","","0","1","0","22.99","10.97","LST","NYLABONE","NYLA DG BASTED CHEW STEAK 1L "
"","6780230","","0","1","0.25","26.99","13.5","LST","NYLABONE","NYLA DG BASTED BLST CHW STK XL"
"","6769834","","0","1","0.25","13.99","7.69","LST","BE WILD","T&T BW DG VENISON STICKS 6PC"
"","6658114","","0","1","0","27.99","15.05","LST","THIS & THAT","T&T DG BEEF LUNG 12.35OZ"
"","6658000","","0","1","0","15.99","8.27","LST","THIS & THAT","T&T DG LAMB LUNG 5.3OZ"
"","6776616","","0","1","0","14.99","6.87","LST","NORTHERN BISCUIT","NRTH DG SOFTIE FISH BLUEBR 6OZ"
"","6780234","","0","1","0","18.99","9.36","LST","NYLABONE","NYLA DG TACTILE TEETH RING 1S "
"","6769836","","0","1","0","13.99","7.69","LST","BE WILD","T&T BW DG BISON STICKS 6PC"
"","6658112","","0","1","0","26.99","12.74","LST","THIS & THAT","T&T DG 6IN TRACHEA 6PK"
"","6780239","","0","1","0","11.99","5.98","LST","NYLABONE","NYLA DG BASTED BLAST CHEW 1XS "
"","6769840","","0","1","0","13.99","8.04","LST","BE WILD","TT BW DG CROCODILE TRN 5.3OZ"
"","6776615","","0","1","0","14.99","6.87","LST","NORTHERN BISCUIT","NRTH DG SOFTIE LMB PUMP 6OZ"
"","6769835","","0","1","0","13.99","7.69","LST","BE WILD","T&T BW DG KANGAROO STICKS 6PC"
"","6780228","","0","1","0","16.99","7.34","LST","NYLABONE","NYLA DG BASTED BLAST CHEW 1M "
"","6780235","","0","1","0.25","18.99","10.13","OOS","NYLABONE","NYLA DG TACTILE PNT BUTTER 1S "
"","6780236","","0","1","0","24.99","15.75","LST","NYLABONE","NYLA DG ELK BONE VENISON 1XL "
"","6500968","","0","1","0","24.99","13.33","LST","THIS & THAT","T&T DG SWT POT BACON 11.46OZ"
"","6780241","","0","1","0","24.99","15.75","LST","NYLABONE","NYLA DG DONUT BACON CHEW 1L "
"","6770055","","0","1","0","25.99","12.36","LST","KOMODO","KM RAVEN SKULL 8IN"
"","6783132","","0","1","0","1.49","0.05","","GO! SOLUTIONS","GO! CT WGT&JNT GF SL SMP"
"","6773307","","0","1","0","48.99","26.94","LST","BROWNS","BRN TRP CRN GRMT GP FD 10LB"
"","6773654","","0","1","0","31.99","15.8","LST","KOMODO","KM WHT VEIN STANDING PLNT 18IN"
"","6773308","","0","1","0","48.99","26.94","LST","BROWNS","BRN TRP CRN GRMT RBT FD 10LB"
"","6773285","","0","1","0","6.99","3.25","NEW","BROWNS","BRN TRP CRN NTRL P&C TRT 3.5OZ"
"","6769606","","0","1","0","11.99","6","LST","TINY FRIENDS FARM","TFF HARRY HMSTR FRT & NUT 2LB"
"","6774051","","0","1","0","21.99","10.75","LST","KOMODO","KM COCONUT COIR FIBRE PAD 30IN"
"","6773297","","0","1","0","6.99","3.25","OOS","BROWNS","BRN TRP CRN NTRL GRDN HRVT 3OZ"
"","6773655","","0","1","0","31.99","15.8","LST","KOMODO","KM MONSTERA STANDING PLNT 18IN"
"","6773304","","0","1","0","15.99","8","LST","BROWNS","BRN TRP CRN NB TMTHY HY 24OZ"
"","6773284","","0","1","0","16.99","9.34","LST","BROWNS","BRN TRP CRN NB AD CHNCH FD 3LB"
"","6769397","","1","1","0","16.99","8.5","LST","SCIENCE SELECTIVE","SS BATHING SAND 2.2LB"
"","6773323","","0","1","0","39.99","19.5","LST","KOMODO","KM COCONUT COIR FIBER PAD 36IN"
"","6773636","","0","1","0","23.99","11.95","OOS","KOMODO","KM FOREST LOG 9.5IN"
"","6773301","","0","1","0","6.99","3.25","NEW","BROWNS","BRN TRP CRN NTRL TMTY SNKT 3OZ"
"","6783131","","0","1","0","1.49","0.05","","GO! SOLUTIONS","GO! CT GT HLTH CHK WG SMP"
"","6230986","","0","1","0","17.99","9.35","LST","PLAY","PLAY DG ZMRX INCREDIBALL 1SM"
"","6773306","","0","1","0","48.99","24.5","LST","BROWNS","BRN TRP CRN NB TMTHY HAY 96OZ"
"","6230989","","0","1","0","22.99","11.95","LST","PLAY","PLAY DG ZMRX INCREDIBALL 1LG"
"","6212858","","2","1","0","9.99","4.5","LST","PERFORMATRIN ULTRA","PERF ULT CHS PUFF TRD 2.5OZ"
"","6774046","","0","1","0","51.99","25.98","OOS","KOMODO","KM BONSAI TREE 10IN"
"","6749567","","0","1","0","7.29","3.32","LST","KOMODO","KM SMART DISH 5IN"
"","6780186","","0","1","0","19.99","10.26","LST","PETSTAGES","PTSTG DG DNTL CHEW MINI SM 3PK"
"","V8892","","0","1","0","19.99","10.8","LST","OUTWARD HOUND","OH SQUAWKER GRANDMA CH LG 1EA"
"","90983","","0","1","0","17.99","9.05","OOS","COASTAL PET PRODUCTS","SAFARI CT COMP BRSH 1ea"
"","6780185","","0","1","0","8.99","4.19","LST","PETSTAGES","PTSTG DG CUTIECHW HDGHG BL 1EA"
"","48927","","0","1","0","19.99","10.8","LST","OUTWARD HOUND","OH SQUAWKER EARL TAN LG 1EA"
"","6780181","","0","1","0","34.99","18.7","LST","PETSTAGES","PTSTG DG WD ORG FRSH BR LG 2PK"
"","6780179","","0","1","0","19.99","10","LST","OUTWARD HOUND","OTWDHD DG FRE BTRZ FOX RCN 2PK"
"","6780182","","1","1","0","27.99","14","LST","PETSTAGES","PTSTG DG WD ORG CALM MD 2PK"
"","Q9419","","0","1","0.25","16.99","8.7","LST","COASTAL PET PRODUCTS","SAFARI CT SFT SLCKR 1ea"
"","A8163","","0","1","0","11.99","5.78","LST","MAMMOTH","MMTH DG XTRA 2KNT RPE BNE 1LG"
"","E9941","","0","1","1","8.99","5.5","LST","CRUMPS' NATURALS","CRMP DG BF LIVER SPRINKL 4.2OZ"
"","IY867","","0","1","0","9.99","5.4","LST","MAMMOTH","MMTH DG XTRA 3KNT RPE TUG 1MD"
"","X3138","","0","1","0","12.99","6.25","LST","MAMMOTH","MMTH DG XFRSH 2KNT RPE 1LG"
"","A8165","","0","1","0","6.99","3.35","LST","MAMMOTH","MMTH DG XTRA 3KNT RPE TUG 1SM"
"","6739794","","0","1","0","49.99","34.05","LST","VITAL ESSENTIALS","VE DG FD RAW TK PATTIES 14oz"
"","G0162","","0","1","0.5","9.99","5.5","LST","CRUMPS' NATURALS","CRMP DG MINI TRAIN FD BF 1.9OZ"
"","U2634","","0","1","0.25","9.99","5.5","LST","CRUMPS' NATURALS","CRMP DG FD BF BITES 2.5OZ"
"","1502145","","0","1","0","18.99","9.29","LST","OXBOW","OXB GARDEN SLECT ADULT RBT 4LB"
"","X2576","","0","1","0.25","9.99","5.5","LST","CRUMPS' NATURALS","CRMP DG MINI TRAIN CH 4.7OZ"
"","G4072","","0","1","0.5","9.99","5.5","LST","CRUMPS' NATURALS","CRMP DG MINI TRAIN BF 4.7OZ"
"","IY868","","0","1","0","6.99","3.75","LST","MAMMOTH","MMTH DG XTRA 2KNT RPE BNE 1MD"
"","X3136","","0","1","0","7.99","3","LST","MAMMOTH","MMTH DG XFRSH 2KNT RPE 1SM"
"","6666268","","0","1","0","17.99","10","LST","CRUMPS' NATURALS","CRMP DG MINI TRAINER DCK 10.OZ"
"","Q5823","","0","1","0.25","17.99","11.5","ROS","CRUMPS' NATURALS","CRMP DG NAT LIVER FILLETS 6OZ"
"","F1238","","0","1","0.75","17.99","11.12","LST","CRUMPS' NATURALS","CRMP DG FD BF BITES 5.6OZ"
"","75465","","0","1","0","11.99","5.45","LST","MAMMOTH","MMTH DG 2KNOT CLR RPE BNE 1XL"
"","F5906","","0","1","0","34.99","16.3","LST","MAMMOTH","MMTH DG 2KNT CLSL RPE TUG 1XXL"
"","A2256","","0","1","0","39.99","20.99","LST","MAMMOTH","MMTH DG XTRA 4 KNT TUG 1XXL"
"","6666266","","0","1","0.25","17.99","10","LST","CRUMPS' NATURALS","CRMP DG MINI TRAIN LMB 10.6OZ"
"","IC758","","0","1","0.25","32.99","18","LST","CRUMPS' NATURALS","CRMP DG NAT SP FILLETS 21.6OZ"
"","IY869","","0","1","0","5.99","2.89","LST","MAMMOTH","MMTH DG XTRA 2KNT RPE BNE 1SM"
"","IZ886","","0","1","0","35.99","20.2","LST","MAMMOTH","MMTH DG XTRA 5KNT TUG 1XL"
"","1502146","","0","1","0","19.99","9.41","LST","OXBOW","OXB GARDEN SLECT ADULT GP 4LB"
"","A8164","","0","1","0","17.99","9.75","LST","MAMMOTH","MMTH DG XTRA 3KNT RPE TUG 1LG"
"","F1167","","0","1","0.25","28.99","18","LST","CRUMPS' NATURALS","CRMP DG FD BF BITES 10OZ"
"","X3137","","0","1","0","9.99","5.25","LST","MAMMOTH","MMTH DG XFRSH 2KNT RPE 1MD"
"","6783202","","0","1","0","4.99","2.8","OOS","LITTER GENIE","LITTER GENIE LTR SCOOP 1EA"
"","6783200","1500222","0","1","0","34.99","22.74","LST","LITTER GENIE","LITTER GENIE DESIGN PAIL 1EA"
"","6773633","1506774","0","1","0","69.99","35.55","LST","FRESH 4 LIFE","F4L CT DCRTV HOOD LTR BOX 1EA"
"","6770117","1506772","0","1","0","24.99","10.5","ROS","FRESH 4 LIFE","F4L CT DCRTV LTR PAN 20IN"
"","6783147","","0","20","0","39.99","18","LST","PERFORMATRIN ULTRA","PERF ULT DG REG BULL STCK36IN"
"","6785571","","0","1","0","13.49","6.75","LST","EARTH RATED","ER DG DEO RFRSH MST WT BSL 8OZ"
"","6761226","","0","1","0","6.99","3.6","LST","MAMMOTH","MMTH DG X PB 3KNT RPE TUG 1SM"
"","6656668","","0","1","0","179.99","115.5","LST","TRAVEL CAT","FTCT CT BACKPACK CHARCOAL L EA"
"","6638400","","0","1","0","35.99","18","LST","CATIT","CATIT PIXI REPL CAT TAIL 1EA"
"","6782920","","0","1","0.25","17.99","6.82","NEW","MAMMOTH","MMTH DG SNKBTR SHRTY RPE 1MD"
"","75463","","0","1","0","6.99","3","LST","MAMMOTH","MMTH DG 2KNOT CLR RPE BNE 1MD"
"","6472397","","0","1","0","219.99","132","LST","CATIT","CATIT VESPER CUBE TOWER 34IN"
"","1506927","","1","1","0.25","21.99","11.48","LST","KONG","KONG GOODIE RIBBON 1MD"
"","6638398","","0","1","0","35.99","18","LST","CATIT","CATIT PIXI REPL BOARD TALL 1EA"
"","6760343","","0","1","0","9.99","5.4","LST","MAMMOTH","MMTH DG MNKY FST DBL RPE 1SM"
"","6480241","","0","1","0","119.99","60","LST","GF PET","GFP DG ACRYLIC FEEDER 1LG"
"","6656670","","0","1","0","129.99","86.9","LST","TRAVEL CAT","FTCT CT BACKPACK GREY MINI EA"
"","6480478","","0","1","0","74.99","45","LST","CATIT","CATIT PIXI SCRATCHER WIDE 1EA"
"","6666209","","0","1","0","179.99","115.5","LST","TRAVEL CAT","FTCT CT BACKPACK AQUA L EA"
"","6785589","","0","1","0","523.99","245.23","INOT","CHUCKIT","CI DG NFD ECO PDQ 40PC"
"","6783023","","0","1","0","89.99","45","LST","GF PET","GFP DG ACRYLIC FEEDER 1MD"
"","6776694","","0","1","0","249.99","150","LST","CATIT","CATIT VESPER PATIO 1SM"
"","6236246","","0","1","0","199.99","120","LST","CATIT","CATIT VESPER HI BASE OAK 47IN"
"","6785609","","0","1","0","124.99","53.63","INOT","CHUCKIT","CI DG NFD MD ECO BALL CS 12PC"
"","6656671","","0","1","0","129.99","86.9","LST","TRAVEL CAT","FTCT CT BACKPACK PURP MINI EA"
"","6480479","","0","1","0","69.99","42","LST","CATIT","CATIT PIXI SCRTCHR CT TAIL 1EA"
"","6776693","","0","1","0","399.99","240","OOS","CATIT","CATIT VESPER TREEHOUSE 1LG"
"","1504938","","0","1","0","11.99","5.9","LST","KONG","KONG CMFRT KIDO LION 1xs"
"","6761228","","0","1","0","17.99","9.75","LST","MAMMOTH","MMTH DG X PB 3KNT RPE TUG 1LG"
"","6783199","","0","1","0","19.99","12.4","LST","LITTER GENIE","LITTER GENIE JUMBO ECO RFL 1EA"
"","1501507","","0","1","0","12.99","6.32","LST","KONG","KONG EXTREME 1sm"
"","6782919","","0","1","0","17.99","9.75","LST","MAMMOTH","MMTH DG XTRA 4KNT RPE TUG 1LG"
"","6480477","","0","1","0","69.99","42","LST","CATIT","CATIT PIXI SCRTCHR TALL 1EA"
"","6666316","","0","1","0","259.99","156","LST","CATIT","CATIT VESPER TREEHOUSE 1SM"
"","6761227","","0","1","0","11.99","6.5","LST","MAMMOTH","MMTH DG X PB 3KNT RPE TUG 1MD"
"","6760345","","0","1","0","22.99","12.3","LST","MAMMOTH","MMTH DG XTRA DBL RPE TUG 1MD"
"","75462","","1","1","0","4.99","2.15","LST","MAMMOTH","MMTH DG 2KNOT CLR RPE BNE 1SM"
"","6666317","","0","1","0","349.99","210","LST","CATIT","CATIT VESPER TREEHOUSE 1MD"
"","6672961","","0","1","0","349.99","210","LST","CATIT","CATIT VESPER PATIO 1LG"
"","6638399","","0","1","0","35.99","18","LST","CATIT","CATIT PIXI RPLCE BOARD WIDE1EA"
"","6469659","","0","1","0","18.99","10.5","LST","MAMMOTH","MMTH DG XTRA MNKY FST RPE 1MD"
"","6782932","","0","1","0","24.99","9.62","LST","MAMMOTH","MMTH DG XTRA SNKBTR RPE 1MD"
"","6783038","","0","1","0","69.99","35","LST","GF PET","GFP DG ACRYLIC FEEDER 1SM"
"","6750184","","0","1","0","349.99","210","LST","CATIT","CATIT VESPER HIGH BS WLNT 53IN"
"","75464","","1","1","0","7.99","4.05","LST","MAMMOTH","MMTH DG 2KNOT CLR RPE BNE 1LG"
"","75554","","0","1","0","21.99","11.75","LST","MAMMOTH","MMTH DG 3KNOT CLR RPE TUG 1XL"
"","6666208","","0","1","0","199.99","150","LST","TRAVEL CAT","FTCT CT BACKPACK NAVIGATOR EA"
"","53887","","0","1","0","11.99","5.44","OOS","KONG","KONG COZIE ALI MINI 1sm"
"","6740856","","0","1","0","29.99","20.4","LST","TIKI CAT","TIKI KIT SHRD VRTY 12PK 2.4.OZ"
"","6773647","","0","1","0.25","31.99","12.75","LST","WELLMARK","WM DG ALOE OATMEAL SH CON 16OZ"
"","6782952","","0","1","0","19.99","10","LST","EARTH RATED","ER DG CRLY SHMP WT BSL 16OZ"
"","6675382","","0","1","0","29.99","20.3","LST","TIKI CAT","TIKI CT SLV VRTY 12 PK 28.8.OZ"
"","6770125","","0","1","0","36.99","26","LST","TIKI CAT","TIKI CT AFTRDRK PAT VP 3.OZ"
"","78683","","0","25","0","0","0.2","LST","PET VALU","MK 2024 LLH 25pk"
"","6783201","","0","1","0","15.99","9.9","NEW","LITTER GENIE","LITTER GENIE JUMBO RFL 1EA"
"","6782954","","0","1","0","14.99","7.5","LST","EARTH RATED","ER DG NO RINSE SHMP WT BSL 7OZ"
"","6672420","","0","1","0","35.99","24.85","LST","TIKI CAT","TIKI CT AFTRDRK VRTY 12PK2.8OZ"
"","6240881","","0","1","0","29.99","20.3","LST","WHOLESOME BLEND","WB DG PF TKY&PMKN 5LB"
"","6777373","","0","1","0.25","13.99","6.86","LST","OPEN FARM","OPFM DG GOOD BITES SALMON6oz"
"","6740622","","0","1","0","13.99","6.6","LST","THIS & THAT","T&T DG SYDNEYS FSH SNPS3.5oz"
"","6783163","67660","0","1","0","69.99","45","LST","FLUVAL","FLVL AC 30 PWR FLTR 30GAL"
"","6407033","","0","1","0","85.99","59.6","LST","WHOLESOME BLEND","WB DG TKY& RB 25LB"
"","6774255","","0","1","0","31.99","15.8","LST","ARK NATURALS","ARK DG SOFT BRSHLS TPST 18OZLG"
"","6777630","","0","30","0","7.49","3.9517","LST","REDBARN","RB DG BLLY WRPD CLLGN STK1eaM"
"","6776936","","0","1","0","12.99","6.5","ROS","PAWSITIVELY PURRFECT","PWY PRFCT CT CAN COVR OPNR 2PC"
"","6776266","","0","1","0","124.99","87.58","LST","OPEN FARM","OPFM DG RAWMIX AG TD&TR 20LB"
"","6769838","","0","1","0","13.99","7.69","LST","BE WILD","BW DG EMU TRAINERS 5.3oz"
"","6237479","","0","1","0","62.99","41.63","LST","LIFETIME","LT DG PRK&OAT 25LB"
"","6782951","","0","1","0","19.99","10","LST","EARTH RATED","ER DG SH SHMP WT BSL 16OZ"
"","6777369","","0","1","0","12.99","6.37","LST","OPEN FARM","OPFM DG BTTR BISCT PB&BANNA8oz"
"","6777372","","0","1","0","18.99","9.31","LST","OPEN FARM","OPFM DG FD LAMB LIVER3oz"
"","6240878","","0","1","0","109.99","75","LST","WHOLESOME BLEND","WB DG PF COD&PMPKN 25LB"
"","6770112","","0","1","0","14.99","7.85","LST","LORD JAMESON","LJ DG LOVEPUFFS SW BEAT 4OZ"
"","6774256","","0","1","0","13.49","6.5","LST","ARK NATURALS","ARK DG BRTH BURSTS PMINT ST6OZ"
"","6773489","","0","1","0","13.99","6.6","LST","THIS & THAT","T&T DG SYDNEYS BLTG HRRNG2.5oz"
"","6783129","67650","0","1","0","59.99","37.5","LST","FLUVAL","FLVL AC 20 PWR FLTR 20GAL"
"","6237481","","0","1","0","51.99","35.52","LST","LIFETIME","LT CT CHK&OAT 14LB"
"","6777315","","0","1","0","123.99","90.19","OOS","HILL'S SCIENCE DIET","SD DG SLM & BRN RICE 33LB"
"","6240877","","0","1","0","109.99","74.03","LST","WHOLESOME BLEND","WB DG PF TRK&PMPKN 25LB"
"","6777353","","0","1","0","29.99","20.57","LST","BLUE BUFFALO","BLU CT AD TF FLK TUNA VP 12PK"
"","6783344","","0","1","0","17.99","8.5","LST","FLUVAL","FLVL AC50 MEDIA KIT 4PC"
"","6779701","","0","1","0","56.99","34.82","LST","WHOLESOME BLEND","WB CT CHK & DK 11LB"
"","6407298","","0","1","0","85.99","58.11","LST","WHOLESOME BLEND","WB DG CHK&DK 25LB"
"","6782953","","0","1","0","19.99","10","LST","EARTH RATED","ER DG DBL SHMP WT BSL 16OZ"
"","6783342","67658","0","1","0","10.99","4.25","LST","FLUVAL","FLVL AC20/30 ZEO-CRB INRT 3PK"
"","6777371","","0","1","0","18.99","9.31","LST","OPEN FARM","OPFM DG FD BEEF LIVER3oz"
"","6783343","","0","1","0","12.99","6","LST","FLUVAL","FLVL AC20 MEDIA KIT 4PC"
"","6777475","","0","1","0","94.99","56.12","ROS","BLUE BUFFALO","BLU CT TS S&C SLM 15LB"
"","6771285","","0","1","0","13.99","7.69","LST","BE WILD","BW DG BISON TRAINERS5.3oz"
"","6770111","","0","1","0","14.99","7.85","LST","LORD JAMESON","LJ DG LOVEPUFFS GONANAS 4OZ"
"","6783164","67670","0","1","0","79.99","54","LST","FLUVAL","FLVL AC 50 PWR FLTR 50GAL"
"","6783166","67690","0","1","0","159.99","107.5","LST","FLUVAL","FLVL AC 110 PWR FLTR 110GAL"
"","6776935","","0","1","0","8.99","4.5","LST","PAWSITIVELY PURRFECT","PWY PRFCT CT TREAT SPOON EA"
"","6777356","","0","1","0","12.99","6.37","LST","OPEN FARM","OPFM DG BTTR BISCT SLM&OTML8oz"
"","6776259","","0","1","0","114.99","80.58","LST","OPEN FARM","OPFM DG RAWMIX AG LG BR 20LB"
"","6777636","","30","30","0","11.99","5.645","LST","REDBARN","RB DG BLLY WRPD CLLGN STK1eaLG"
"","6240880","","0","1","0","29.99","20.3","LST","WHOLESOME BLEND","WB DG PF COD&PMKN 5LB"
"","6783341","","0","1","0","5.99","3","LST","FLUVAL","FLVL AC20/30 CLEAR-CRB INRT"
"","6783165","67680","0","1","0","99.99","70","LST","FLUVAL","FLVL AC 70 PWR FLTR 70GAL"
"","6640353","","0","1","0","12.99","6.13","LST","BENNY BULLY'S","B BUL DG FD BISON LIVER2.1oz"
"","6777352","","0","1","0","12.99","6.37","LST","OPEN FARM","OPFM DG BTTR BISCT BF&OTML8oz"
"","6780166","","0","1","0","19.99","13.2","LST","NATURE'S MIRACLE","NM CT ADV PLAT CNIP SPR 236ML"
"","6774254","","0","1","0","27.99","13.8","OOS","ARK NATURALS","ARK DG FRTF BRSHLS TPST 12OZSM"
"","6774257","","0","1","0","10.99","5.48","LST","ARK NATURALS","ARK DG BRTH BURSTS PMINT 4OZ"
"","6776263","","0","1","0","36.99","25.56","LST","OPEN FARM","OPFM DG RAWMIX AG TD&TR 3.5LB"
"","6776206","","0","1","0","48.99","33.6","LST","OPEN FARM","OPFM DG FD PUP C&S 13.5OZ"
"","6785671","","0","1","0","34.99","17.5","LST","CANADA POOCH","CP DG WATERPROF COLLAR LVNRD L"
"","6785763","","0","1","0","59.99","30","LST","CANADA POOCH","CP DG NEOPRENE HRN BLK 1XL"
"","6776235","","0","1","0","50.99","34.98","LST","OPEN FARM","OPFM DG FD RAWMIX PRAIR 13.5OZ"
"","6785761","","0","1","0","56.99","28.5","LST","CANADA POOCH","CP DG NEOPRENE HRN BLK 1LG"
"","6776262","","0","1","0","129.99","91.08","LST","OPEN FARM","OPFM DG RAWMIX TD&TR 20LB"
"","6783405","","0","1","0","29.99","15","LST","CANADA POOCH","CP DG WATERPROF COLLAR LVNRD S"
"","6783408","","0","1","0","49.99","25","LST","CANADA POOCH","CP DG NEOPRENE HRN BLK 1SM"
"","6776255","","0","1","0","50.99","34.98","LST","OPEN FARM","OPFM DG FD RAWMIX FR RG 13.5OZ"
"","6776261","","0","1","0","38.99","26.94","LST","OPEN FARM","OPFM DG RAWMIX TD&TR 3.5LB"
"","6785669","","0","1","0","32.99","16.5","LST","CANADA POOCH","CP DG WATERPROF COLLAR LVNRD M"
"","6776257","","0","1","0","119.99","84.07","LST","OPEN FARM","OPFM DG RAWMIX LG BR 20LB"
"","6776256","","0","1","0","50.99","34.98","LST","OPEN FARM","OPFM DG FD RAWMIX TD&TR 13.5OZ"
"","6785760","","0","1","0","52.99","26.5","LST","CANADA POOCH","CP DG NEOPRENE HRN BLK 1MD"
"","6777212","","0","1","0","34.99","14.6","LST","JUMP","JMP DG VST HRN TRZO GRN 1LG"
"","6405432","","0","1","0","17.99","8.82","LST","MESSY CATS","MCAT SILCN MAT MARBLE 1EA"
"","6777172","","0","1","0","22.99","8","LST","JUMP","JMP CLR MRTNGL TRZO GRN 1XS"
"","6777199","","0","1","0","26.99","9.25","LST","JUMP","JMP CLR MRTNGL GEO ORG 1MD"
"","6777154","","0","1","0","139.99","84.03","LST","TRIXIE","TRX CT MATEO WLL MNT BRDGE 1EA"
"","6782924","","0","1","0","8.99","4.15","LST","BIONIC","BIONIC DG BALL 1SM"
"","6783103","","0","1","0","26.99","18.2","LST","GO! SOLUTIONS","GO! CT WGT&JNT GF SL 3LB"
"","6785786","","0","1","0","56.99","28.5","LST","CANADA POOCH","CP DG NEOPRENE HRN LVNDR 1LG"
"","6785788","","0","1","0","59.99","30","LST","CANADA POOCH","CP DG NEOPRENE HRN LVNDR 1XL"
"","6777179","","0","1","0","28.99","10","LST","JUMP","JMP CLR MRTNGL TRZO GRN 1LG"
"","6773646","","0","1","0.25","31.99","17.02","LST","WELLMARK","WM DG CHLORHEXIDINE SHMP 16OZ"
"","6779990","","0","1","0","8.99","4.1","LST","HUGGLEHOUNDS","HH POPPY OWL RUFF-TEX 1SM"
"","6779756","","0","1","0.25","24.99","13.74","LST","CLIFFORD","CLIFFORD DG HOUSE PZL PLSH 1EA"
"","6777306","","0","1","0","43.99","28.65","LST","HILL'S SCIENCE DIET","SD DG PUP SS&S S&BR 4LB"
"","6776358","","0","1","0","9.99","5","OOS","CATIT","CATIT AIRSIFT POD 1EA"
"","6777210","","0","1","0","32.99","13.75","LST","JUMP","JMP DG VST HRN TRZO GRN 1SM"
"","6783097","","0","1","0","41.99","28.32","LST","GO! SOLUTIONS","GO! CT GUT HLTH CHK WG 6LB"
"","6783411","","0","1","0","49.99","25","LST","CANADA POOCH","CP DG WATERPROOF LSH BLK S/M"
"","6777316","","0","12","0","5.79","3.6975","LST","HILL'S SCIENCE DIET","SD DG WT&JT SP VG&TN 12.5OZ"
"","6777216","","0","1","0","34.99","14.6","LST","JUMP","JMP DG VST HRN PNT BLU 1LG"
"","6777229","","0","1","0","34.99","14.6","LST","JUMP","JMP DG VST HRN TIE DYE PNK 1MD"
"","6783020","","0","1","0","16.99","7.85","LST","BIONIC","BIONIC DG BONE 1MD"
"","6785758","","0","1","0","32.99","16.5","LST","CANADA POOCH","CP DG EASY-ON HRNS BLK 1LG"
"","6785757","","0","1","0","32.99","16.5","LST","CANADA POOCH","CP DG EASY-ON HRNS BLK 1MD"
"","6777222","","0","1","0","32.99","13.75","LST","JUMP","JMP DG VST HRN GEO ORG 1SM"
"","6777165","","0","1","0","228.99","137.2","LST","TRIXIE","TRX CT LTR BX PET HOUSE WH 1XL"
"","6783128","","0","1","0","43.99","29.67","LST","GO! SOLUTIONS","GO! CT WGT&JNT GF SL 6LB"
"","6779985","","0","1","0","22.99","11.45","LST","HUGGLEHOUNDS","HH FLUFFER PENELOPE PIG 1EA"
"","6783027","","0","1","0","9.99","6","LST","POOCHIE PETS","PCHPT DG TRLBLZN BELL BLK 1SM"
"","6779983","","0","1","0","19.99","10.08","LST","HUGGLEHOUNDS","HH FLATTS DG BOBBIE BUNNY 1EA"
"","6777219","","1","1","0","34.99","14.6","LST","JUMP","JMP DG VST HRN STRIPE RED 1MD"
"","6777314","","0","12","1","5.79","3.6975","LST","HILL'S SCIENCE DIET","SD DG PUP SS&S S&VGSTW 12.5OZ"
"","6779980","","0","1","0","19.99","10.08","LST","HUGGLEHOUNDS","HH FLATTIES MORRIS MOOSE 1EA"
"","6779982","","0","1","0","14.99","7.49","LST","HUGGLEHOUNDS","HH HAMLET PIG RUFF-TEX 1LG"
"","6779757","","0","1","0","24.99","13.74","LST","CLIFFORD","CLIFFORD DG SNFFLE MAT PZL 1EA"
"","6777213","","0","1","0","32.99","13.75","LST","JUMP","JMP DG VST HRN PNT BLU 1XS"
"","6472531","1501032","0","1","0","34.99","18.54","LST","FLEXI","FLEXI DG NEON TAPE SM 16FT"
"","6769470","","0","1","0","13.99","6.99","LST","FOUFIT","FFIT DG FZY WZY OCTOPUS 1SM"
"","6480480","","0","1","0","14.99","7.5","LST","CATIT","CATIT PIXI SNGL DISH WHITE 1EA"
"","6777211","","0","1","0","34.99","14.6","LST","JUMP","JMP DG VST HRN TRZO GRN 1MD"
"","6783403","","0","1","0","29.99","15","LST","CANADA POOCH","CP DG WATERPROOF COLLAR BLK S"
"","6235220","","0","1","0","15.99","8","LST","MESSY CATS","MCAT SILCN FEED MAT GRY 1EA"
"","6480329","","0","1","0","29.99","14.7","LST","MESSY CATS","MCAT SILCN FEEDING MAT 1EA"
"","6776932","","0","1","0","62.99","37.33","LST","TRIXIE","TRX CT LORENA WLL MNT WH 1EA"
"","6783406","","0","1","0","28.99","14.5","LST","CANADA POOCH","CP DG EASY-ON HRNS BLK 1XS"
"","6785663","","0","1","0","34.99","17.5","LST","CANADA POOCH","CP DG WATERPROOF COLLAR BLK L"
"","6776820","","0","1","0","229.99","138","LST","CATIT","CATIT PIXI VISION SMRT FDR"
"","6773640","","0","1","0","32.99","18.75","LST","WELLMARK","WM DG CHLORHEXIDINE SPRY 8OZ"
"","6529908","","0","1","0","99.99","51","LST","CATIT","CATIT PIXI SMRT MSE CAMERA 1EA"
"","6779986","","0","1","0","19.99","9.16","LST","HUGGLEHOUNDS","HH KNOTTIE MOBIE WHALE 1SM"
"","6776448","1504645","0","1","0","27.99","14.39","LST","SKOUT'S HONOR","SKHNR DG HNYSKL SHMP BIL 16oz"
"","6785563","6469888","0","1","0","27.99","14.39","LST","SKOUT'S HONOR","SKHNR DG HP SHMP BIL 16OZ"
"","6777169","","0","1","0","24.99","8.6","LST","JUMP","JMP CLR MRTNGL ZIGZAG B&W 1SM"
"","6783026","","0","1","0","9.99","6","LST","POOCHIE PETS","PCHPT DG TRLBLZN BELL BLK 1LG"
"","6777214","","0","1","0","32.99","13.75","LST","JUMP","JMP DG VST HRN PNT BLU 1SM"
"","6777209","","0","1","0","32.99","13.75","LST","JUMP","JMP DG VST HRN TRZO GRN 1XS"
"","6779984","","0","1","0","22.99","11.45","LST","HUGGLEHOUNDS","HH FLUFFER LOUISE LAMB 1EA"
"","6779769","","0","1","0","18.99","10.44","LST","CLIFFORD","CLIFFORD DG RPE PLSH 1EA"
"","6777207","","0","1","0","34.99","14.6","LST","JUMP","JMP DG VST HRN ZIGZAG B&W 1MD"
"","6779768","","0","1","0","18.99","10.44","LST","CLIFFORD","CLIFFORD DG SNFFY MAT PLSH 1EA"
"","6782928","","0","1","0","9.99","4.62","LST","BIONIC","BIONIC DG BONE 1SM"
"","6777205","","0","1","0","32.99","13.75","LST","JUMP","JMP DG VST HRN ZIGZAG B&W 1XS"
"","6782923","","0","1","0","24.99","11.54","LST","BIONIC","BIONIC DG URBAN STK 1LG"
"","6777200","","0","1","0","28.99","10","LST","JUMP","JMP CLR MRTNGL GEO ORG 1LG"
"","6780389","","0","1","0","10.99","6.85","LST","CHUCKIT","CHUCKIT DG ULTRA BALL 1MD"
"","6466613","","0","1","0","19.99","10","LST","PET DREAM HOUSE","PDH DG DISC LICKMAT BLU 1EA"
"","6777313","","0","1","0","91.99","63.99","LST","HILL'S SCIENCE DIET","SD DG PUP SS&S S&BR 13LB"
"","6773645","","0","1","0","31.99","16.12","LST","WELLMARK","WM DG SEBORRHEA SHMP 16OZ"
"","6785566","6469890","0","1","0","17.99","8.16","LST","SKOUT'S HONOR","SKHNR DG HP DEODORIZER BIL 8OZ"
"","6777206","","0","1","0","32.99","13.75","LST","JUMP","JMP DG VST HRN ZIGZAG B&W 1SM"
"","6777228","","0","1","0","34.99","14.6","LST","JUMP","JMP DG VST HRN TIE DYE PNK 1LG"
"","6777445","","0","1","0","16.99","8.5","LST","MESSY CATS","MSCT CT SHAPE SLCN MAT 1EA"
"","6777184","","0","1","0","26.99","9.25","LST","JUMP","JMP CLR MRTNGL PNT BLU 1MD"
"","6777189","","0","1","0","24.99","8.6","LST","JUMP","JMP CLR MRTNGL STRIPE RED 1SM"
"","6237293","","0","1","0","24.99","13.74","LST","HUGGLEHOUNDS","HH KNOTTIE RAINBOW TROUT 1LG"
"","6785785","","0","1","0","52.99","26.5","LST","CANADA POOCH","CP DG NEOPRENE HRN LVNDR 1MD"
"","6750178","","0","1","0","12.99","7.1","LST","MULTIPET","MP LSH WRAP PET ME PLEASE 1EA"
"","6617471","","0","1","0","49.99","30","LST","CATIT","CATIT FLUFFY BED GREY 20IN"
"","6779763","","0","1","0","11.99","6.59","LST","CLIFFORD","CLIFFORD DG TOUGHIE BONE 1EA"
"","6777272","","0","1","0","39.99","19.6","LST","MESSY CATS","MSCT CT SILCN MAT W DBL BWL1EA"
"","6783025","","0","1","0","9.99","6","LST","POOCHIE PETS","PCHPT DG TRLBLZN BELL ORG 1SM"
"","6744023","","0","1","0","12.99","7.1","LST","MULTIPET","MP LSH WRAP I AM FRIENDLY 1EA"
"","6779979","","0","1","0","19.99","10.08","LST","HUGGLEHOUNDS","HH FLATTIES REGGIE RACCOON 1EA"
"","6783024","","0","1","0","9.99","6","LST","POOCHIE PETS","PCHPT DG TRLBLZN BELL ORG 1LG"
"","6777202","","0","1","0","24.99","8.6","LST","JUMP","JMP CLR MRTNGL TIE DYE PNK 1SM"
"","6617472","","0","1","0","49.99","30","LST","CATIT","CATIT FLUFFY BED WHITE 20IN"
"","6783404","","0","1","0","29.99","15","LST","CANADA POOCH","CP DG WATERPROOF COLLAR GRN S"
"","6780697","","0","1","0","14.99","6.92","LST","BIONIC","BIONIC DG URBAN STK 1SM"
"","6777170","","0","1","0","26.99","9.25","LST","JUMP","JMP CLR MRTNGL ZIGZAG B&W 1MD"
"","6239903","","0","1","0","19.99","10.39","LST","PLAY","PLAY DG ZMRX INFINIDISC 1LG"
"","6782926","","1","1","0","12.99","6","LST","BIONIC","BIONIC DG BALL 1MD"
"","6782927","","0","1","0","16.99","7.85","LST","BIONIC","BIONIC DG BALL 1LG"
"","6236526","","0","1","0","9.99","4.9","LST","MESSY CATS","MCAT SILCN LICKING MAT GRY 1EA"
"","6776812","","0","1","0","139.99","84","LST","CATIT","CATIT PIXI SS 6 MEAL FDR 1EA"
"","6744768","","0","1","0","14.99","7.35","LST","MESSY CATS","MCAT SLOW FEEDER COOL GRY 1EA"
"","6776813","","0","1","0","39.99","24","LST","CATIT","CATIT PIXI SS 6 ML RPL TRY"
"","6777215","","0","1","0","34.99","14.6","LST","JUMP","JMP DG VST HRN PNT BLU 1MD"
"","6777204","","0","1","0","28.99","10","LST","JUMP","JMP CLR MRTNGL TIE DYE PNK 1LG"
"","6777201","","0","1","0","22.99","8","LST","JUMP","JMP CLR MRTNGL TIE DYE PNK 1XS"
"","6777192","","0","1","0","26.99","9.25","LST","JUMP","JMP CLR MRTNGL STRIPE RED 1MD"
"","6773643","","0","1","0","32.99","18.75","LST","WELLMARK","WM DG CHLORHEXIDINE PADS 50CT"
"","6777220","","0","1","0","34.99","14.6","LST","JUMP","JMP DG VST HRN STRIPE RED 1LG"
"","6466371","","0","1","0","19.99","10","LST","PET DREAM HOUSE","PDH DG DISC LICKMAT ORNG 1EA"
"","6785791","","0","1","0","54.99","27.5","LST","CANADA POOCH","CP DG WATERPROOF LSH LVND L XL"
"","6783021","","0","1","0","14.99","6.92","LST","BIONIC","BIONIC DG TUG N TOSS RING 1EA"
"","6785672","","0","1","0","54.99","27.5","LST","CANADA POOCH","CP DG WATERPROOF LSH BLK L/XL"
"","6779760","","0","1","0.25","17.99","9.89","LST","CLIFFORD","CLIFFORD DG SNGLE BUD PLSH 1EA"
"","6777225","","0","1","0","32.99","13.75","LST","JUMP","JMP DG VST HRN TIE DYE PNK 1XS"
"","6655086","","0","1","0","22.99","12.15","LST","BENEBONE","BBONE DG TRIPE BONE 1MD"
"","6783270","","0","1","0","31.99","16","LST","PET DREAM HOUSE","PDH DG BLSSM SNFFLE MT BLU 2PK"
"","6777158","","0","1","0","155.99","93.54","LST","TRIXIE","TRX CT LTR BX PET HOUSE WH 1EA"
"","6783412","","0","1","0","49.99","25","LST","CANADA POOCH","CP DG WATERPROOF LSH GRN S M"
"","6779762","","0","1","0","16.99","9.34","LST","CLIFFORD","CLIFFORD DG FURRY FRD PLSH 1EA"
"","6744025","","0","1","0","12.99","7.1","OOS","MULTIPET","MP LSH WRAP DO NOT PET 1EA"
"","6777197","","0","1","0","24.99","8.6","LST","JUMP","JMP CLR MRTNGL GEO ORG 1SM"
"","6785564","1504642","0","1","0","18.99","9.19","LST","SKOUT'S HONOR","SKHNR DG HNYSUKL DEODR BIL 8OZ"
"","6777183","","0","1","0","24.99","8.6","LST","JUMP","JMP CLR MRTNGL PNT BLU 1SM"
"","6777180","","0","1","0","22.99","8","LST","JUMP","JMP CLR MRTNGL PNT BLU 1XS"
"","6777176","","0","1","0","26.99","9.25","LST","JUMP","JMP CLR MRTNGL TRZO GRN 1MD"
"","6751227","52706","0","1","0","9.79","4.95","LST","LITTERLOCKER","LITTERLOCKER ECO RFL 1EA"
"","6655197","","1","1","0","22.99","12.15","LST","BENEBONE","BBONE DG PUPPY FSHBNE TINY 2PC"
"","6777208","","0","1","0","34.99","14.6","LST","JUMP","JMP DG VST HRN ZIGZAG B&W 1LG"
"","6740434","","0","1","0","119.99","72","LST","CATIT","CATIT PIXI SMRT VACM CONTNR1EA"
"","6782930","","0","1","0","24.99","11.54","LST","BIONIC","BIONIC DG BONE 1LG"
"","6782848","","0","1","0","119.88","61.77","LST","ATOMIC BUBBLES","AB DG PUPLOVE BUBBLES PDQ 12PC"
"","6785562","6234139","0","1","0","27.99","14.39","LST","SKOUT'S HONOR","SKHNR DG WD SHMP BIL 16OZ"
"","6777166","","0","1","0","228.99","137.2","LST","TRIXIE","TRX CT LTR BX PET HOUSE BR 1XL"
"","6777175","","0","1","0","24.99","8.6","LST","JUMP","JMP CLR MRTNGL TRZO GRN 1SM"
"","6785751","","0","1","0","44.99","22.5","LST","CANADA POOCH","CP DG WALKING BAG GRN O/S"
"","6777217","","0","1","0","32.99","13.75","LST","JUMP","JMP DG VST HRN STRIPE RED 1XS"
"","6785810","","0","1","0","54.99","27.5","LST","CANADA POOCH","CP DG WATERPROOF LSH GRN L XL"
"","6783413","","0","1","0","44.99","22.5","NEW","CANADA POOCH","CP DG WALKING BAG BLK O/S"
"","6785664","","0","1","0","32.99","16.5","LST","CANADA POOCH","CP DG WATERPROOF COLLAR GRN M"
"","6777203","","0","1","0.25","26.99","9.25","LST","JUMP","JMP CLR MRTNGL TIE DYE PNK 1MD"
"","6783269","","0","1","0","31.99","16","LST","PET DREAM HOUSE","PDH DG BLSSM SNFFLE MT PNK 2PK"
"","6777226","","0","1","0","32.99","13.75","LST","JUMP","JMP DG VST HRN TIE DYE PNK 1SM"
"","6783094","","0","1","0","25.99","17.53","LST","GO! SOLUTIONS","GO! CT GUT HLTH CHK WG 3LB"
"","6744024","","0","1","0","12.99","7.1","LST","MULTIPET","MP LSH WRAP TRAINING 1EA"
"","6777469","","0","1","0","14.99","7.79","LST","PLAY","PLAY DG ZMRX INFINIDISC 1SM"
"","6777193","","0","1","0","28.99","10","LST","JUMP","JMP CLR MRTNGL STRIPE RED 1LG"
"","6750786","","0","1","0.5","22.99","12.15","LST","BENEBONE","BBONE DG RING BCN 1MD"
"","6783098","","0","1","0","69.99","47.21","LST","GO! SOLUTIONS","GO! CT GUTHLTH CHK WG 12LB"
"","6779889","","0","1","0","82.99","41.58","LST","VAN NESS","VN VN HOODED PAN W FLIP DR 1EA"
"","6785662","","0","1","0","32.99","16.5","LST","CANADA POOCH","CP DG WATERPROOF COLLAR BLK M"
"","6616570","","0","1","0","7.99","4","LST","CATIT","CATIT PIXI SCOOP GREY 1EA"
"","6777196","","0","1","0","22.99","8","LST","JUMP","JMP CLR MRTNGL GEO ORG 1XS"
"","6779767","","0","1","0","13.99","7.69","LST","CLIFFORD","CLIFFORD DG LIL NAPPER 1EA"
"","6408339","","0","1","0","9.99","4.77","LST","KONG","KONG CT PULL-A-PARTZ YARNZ 1EA"
"","6782925","","0","1","0","24.99","11.54","LST","BIONIC","BIONIC DG TRT STUFFER 1EA"
"","6472020","","0","1","0","38.99","19.5","LST","PET DREAM HOUSE","PDH DG SPIN FDR BLU EASY 1EA"
"","6777218","","1","1","0","32.99","13.75","LST","JUMP","JMP DG VST HRN STRIPE RED 1SM"
"","6655242","","1","1","0","34.99","18.8","LST","BENEBONE","BBONE DG FB/WB MED 2PC"
"","6779761","","0","1","0","11.99","6.59","LST","CLIFFORD","CLIFFORD DG RPE N WRNGLE 1EA"
"","6777221","","0","1","0","32.99","13.75","LST","JUMP","JMP DG VST HRN GEO ORG 1XS"
"","6779764","","0","1","0","16.99","10.19","LST","CLIFFORD","CLIFFORD DG SLIDING FLYER 1EA"
"","6777144","","0","1","0","21.99","10.77","LST","BENEBONE","BBONE PUPPY WB&RB BCN TINY 2PC"
"","6777224","","0","1","0","34.99","14.6","LST","JUMP","JMP DG VST HRN GEO ORG 1LG"
"","6785565","6234141","0","1","0","18.99","9.19","OOS","SKOUT'S HONOR","SKHNR DG WD DEODR BIL 8OZ"
"","6779755","","0","1","0","16.99","9.34","LST","CLIFFORD","CLIFFORD DG RUFFNTGH PLSH 1EA"
"","6237294","","0","1","0","19.99","9.16","LST","HUGGLEHOUNDS","HH KNOTTIE RAINBOW TROUT 1SM"
"","6779989","","0","1","0","24.99","13.74","LST","HUGGLEHOUNDS","HH KNOTTIE MOBIE WHALE 1LG"
"","6783130","","0","1","0","72.99","49.23","LST","GO! SOLUTIONS","GO! CT WGT&JNT GF SL 12LB"
"","6780367","","0","1","0","131.94","65.97","INOT","FITDOG","FITDOG DG 6PC CLIPSTRIP 1EA"
"","6785756","","0","1","0","28.99","14.5","LST","CANADA POOCH","CP DG EASY-ON HRNS BLK 1SM"
"","6777185","","0","1","0","28.99","10","LST","JUMP","JMP CLR MRTNGL PNT BLU 1LG"
"","6785755","","0","1","0","44.99","22.5","LST","CANADA POOCH","CP DG WALKING BAG LVNDR O/S"
"","6777188","","0","1","0","22.99","8","LST","JUMP","JMP CLR MRTNGL STRIPE RED 1XS"
"","6776234","","0","1","0","167.99","100.8","ROS","KURGO","KURGO DG RUCKSACK GREY 1EA"
"","6777265","","0","1","0","24.99","12.5","LST","MESSY CATS","MSCT CT SILCN MT W SNGL BWL1EA"
"","6783410","","0","1","0","49.99","25","LST","CANADA POOCH","CP DG NEOPRENE HRN LVNDR 1SM"
"","6777171","","0","1","0","28.99","10","LST","JUMP","JMP CLR MRTNGL ZIGZAG B&W 1LG"
"","6640799","","0","1","0","19.99","10","NEW","CATIT","CATIT PIXI FOUNTN SS TOP 1EA"
"","6776207","","0","1","0","192.99","115.75","ROS","KURGO","KURGO DG GTRAIN BKPK NAVY 1EA"
"","6782922","","0","1","0","19.99","9.23","LST","BIONIC","BIONIC DG URBAN STK 1MD"
"","6785665","","0","1","0","34.99","17.5","LST","CANADA POOCH","CP DG WATERPROOF COLLAR GRN L"
"","6777223","","0","1","0","34.99","14.6","LST","JUMP","JMP DG VST HRN GEO ORG 1MD"
"","6777152","","0","1","0","62.99","37.33","LST","TRIXIE","TRX CT LORENA WLL MNT GRY 1EA"
"","6760790","","0","1","0","114.99","69.51","LST","PARAPET","K9 PRAVENTA 360 XL DG 6PK"
"","6777168","","0","1","0","22.99","8","LST","JUMP","JMP CLR MRTNGL ZIGZAG B&W 1XS"
"","6785674","","0","1","0","49.99","25","LST","CANADA POOCH","CP DG WATERPROOF LSH LVND S M"
"","6783324","67664","0","1","0","4.99","2","LST","FLUVAL","FLVL AC30 BIO-FOAM INRT 1EA"
"","6773376","","0","1","0","29.99","15","INOT","GOO-EEZ","GZ DG PACKABLE PONCHO RED 1SM"
"","6780689","","0","1","0","36.99","25.37","LST","OPEN FARM","OPFM DG AD PLK&LMB 1LB"
"","6783274","67677","0","1","0","9.99","4","LST","FLUVAL","FLVL AC50 BIO-FOAM INRT 3PK"
"","6771016","","0","12","5","3.79","2.5967","LST","OPEN FARM","OPFM CT GF HRVST SL 5.3OZ"
"","6783331","67656","1","1","0","9.99","4.5","LST","FLUVAL","FLVL AC20/30 CRBN INRT 3PK"
"","6779734","","2","1","0.25","9.99","4.5","LST","PERFORMATRIN ULTRA","PERF ULT CHS PUFF PB 2.5OZ"
"","Y2525","","0","1","0","12.99","6.25","LST","OXBOW","OXB ENLF ROLL AROUNDS 1EA"
"","6407747","","0","1","0","10.99","3.96","LST","OXBOW","OXB ENLF CRUNCHY CARROT 1EA"
"","6783268","67687","0","1","0","14.99","7","LST","FLUVAL","FLVL AC70 BIO-FOAM INRT 3PK"
"","6476825","","0","1","0","18.99","7.68","LST","OXBOW","OXB ESN SENIOR RABBIT 4LB"
"","6769493","","2","1","0.25","11.99","6","LST","PERFORMATRIN ULTRA","PERF ULT DG TRNG BTS CHK 6OZ"
"","6771014","","0","18","0","2.79","1.9111","LST","OPEN FARM","OPFM CT GF HRVST CHK 2.8OZ"
"","6406951","","2","1","0","10.99","5.6","LST","OXBOW","OXB ENLF APL STICK BOUQUET 1EA"
"","6780669","6409660","0","8","0","5.99","4.0625","LST","TIKI DOG","TIKI DG WRLD DUCK 9OZ"
"","6656274","","0","1","0","16.99","6.56","LST","OXBOW","OXB CHICKEN FERRET TREATS 3OZ"
"","6739789","","0","1","0","21.99","15.9","LST","VITAL ESSENTIALS","VE DG FD RAW BF NIBS 5.5OZ"
"","6780693","","0","1","0","74.99","51.44","LST","OPEN FARM","OPFM DG AD SRF&TRF 2LB"
"","6769483","","0","16","0","4.49","1.8","LST","PERFORMATRIN ULTRA","PERF ULT DG JKYSTK SP 0.95OZ"
"","6780692","","0","1","0","62.99","43.21","LST","OPEN FARM","OPFM DG AD PLK&LMB 2LB"
"","6773385","","0","1","0","34.99","17.5","INOT","GOO-EEZ","GZ DG PACKABLE PONCHO RED 1LG"
"","6783312","67657","0","1","0","7.99","3","LST","FLUVAL","FLVL AC20 BIO-FOAM INRT 3PK"
"","6767406","1000463","0","12","0.25","4.49","2.5692","LST","PERFORMATRIN NATURALS","PERF NTRL DG CK&VG PATE 13OZ"
"","6739791","","0","1","0","19.99","14.45","LST","VITAL ESSENTIALS","VE DG FD RAW CK NIBS 5.5OZ"
"","6657814","","0","1","0","19.99","7.68","LST","OXBOW","OXB ESN SENIOR GUINEA PIG 4LB"
"","6767407","1000464","0","12","0.25","4.49","2.5692","LST","PERFORMATRIN NATURALS","PERF NTRL DG TK&VG PATE 13OZ"
"","6769485","","0","16","0","4.49","1.8","LST","PERFORMATRIN ULTRA","PERF ULT DG JKYSTK CHK 0.95OZ"
"","6783323","67667","0","1","0","8.99","3.5","LST","FLUVAL","FLVL AC30 BIO-FOAM INRT 3PK"
"","6473285","","0","1","0","39.99","20.58","LST","OXBOW","OXB ENLF TIMOTHY PARTY PK 1EA"
"","6769480","","16","16","0","4.49","1.8","LST","PERFORMATRIN ULTRA","PERF ULT DG JKYSTK SLM 0.95OZ"
"","6780688","","0","1","0","36.99","25.37","LST","OPEN FARM","OPFM DG AD CHK 1LB"
"","6783267","67694","0","1","0","12.99","6.5","LST","FLUVAL","FLVL AC110 BIO-FOAM INRT 1EA"
"","6771339","","0","18","0.5","2.79","1.9111","LST","OPEN FARM","OPFM CT GF HRVST KIT 2.8OZ"
"","6769494","","0","1","0","11.99","6","LST","PERFORMATRIN ULTRA","PERF ULT DG TRNG BTS SP 6OZ"
"","Y2519","","0","1","0","10.99","3.96","LST","OXBOW","OXB ENLF CRAZY HAY BALL 1EA"
"","6770044","","0","12","0","4.49","2.25","LST","PERFORMATRIN PRIME","PERF PRM CT LCKBLS URN CHK 2OZ"
"","6779733","","0","1","0","9.99","4.5","LST","PERFORMATRIN ULTRA","PERF ULT DG CHS PUF TRMC 2.5OZ"
"","6773391","","0","1","0","34.99","17.5","INOT","GOO-EEZ","GZ DG PACKABLE PONCHO BLUE 1LG"
"","6773375","","0","1","0","29.99","15","INOT","GOO-EEZ","GZ DG PACKABLE PONCHO RED 1XS"
"","6783077","","0","25","0.75","25.99","11.5","LST","PERFORMATRIN ULTRA","PERF ULT DG REG BULL STCK24IN"
"","6773363","","0","1","0","29.99","15","INOT","GOO-EEZ","GZ DG PACKABLE PONCH CHRCL 1XS"
"","6771338","","0","18","0","2.79","1.9111","LST","OPEN FARM","OPFM CT GF HRVST TKY 2.8OZ"
"","6783333","67683","0","1","0","9.99","4","LST","FLUVAL","FLVL AC70/110 CRBN INRT 1EA"
"","6783327","","0","1","0","1.99","1","LST","FLUVAL","FLVL AC203050 ITK STRN SPG 1EA"
"","6783325","67654","0","1","0","3.99","1.5","LST","FLUVAL","FLVL AC20 BIO-FOAM INRT 1EA"
"","6739797","","0","1","0","33.99","23.16","LST","VITAL ESSENTIALS","VE DG FD RAW RB NIBS 5.5OZ"
"","6770045","","12","12","2","4.49","2.25","LST","PERFORMATRIN PRIME","PERF PRM CT LCKBLS HW SPR 2OZ"
"","6769839","","0","1","0","13.99","7.69","LST","BE WILD","BW DG KANGAROO TRNRS 5.3OZ"
"","6780690","","0","1","0","39.99","27.43","LST","OPEN FARM","OPFM DG AD SRF&TRF 1LB"
"","6740621","","0","1","0","12.99","6.13","LST","THIS & THAT","T&T DG SYDNEYS FISH SNAP 3.5OZ"
"","6777160","","0","1","0","0.01","0.01","LST","BRIGHT PLANET","BP DG SAMPLE PACKS MX1oz"
"","6783329","67676","0","1","0","11.99","6","LST","FLUVAL","FLVL AC50 CRBN INRT 3PK"
"","6777334","","0","1","0","17.99","9.45","OOS","NUTRI-VET","NTRIVT CT URN EASE GEL 3OZ"
"","6739793","","0","1","0","21.99","15.9","LST","VITAL ESSENTIALS","VE DG FD RAW TK NIBS 5.5OZ"
"","6654812","","0","1","0","16.99","8.54","ROS","CHARMY PET","CHP DG BLUE MUSSEL 3.5OZ"
"","6783334","67686","0","1","0","17.99","7","LST","FLUVAL","FLVL AC70/110 CRBN INRT 3PK"
"","6771017","","0","12","1.5","3.79","2.5967","LST","OPEN FARM","OPFM CT GF HRVST CHK&BF 5.3OZ"
"","6780730","","0","18","0","2.79","1.9111","LST","OPEN FARM","OPFM CT GF HRVST CHK&BF 2.8OZ"
"","6783326","","0","1","0","2.99","1.5","OOS","FLUVAL","FLVL AC70110 INTK STRNSPNG 1EA"
"","6783328","67653","0","1","0","4.99","2","LST","FLUVAL","FLVL AC20/30 CRBN INRT 1EA"
"","6233879","","0","1","0","10.99","5.6","LST","OXBOW","OXB ENLF TIMOTHY POP CAROT 1EA"
"","6739795","","0","1","0","27.99","19.07","LST","VITAL ESSENTIALS","VE DG FD RAW DK NIBS 5.5OZ"
"","6783332","67673","0","1","0","6.99","2.75","LST","FLUVAL","FLVL AC50 CRBN INRT 1EA"
"","6771018","","0","12","1","3.79","2.5967","LST","OPEN FARM","OPFM CT GF HRVST TKY 5.3OZ"
"","6767408","1000465","0","12","1.25","4.49","2.5692","LST","PERFORMATRIN NATURALS","PERF NTRL DG BF&VG PATE 13OZ"
"","6769535","","0","1","0.25","11.99","6","OOS","PERFORMATRIN ULTRA","PERF ULT DG TRNG BTS SLM 6OZ"
"","6769536","","2","1","0","11.99","6","LST","PERFORMATRIN ULTRA","PERF ULT DG TRNG BTS BF 6OZ"
"","6773369","","0","1","0","29.99","15","INOT","GOO-EEZ","GZ DG PACKABLE PONCHO ORG 1XS"
"","6770011","","0","12","0.25","4.49","2.25","LST","PERFORMATRIN PRIME","PERF PRM CT LCKBLS S&C SLM 2OZ"
"","6771337","","0","18","0","2.79","1.9111","LST","OPEN FARM","OPFM CT GF HRVST SL 2.8OZ"
"","6407143","","0","1","0","10.99","4.75","LST","OXBOW","OXB ENLF TIMOTHY ORG SLICE 1EA"
"","6770043","","12","12","2","4.49","2.25","LST","PERFORMATRIN PRIME","PERF PRM CT LCKBLS HB TN 2OZ"
"","6771020","","0","12","1.5","3.79","2.5967","LST","OPEN FARM","OPFM CT GF HRVST CHK 5.3OZ"
"","6769484","","16","16","0","4.49","1.8","LST","PERFORMATRIN ULTRA","PERF ULT DG JKYSTK BF 0.95OZ"
"","6657013","","0","1","0","12.49","5.07","LST","ROLLOVER","RLLVR DG CRUNCHY BEEF SPINCH"
"","6767409","1000466","0","12","2.5","4.49","2.5692","LST","PERFORMATRIN NATURALS","PERF NTRL DG SLM&VG PATE 13OZ"
"","6780691","","0","1","0","62.99","43.21","LST","OPEN FARM","OPFM DG AD CHK 2LB"
"","J1467","","0","1","0","29.99","15","LST","MARSHALL","MRSHL HGH BCK LTR PAN 1EA"
"","E6322","","0","1","0","44.99","24.74","LST","MARSHALL","MRSHL SA BER RUG 1EA"
"","A3266","","0","1","0","23.99","12","LST","MARSHALL","MRSHL FRRT FRO-TONE 6OZ"
"","6783134","","0","1","0","44.99","26.99","LST","MARSHALL","MRSHL SHK HDE-N-PLAY 1EA"
"","J4256","","0","1","0","27.99","14","LST","MARSHALL","MRSHL LCK-ON LTR PAN 1EA"
"","6239837","","0","1","0","9.99","5.49","LST","MARSHALL","MRSHL FRRT SNKR TOY 1EA"
"","I0449","","0","1","0","15.99","8","LST","MARSHALL","MRSHL FRRT SHMP TRFR 8OZ"
"","74288","","0","1","0","21.99","11","LST","MARSHALL","MRSHL GRS HDE-A-WY HT 1EA"
"","74283","","0","1","0","19.99","10","LST","MARSHALL","MRSHL FRRT LAX 3OZ"
"","L8894","","0","1","0","49.99","25","LST","MARSHALL","MRSHL FRT SPR THR-WY 1EA"
"","6783125","","0","1","0","69.99","41.99","LST","MARSHALL","MRSHL FRRT DIET 6LB"
"","6235136","","0","1","0","9.99","5.49","LST","MARSHALL","MRSHL FRRT SQK FSH TOY 1EA"
"","R5313","","0","1","0","21.99","12.09","LST","MARSHALL","MRSHL FRRT HRN & LSH RD 48IN"
"","IP195","","0","1","0","39.99","21.99","LST","MARSHALL","MRSHL BNA HMMCK 1EA"
"","J6785","","0","1","0","17.99","9","LST","MARSHALL","MRSHL FRRT DLY SPRTZ 1EA"
"","U2531","","0","1","0","49.99","29.99","LST","MARSHALL","MRSHL HNG MNKY HMMCK 1EA"
"","74281","","0","1","0","29.99","15","LST","MARSHALL","MRSHL GDBYE ODR FRRT 8OZ"
"","I2983","","0","1","0","59.99","30","LST","MARSHALL","MRSHL PLYPN MAT 1EA"
"","Q4040","","0","1","0","69.99","35","LST","MARSHALL","MRSHL GDBYE ODR FRRT 32OZ"
"","Y4773","","0","1","0","31.99","22.75","ROS","PUREBITES","PRB CT TKY 9.2OZ"
"","IU044","","0","1","0","28.99","14.5","LST","MARSHALL","MRSHL PRM FRRT LTR 10LB"
"","Y4772","","0","1","0","31.99","22.75","ROS","PUREBITES","PRB CT CHK 9.2OZ"
"","Q4097","","0","1","0","79.99","47.99","LST","MARSHALL","MRSHL SKYLGHT PLYPN CVR 1EA"
"","6783136","","0","1","0","74.99","37.5","LST","MARSHALL","MRSHL FRRT-GO-RND 1EA"
"","6783339","71603","0","1","0","10.99","4.25","LST","FLUVAL","FLVL AC50 BIOMAX INRT 1EA"
"","6783336","67672","0","1","0","6.99","2.75","LST","FLUVAL","FLVL AC50 AMMON RMVR INRT 1EA"
"","6783340","71604","0","1","0","18.99","9","LST","FLUVAL","FLVL AC70/110 BIOMAX INRT 2PK"
"","6783338","71601","0","1","0","8.99","3","LST","FLUVAL","FLVL AC20/30 BIOMAX INRT 1EA"
"","6783337","67682","0","1","0","9.99","4","LST","FLUVAL","FL AC70/110 AMON RMVR INRT 1EA"
"","6783335","67652","0","1","0","4.99","2","LST","FLUVAL","FLVL AC20/30 AMMON RMVR INRT"
"","6254001","","0","1","0","19.99","10.36","LST","JAY'S","JAYS DG TID BITS DENTAL 16OZ"
"","6480439","","0","1","0.25","28.99","16","LST","JAY'S","JAYS DG TID BITS JOINT PNB 2LB"
"","6783391","","0","1","0","10.49","4.75","LST","JAY'S","JAYS DG BISON BERRY TRT 5.3OZ"
"","6783394","","0","1","0","18.99","10.25","LST","JAY'S","JAYS DG LMB GRN APL TREAT 16OZ"
"","6783389","","0","1","0","18.99","10.25","OOS","JAY'S","JAYS DG CANADN BACON TRT 16OZ"
"","6783392","","0","1","0","18.99","10.25","LST","JAY'S","JAYS DG BISON&BERRY TRT 16.OZ"
"","6783409","","0","1","0","49.99","25","LST","CANADA POOCH","CP DG NEOPRENE HRN GRN 1SM"
"","6785779","","0","1","0","52.99","26.5","LST","CANADA POOCH","CP DG NEOPRENE HRN GRN 1MD"
"","6785780","","0","1","0","56.99","28.5","LST","CANADA POOCH","CP DG NEOPRENE HRN GRN 1LG"
"","6785781","","0","1","0","59.99","30","LST","CANADA POOCH","CP DG NEOPRENE HRN GRN 1XL"
"","F0417","","0","1","0","19.99","10.36","LST","JAY'S","JAYS DG TID BITS HIP JOINT16OZ"
"","F6402","","0","1","0","19.99","10.36","LST","JAY'S","JAYS DG TID BIT JOINT PNB 16OZ"
"","X7908","","0","1","0","21.99","11.25","LST","JAY'S","JAYS DG CHK&SEA VEG JERKY 16OZ"
"","Y4134","","0","1","0","12.99","7.15","LST","JAY'S","JAYS DG GRASS-FED BEEF TRT 6OZ"
"","Y4138","","0","1","0","6.99","3.9","LST","JAY'S","JAYS DG GRASS-FED BEEF TRT 3OZ"
"","Y4140","","0","1","0","21.99","11.87","LST","JAY'S","JAYS DG GRASSFED BEEF TRT 14OZ"
"","Y5235","","0","1","0","28.99","16","LST","JAY'S","JAYS DG BIG BITS HIP JOINT 2LB"
"","U5883","","0","1","0","22.99","11.95","LST","BLUE RIBBON","BR WHT SHRK JAWS 5IN"
"","Z8936","","0","1","0","19.99","10.39","LST","BLUE RIBBON","BR CBF MD VRTY PLNT 3PK"
"","6785659","","0","1","0","28.99","14.5","LST","CANADA POOCH","CP DG EASY-ON HRNS PLUM 1SM"
"","A4140","","0","1","0","25.99","13","LST","BLUE RIBBON","BR CBF LG VRTY PLNT 3PK"
"","6786749","","0","1","0","7.99","3.59","LST","PERFORMATRIN ULTRA","PERF ULT DG MT STK 4.23 OZ"
"","R1539","","0","1","0","19.99","10.39","ROS","BLUE RIBBON","BR CBF MD GRN VRTY PLNT 3PK"
"","6783407","","0","1","0","28.99","14.5","LST","CANADA POOCH","CP DG EASY-ON HRNS PLUM 1XS"
"","6785660","","0","1","0","32.99","16.5","LST","CANADA POOCH","CP DG EASY-ON HRNS PLUM 1MD"
"","6750723","","0","1","0.75","42.99","25.8","LST","THRIVE","THRIVE DG SLMN OIL 1L"
"","6785818","","0","1","0","7.29","4.73","OOS","REDBARN","RB DG AD SM BRD CHK BB 2.5OZ"
"","6779655","","0","1","0","169.99","100","LST","NOBA","NOBA CT MURAL PRKR SCRTCH 1EA"
"","6471323","","0","1","0","54.99","38.77","OOS","REDBARN","RB DG AD BF 2LB"
"","Q8407","","0","1","0","23.99","12","OOS","JOLLY PETS","JOLLY DG ROMP N ROLL RED 4.5IN"
"","6764760","","0","12","0","2.39","1.5","LST","GO! SOLUTIONS","GO!SLN CT BST DGST TNASLM2.5OZ"
"","6779656","","0","1","0","99.99","70","LST","NOBA","NOBA CT MURAL HUT HIDEOUT 1EA"
"","6474458","","0","1","0","22.99","12.4","LST","JAY'S","JAYS DG PLANT BASED JERKY 14OZ"
"","6655509","","0","1","0.5","17.99","9","LST","POWERBONE","PWRBNE DG HOCKEY STCK CHW 1EA"
"","6785817","","0","1","0","7.29","4.73","LST","REDBARN","RB DG AD PUP CHK 2.5OZ"
"","6764638","","0","1","0","17.99","9","LST","POWERBONE","PWRBNE DG TV REMOTE CHW 1EA"
"","Y1606","","0","1","0","10.49","5.15","LST","JAY'S","JAYS DG TINY BITS BF LIVER 7OZ"
"","F0973","","0","1","0","10.49","5.15","LST","JAY'S","JAYS DG MY MIGHTY WLF DUCK 5OZ"
"","6471325","","0","1","0","54.99","38.77","LST","REDBARN","RB DG AD CHK 2LB"
"","6779660","","0","1","0","39.99","23","LST","NOBA","NOBA CT MURAL WALL SCRTCH 1EA"
"","6764761","","0","12","0","2.39","1.5","LST","GO! SOLUTIONS","GO! CT BST WHT CHKDK 2.5OZ"
"","6764765","","0","12","0","2.39","1.5","LST","GO! SOLUTIONS","GO! CT BST BH TN&SLM 2.5OZ"
"","F6990","","0","1","0","23.99","12","LST","JOLLY PETS","JOLLY DG ROMP N ROLL BLU 4.5IN"
"","Y4141","","0","1","0","21.99","11.87","LST","JAY'S","JAYS DG BACON JERKY 14OZ"
"","Y4137","","0","1","0","6.99","3.9","LST","JAY'S","JAYS DG BACON JERKY 3OZ"
"","6783377","","0","1","0","10.49","5.15","LST","JAY'S","JAYS DG TINY BITS SMOK BF 7OZ"
"","6777291","","0","1","0","69.99","47.16","ROS","REDBARN","RB DG AD FSH GUT HLTH 2LB"
"","6764759","","0","12","0","2.39","1.5","LST","GO! SOLUTIONS","GO! CT BSTIH TNAPATE 2.5OZ"
"","6786018","","0","1","0","17.99","9","LST","POWERBONE","PWRBNE DG THRW STCK CHW 1EA"
"","6643537","","0","1","0","7.29","4.73","LST","REDBARN","RB DG AD BF 2.5OZ"
"","6779654","","0","1","0","289.99","170","LST","NOBA","NOBA CT MURAL TWR 4 TIERS 1EA"
"","6641037","","0","1","0","18.99","9.75","OOS","JAY'S","JAYS DG SENIOR TREATS 14OZ"
"","6783379","","0","1","0","19.99","10.36","LST","JAY'S","JAYS DG TINY BITS BACON 16OZ"
"","W8494","","0","1","0","29.99","16.53","OOS","JOLLY PETS","JOLLY DG EGG YELLOW 12IN"
"","6643538","","0","1","0","7.29","4.73","LST","REDBARN","RB DG AD CHK 2.5OZ"
"","6785657","","0","1","0","38.99","20","LST","PERFORMATRIN ULTRA","PERF ULT DG REG BULLSTK12INPK4"
"","6779657","","0","1","0","49.99","23","LST","NOBA","NOBA CT MURAL HAMMOCK BLK 1EA"
"","6231216","","0","1","0","19.99","10.36","OOS","JAY'S","JAYS DG BIG BITS DENTAL 16OZ"
"","W8491","","0","1","0","19.99","10.85","LST","JOLLY PETS","JOLLY DG EGG YELLOW 8IN"
"","6785824","","0","1","0","38.99","20","LST","PERFORMATRIN ULTRA","PERF ULT DG REG BULLSTK6IN PK8"
"","6783378","","0","1","0","10.49","5.15","LST","JAY'S","JAYS DG TINY BITS BACON 7OZ"
"","I4189","","0","1","0","18.99","9.52","ROS","JW PET","JWP DG DBL INV CHAINS 1LG"
"","6785753","","0","1","0","9.99","5","LST","JUST2","JUST2 DG CHKN&PRSLY STKS2.82oz"
"","6751228","","0","1","0","10.49","5.15","LST","JAY'S","JAYS DG BIG BITS DENTAL 7OZ"
"","6776587","","0","1","0","17.99","9","LST","POWERBONE","PWRBNE DG GUITAR CHW 1EA"
"","6783390","","0","1","0","10.49","4.75","LST","JAY'S","JAYS DG CANADN BACON TRT 5.3OZ"
"","I1367","","0","1","0","17.49","9.52","ROS","JW PET","JWP DG ISQUEAK BONE 1LG"
"","6785752","","0","1","0","9.99","5","LST","JUST2","JUST2 DG CHKN&CRNBY STKS2.82oz"
"","X7904","","0","1","0","11.99","5.7","LST","JAY'S","JAYS DG CHK SEA VEG JERKY 7OZ"
"","I1421","","0","1","0","15.99","8.42","ROS","JW PET","JWP DG ISQUEAK BALL 1LG"
"","IK577","","0","1","0","11.99","6.06","LST","JW PET","JWP DG PROTEN HOLEE ROLLER 1SM"
"","R8261","","0","1","0","8.49","4.2","ROS","JW PET","JWP DG DIA RBR DOG TOY 1EA"
"","W2881","","0","1","0","16.99","8.66","LST","CHUCKIT","CHUCKIT DG WHSTLER BALL SM 2PK"
"","6786017","","0","1","0","17.99","9","LST","POWERBONE","PWRBNE DG GOLF CLUB CHW 1EA"
"","6785754","","0","1","0","9.99","5","LST","JUST2","JUST2 DG CHKN&PB STKS2.82oz"
"","G3760","","0","1","0.25","21.99","12.9","LST","JOLLY PETS","JOLLY DG SOCCER BALL ASRTD 6IN"
"","6783181","","0","1","0","29.99","15.9","LST","TALL TAILS","TLTL DG CLVR FORAGING MAT 1EA"
"","6785948","","0","1","0","15.99","8","LST","POWERBONE","PWRBNE DG TWIST TAIL CHW 1EA"
"","E2988","","0","1","0","25.99","13.15","ROS","JOLLY PETS","JOLLY DG CHW BONE 1LG"
"","6655510","","0","1","0","17.99","9","LST","POWERBONE","PWRBNE DG BASEBALL BAT CHW 1EA"
"","6783496","","0","1","0.25","22.99","12.4","LST","HAPPY HABITATS","HH SA ROAM EXERCISE BALL 7IN"
"","E3971","","0","1","0","16.99","9.24","LST","JOLLY PETS","JOLLY DG FOOTBALL ORNG 8IN"
"","Z6079","","0","1","0","1.99","1","LST","MARINA","MRN SLM FLTR INTK STNR SPG 1EA"
"","O2620","","0","1","0.25","7.99","3.5","LST","FLUVAL","FLVL FEED RING 1EA"
"","6787412","","0","1","0","8.99","4.15","LST","BIONIC","BIONIC DG TREAT SHAKER 1SM"
"","6787414","","0","1","0","17.99","8.31","LST","BIONIC","BIONIC DG TREAT SHAKER 1LG"
"","6472735","","0","1","0","10.49","5.4","LST","JAY'S","JAYS DG CHK DOGGY BITES 6OZ"
"","Y4139","","0","1","0","11.99","7","LST","JAY'S","JAYS DG BACON JERKY 6OZ"
"","6787411","","0","1","0","16.99","7.85","LST","BIONIC","BIONIC DG TOSS N TUG TURBO 1EA"
"","6787410","","0","1","0","21.99","10.15","LST","BIONIC","BIONIC DG TREAT STAR 1EA"
"","6641036","","0","1","0","10.49","5.15","LST","JAY'S","JAYS DG SENIOR TREATS 6OZ"
"","6787413","","0","1","0","11.99","5.54","LST","BIONIC","BIONIC DG TREAT SHAKER 1MD"
"","IR452","","0","1","0","11.99","5.65","LST","OMEGA PAW","OP DG TRICKY TRT BALL 1MD"
"","6787407","","1","1","0","32.99","16.5","LST","CANADA POOCH","CP DG EASY-ON HRNS PLUM 1LG"
"","6767171","","1","1","0","26.99","14.58","LST","SKOUT'S HONOR","SKHNR CT DENTAL DROP 4OZ"
"","Y5610","","0","1","0","17.99","9","LST","MARINA","MRN IGLO ORN MSRM HSE 4IN"
"","6786850","","0","1","0.25","13.99","7.6","LST","JOLLY PETS","JOLLY DG SOCCER BALL ASRTD 4IN"
"","6786867","","0","1","0","9.99","5.34","LST","JOLLY PETS","JOLLY DG SOCCER BALL ASRTD 3IN"
"","X5319","","0","1","0","12.99","5.75","LST","EXO TERRA","EXO TR MD WET RCK 1EA"
"","6787116","","0","1","0","87.99","44","INOT","CANADA POOCH","CP DG WTRPRF RAINCOAT YEL SZ16"
"","6787121","","0","1","0","115.99","58","INOT","CANADA POOCH","CP DG WTRPRF RAINCOAT YEL SZ26"
"","6787115","","0","1","0","82.99","41.5","INOT","CANADA POOCH","CP DG WTRPRF RAINCOAT YEL SZ14"
"","6780409","","3","1","0","14.99","7.5","LST","SKOUT'S HONOR","SKHNR CT PRBTIC EAR CLN 4OZ"
"","6787093","","0","1","0","33.99","19.5","OOS","JOLLY PETS","JOLLY DG ROMP N ROLL RED 8IN"
"","6787117","","0","1","0","92.99","46.5","INOT","CANADA POOCH","CP DG WTRPRF RAINCOAT YEL SZ18"
"","6744034","","0","1","0","27.99","15.46","LST","SKOUT'S HONOR","SKTS HNR CT HNYSKL SH CON 16OZ"
"","6787114","","0","1","0","76.99","38.5","INOT","CANADA POOCH","CP DG WTRPRF RAINCOAT YEL SZ12"
"","6787118","","0","1","0","97.99","49","INOT","CANADA POOCH","CP DG WTRPRF RAINCOAT YEL SZ20"
"","6786088","","0","1","0","19.99","10.13","LST","JW PET","JWP DG HOLEE RLLR ASRTD 1LG"
"","6787113","","0","1","0","71.99","36","INOT","CANADA POOCH","CP DG WTRPRF RAINCOAT YEL SZ10"
"","6787120","","0","1","0","110.99","55.5","INOT","CANADA POOCH","CP DG WTRPRF RAINCOAT YEL SZ24"
"","6787095","","0","1","0","29.99","15.45","LST","JOLLY PETS","JOLLY DG ROMP N ROLL BLU 6IN"
"","6787122","","0","1","0","120.99","60.5","INOT","CANADA POOCH","CP DG WTRPRF RAINCOAT YEL SZ28"
"","6767167","","0","1","0","23.99","13.51","LST","SKOUT'S HONOR","SKHNR CT DNTL WIPES 50PK"
"","6786090","","0","1","0","33.99","19.33","LST","JW PET","JWP DG PALM NAIL GRINDER 1EA"
"","6787119","","0","1","0","105.99","53","INOT","CANADA POOCH","CP DG WTRPRF RAINCOAT YEL SZ22"
"","6753299","","0","1","0","31.99","21.6","LST","PUREBITES","PB CT CHK BREAST TRT 5.5OZ"
"","6776529","","0","1","0","29.99","16.5","LST","WELLMARK","WM DG KIDNEY HEALTH 3.5 Oz"
"","6786145","44124","0","1","0","16.99","9.16","LST","BURT'S BEES","BURTS DG OATMEAL SHAM BIL 16OZ"
"","6787112","","0","1","0","67.99","34","INOT","CANADA POOCH","CP DG WTRPRF RAINCOAT YEL SZ8"
"","6787097","","0","1","0","18.99","10.5","OOS","JOLLY PETS","JOLLY DG TUG&TOSS RED 4.5IN"
"","6787128","","0","1","0","85.99","43","INOT","CANADA POOCH","CP HARNESS RAINCOAT LVNDR SZ18"
"","6767170","","1","1","0","24.99","13.59","LST","SKOUT'S HONOR","SKHNR DG ORAL GEL PB & BAC 4OZ"
"","6786146","","0","1","0","9.99","5.72","INOT","PAWSCOUT","PWSCT DG SMRT PET TAG 1EA"
"","6787464","1502690","0","1","0","43.99","24.04","LST","PETAG","PETAG CT KMR MILK POWDER 12OZ"
"","6783108","","0","1","0","14.99","7.79","LST","BLUE RIBBON","BR BTA HUT PALM TREE 3.25IN"
"","Y5611","","0","1","0","22.99","11.5","LST","MARINA","MRN IGLO ORN SKL W VINES 3 IN"
"","6656820","","0","1","0","59.99","30","INOT","GF PET","GFP DG ICE MAT CACTUS 1 LG/XL"
"","6773644","","0","1","0.25","26.99","14.25","LST","WELLMARK","WM DG URINARY SUPP 3.5Oz"
"","6786871","","0","1","0","18.99","10.5","LST","JOLLY PETS","JOLLY DG TUG TOSS BLU 4.5IN"
"","6783095","","0","1","0","19.99","10.39","LST","BLUE RIBBON","BR CBF SM MD VRTY PLNT 3PK"
"","6786143","44122","0","1","0","16.99","9.16","OOS","BURT'S BEES","BURTS DG ITCH SHAM BIL 16OZ"
"","6783096","","0","1","0","25.99","13.51","LST","BLUE RIBBON","BR CBF SM LG VRTY PLNT 3PK"
"","6787130","","0","1","0","91.99","46","INOT","CANADA POOCH","CP HARNESS RAINCOAT LVNDR SZ22"
"","6785860","","0","1","0","29.99","16.49","OOS","JOLLY PETS","JOLLY DG TUG&TOSS BLU 8IN"
"","6787133","","0","1","0","102.99","51.5","INOT","CANADA POOCH","CP HARNESS RAINCOAT LVNDR SZ28"
"","6783081","","0","1","0","19.99","10","LST","BLUE RIBBON","BR CBF APL LEAF GRN 19IN"
"","6764826","","0","1","0.5","31.99","18","LST","CRUMPS' NATURALS","CRMPN DG ORIGINAL DENTAL 35OZ"
"","6787132","","0","1","0","98.99","49.5","INOT","CANADA POOCH","CP HARNESS RAINCOAT LVNDR SZ26"
"","6773642","","0","1","0","19.99","10.8","LST","WELLMARK","WM DG DENTAL RINSE 4Oz"
"","6785859","","0","1","0","23.99","13.19","LST","JOLLY PETS","JOLLY DG TUG TOSS RED 6IN"
"","IT912","","1","1","0.5","19.99","11","OOS","VETERICYN","VTRCYN DG ADVND SKIN CR 3Oz"
"","6239156","44121","0","1","0","16.99","9.16","LST","BURT'S BEES","BURTS DG 2IN1 PUP SHM BIL 16OZ"
"","6773638","","0","1","0","36.99","19.5","LST","WELLMARK","WM DG LIVER SUPPLT 30CT"
"","6783082","","0","1","0","13.99","7.27","LST","BLUE RIBBON","BR CBF MN VRTY PLNT 3PK"
"","6773641","","0","1","0","19.99","10.57","LST","WELLMARK","WM DG EAR CLNG & DRYG SLNT 8Oz"
"","6783497","","0","1","0","49.99","29.99","LST","HAPPY HABITATS","HH SA HALO CARRIER 12IN"
"","6501065","","0","1","0","16.99","9.24","LST","JOLLY PETS","JOLLY DG FOOTBALL GRN 8IN"
"","Y5327","","0","1","0","5.49","2.75","LST","MARINA","MRN IGLO FLRCNT FRN PLNT 5.5IN"
"","6240053","","0","1","0","45.99","25","LST","FLUVAL","FLVL AQSCPNG PLNTNG TOOL 3PK"
"","6779993","","0","1","0","13.49","9.2","LST","PUREBITES","PRB CT TUNA TRT 1.8OZ"
"","6777239","","0","1","0","19.99","10","LST","FOUFIT","FFP DG HD N SK BR CAKE PINK1EA"
"","6783079","","0","1","0","8.99","4.5","ROS","BLUE RIBBON","BR CBF AMZON SWD RED 8IN"
"","6783078","","0","1","0","8.99","4.5","LST","BLUE RIBBON","BR CBF LILY LEAF YLW 8IN"
"","Y5318","","0","1","0","15.99","8","LST","MARINA","MRN IGLO FLRCNT PLNT 12.5IN"
"","6783376","","0","1","0","19.99","10.36","LST","JAY'S","JAYS DG TINY BITS SMOK BF 16OZ"
"","6779957","","0","1","0","12.99","7.01","LST","BENNY BULLY'S","B BUL DG TRK CHOPS 2OZ"
"","6767120","","0","1","0","8.99","5.5","LST","CRUMPS' NATURALS","CRMPN DG CHK SPRINKELS 4OZ"
"","6783393","","0","1","0","10.49","4.75","LST","JAY'S","JAYS DG LMB&GRN APL TRT 5.3OZ"
"","6777242","","0","1","0","12.99","5.54","LST","BENNY BULLY'S","B BUL DG LVR&MASHROM CHOPS 2OZ"
"","48895","","0","1","0","9.99","4.7","LST","OMEGA PAW","OP DG TRICKY TRT BALL 1SM"
"","6783466","","0","1","0","9.99","4.99","ROS","FOUFIT","FFP DG TUFFX BOUNCER SM"
"","6655647","","0","1","0","19.99","10","ROS","FOUFIT","FFP DG HIDE N SEEK LEMUR S"
"","6780129","","0","1","0","14.99","7","ROS","FOUFIT","FFP DG TUFFTUGG RING YELLOW SM"
"","6235779","","0","1","0","14.99","7.5","ROS","LIVSTRONG","LIVSTRONG DG CHW COCONUT M"
"","6655638","","0","1","0","19.99","10","ROS","FOUFIT","FFP DG HIDE N SEEK PARROT S"
"","6779849","","0","1","0","12.99","6.5","LST","FOUFIT","FFP DG BR CAKE CHEW UNISEX"
"","6780134","","0","1","0","16.99","8.5","ROS","FOUFIT","FFP DG TUFFTUGGS RING YELLOW L"
"","6739478","","0","25","0","14.99","7.5","LST","BLENDS FOR LIFE","BFL DG CHW PB HONEY M"
"","6480440","","0","1","0","28.99","16","LST","JAY'S","JAYS DG TINY BITS TRAINING 2LB"
"","6764880","","0","1","0.5","31.99","18","LST","CRUMPS' NATURALS","CRMPN DG PMPKN DENTAL STK 30OZ"
"","6656615","","0","60","0","4.99","2.68","LST","OPEN RANGE","OPN RNG DG PORK STICK 6IN"
"","6233949","","0","1","0","15.99","6.5","OOS","FOUFIT","FFP DG BR CAKE PLUSH TOY PINK"
"","Y4633","","0","1","0","10.49","5.15","LST","JAY'S","JAYS DG TID BITS DENTAL 7OZ"
"","6786743","","0","1","0","28.99","14.49","LST","PERFORMATRIN ULTRA","PERF ULT DG MT STK 17.6 OZ"
"","6764879","","0","1","0","31.99","18","LST","CRUMPS' NATURALS","CRMPN DG BACON DENTAL 35OZ"
"","6470997","","0","1","0","14.99","7.5","LST","BLENDS FOR LIFE","BLF DG CHW BERRY M"
"","6763334","","0","24","0","7.79","5.4158","LST","DIGGIN' YOUR DOG","DYD DG FIRM UP PMPKN BAR 2.1OZ"
"","6666187","","0","25","0","10.99","5.5","OOS","OPEN RANGE","OPN RNG DG FETCH STICK 19.5IN"
"","6780133","","0","1","0","16.99","8.5","ROS","FOUFIT","FFP DG TUFFTUGGS RING ORANGE L"
"","6235965","","0","1","0","9.99","4.99","ROS","FOUFIT","FFIT CHI FIESTA CHEW PINATA5IN"
"","6465787","","0","1","0","8.99","4.5","LST","FLUVAL","FLVL BTA TLSCPC NET 1EA"
"","6235955","","0","1","0","9.99","4.99","ROS","FOUFIT","FFP FIESTA CHEW PINEAPPLE 6IN"
"","6655860","","0","1","0","12.99","6","LST","FOUFIT","FFIT DG ZOO CHEW MONKEY 5IN"
"","6783467","","0","1","0","18.99","8.5","ROS","FOUFIT","FFP DG TUFFX BOUNCER ORANGE LG"
"","6655116","","0","1","0","12.99","6","LST","FOUFIT","FFIT DG ZOO CHEW LION 5IN"
"","6777284","","0","1","0","12.99","6.5","NEW","FOUFIT","FFIT DG BR HAT CRINKLE PLUSH "
"","6407801","","0","1","0","9.99","5","ROS","FOUFIT","FFP DG DSERT CHOCO PRTZEL4.5IN"
"","6235799","","0","1","0","28.99","16","LST","JAY'S","JAYS DG TID BITS HIP JOINT 2LB"
"","6780056","","0","1","0","9.99","5","ROS","FOUFIT","FFP DG ONE LOVE CHW SUGR COOKI"
"","6235956","","0","1","0","9.99","4.99","ROS","FOUFIT","FFIT DG FIESTA CHEW CACTUS 6IN"
"","6655641","","0","1","0","21.99","11","ROS","FOUFIT","FFIT DG WOODLAND SNFL SQUIRREL"
"","6407803","","0","1","0","9.99","5","LST","FOUFIT","FFIT DG DESSRT CHEW PUPTART4IN"
"","6473173","","0","1","0","12.99","6","ROS","FOUFIT","FFIT DG ZOO CHEW OCTOPUS 5IN"
"","6239507","","0","12","0","3.99","1.6433","LST","JAY'S","JAYS DG TRK BERRY MEATBARS 1OZ"
"","6787280","","0","1","0","39.99","23","LST","NOBA","NOBA CT SCRATCHING POST 15IN"
"","6788100","6470049","0","1","0","34.99","18.65","OOS","BLENDS FOR LIFE","BFL DG BEE POLLEN 5.6OZ"
"","6787251","","0","1","0","399.99","259.99","LST","A&E CAGE","AE FLIGHT CAGE STAND 1EA"
"","6780610","","0","1","0","199.99","120","LST","EXO TERRA","EXO TR TRRSKY UVB LED LGHT 10W"
"","6787250","","0","1","0","69.99","38.49","LST","A&E CAGE","AE ORNATE TOP CAGE WHITE 1EA"
"","6787249","","0","1","0","169.99","101.99","LST","A&E CAGE","AE TRIPLE TOP CAGE 23IN"
"","6787358","","0","1","0","498.99","241.8","INOT","TALL TAILS","TLTL DG PLSH FTCH BL PDQ 32PC"
"","6785586","","0","1","0","69.99","42","LST","EXO TERRA","EXO TR TRRSKY UVB LED SPT 3W"
"","6788124","6617530","0","1","0","34.99","18.65","OOS","BLENDS FOR LIFE","BFL DG NATURE SHIELD 3.9OZ"
"","6780605","","0","1","0","119.99","71.99","LST","A&E CAGE","AE FLIGHT CAGE SINGLE PK 24IN"
"","6763544","","0","1","0","33.99","26.67","LST","OKOCAT","OKOCT CT CLUMPING 18.8LB"
"","6760824","","0","1","0","33.99","26.67","LST","OKOCAT","OKOCT CT LOW TRACK CAT 21.5LB"
"","F4454","","0","1","0","4.99","3.1","LST","JAY'S","JAYS CT MIGHTY DUCK 2.65OZ"
"","6788188","","0","1","0","16.99","9.16","OOS","BURT'S BEES","BURTS DG MH HYP SHMP BIL 16OZ"
"","Y5257","","0","1","0","28.99","16.19","LST","BENEBONE","BBONE DG ZAGLER BCN L"
"","6788190","","0","1","0","16.99","9.16","OOS","BURT'S BEES","BURTS DG MH OAT COND BIL 10OZ"
"","6655243","","0","1","0","34.99","18.8","LST","BENEBONE","BBONE DG DNTL CHEW BCN MD 2PC"
"","6251907","","0","1","0","34.99","18.8","LST","BENEBONE","BBONE DG ZAGLER BCN XL"
"","6740808","","0","1","0","14.99","7.49","ROS","FOUFIT","FFP DG FUZZY WUZZIES BLU GRN L"
"","6257105","","0","1","0","34.99","18.8","LST","BENEBONE","BBONE DG WISHBONE PB XL"
"","6788189","","0","1","0","16.99","9.16","LST","BURT'S BEES","BURTS DG MH WL SHMP BIL 10OZ"
"","Y5256","","0","1","0","21.99","11.05","LST","BENEBONE","BBONE DG ZAGLER BCN M"
"","6767266","1000444","0","24","0","1.89","1.0846","LST","PERFORMATRIN NATURALS","PERF NTRL CT CK&VG PATE 3OZ"
"","Y5255","","0","1","0","16.99","9.41","OOS","BENEBONE","BBONE DG ZAGLER BCN S"
"","6787622","","0","1","0","29.99","16.55","OOS","BLENDS FOR LIFE","BFL DG PUMPKING BOOST 5.3 OZ"
"","6787760","","0","1","0","77.99","39","INOT","CANADA POOCH","CP DG WV RDR LIFE VEST ORG XXL"
"","6787643","","0","1","0","34.99","18.65","OOS","BLENDS FOR LIFE","BFL DG OLIVE LEAF 4.9OZ"
"","6773668","12182","0","1","0","39.99","26.03","LST","ESSENTIALS","ESN WILD BIRD SEED 37.5LB"
"","6787751","","0","1","0","74.99","37.5","INOT","CANADA POOCH","CP DG COOLING HARNESS PRPL MD"
"","6787743","","0","1","0","44.99","22.5","INOT","CANADA POOCH","CP DG COOLING VEST PRPL XS"
"","6787710","","0","1","0","39.99","21.05","OOS","BLENDS FOR LIFE","BFL DG MTHERS FIRST MILK2.1 OZ"
"","X8619","","0","1","0","9.99","4.5","LST","ESTES","ES AQRM SND WHT 5LB"
"","6787690","","0","1","0","39.99","21.05","LST","BLENDS FOR LIFE","BFL DG SHIELD MOBILITY 6.2OZ"
"","6787749","","0","1","0","74.99","37.5","INOT","CANADA POOCH","CP DG COOLING VEST PRPL XL"
"","90942","","0","1","0","17.99","9.39","OOS","KONG","KONG SM FLYER FRISBE 1ea"
"","6787732","","0","1","0","44.99","22.5","INOT","CANADA POOCH","CP DG COOLING VEST GRY XS"
"","6773669","12230","0","1","0","19.99","13.01","LST","ESSENTIALS","ESN WILD BIRD SEED 17.6LB"
"","55933","","0","1","0","31.99","17.59","LST","ESTES","ES AQRM GRVL SPCL BLU 25LB"
"","6787172","","0","1","0","26.99","14.7","OOS","TREATLY","TTLY DG BEEF CHEEK ROLLS 5PK M"
"","6787177","","0","1","0","16.99","9.28","OOS","TREATLY","TTLY DG COLLAGEN ROLLS 3PK L"
"","6786787","","0","1","0","14.99","9.9","OOS","BLENDS FOR LIFE","BFL DG DE GUARD 7.8 OZ"
"","6787733","","0","1","0","49.99","25","INOT","CANADA POOCH","CP DG COOLING VEST GRY SM"
"","6787745","","0","1","0","49.99","25","INOT","CANADA POOCH","CP DG COOLING VEST PRPL SM"
"","6787736","","0","1","0","69.99","35","INOT","CANADA POOCH","CP DG COOLING VEST GRY LG"
"","Z3331","","0","1","0","9.99","4","LST","ESTES","ES OCN BCH PBLE 5LB"
"","6787737","","0","1","0","74.99","37.5","INOT","CANADA POOCH","CP DG COOLING VEST GRY XL"
"","6787535","","0","1","0","24.99","12.89","LST","PENN-PLAX","PP SUCCULENT ORN KIT 3PK"
"","6787753","","0","1","0","84.99","42.5","INOT","CANADA POOCH","CP DG COOLING HARNESS PRPL XL"
"","71742","","0","1","0","9.99","4","LST","ESTES","ES PRGLO AQRM GRVL RBW 5LB"
"","6773670","12348","0","1","0","12.99","8.46","LST","ESSENTIALS","ESN WILD BIRD SEED 8.8LB"
"","6787171","","0","1","0","6.99","3.82","LST","TREATLY","TTLY DG BEEF CHEEK ROLLS L"
"","55952","","0","1","0","9.99","4","LST","ESTES","ES AQRM GRVL SPCL BLK 5LB"
"","6787747","","0","1","0","62.99","31.5","INOT","CANADA POOCH","CP DG COOLING VEST PRPL MD/LG"
"","71713","","0","1","0","31.99","17.59","LST","ESTES","ES AQRM GRVL SPCL WHT 25LB"
"","6787620","","0","1","0","29.99","16.55","OOS","BLENDS FOR LIFE","BFL DG MILK THISTLE 4.6 OZ"
"","6787624","","0","1","0","29.99","16.55","LST","BLENDS FOR LIFE","BFL DG SPARKLING EYE 3.9OZ"
"","6787722","","0","1","0","24.99","12.5","INOT","CANADA POOCH","CP DG COOLING SNOOD GRY SM"
"","6787752","","0","1","0","79.99","40","INOT","CANADA POOCH","CP DG COOLING HARNESS PRPL LG"
"","6787173","","0","1","0","24.99","13.65","OOS","TREATLY","TTLY DG BEEF CHEEK ROLLS 4PK L"
"","6787698","","0","1","0","39.99","21.05","OOS","BLENDS FOR LIFE","BFL DG JOINT HEALTH 5.3OZ"
"","6787748","","0","1","0","69.99","35","INOT","CANADA POOCH","CP DG COOLING VEST PRPL LG"
"","6787734","","0","1","0","56.99","28.5","INOT","CANADA POOCH","CP DG COOLING VEST GRY SM/MD"
"","X7367","","0","1","0","5.99","3","NEW","NOBA","NOBA CATECO SCOOP CHARCOAL 1EA"
"","6787757","","0","1","0","65.99","33","INOT","CANADA POOCH","CP DG WV RIDR LIFE VEST ORG MD"
"","6787178","","0","1","0","16.99","9.28","LST","TREATLY","TTLY DG CHK COLLAGEN ROLLS 3PK"
"","X1059","","0","1","0","19.99","10","LST","NOBA","NOBA CATECO AERATOR REPLAC 2PK"
"","6787623","","0","1","0","29.99","16.55","OOS","BLENDS FOR LIFE","BFL DG SEAVITA W KELP 4.9OZ"
"","6787723","","0","1","0","24.99","12.5","INOT","CANADA POOCH","CP DG COOLING SNOOD GRY MD"
"","6787616","","0","1","0","29.99","16.55","OOS","BLENDS FOR LIFE","BFL DG COLLAGEN SUPPORT 5.3OZ"
"","A0760","","0","1","0","31.99","17.59","LST","ESTES","ES AQRM GRVL BLU JEAN 25LB"
"","Z3339","","0","1","0","9.99","4","LST","ESTES","ES NTRL GRVL SHLW CRK REG 5LB"
"","6787713","","0","1","0","39.99","21.05","OOS","BLENDS FOR LIFE","BFL DG BODY DEFENSE 5.3OZ"
"","6787772","","0","1","0","24.99","12.5","INOT","CANADA POOCH","CP DG COOLING PALS GRY WALRUS"
"","X1060","","0","1","0","11.99","6","OOS","NOBA","NOBA CATECO DRY PADS 10PK"
"","6787750","","0","1","0","69.99","35","INOT","CANADA POOCH","CP DG COOLING HARNESS PRPL SM"
"","6787724","","0","1","0","24.99","12.5","INOT","CANADA POOCH","CP DG COOLING SNOOD GRY LG"
"","6787746","","0","1","0","56.99","28.5","INOT","CANADA POOCH","CP DG COOLING VEST PRPL SM/MD"
"","6787709","","0","1","0","39.99","21.05","OOS","BLENDS FOR LIFE","BFL DG GRN LIPPED MUSSEL5.6OZ"
"","6787758","","0","1","0","67.99","34","INOT","CANADA POOCH","CP DG WV RIDR LIFE VEST ORG LG"
"","6787647","","0","1","0","29.99","16.55","LST","BLENDS FOR LIFE","BFL DG URINARY DEFENSE 3.5OZ"
"","6787644","","0","1","0","34.99","18.65","OOS","BLENDS FOR LIFE","BFL DG PANCREAS SUPPORT 3.5OZ"
"","6787179","","0","1","0","16.99","9.28","LST","TREATLY","TTLY DG CHK MEAT CLLGN 3PK"
"","6787625","","0","1","0","29.99","16.55","LST","BLENDS FOR LIFE","BFL DG TURMERIC GOLD 6.2OZ"
"","6787754","","0","1","0","89.99","45","INOT","CANADA POOCH","CP DG COOLING HARNESS PRPL XXL"
"","6787701","","0","1","0","39.99","21.05","LST","BLENDS FOR LIFE","BFL DG GUT HEALTH PROBIO 5.3OZ"
"","6787645","","0","1","0","34.99","18.65","OOS","BLENDS FOR LIFE","BFL DG SLIPPERY ELM BARK 3.5OZ"
"","6787735","","0","1","0","62.99","31.5","INOT","CANADA POOCH","CP DG COOLING VEST GRY MD/LG"
"","30269","","0","1","0","5.49","2.37","LST","BENNY BULLY'S","B BUL CT LVR&HRT TRT 0.88oz"
"","6777685","","0","1","0","9.99","5","LST","NOBA","NOBA CT BLISS CATNIP 1OZ"
"","30271","","0","1","0","5.49","2.37","LST","BENNY BULLY'S","B BUL CT LVR&CRN TRT 0.88oz"
"","30268","","0","1","0","5.49","2.37","LST","BENNY BULLY'S","B BUL CT LVR&FSH TRT 0.88oz"
"","6777686","","0","1","0","10.99","5.5","LST","NOBA","NOBA CT MIST CTNP SPRAY 1.56OZ"
"","G7916","","0","1","0","99.99","49","LST","MESSY MUTTS","MM DG ELEV SS DBL FDR GRY 1EA"
"","6780126","","0","25","0","5.49","2.338","LST","KOOKYKAT","KOOK CT CNIP TOY PILLOW 1EA"
"","6787739","","0","1","0","74.99","37.5","INOT","CANADA POOCH","CP DG COOLING HARNESS GRY MD"
"","6787485","","0","6","0.5","7.99","4.8","LST","PERFORMATRIN ULTRA","PERF ULT DG SPRKLS SLM 3.5OZ"
"","6787490","","6","6","0.5","7.99","4.8","LST","PERFORMATRIN ULTRA","PERF ULT DG SPRKLS BSN 3.5OZ"
"","6787738","","0","1","0","69.99","35","INOT","CANADA POOCH","CP DG COOLING HARNESS GRY SM"
"","Y2613","","0","1","0","9.99","4.5","LST","ESTES","ES AQRM SND BLK 5LB"
"","6743054","","0","1","0","36.99","19.6","LST","PUREBITES","PB DG FD MINI TRN BF LIVR9.5OZ"
"","6787741","","0","1","0","84.99","42.5","INOT","CANADA POOCH","CP DG COOLING HARNESS GRY XL"
"","6787740","","0","1","0","79.99","40","INOT","CANADA POOCH","CP DG COOLING HARNESS GRY LG"
"","6743056","","0","1","0","12.99","6.9","LST","PUREBITES","PB DG FD MINI TRAIN SL 1.7OZ"
"","6783387","","0","1","0","21.99","13.6","LST","JAY'S","JAYS CT RAW DHD CHK BEEF 16OZ"
"","6472736","","0","1","0","4.99","2.77","LST","JAY'S","JAYS CT DUCK KITTY BITS 2.13OZ"
"","6787491","","0","6","0.25","7.99","4.8","LST","PERFORMATRIN ULTRA","PERF ULT DG SPRKLS LMB 3.5OZ"
"","6787742","","0","1","0","89.99","45","INOT","CANADA POOCH","CP DG COOLING HARNESS GRY XXL"
"","6750066","","0","1","0","31.99","17.59","LST","ESTES","ES NTRL GRVL SHLW CRK REG 25LB"
"","53909","","0","1","0","8.99","4.1","LST","HUGGLEHOUNDS","HH HAMLET PIG RUFF-TEX 1SM"
"","6767268","1000451","0","24","1.75","2.59","1.4846","LST","PERFORMATRIN NATURALS","PERF NTRL CT SLM&VG PATE 5.5OZ"
"","6786086","","0","6","0.25","4.99","3.1","LST","INABA","INB CT CHURU SALMON 2OZ"
"","6783149","","1","1","0","20.99","10.05","LST","HOMEOPET","HP FELINE DG DIGSTV 15ML"
"","6777346","","0","12","0","5.89","4.0475","LST","OPEN FARM","OPFM DG SURF TURF 12.5OZ"
"","6767404","1000452","0","12","0.25","4.29","2.4125","LST","PERFORMATRIN NATURALS","PERF NTRL CT CK&VG PATE 13OZ"
"","6767267","1000460","24","24","0","2.59","1.4846","LST","PERFORMATRIN NATURALS","PERF NTRL CT CK&VG KIT 5.5OZ"
"","6767270","1000448","0","24","0.75","2.59","1.4846","LST","PERFORMATRIN NATURALS","PERF NTRL CT CK&VG PATE 5.5OZ"
"","6767269","1000449","0","24","0.25","2.59","1.4846","LST","PERFORMATRIN NATURALS","PERF NTRL CT TK&VG PATE 5.5OZ"
"","6767227","1000456","0","24","0","1.89","1.0846","LST","PERFORMATRIN NATURALS","PERF NTRL CT CK&VG KIT 3OZ"
"","6767265","1000447","0","24","1.25","1.89","1.0846","LST","PERFORMATRIN NATURALS","PERF NTRL CT SLM&VG PATE 3OZ"
"","6767405","1000455","0","12","1","4.29","2.4125","LST","PERFORMATRIN NATURALS","PERF NTRL CT SLM&VG PATE 13OZ"
"","6238953","","0","1","0","9.99","5.2","LST","VAN NESS","VN DG ECOWARE BOWL BLU 15OZ"
"","6238954","","0","1","0","15.99","7.79","LST","VAN NESS","VN DG ECOWARE BOWL GRY 25OZ"
"","6786122","","0","1","0","39.99","27.95","LST","WORLD'S BEST","WBCL CT POOP FIGHTER 14LB"
"","6787536","","0","1","0","37.99","19.33","LST","PENN-PLAX","PP NAUTICAL ORN KIT 4PK"
"","6790876","","0","1","0","28.49","14.3","LST","MYFAMILY","MYFAM HSHTG PLS QR BNE BLK 1EA"
"","6790878","","0","1","0","28.49","14.3","LST","MYFAMILY","MYFAM HSHTG QR CIRCLE BLK 1EA"
"","6790879","","0","1","0","28.49","14.3","LST","MYFAMILY","MYFAM HSHTG QR CIRCLE PNK 1EA"
"","6790877","","0","1","0","28.49","14.3","LST","MYFAMILY","MYFAM HSHTG PLS QR BNE PNK 1EA"
"","IJ839","","0","1","0","1.79","0.78","OOS","VAN NESS","VN DG PET FOOD CAN CVR WHT 1EA"
"","6744767","","0","1","0","9.99","5","LST","MESSY MUTTS","MM DG TRI LCKMT GRY 1EA"
"","6787493","","0","1","0","8.99","4.25","LST","HIGGINS","HGNS ITD PRT BANANA 85G"
"","6235218","","0","1","0","24.99","13","LST","MESSY MUTTS","MM DG SIL FOOD MAT GREY 1MD"
"","6787496","","0","1","0","8.99","4.25","OOS","HIGGINS","HGNS ITD CONURE CRNBERRIES 85G"
"","6764524","","1","1","0.25","41.99","23.51","LST","PERFORMATRIN PRIME","PERF PRM CT ORAL CARE 6LB"
"","6234947","","0","1","0","21.99","11","LST","DOGIT","DOGIT DG SS SLOW BOWL 57.5OZ"
"","6779739","","0","12","0","2.59","1.485","LST","PERFORMATRIN ULTRA","PERF ULT CT GF TU & SL 2.8 OZ"
"","6764522","","0","1","0.25","26.99","15.11","LST","PERFORMATRIN PRIME","PERF PRM CT ORAL CARE 3LB"
"","6779723","","0","12","0","2.59","1.485","LST","PERFORMATRIN ULTRA","PERF ULT CT GF CHK PMP 2.8 OZ "
"","6764841","","0","1","0","12.99","7","OOS","PROJECT HIVE","PROJH DG TRAINING TREAT PB 6OZ"
"","6779736","","0","1","0","44.99","28.31","LST","HILL'S SCIENCE DIET","SD CT KTN SENS SL&BR 3.5LB"
"","6234946","","0","1","0","16.99","8.5","LST","DOGIT","DOGIT DG SS SLOW BOWL 30.5OZ"
"","6779721","","0","12","0","1.89","0.99","LST","PERFORMATRIN ULTRA","PERF ULT CT GF TN BRTH 1.3 OZ"
"","6786750","","4","1","0.25","19.99","10","LST","PERFORMATRIN ULTRA","PERF ULT DG BF TNDRS 8 OZ"
"","6236522","","0","1","0","19.99","9.8","OOS","MESSY MUTTS","MM DG BNE TRT MLD BL GRN 2PK"
"","6750670","","0","15","0","27.99","15","LST","BLENDS FOR LIFE","BFL DG CHW MPLE BACON XL"
"","6779752","","0","24","0.5","3.49","2.3213","LST","HILL'S SCIENCE DIET","SD CT AD SS&S DK&VG 2.9OZ"
"","6787492","","0","1","0","8.99","4.25","OOS","HIGGINS","HGNS ITD PRT SWT PT 85G"
"","6410928","","0","1","0","19.99","10","LST","MESSY MUTTS","MM DG BWL LCKMT GRY 1EA"
"","6779741","","0","1","0","42.99","28.41","LST","HILL'S SCIENCE DIET","SD CT AD SL&BR 3.5LB"
"","6739477","","0","1","0","27.99","15","OOS","LIVSTRONG","LIVSTRNG DG CHW COCONUT XL"
"","6779719","","0","12","0","1.89","0.99","LST","PERFORMATRIN ULTRA","PERF ULT CT GF CHK BRTH 1.3 OZ"
"","6740855","","0","1","0","27.99","15","LST","BLENDS FOR LIFE","BFL DG CHW PB&HONEY XL"
"","6779738","","0","12","0","2.59","1.485","LST","PERFORMATRIN ULTRA","PERF ULT CT GF TU & BF SL2.8OZ"
"","6787494","","0","1","0","8.99","4.25","LST","HIGGINS","HGNS ITD CONURE APPLE 85G"
"","6235224","","0","1","0","39.99","20","OOS","MESSY MUTTS","MM DG SIL FOOD MAT GREY 1LG"
"","6764525","","1","1","0.25","66.99","37.51","LST","PERFORMATRIN PRIME","PERF PRM CT ORAL CARE 13.2LB"
"","6779743","","0","1","0","116.99","83.11","LST","HILL'S SCIENCE DIET","SD CT AD SL&BR 15LB"
"","6779740","","0","24","0","3.49","2.1883","LST","HILL'S SCIENCE DIET","SD CT KTN SS&S SL&VG 2.8OZ"
"","6779737","","12","12","1.75","2.59","1.485","LST","PERFORMATRIN ULTRA","PERF ULT CT GF TU & PMP 2.8 OZ"
"","6770013","","0","1","0","11.99","4.48","LST","KONG","KONG DG SNUZZLES MINI FROG 1XS"
"","6770012","","0","1","0","9.99","4.48","LST","KONG","KONG DG SNUZZLES MINI DUCK 1XS"
"","6740467","","0","1","0","29.99","18","LST","CRUMPS' NATURALS","CRMP DG SWT POT FRS 20OZ"
"","6764333","","0","1","0","1.49","0.05","LST","PERFORMATRIN PRIME","PERF PRM CT ORAL CARE SMP 4OZ"
"","6655643","","0","1","0","21.99","10.99","LST","FOUFIT","FFIT DG WOODLAND SNUFFEL FOX"
"","6235906","","0","1","0","19.99","10","LST","MESSY MUTTS","MM DG LCKMT & SPTLA GRY 1EA"
"","6782819","","0","1","0","14.99","9.4","ROS","CRUMPS' NATURALS","CRMPN DG GUTSY TPR CHK 3.5OZ"
"","6786115","","0","6","0","4.99","3.1","LST","INABA","INB CT CHURU SNR CHK 2OZ"
"","6786120","","0","4","0","4.19","2.4925","LST","INABA","INB CT CHURU PNS CHK SCLP 2PK"
"","6786119","","0","4","0","4.19","2.4925","LST","INABA","INB CT CHURU PNS CHK 2PK"
"","6786116","","0","6","0.25","4.99","3.1","LST","INABA","INB CT CHURU SNR TUNA 2OZ"
"","6786117","","0","6","0.75","4.99","3.1","LST","INABA","INB CT CHURU CK&CH 2OZ"
"","6786118","","0","4","0","4.19","2.4925","LST","INABA","INB CT CHURU PNS TUNA 2PK"
"","6786671","","0","6","0","4.99","3.1","LST","INABA","INB CT CHURU SL&TU 2OZ"
"","I8949","","0","1","0","10.49","5.25","LST","VERSELE-LAGA","VL COMPLETE CUNI ADULT 1.1LB"
"","E6334","6227352","0","1","0","25.99","13","LST","VERSELE-LAGA","VL COMPLETE CUNI ADULT 3.86LB"
"","IC225","","0","1","0","164.99","103.94","LST","SMACK","SMACK DG DEHY CRBBN SLMN 5.5LB"
"","IC224","","0","1","0","22.99","14.48","LST","SMACK","SMACK DG DEHY BRRY CHK 8.8OZ"
"","Y1208","","1","1","0","164.99","103.94","OOS","SMACK","SMACK DG DEHY HRVST PRK 5.5LB"
"","A7103","","0","1","0","10.49","5.25","OOS","VERSELE-LAGA","VL COMPLETE CUNI JNR 1.1LB"
"","IC222","","1","1","0.25","22.99","14.48","LST","SMACK","SMACK DG DEHY CHNKY CHK 8.8OZ"
"","X8994","6227353","0","1","0","25.99","13","LST","VERSELE-LAGA","VL COMPLETE CUNI JNR 3.86LB"
"","I3105","","0","1","0","10.49","5.25","LST","VERSELE-LAGA","VL COMPLETE CHNCH DEGU 1.1LB"
"","X8993","6227351","0","1","0","25.99","13","LST","VERSELE-LAGA","VL COMPLETE CAVIA 3.86LB"
"","Y1207","","0","1","0","24.99","15.74","LST","SMACK","SMACK DG DEHY HRVST PRK 8.8OZ"
"","G6833","","0","1","0","35.99","18","LST","VERSELE-LAGA","VL COMPLETE RAT MOUSE 4.41LB"
"","X8995","6227354","0","1","0","34.99","17.5","LST","VERSELE-LAGA","VL COMPLETE HAMSTR GERBL 2KG"
"","IC221","","0","1","0","139.99","88.19","OOS","SMACK","SMACK DG DEHY CHNKY CHK 5.5LB"
"","A3134","","0","1","0","25.99","13","LST","VERSELE-LAGA","VL COMPLETE CHNCH DEGU 3.8LB"
"","I8948","","0","1","0","10.49","5.25","LST","VERSELE-LAGA","VL COMPLETE CAVIA 1.1LB"
"","IC223","","1","1","0.25","139.99","88.19","LST","SMACK","SMACK DG DEHY BRRY CHK 5.5LB"
"","G3710","","0","1","0","12.49","6.25","LST","VERSELE-LAGA","VL COMPLETE RAT MOUSE 1.1LB"
"","X3021","","0","1","0","164.99","103.94","LST","SMACK","SMACK DG DEHY RCK RCKFSH 5.5LB"
"","6786928","","0","1","0","44.99","21","LST","VERSELE-LAGA","VL COMPLETE CUNI ADULT 6.61LB"
"","6776347","","0","1","0","311.99","205.8","LST","TRIXIE","TRX DG WOOD/WIRE CRATE TABL LG"
"","6786657","","0","4","0","4.19","2.4925","LST","INABA","INB CT CHURU PNS TU&BON 2PK"
"","6770020","","0","1","0","21.99","10.63","LST","KONG","KONG DG SCRUFFS CHKN 1MDLG"
"","6776338","","0","1","0","311.99","205.8","LST","TRIXIE","TRX DG WOOD/WIRE CRATE TABL LW"
"","X2868","","0","1","0","24.99","15.74","LST","SMACK","SMACK DG DEHY RCK RCKFSH 7.4OZ"
"","6776310","","0","1","0","207.99","138.24","LST","TRIXIE","TRX DG FOLD OUTDOOR KENNEL S/M"
"","6790429","","0","1","0","59.99","23.99","INOT","JUMP","JMP DG SMR25 COOL MAT MULT32IN"
"","6743840","","0","1","0","17.99","7.72","LST","KONG","KONG DG KNOTS TEDDY ASTD 1SM"
"","IC226","","1","1","0.25","24.99","15.74","LST","SMACK","SMACK DG DEHY CRBBN SLMN 7.4OZ"
"","6776309","","0","1","0","519.99","346.13","LST","TRIXIE","TRX DG FOLD OUTDOOR KENNEL XXL"
"","6640727","","0","1","0","24.99","16.19","LST","ARMSTRONG","AS FAVOURITE FINCH 9.9LB"
"","6790655","","0","1","0","41.99","21","LST","VERSELE-LAGA","VL COMPLETE CAVIA 6.61LB"
"","6790821","","0","1","0","14.99","7.5","LST","MAX & MOLLY URBAN PETS","MX&ML DG MTRX DSPNSR TURQ 1EA"
"","6787515","","0","1","0","166.99","105.5","LST","TRIXIE","TRX DG NATURA KENNEL BRN S/M"
"","6787500","","0","1","0","342.99","207.87","LST","TRIXIE","TRX DG FOLD OUTDOOR KENNEL LXL"
"","6787528","","0","1","0","259.99","171.77","LST","TRIXIE","TRX DG NATURA KENNEL BRN M/L"
"","6776325","","0","1","0","207.99","135.12","LST","TRIXIE","TRX DG WOOD/WIRE CRATE TABL SW"
"","6787520","","0","1","0","311.99","205.8","LST","TRIXIE","TRX DG NATURA KENNEL XL B"
"","6787641","","0","1","0","21.99","12","LST","CANPRESSCO","CANPR CT CAM OL 8.5OZ"
"","6672814","","0","1","0","21.99","12.15","LST","ARMSTRONG","AS ULTRA BLEND 8.8LB"
"","6790607","","0","1","0","19.99","12","LST","FLUKERS","FLKR FD DUB ROC 1.3OZ"
"","6790617","","0","1","0","49.99","29.99","LST","MARSHALL","MRSHL FRRT DIET DG SUPPRT 4LB "
"","6786776","","0","1","0","11.99","5.5","LST","KONG","KONG CT LASER CHIRPS BIRD 1EA"
"","6790616","","0","1","0.25","8.99","4.09","LST","KONG","KONG CT SNUZZLE MOUSE 1EA"
"","6764877","","0","1","0","14.99","6.81","LST","KONG","KONG CT TROPICS PALS 2PK"
"","6790549","","0","1","0","29.99","14.14","LST","KONG","KONG CT CMFT KEY PLAY MAT 1EA"
"","6776440","","0","1","0","12.99","6.15","LST","KONG","KONG CT TSR CHIRPZ CHICK 1EA"
"","6791313","","0","1","0","15.99","6.28","INOT","MULTIPET","MLPT DG WRNKLEZ ASRTD PLSH 1EA"
"","6786767","","0","1","0","11.99","4.79","LST","KONG","KONG CT LUVS MOUSE 1EA"
"","6791396","","0","1","0","39.99","21.05","OOS","BLENDS FOR LIFE","BFL DG MUSHROOM FOURMIX 4.2OZ"
"","6788183","","0","1","0","19.99","10","LST","MESSY MUTTS","MM DG CRATE LICK PLATE GRY 1EA"
"","6617517","","0","1","0","9.99","5.25","OOS","FLUKERS","FLKR GRMT DUB ROC 1.2OZ"
"","6790629","","0","1","0","5.99","3.25","LST","FLUKERS","FLKR FF VAC PK VRTY MX 0.7OZ"
"","6790600","","0","1","0","49.99","25.55","OOS","BLENDS FOR LIFE","BFL DG OMEGA 3.8OZ"
"","6790621","","0","1","0","17.99","8.18","LST","KONG","KONG CT ANGLER DOOR TSR 1EA"
"","6780050","","0","1","0","32.99","16.87","LST","KONG","KONG CT GLAMPING TENT 1EA"
"","6773639","","0","1","0","19.99","10.8","LST","WELLMARK","WM DG pH BLNCD ER CLNG SLT 8OZ"
"","6786775","","0","1","0","8.99","4.09","LST","KONG","KONG CT CLACKZ CATERPILLAR 1EA"
"","6465713","","0","1","0","6.99","2.75","LST","FLUKERS","FLKR FF VAC PK CRCKT 0.7OZ"
"","6790654","","0","1","0","13.99","7.25","LST","FLUKERS","FLKR GRMT INSCT MX 2.75OZ"
"","6787361","","0","1","0","11.99","6","OOS","HARI","HARI CLAW GROOMING SISSORS 1LG"
"","6787363","","0","1","0","9.99","5","LST","HARI","HARI CLAW GROOMING SISSORS 1SM"
"","6241167","","0","1","0","6.99","3.8","LST","FLUKERS","FLKR FF VAC PK DUB ROC 0.7OZ"
"","6790624","","0","1","0","10.99","5.12","LST","KONG","KONG CT FLICKER MOUSE 1EA"
"","6790620","","0","1","0","12.99","7.5","NEW","FLUKERS","FLKR FD SWM 1.7OZ"
"","X7895","","0","1","0","21.99","12.64","LST","STELLA & CHEWY'S","SC DG FD LB HEART 3OZ"
"","A3710","","0","1","0","6.19","2.2","INOT","MULTIPET","MLPT DG MINI LTX ANMLS AST 1EA"
"","6791251","","0","1","0","99.99","50","INOT","GOO-EEZ","GZ DG PRTBL PET POOL 120CM 1EA"
"","6791252","","0","1","0","59.99","30","INOT","GOO-EEZ","GZ DG PRTBL PET POOL 80CM 1EA"
"","6791253","","0","1","0","49.99","25","INOT","GOO-EEZ","GZ DG SPLSHSPRY PAD 150CM 1EA"
"","X7892","","0","1","0","21.99","12.64","LST","STELLA & CHEWY'S","SC DG FD BF HEARTS 3OZ"
"","6773637","","0","1","0","26.99","14.62","LST","WELLMARK","WM DG DENTAL WIPES 50 PDS"
"","K6599","","0","1","0","17.99","8.75","LST","HARI","HARI TRPMX CKCTL & LB 2OZ"
"","Y1100","","0","1","0","8.99","4.25","OOS","HARI","HARI TRPCN EGG GRANUALE 5.29OZ"
"","G4878","","0","1","0","10.99","5.25","OOS","HARI","HARI TRPCN HND FDNG 0.88LB"
"","6791125","","0","8","0","49.99","28.5813","LST","REDBARN","RB DG BULLY RING 3PK"
"","6228246","","0","1","0","8.99","4.25","LST","HARI","HARI TRPMX EGG FD MIX 6.5OZ"
"","6470964","","0","1","0","20.99","10.25","LST","HARI","HARI SP PARROT LOOFAH TOY 1EA"
"","6794033","","0","1","0","59.99","35.99","LST","MARSHALL","MRSHL DIG BOX PLAY CENTR 1EA"
"","6253737","","0","1","0","20.99","10.25","ROS","HARI","HARI SP PARROT COLADA TOY 1EA"
"","6790469","1000361","0","1","0.5","12.99","9.99","LST","LOVIBLES","LVBLS CT WING MAN 12VP"
"","6251916","","0","1","0","14.99","7.5","LST","HARI","HARI SP PARROT SPR BALL 1EA"
"","6791126","","0","12","0","47.99","27.7275","LST","REDBARN","RB DG BRAIDED BULLY STICK 12IN"
"","6632483","","0","1","0","21.99","11.95","ROS","REDBARN","RB DG BULLY TWIST 1.65OZ"
"","6252282","","0","18","0","29.99","17.3267","LST","REDBARN","RB DG BULLY 12IN 2PK"
"","6529726","","0","15","0","51.99","30.488","LST","REDBARN","RB DG BULLY 7IN 6PK"
"","6793813","","0","1","0","34.99","18.65","OOS","BLENDS FOR LIFE","BFL DG CALMIMNG DREAM 4.6OZ"
"","6617833","","0","1","0","18.99","10.63","ROS","REDBARN","RB DG PRK SKIN TWIST 1.65OZ"
"","6794039","","0","1","0","44.99","22.5","LST","CANADA POOCH","CP DG JACQUARD LSH BLK 1EA"
"","6786887","","0","1","0","44.99","28.06","ROS","TRIXIE","TRXE DG ACTIVTY TUNNEL BLUE"
"","FA799","","0","6","0","12.99","6.5","LST","PETRAGEOUS","PTRGS CT SLEEPY KITTY BOWL 5.5"
"","6786883","","0","1","0","197.99","130.97","LST","TRIXIE","TRXE DG ACTIVTY AGILTY SEESAW"
"","6787111","","0","1","0","0.02","0.02","LST","LOLO PETS CLASSIC","LOLO WOOD DISPLAY "
"","6786882","","0","1","0","332.99","221.4","LST","TRIXIE","TRXE DG ACTVTY AGILITY DOGWALK"
"","6786888","","0","1","0","86.99","54.15","LST","TRIXIE","TRXE DG CAR GRID W HEAD REST"
"","6788136","","0","1","0","14.49","7.03","ROS","CANINE NATURALS","CNT DG PNB CTD CHW 5.2OZ 3P"
"","A2129","","0","4","0","12.99","6.5","LST","PETRAGEOUS","PTRGS CT LUCY PAWS BOWL 5IN"
"","6786890","","0","1","0","103.99","67.56","LST","TRIXIE","TRX DG CAR GRID "
"","6801857","","0","1","0","44.99","22.5","LST","CANADA POOCH","CP DG JACQUARD LSH PRP 1EA"
"","IJ161","","0","1","0","44.99","23.35","OOS","COASTAL PET PRODUCTS","SFRI DG LH DESHED TOOL 1LG"
"","IU120","","0","1","0","36.99","19","OOS","COASTAL PET PRODUCTS","SFRI DG SH DESHED TOOL 1MD"
"","A7268","","0","1","0","44.99","23.35","OOS","COASTAL PET PRODUCTS","SFRI DG SH DESHED TOOL 1LG"
"","90987","","0","1","0","14.99","7.75","OOS","COASTAL PET PRODUCTS","SFRI DG GUILLOTINE CLPR 1SM"
"","90977","","0","1","0","16.99","8.19","OOS","COASTAL PET PRODUCTS","SFRI DG GUILLOTINE CLPR 1LG"
"","IJ162","","0","1","0","36.99","19","OOS","COASTAL PET PRODUCTS","SFRI DG LH DESHED TOOL 1MD"
"","ID593","","0","1","0","16.99","8.85","OOS","COASTAL PET PRODUCTS","SFRI DG MASSAGE BRSH 1EA"
"","FD761","","0","1","0","22.99","12.6","OOS","COASTAL PET PRODUCTS","SFRI DG COMPLETE BRSH 1EA"
"","6790614","6468412","0","24","0","1.14","0.8767","LST","LOVIBLES","LVBLS CT TK&CHS SHRD 5.5OZ"
"","6790463","6468410","0","24","0","1.14","0.8767","LST","LOVIBLES","LVBLS CT WHTFSH&TUNA PATE 3OZ"
"","E2235","","0","1","0","7.29","3.63","LST","NITE IZE","NTIZ DG LED SBINER TAGLOCK "
"","6790827","","0","1","0","62.99","31.5","LST","CANADA POOCH","CP DG REDIRECT HARN BLK 1LG"
"","6801862","","0","1","0","64.99","32.5","LST","CANADA POOCH","CP DG REDIRECT HARN PRP 1XL"
"","6790434","1000330","0","24","1","1.14","0.8767","LST","LOVIBLES","LVBLS CT TK&GIB ENT PATE 3OZ"
"","6790439","1000336","0","24","0","1.14","0.8767","LST","LOVIBLES","LVBLS CT SL DNR PATE 5.5OZ"
"","6790631","6468414","0","24","0","1.14","0.8767","LST","LOVIBLES","LVBLS CT WHTFSH&TUNA DNR5.5OZ"
"","6790825","","0","1","0","54.99","27.5","LST","CANADA POOCH","CP DG REDIRECT HARN BLK 1SM"
"","6790826","","0","1","0","59.99","30","LST","CANADA POOCH","CP DG REDIRECT HARN BLK 1MD"
"","6801863","","0","1","0","69.99","35","LST","CANADA POOCH","CP DG REDIRECT HARN PRP 1XXL"
"","6793850","","0","1","0","62.99","31.5","LST","CANADA POOCH","CP DG REDIRECT HARN PRP 1LG"
"","6830713","","0","25","0","0","0.3432","","PET VALU","MK PM 2025 PET PAR GUIDE 25pk"
"","E7947","","0","1","0","32.99","15.55","NEW","KONG","KNG DG COZIE ALI ALLIGATOR XL"
"","6790433","1000332","0","24","1.25","1.14","0.8767","LST","LOVIBLES","LVBLS CT CHK ENT PATE 3OZ"
"","6790438","6468411","24","24","1","1.14","0.8767","LST","LOVIBLES","LVBLS CT SL DNR PATE 3OZ"
"","Q7451","","0","1","0","18.99","9.5","OOS","PETRAGEOUS","PTRGS CT CITY PET DISH 6.25IN"
"","6801861","","0","1","0","59.99","30","LST","CANADA POOCH","CP DG REDIRECT HARN PRP 1MD"
"","6830712","","0","25","0","0","0.3432","","PET VALU","MK PV 2025 PET PAR GUIDE 25pk"
"","6790633","6468416","0","24","3","1.14","0.8767","LST","LOVIBLES","LVBLS CT CHK&TUNA DNR5.5OZ"
"","6790452","1000339","0","24","0.25","1.14","0.8767","LST","LOVIBLES","LVBLS CT TK&GIB DNR PATE5.5OZ"
"","6787806","1000323","0","24","1.5","1.14","0.8767","LST","LOVIBLES","LVBLS CT BF ENT PATE 3OZ"
"","6790435","1000342","0","24","0.25","1.14","0.8767","LST","LOVIBLES","LVBLS CT CHK DNR PATE 5.5OZ"
"","6801858","","0","1","0","64.99","32.5","LST","CANADA POOCH","CP DG REDIRECT HARN BLK 1XL"
"","6790630","6468413","0","24","0","1.14","0.8767","LST","LOVIBLES","LVBLS CT CHK SHRD 5.5OZ"
"","6790432","1000327","0","24","5.75","1.14","0.8767","LST","LOVIBLES","LVBLS CT LVR&CHK ENT PATE 3OZ"
"","6801859","","0","1","0","69.99","35","LST","CANADA POOCH","CP DG REDIRECT HARN BLK 1XXL"
"","6790632","6468415","24","24","0.25","1.14","0.8767","LST","LOVIBLES","LVBLS CT MXD GRILL DNR5.5OZ"
"","6801860","","0","1","0","54.99","27.5","LST","CANADA POOCH","CP DG REDIRECT HARN PRP 1SM"
"","6790521","6468409","0","24","0","1.14","0.8767","LST","LOVIBLES","LVBLS CT COD&SOLE&SHP PATE3OZ"
"","6796623","","0","6","0","12.99","6.5","NEW","PETRAGEOUS","PTRGS CT LOVE CATS SAUCER 5IN"
"","6776433","","0","1","0","47.99","21.79","LST","KONG","KONG CT PLYSPCS RAVE CAVE 1EA"
"","6780051","","0","1","0","23.99","12.51","NEW","KONG","KOG DG KNOTS FROG LXL "
"","6797690","","0","1","0","44.99","24.74","INOT","DOG GONE SMART","DGS DG CK BLNKT GRY 1MD"
"","6797731","","0","1","0","32.99","17.13","NEW","KONG","KNG DG WILDKNOT BEAR XXL"
"","6770017","","0","1","0","12.99","6.63","LST","KONG","KNG DG SPORT SOFTIES MD 3PK"
"","A1763","","0","1","0","22.99","11.5","OOS","COASTAL PET PRODUCTS","SFRI DG NYLON TIP BRSH 1EA"
"","6791102","","0","1","0","15.99","8.48","LST","VETRISCIENCE","NUCAT CT MV 30PC"
"","6407710","","0","1","0","23.99","11.65","OOS","COASTAL PET PRODUCTS","SFRI DG BMBO WIRE BRSH 1EA"
"","6797643","","0","1","0","39.99","20.8","INOT","DOG GONE SMART","DGS DG CREW BUNDLE 1EA"
"","6785637","","0","1","0","64.99","38.99","INOT","DOG GONE SMART","DGS DG CK BLNKT GRY 1LG"
"","6793742","","0","1","0","19.99","9.63","OOS","KONG","KNG DG MAXX TUG L"
"","6791136","","0","1","0","12.99","6.5","LST","ZILLA","ZIL CRCKT GLW PWDR 4OZ"
"","6770015","","0","1","0","12.99","7.21","LST","KONG","KNG DG SOFTIES BALLS 2PK L"
"","6791098","","0","1","0","23.99","11.64","LST","VETRISCIENCE","VSCNC CT LYSINE PL SUPPL 90PC"
"","6655175","","0","1","0","34.99","17.75","NEW","KONG","KOG DG COZIE MARVIN MOOSE XL"
"","6796621","","0","4","0","18.99","9.5","LST","PETRAGEOUS","PTRGS CT LOVE CATS BOWL 5IN"
"","6236591","","0","1","0","16.99","9","LST","TONKA","TNK DG GORILLA TIRE FEEDER 4IN"
"","6793743","","0","1","0","19.99","10.28","NEW","KONG","KNG DG KNOTS BELLY HIPPO ML"
"","6797724","","0","1","0","9.99","5","LST","CATIT","CATIT CATNIP RPLMT BAGS 6PK"
"","6793691","","0","1","0","3.99","2.17","LST","LOLO PETS CLASSIC","LOLO DG VANILLA BISCUIT 1.41OZ"
"","6780719","","0","1","0","87.99","48.39","INOT","DOG GONE SMART","DGS DG CK RND BD GRY 1SM"
"","6794038","","0","1","0","57.99","29","LST","COMPANY OF ANIMALS","COA DG WIDE MUZZLE SZ 2"
"","6797708","","0","1","0","2.99","1.5","OOS","CATIT","CATIT PIXI FTN SPOUT 3PK"
"","6771316","","0","1","0","34.99","17.75","LST","KONG","KNG DG COZIE ALI XXL"
"","6759734","","0","1","0","46.99","21.82","LST","NITE IZE","NTIZ DG LED SAFETY NCKLC"
"","6407714","","0","1","0","26.99","14.2","OOS","COASTAL PET PRODUCTS","SFRI DG BMBO P&B BRSH 1EA"
"","6791103","","0","1","0","15.99","8.48","LST","VETRISCIENCE","NUCAT CT SNR MV 30PC"
"","6763568","","0","1","0","25.99","13.51","LST","NITE IZE","NTIZ DG SPOTLIT JEWEL DISC-O"
"","6764875","","0","1","0","26.99","12.81","LST","KONG","KNG DG MAXX TURTLE M"
"","6764873","","0","1","0","19.99","9.6","ROS","KONG","KNG DG MAXX ARMADILLO S"
"","6407711","","0","1","0.25","23.99","9.99","OOS","COASTAL PET PRODUCTS","SFRI DG BMBO BRSTLE BRSH 1EA"
"","6798779","","0","1","0","8.99","4.87","LST","NITE IZE","NTIZ DG SLIDELOCK PET SBINER"
"","6236590","","0","1","0","29.99","17","LST","TONKA","TNK DG INFNTY TREAD TUG 11.5IN"
"","Y2734","","0","1","0","21.99","13","LST","TONKA","TNK DG TREAD 3-RINGTUG 10.5 IN"
"","6791152","","0","1","0","49.99","24.95","LST","COMPANY OF ANIMALS","COA DG WIDE MUZZLE SZ 1"
"","6793740","","0","1","0","19.99","10.28","LST","KONG","KNG DG KNOTS BELLY GORILLA ML"
"","6797737","","0","1","0","10.99","5.12","NEW","KONG","KONG CT FLINGAROO CORNY 1EA"
"","6791137","","0","1","0","22.99","11.5","LST","ZILLA","ZIL TRTL MRCL BALL 1EA"
"","6796625","","0","6","0","12.99","6.5","LST","PETRAGEOUS","PTRGS CT SLLY KITTY SAUCER 5IN"
"","6764876","","0","1","0","32.99","16.02","LST","KONG","KNG DG MAXX RINO L"
"","6780718","","0","1","0","179.99","98.99","INOT","DOG GONE SMART","DGS DG CK RND BD GRY 1LG"
"","6791101","","0","1","0","18.99","9.1","LST","VETRISCIENCE","VSCNC CT GLYC H&J SUPPL 30PC"
"","6798778","","0","1","0","13.99","6.9","LST","NITE IZE","NTIZ DG MICRLINK TAG CRBNR 2PK"
"","Y4407","","0","1","0","17.99","10","LST","TONKA","TNK DG RUBBER TREAD TIRE 5IN"
"","6793778","","0","12","1.75","5.79","3.4142","LST","PERFORMATRIN ULTRA","PERF ULT DG GF CHK&SL 13.2OZ"
"","6793776","","0","12","1.5","5.79","3.4142","LST","PERFORMATRIN ULTRA","PERF ULT DG GF CHK 13.2OZ"
"","6739447","","0","1","0","28.99","15.78","OOS","COASTAL PET PRODUCTS","CPP DG LIL PAL PUP GRM KIT 3PC"
"","6793777","","0","12","5.75","5.79","3.4142","LST","PERFORMATRIN ULTRA","PERF ULT DG GF CHK&BF 13.2OZ"
"","6794012","","0","1","0","22.99","11.5","LST","CLOE E CLUZO","CEC CT HARNESS CAMO LGXL"
"","6794011","","0","1","0","21.99","11","LST","CLOE E CLUZO","CEC CT HARNESS CAMO SMMD"
"","6790605","","0","1","0","29.99","15","LST","CLOE E CLUZO","CEC CT 4 WAY TUNNEL ORANGE 1EA"
"","6794036","","0","1","0","21.99","11","LST","CLOE E CLUZO","CEC CT CMFRT LTR MT ZIGZAG 1EA"
"","6786895","","0","1","0","22.99","11.5","LST","CLOE E CLUZO","CEC CT 3 WAY TUNNEL ORANGE 1EA"
"","6797722","","0","1","0","13.99","6.94","LST","YEOWWW!","YEOWWW! RED MO BETTA FISH 1EA"
"","6794035","","0","1","0","21.99","11","OOS","CLOE E CLUZO","CEC CT CMFRT LTR MT GRY 1EA"
"","6794034","","0","1","0","21.99","11","LST","CLOE E CLUZO","CEC CT FIBRE LTR MAT 1LG"
"","6790820","","0","1","0","14.99","7.5","LST","MAX & MOLLY URBAN PETS","MX&ML DG MTRX DSPNSR ROSE 1EA"
"","6787292","","0","1","0","9.99","4.39","LST","YEOWWW!","YEOWWW! PLAIN STRAWBERRY 1EA"
"","6793654","","0","1","0","22.99","11.5","LST","CLOE E CLUZO","CEC CT HARNESS FLORAL LGXL"
"","6793692","","0","32","0","3.99","2.17","LST","LOLO PETS CLASSIC","LOLO DG VANILLA DONUT 2.11OZ"
"","6793655","","0","1","0","21.99","11","LST","CLOE E CLUZO","CEC CT HARNESS DOTED SMMD"
"","6793657","","0","1","0","21.99","11","LST","CLOE E CLUZO","CEC CT HARNESS LEOPARD SMMD"
"","6790819","","0","1","0","14.99","7.5","LST","MAX & MOLLY URBAN PETS","MX&ML DG MTRX DSPNSR BLK 1EA"
"","6794010","","0","1","0","22.99","11.5","LST","CLOE E CLUZO","CEC CT HARNESS LEOPARD LGXL"
"","6791480","","0","1","0","21.99","11","LST","CLOE E CLUZO","CEC CT HARNESS FLORAL SMMD"
"","6794037","","0","1","0.25","17.99","9","OOS","CLOE E CLUZO","CEC CT ALUMNM LTR SCOOP 1EA"
"","6744033","","0","1","0","21.99","11","LST","CLOE E CLUZO","CEC CT DOUBLE FEEDER BOWL 1EA"
"","6794013","","0","1","0","22.99","11.5","LST","CLOE E CLUZO","CEC CT 3 WAY TUNNEL GREEN 1EA"
"","6793656","","0","1","0","22.99","11.5","LST","CLOE E CLUZO","CEC CT HARNESS DOTED LGXL"
"","6794015","","0","1","0","13.99","7","LST","CLOE E CLUZO","CEC CT FIBRE LTR MAT 1SM"
"","6764250","","0","1","0","8.99","4.92","LST","YEOWWW!","YEOWWW! BLUE DAISY FLOWER 1EA"
"","6847958","","0","12","0","10.99","4.99","LST","TILTED BARN PET CO.","TB DG BF CRANBERYY TRT 3.5OZ"
"","6847974","","0","1","0","377.76","189","INOT","WUNDERBALL","WNDRBLL DG CNTR DSPLY 24PC 1EA"
"","6847959","","0","10","0","10.99","4.997","LST","TILTED BARN PET CO.","TB DG B CRANBERRY MINIWAGS3.53"
"","6847957","","0","10","0","14.99","7.3","LST","TILTED BARN PET CO.","TB DG BISON MINIWAGS3.53oz"
"","6847956","","0","12","0","14.99","7","LST","TILTED BARN PET CO.","TB DG BISON TRT 3.53OZ"
"","6785894","","0","12","0","3.99","2","LST","BENNY BULLY'S","B BUL DG BF LVR&BLB MINI .6OZ"
"","6785895","","0","12","0","3.99","2","LST","BENNY BULLY'S","B BUL DG BF LVR PLS APPLE .6OZ"
"","6785888","","0","12","0","3.99","2","LST","BENNY BULLY'S","B BUL DG BF LVRP&PMP MINI .6OZ"
"","6785898","","0","12","0","3.99","2","LST","BENNY BULLY'S","B BUL DG BS LVR MINIBITES .6OZ"
"","6785897","","0","12","0","3.99","2","LST","BENNY BULLY'S","B BUL DG BF LVR MINIBITES .6OZ"
"","R0809","","0","1","0","12.99","7.27","NEW","YEOWWW!","YEOWWW! LICKME/BITEME 4IN"
"","W8390","","0","1","0","9.99","6.13","NEW","YEOWWW!","YEOWWW! CIGAR BLUE 7IN"
"","I9515","","0","1","0","12.99","7.27","LST","YEOWWW!","YEOWWW! HAPPY KITTY 4IN"
"","W8391","","0","1","0.5","9.99","6.13","NEW","YEOWWW!","YEOWWW! CIGAR PINK 7IN"
"","6776924","","0","1","0","22.99","12.5","NEW","YEOWWW!","YEOWWW! STRAWBERRIES 3PK"
"","A9708","","0","1","0","16.99","8.5","LST","LAGUNA","LAG ALL SSN PND FLTNG FD 17OZ"
"","6764260","","0","1","0","8.99","4.92","LST","YEOWWW!","YEOWWW! FLOWER WHITE 1EA"
"","6848433","1500244","0","1","0","21.99","10.72","LST","SKOUT'S HONOR","SKHNR CT URN ODR DSTRY 35OZ"
"","E6533","","0","1","0","19.99","10.5","INOT","LAGUNA","LAG GRWTH ENHCG PND FD 17OZ"
"","W8262","","0","1","0","35.99","19.5","INOT","LAGUNA","LAG BIO BSTR 16OZ"
"","1502192","","0","1","0","17.99","9.27","LST","JAY'S","JAYS DG MGHTY WLF SLM SRD 16OZ"
"","E6776","","0","1","0","24.99","12","INOT","LAGUNA","LAG CLR ENHCG PND FD 17OZ"
"","E6415","","0","1","0","22.99","11.5","INOT","LAGUNA","LAG SG/FL WHT GRM SPRLN 17OZ"
"","6764259","","0","1","0","8.99","4.92","NEW","YEOWWW!","YEOWWW! FLOWER PINK 1EA"
"","6776925","","0","1","0","18.99","9.35","LST","YEOWWW!","YEOWWW! CATNIP CATRINA 5IN"
"","6848431","1500243","0","1","0","21.99","10.72","LST","SKOUT'S HONOR","SKHNR CT LTR BOX DEO 35OZ"
"","41023","","0","1","0","35.99","19.5","INOT","LAGUNA","LAG BIO SLDG CNTRL 16OZ"
"","6848514","","0","1","0","71.99","36","INOT","CANADA POOCH","CP DG WTRPRF RAINCOAT BL SZ10"
"","6848522","","0","1","0","115.99","58","INOT","CANADA POOCH","CP DG WTRPRF RAINCOAT BL SZ26"
"","6408819","","0","1","0","18.99","9.77","NEW","YEOWWW!","YEOWWW! BANANA PEELED 6IN"
"","6848441","","0","1","0","67.99","64","INOT","CANADA POOCH","CP DG WTRPRF RAINCOAT BL SZ8"
"","R5187","","0","1","0","32.99","16.5","INOT","LAGUNA","LAG PND CLN 16OZ"
"","6848521","","0","1","0","110.99","55.5","INOT","CANADA POOCH","CP DG WTRPRF RAINCOAT BL SZ24"
"","6480846","","0","1","0","21.99","11.04","LST","YEOWWW!","YEOWWW! MITTENS 3PK"
"","6848523","","0","1","0","120.99","60.5","INOT","CANADA POOCH","CP DG WTRPRF RAINCOAT BL SZ28"
"","6848518","","0","1","0","92.99","46.5","INOT","CANADA POOCH","CP DG WTRPRF RAINCOAT BL SZ18"
"","6848517","","0","1","0","87.99","44","INOT","CANADA POOCH","CP DG WTRPRF RAINCOAT BL SZ16"
"","6848516","","0","1","0","82.99","41.5","INOT","CANADA POOCH","CP DG WTRPRF RAINCOAT BL SZ14"
"","6848519","","0","1","0","97.99","49","INOT","CANADA POOCH","CP DG WTRPRF RAINCOAT BL SZ20"
"","6848515","","0","1","0","76.99","38.5","INOT","CANADA POOCH","CP DG WTRPRF RAINCOAT BL SZ12"
"","95065","","0","1","0","10.49","5.15","LST","JAY'S","WAG BIG BITES H&J 0.44lb"
"","6776451","1500241","0","1","0.25","19.99","9.55","LST","SKOUT'S HONOR","SKHNR DG URN DSTRY BIL 35OZ"
"","6848624","","0","1","0","19.99","10.96","LST","PROJECT HIVE","PROJH DG LOOPED HIVE 1SM"
"","6640800","","0","1","0","19.99","10.2","OOS","PROJECT HIVE","PH DG HIVE CHEW TOY 1SM"
"","6824575","6406219","0","1","0","32.99","17.79","LST","LITTER GENIE","LITTER GENIE LTR BOX HOOD 1EA"
"","6848621","","0","1","0","29.99","16.45","LST","PROJECT HIVE","PROJH DG LP BALL BLU GRN S 2PK"
"","6786388","1505827","0","1","0","21.99","11.5","LST","LITTER GENIE","LITTER GENIE LITTER MAT 1EA"
"","6830720","","0","1","0","13.99","6.76","LST","MAD CAT","MC ORANGE SODA 2PK"
"","6848625","","0","1","0","19.99","10.96","OOS","PROJECT HIVE","PROJH DG LOOP BALL ORNG 1LG"
"","6830717","","2","1","0","9.99","5.19","LST","MAD CAT","MC DIZZY DESERT KICKER 1EA"
"","6776473","6235139","0","1","0","14.99","7.1","LST","SKOUT'S HONOR","SKHNR DG SS ANTICHW BIL 8OZ"
"","6830721","","0","1","0","13.99","6.76","LST","MAD CAT","MC CANNED HAM 2PK"
"","6776452","1500240","0","1","0","19.99","9.36","LST","SKOUT'S HONOR","SKHNR DG STN ODR RMVR BIL 35OZ"
"","6830719","6465317","0","1","0","6.19","3.12","LST","MAD CAT","MC CRAZY CHASERS 3PK"
"","6830718","1506921","0","1","0","8.99","4.5","LST","MAD CAT","MC FUZZY FLUFFS 3PK"
"","6793779","","0","12","2.5","5.79","3.4142","LST","PERFORMATRIN ULTRA","PERF ULT DG GF BF 13.2OZ"
"","6847982","","0","1","0","31.99","16.26","ROS","GO DOG","GD DG BRNYRD SQKY PIG PNK 1LG"
"","6848547","6409720","0","1","0","26.99","13.5","LST","SKOUT'S HONOR","SKHNR DG S&O MESS BIL 35OZ"
"","6847977","","0","1","0","29.99","16.45","LST","PROJECT HIVE","PROJH DG LP BALL BLUPNK S 2PK"
"","6830722","","0","1","0","12.99","6.23","LST","MAD CAT","MC BUZZING 4 BREAKIE 1EA"
"","6824576","1504020","0","1","0","32.99","17.79","LST","LITTER GENIE","LITTER GENIE LTR BOX 1EA"
"","6847975","","0","1","0","29.99","16.45","LST","PROJECT HIVE","PROJH DG HIVE ZMR LNCHR 1EA"
"","6776449","6229273","0","1","0","14.99","7.5","LST","SKOUT'S HONOR","SKHNR DG PROB EAR CLNR 4OZ"
"","6786387","","0","1","0","16.99","11","NEW","LITTER GENIE","LITTER GENIE GENIUNE RFL 3PK"
"","Y2501","","0","1","0","49.99","27.6","INOT","LAGUNA","LAG FLYMIX PND FD 3.75LB"
"","6848724","","0","1","0","22.99","11.5","LST","THIS & THAT","TT EVEREST BLBERRY CHW 5OZ"
"","6848398","","0","1","0","24.99","12.5","LST","KRAZY KITTY","KRAZY KITTY SLRVN TIGERTAIL1EA"
"","6848399","","0","1","0","9.99","5","LST","KRAZY KITTY","KRAZY KITTY SLVRVN STICKS 2PK"
"","6848520","","0","1","0","105.99","53","INOT","CANADA POOCH","CP DG WTRPRF RAINCOAT BL SZ22"
"","6848717","","0","1","0","17.99","8.75","LST","THIS & THAT","TT EVEREST BLBERRY CHW 3.5OZ"
"","6848716","","0","1","0","13.99","6.75","LST","THIS & THAT","TT EVEREST BLBERRY CHW 2.5OZ"
"","6848427","","0","1","0","8.99","3.85","LST","KONG","KONG CT LICKS 1SM"
"","Y2220","","0","1","0","26.99","13.8","INOT","LAGUNA","LAG FLYMIX PND FD 26OZ"
"","6848260","","0","1","0","9.99","5","LST","SCIENCE SELECTIVE","SS VITAMN C CARE SUPLMNT 3.5OZ"
"","6848620","6447102","0","1","0","16.99","10.2","LST","CATIT","CATIT GROOVY GECKO 1SM"
"","6848255","","0","1","0","24.99","12.5","OOS","SELECTIVE NATURALS","SN BOTANICALS RABBIT FD 3.3LB"
"","6848256","","0","1","0","24.99","12.5","LST","SELECTIVE NATURALS","SN BOTANICALS GUINEA PIG 3.3LB"
"","6848732","","0","1","0","22.99","11.5","LST","THIS & THAT","TT EVEREST PMPKN CHEW 5OZ"
"","6848258","","0","1","0","9.99","5","LST","SCIENCE SELECTIVE","SS SKN COAT CARE SUPLMNT 3.5OZ"
"","6848259","","0","1","0","9.99","5","LST","SCIENCE SELECTIVE","SS URINARY CARE SUPLMNT 3.5OZ"
"","6848728","","0","1","0","17.99","8.75","LST","THIS & THAT","TT EVEREST PMPKN CHEW 3.5OZ"
"","6848613","","0","1","0.25","16.99","10.2","LST","CATIT","CATIT GROOVY FISH BL 1SM"
"","6848727","","0","1","0","13.99","6.75","LST","THIS & THAT","TT EVEREST PMPKN CHEW 2.5OZ"
"","6848257","","0","1","0","9.99","5","LST","SCIENCE SELECTIVE","SS DIGESTV CARE SUPLMNT 3.5OZ"
"","6848266","","0","18","0","11.99","4.6","LST","PERFORMATRIN ULTRA","PERF ULT DG CLGN CHW BF 12IN"
"","6235062","","0","25","0","49.99","26.2416","LST","REDBARN","RB DG BULLY STICKS 36IN"
"","6848265","","0","1","0","17.99","7.8","LST","PERFORMATRIN ULTRA","PERF ULT DG CLGN CHW BF 6IN4PK"
"","6848269","","0","1","0","10.99","4.7","LST","PERFORMATRIN ULTRA","PERF ULT DG CLGN CHW BF5IN15PK"
"","6848254","","0","30","0","5.99","2.53","LST","PERFORMATRIN ULTRA","PERF ULT DG CLGN CHW BF 6IN"
"","6848267","","0","1","0","17.99","7.8","LST","PERFORMATRIN ULTRA","PERF ULT DG CLGN CHW BF12IN2PK"
"","6799783","","0","1","0","9.99","5","LST","FLUVAL","FLVL BTA STRTM 1.76LB"
"","6475218","","0","20","0","20.99","10.787","LST","THIS & THAT","T&T EVEREST CHS CHEW XL 1EA"
"","6475219","","0","20","0","15.99","8.043","LST","THIS & THAT","T&T EVEREST CHS CHEW LG 1EA"
"","6475220","","0","20","0","11.99","6.009","LST","THIS & THAT","T&T DG EVEREST CHS CHEW MD 1EA"
"","6848471","","0","17","0","3.29","2.1947","LST","OPEN FARM","OPFM CT SLM&COD TPR 3.17OZ"
"","6848472","","0","17","0.25","3.29","2.1947","LST","OPEN FARM","OPFM CT ARC CHR TPR 3.17OZ"
"","6848470","","0","17","0","3.29","2.1947","LST","OPEN FARM","OPFM CT SLM TPR 3.17OZ"
"","43236","","0","1","0","26.99","16.19","LST","HUGGLEHOUNDS","HH KNOTTIES BUNNY 1LG"
"","54119","","0","1","0","26.99","16.19","LST","HUGGLEHOUNDS","HH KNOTTIE COW 1lg"
"","43241","","0","1","0","22.99","11.45","LST","HUGGLEHOUNDS","HH KNOTTIE MOOSE 1SM"
"","54115","","0","1","0","22.99","11.45","LST","HUGGLEHOUNDS","HH KNOTTIE COW 1sm"
"","43243","","0","1","0","26.99","16.19","LST","HUGGLEHOUNDS","HH KNOTTIES DUCK 1LG"
"","43242","","0","1","0","22.99","11.45","LST","HUGGLEHOUNDS","HH KNOTTIE BUNNY 1SM"
"","43235","","0","1","0","26.99","16.19","LST","HUGGLEHOUNDS","HH KNOTTIES MOOSE 1LG"
"","43239","","0","1","0","26.99","16.19","LST","HUGGLEHOUNDS","HH KNOTTIE OCTOPUS 1LG"
"","43244","","0","1","0","22.99","11.45","LST","HUGGLEHOUNDS","HH KNOTTIE DUCK 1SM"
"","6848238","","0","1","0","91.99","46","INOT","CANADA POOCH","CP DG HRNS RAINCOAT YELLW SZ22"
"","52513","","0","1","0","12.99","6.92","LST","YEOWWW!","YEOWWW! YELLOW FISH 7IN"
"","6849128","","0","1","0","34.99","24.34","LST","OPEN FARM","OPFM DG DH PLK OATML 4LB"
"","6848235","","0","1","0","82.99","41.5","INOT","CANADA POOCH","CP DG HRNS RAINCOAT YELLW SZ16"
"","6849126","","0","1","0","34.99","24.34","LST","OPEN FARM","OPFM DG HW CH WHT F 4LB"
"","6849130","","0","1","0","34.99","24.34","LST","OPEN FARM","OPFM DG S&C SLM OAT 4LB"
"","52516","","0","1","0.25","9.99","5.77","OOS","YEOWWW!","YEOWWW CT CIGAR 1EA"
"","6849569","","0","1","0","93.99","52.89","LST","TALL TAILS","TLTL DG CDLR BED GRY 1EA"
"","6848467","","0","12","0","3.49","2.3183","LST","OPEN FARM","OPFM DG ARC CHAR TPR 4.59OZ"
"","6849570","","0","1","0","93.99","52.89","LST","TALL TAILS","TLTL DG CDLR BED KHAKI 1EA"
"","6848237","","0","1","0","88.99","44.5","INOT","CANADA POOCH","CP DG HRNS RAINCOAT YELLW SZ20"
"","6848236","","0","1","0","85.99","43","INOT","CANADA POOCH","CP DG HRNS RAINCOAT YELLW SZ18"
"","6849129","","0","1","0","114.99","80.58","LST","OPEN FARM","OPFM DG DH PLK OATML 22LB"
"","6848240","","0","1","0","98.99","49.5","INOT","CANADA POOCH","CP DG HRNS RAINCOAT YELLW SZ26"
"","6848233","","0","1","0","72.99","36.5","INOT","CANADA POOCH","CP DG HRNS RAINCOAT YELLW SZ12"
"","6848435","","0","1","0","44.99","22.5","INOT","CANADA POOCH","CP DG MXCHILL COLNG VST BL XS"
"","6848239","","0","1","0","96.99","48.5","INOT","CANADA POOCH","CP DG HRNS RAINCOAT YELLW SZ24"
"","6848160","","0","1","0","70.99","35.5","INOT","CANADA POOCH","CP DG HRNS RAINCOAT YELLW SZ10"
"","6849127","","0","1","0","114.99","80.58","LST","OPEN FARM","OPFM DG HW CH WHT F 22LB"
"","6849148","","0","1","0","114.99","80.58","LST","OPEN FARM","OPFM DG S&C SLM OAT 22LB"
"","6848234","","0","1","0","76.99","38.5","INOT","CANADA POOCH","CP DG HRNS RAINCOAT YELLW SZ14"
"","6848241","","0","1","0","102.99","51.5","INOT","CANADA POOCH","CP DG HRNS RAINCOAT YELLW SZ28"
"","6848468","","0","12","0","3.49","2.3183","LST","OPEN FARM","OPFM DG SLM COD TPR 4.59OZ"
"","6848469","","0","12","0","3.49","2.3183","LST","OPEN FARM","OPFM DG SLM TPR 4.59OZ"
"","6849069","","0","12","0","5.09","3.475","LST","ORIJEN","ORIJEN KIT CHK&TNA CHNKS 5.5OZ"
"","6849067","","0","1","0","43.99","30.57","LST","ACANA","ACANA CT FIRST FEAST 7LB"
"","6849063","","0","12","0","5.09","3.475","LST","ORIJEN","ORIJEN CT SL&CHK CHNKS 5.5OZ"
"","6849064","","0","12","0","5.09","3.475","LST","ORIJEN","ORIJEN CT RGNL RED CHNKS 5.5OZ"
"","6229182","","0","1","0","43.99","22","INOT","CANADA POOCH","CP TORRNT TK RAINCOAT YLW 8IN"
"","6229191","","0","1","0","64.99","32.49","INOT","CANADA POOCH","CP DG TORRNTL TRACKER PNK SZ22"
"","6229193","","0","1","0","72.99","36.49","INOT","CANADA POOCH","CP DG TORRNTL TRACKER PNK SZ26"
"","6849062","","0","12","0","5.09","3.475","LST","ORIJEN","ORIJEN CT DUCK/CHK CHNKS 5.5OZ"
"","6849059","","0","12","0","4.59","3.1283","LST","ACANA","ACANA CT LMB CHUNK 5.5OZ"
"","6849061","","0","12","0","4.59","3.1283","LST","ACANA","ACANA KIT CHK&SLM CHUNK 5.5OZ"
"","6849068","","0","12","0","5.09","3.475","LST","ORIJEN","ORIJEN CT ORIGINAL CHNKS 5.5OZ"
"","X5388","","0","1","0","45.99","23","INOT","CANADA POOCH","CP TORRNT TK RAINCOAT YLW 10IN"
"","6229183","","0","1","0","75.99","38","INOT","CANADA POOCH","CP TORRNT TK RAINCOAT YLW 28IN"
"","6229190","","0","1","0","61.99","30.99","INOT","CANADA POOCH","CP DG TORRNTL TRACKER PNK SZ20"
"","6849070","","0","12","0","4.69","3.495","LST","ORIJEN","ORIJEN KIT CHK SL PATE 5.5OZ"
"","6849060","","0","12","0","4.59","3.1283","LST","ACANA","ACANA CT CHK&TUNA CHUNK 5.5OZ"
"","6849577","","0","1","0","25.99","14.64","LST","TALL TAILS","TLTL DG ARMADILLO RLY PLY 1EA"
"","6849030","","0","12","0","4.59","3.1283","LST","ACANA","ACANA CT SLM&CHK CHUNK 5.5OZ"
"","6849071","","0","12","0","4.19","2.7917","LST","ACANA","ACANA KIT CHK TNA BB PATE5.5OZ"
"","6761495","","0","1","0","65.99","33","INOT","CANADA POOCH","CP DG WATERPRF BOOTS YELLW SZ6"
"","6849579","","0","1","0","27.99","15.24","LST","TALL TAILS","TLTL DG FLYING BAT 1EA"
"","6849578","","0","1","0.25","25.99","14.64","LST","TALL TAILS","TLTL DG HIGHLAND COW 1EA"
"","6849575","","0","1","0","25.99","14.64","ROS","TALL TAILS","TLTL DG HDGHOG RLY PLY 1EA"
"","6848439","","0","1","0","89.99","45","INOT","CANADA POOCH","CP DG MAXCHLL CLNG HRN BLU XXL"
"","6849188","","0","1","0","12.99","4.69","LST","JUMP","JMP CT BTRFY KCKR 1EA"
"","6769377","","0","1","0","65.99","33","INOT","CANADA POOCH","CP DG WATERPROOF BOOTS PNK SZ6"
"","6848596","","0","1","0","126.99","63.5","INOT","CANADA POOCH","CP DG CMPLT CVRG RNCT BLK SZ34"
"","6848290","","0","1","0","45.99","22.99","INOT","CANADA POOCH","CP DG TRRNTL TRACKER BLK SZ10"
"","6848295","","0","1","0","61.99","30.99","INOT","CANADA POOCH","CP DG TRRNTL TRACKER BLK SZ20"
"","6848114","","0","1","0","43.99","20.93","INOT","CANADA POOCH","CP DG PICKME PONCHO PANDA SZ22"
"","6229125","","0","1","0","47.99","24","INOT","CANADA POOCH","CP DG PICKME PONCHO TIEDY SZ26"
"","6743125","","0","1","0","49.99","24.99","INOT","CANADA POOCH","CP DG TRRNTL TRACKER BLK SZ14"
"","6849146","","0","1","0.5","4.49","2.66","LST","EXCEED","EXCD DG PMP PUREE GNGTR 13.2OZ"
"","6848588","","0","1","0","104.99","52.5","INOT","CANADA POOCH","CP DG CMPLT CVRG RNCT BLK SZ26"
"","6848297","","0","1","0","67.99","33.99","INOT","CANADA POOCH","CP DG TRRNTL TRACKER BLK SZ24"
"","6848589","","0","1","0","110.99","55.5","INOT","CANADA POOCH","CP DG CMPLT CVRG RNCT BLK SZ28"
"","6848262","","0","1","0","96.99","48.8","INOT","CANADA POOCH","CP DG HRNS RNCT FOREST GR SZ24"
"","6848583","","0","1","0","79.99","40","INOT","CANADA POOCH","CP DG CMPLT CVRG RNCT BLK SZ16"
"","6848044","","0","1","0","41.99","21","INOT","CANADA POOCH","CP DG PICKME PNCH CLUD DRM S20"
"","6848585","","0","1","0","87.99","44","INOT","CANADA POOCH","CP DG CMPLT CVRG RNCT BLK SZ20"
"","6848581","","0","1","0","69.99","35","INOT","CANADA POOCH","CP DG CMPLT CVRG RNCT BLK SZ12"
"","6848442","","0","1","0","62.99","31.5","INOT","CANADA POOCH","CP DG COMPLT CVRG RNCT BLK SZ8"
"","6848292","","0","1","0","47.99","23.99","INOT","CANADA POOCH","CP DG TRRNTL TRACKER BLK SZ12"
"","6848116","","0","1","0","45.99","21.98","INOT","CANADA POOCH","CP DG PICKME PONCHO PANDA SZ24"
"","6848117","","0","1","0","47.99","24","INOT","CANADA POOCH","CP DG PICKME PONCHO PANDA SZ26"
"","6848587","","0","1","0","98.99","49.5","INOT","CANADA POOCH","CP DG CMPLT CVRG RNCT BLK SZ24"
"","6848049","","0","1","0","43.99","20.93","INOT","CANADA POOCH","CP DG PICKME PNCH CLUD DRM S22"
"","6229124","","0","1","0","45.99","21.98","INOT","CANADA POOCH","CP DG PICKME PONCHO TIEDY SZ24"
"","6848298","","0","1","0","72.99","36.49","INOT","CANADA POOCH","CP DG TRRNTL TRACKER BLK SZ26"
"","6848598","","0","1","0","131.99","66","INOT","CANADA POOCH","CP DG CMPLT CVRG RNCT BLK SZ36"
"","6848584","","0","1","0","83.99","42","INOT","CANADA POOCH","CP DG CMPLT CVRG RNCT BLK SZ18"
"","6848253","","0","1","0","91.99","46","INOT","CANADA POOCH","CP DG HRNS RNCT FOREST GR SZ22"
"","6848051","","0","1","0","45.99","21.98","INOT","CANADA POOCH","CP DG PICKME PNCH CLUD DRM S24"
"","6848284","","0","1","0","43.99","21.99","INOT","CANADA POOCH","CP DG TRRNTL TRACKER BLK SZ8"
"","6848586","","0","1","0","92.99","46.5","INOT","CANADA POOCH","CP DG CMPLT CVRG RNCT BLK SZ22"
"","6229116","","0","1","0","28.99","14.5","INOT","CANADA POOCH","CP DG PICKME PONCHO TIEDY SZ8"
"","6848590","","0","1","0","115.99","58","INOT","CANADA POOCH","CP DG CMPLT CVRG RNCT BLK SZ30"
"","6848579","","0","1","0","65.99","33","INOT","CANADA POOCH","CP DG CMPLT CVRG RNCT BLK SZ10"
"","6848294","","0","1","0","56.99","28.49","INOT","CANADA POOCH","CP DG TRRNTL TRACKER BLK SZ18"
"","6229122","","0","1","0","41.99","21","INOT","CANADA POOCH","CP DG PICKME PONCHO TIEDY SZ20"
"","6848299","","0","1","0","75.99","37.99","INOT","CANADA POOCH","CP DG TRRNTL TRACKER BLK SZ28"
"","6849147","","6","1","0.75","3.39","2.03","LST","EXCEED","EXCD DG PUMPKIN PUREE 5.5OZ"
"","6848293","","0","1","0","53.99","26.99","INOT","CANADA POOCH","CP DG TRRNTL TRACKER BLK SZ16"
"","6849143","","1","1","1.5","4.49","2.66","LST","EXCEED","EXCD DG PUMPKIN PUREE 13.2OZ"
"","6229121","","0","1","0","39.99","20","INOT","CANADA POOCH","CP DG PICKME PONCHO TIEDY SZ18"
"","6848263","","0","1","0","98.99","49.5","INOT","CANADA POOCH","CP DG HRNS RNCT FOREST GR SZ26"
"","6848591","","0","1","0","121.99","61","INOT","CANADA POOCH","CP DG CMPLT CVRG RNCT BLK SZ32"
"","6848582","","0","1","0","75.99","38","INOT","CANADA POOCH","CP DG CMPLT CVRG RNCT BLK SZ14"
"","6848296","","0","1","0","64.99","32.49","INOT","CANADA POOCH","CP DG TRRNTL TRACKER BLK SZ22"
"","6848264","","0","1","0","102.99","51.5","INOT","CANADA POOCH","CP DG HRNS RNCT FOREST GR SZ28"
"","6786054","","0","1","0.25","20.99","10.5","LST","CLOE E CLUZO","CEC CT HARNESS BL 1SMMD"
"","6848771","","0","1","0.25","16.99","8.5","LST","CLOE E CLUZO","CEC CT SCRATCHER PAD 1EA"
"","6848775","","0","1","0","26.99","13.5","LST","CLOE E CLUZO","CEC CT DBL LAYER LITTER MAT SM"
"","6786055","","0","1","0.25","21.99","11","LST","CLOE E CLUZO","CEC CT HARNESS BL 1MDLG"
"","6769715","","0","1","0","29.99","14.9","OOS","TICK MITT","TICKMITT DG RMVL MITT YLW 1EA"
"","6786896","","0","1","0","38.99","19.5","LST","CLOE E CLUZO","CEC CT DBL LAYER LITTER MAT LG"
"","6849560","","0","1","0","11.99","5.18","LST","JUMP","JMP CT JMBO CTPLR KCKR 1EA"
"","6849536","","0","1","0","9.99","5.09","LST","JUST NATURAL PAWS","JNP DG SWP PUMKIN TRT 3.5OZ"
"","6849137","6467145","0","1","0","7.99","4","LST","NOBA","NOBA CT ZERO REFILL 4PC"
"","6849591","","0","1","0","9.99","5.09","NEW","JUST NATURAL PAWS","JNP DG STRAWBERY BLB TRT 3.5OZ"
"","6849592","","0","1","0","9.99","5.09","OOS","JUST NATURAL PAWS","JNP DG BLB PUMPKIN TRT 3.5OZ"
"","6849590","","0","1","0","9.99","5.09","LST","JUST NATURAL PAWS","JNP DG SWP STRAWBERY TRT 3.5OZ"
"","6849535","","0","1","0","9.99","5.09","LST","JUST NATURAL PAWS","JNP DG PNB PUMKIN TRT 3.5OZ"
"","6849589","","0","1","0","9.99","5.09","NEW","JUST NATURAL PAWS","JNP DG PNB BANANA TRT 3.5OZ"
"","6849558","","0","1","0","16.99","8","LST","JUMP","JMP CT 2IN1 FELT TNL & BKT 1EA"
"","6849557","","1","1","0","12.99","6.4","LST","JUMP","JMP CT JNGL TENT 1EA"
"","6237002","","0","1","0","62.99","43.66","LST","FIRST MATE","FM DG WG HGH PERF 25 LB"
"","6237001","","0","1","0","23.99","16.62","LST","FIRST MATE","FM DG WG HGH PERF 5 LB"
"","6675564","","0","1","0","66.99","45.78","LST","FIRST MATE","FM DG WG NZ BF & OAT 25 LB "
"","6739571","","0","1","0","36.99","25.63","LST","FIRST MATE","FM DG LID NZ BF 5 LB "
"","6668541","","0","1","0","63.99","44.34","LST","FIRST MATE","FM DG LID DCK & PMPK SB 12LB"
"","6848282","","12","12","0","4.79","3.3267","LST","FIRST MATE","FM DG LID PRK & APL 12.2 OZ"
"","6766837","","0","1","0","35.99","24.94","LST","FIRST MATE","FM DG LID DCK & PMPK SB 4LB"
"","6845623","","0","1","0","54.99","38.11","LST","FIRST MATE","FM DG LID NZ BF SB 12 LB "
"","6848283","","0","12","0","4.79","3.3267","LST","FIRST MATE","FM DG PRK & RICE 12.2 OZ"
"","6675563","","0","1","0","24.99","17.32","LST","FIRST MATE","FM DG WG NZ BF & OAT 5 LB "
"","6845622","","0","1","0","30.99","21.47","LST","FIRST MATE","FM DG LID NZ BF SB 4 LB "
"","6675565","","0","1","0","99.99","69.29","LST","FIRST MATE","FM DG LID NZ BF 25 LB "
"","6849721","","0","1","0","8.99","4.32","LST","JUMP","JMP DG BNA TWINS PLSH 2PC"
"","6849725","","0","1","0","21.99","10.56","LST","JUMP","JMP DG TUFF PANDA 1EA"
"","6849712","","0","1","0","14.99","7.2","LST","JUMP","JMP DG BTL CRNCH COW 1EA"
"","6849717","","0","1","0.5","18.99","9.12","LST","JUMP","JMP DG KNIT TUFF PLPS PLSH 1EA"
"","6849719","","0","1","0","12.99","6.24","LST","JUMP","JMP DG PUL APRT CRODL PLSH 1EA"
"","6849720","","0","1","0","18.99","9.12","LST","JUMP","JMP DG SHRS PLSH W BALL 2PC"
"","6849715","","0","1","0.5","12.99","6.24","LST","JUMP","JMP DG BNGE MKEY PLSH 1EA"
"","6849711","","0","1","0","14.99","7.2","LST","JUMP","JMP DG SPKY BALL BEAR 1EA"
"","6849723","","0","1","0.25","18.99","9.12","LST","JUMP","JMP DG MESH ALLIG PLSH 1EA"
"","6849714","","0","1","0","12.99","6.24","LST","JUMP","JMP DG BNGE BUNNY PLSH 1EA"
"","6849713","","0","1","0","14.99","7.2","LST","JUMP","JMP DG BTL CRNCH PIG 1EA"
"","6849722","","0","1","0.25","9.99","4.8","LST","JUMP","JMP DG MESH BONE PLSH 1EA"
"","6849724","","1","1","0","21.99","10.56","LST","JUMP","JMP DG TUFF HIPO 1EA"
"","6849718","","0","1","0.5","12.99","6.24","LST","JUMP","JMP DG STFLS FOX PLSH 1EA"
"","6849716","","0","1","0","18.99","9.12","LST","JUMP","JMP DG KNIT TUFF ELPH PLSH 1EA"
"","6849496","","2","1","0","6.29","2.86","LST","JUMP","JMP CT TMBL PZL TRT DSP 1EA"
"","6849494","","0","1","0","21.99","9.28","LST","JUMP","JMP CT ATMC BALL W MSE TSR 1EA"
"","6849495","","1","1","0","8.29","3.9","LST","JUMP","JMP CT BLBRD DRFRM TSR 1EA"
"","6849492","","0","1","0","8.49","4.05","LST","JUMP","JMP CT ADJ TRT BALL 1EA"
"","6849493","","1","1","0","9.99","4.16","LST","JUMP","JMP CT CSHN KCKR 1EA"
"","6849497","","0","1","0","9.49","3.95","LST","JUMP","JMP CT SILVERVINE SPR 1.8OZ."
"","X3295","","0","1","0","22.49","10.6","LST","MYFAMILY","MYFAM GLTR CIRCLE BLK 1LG"
"","X0224","","0","1","0","19.99","8.87","LST","MYFAMILY","MYFAM GOLD CIRCLE 1LG"
"","6849740","","0","1","0","6.99","4.78","LST","FIRST MATE","FM DG LID FISH 1LB"
"","6849789","","0","12","0","4.49","2.5692","LST","PERFORMATRIN NATURALS","PERF NTRL DG CK VG PUP 13OZ"
"","6849738","","0","1","0","6.99","4.78","LST","FIRST MATE","FM DG LID NZ BF 1LB"
"","X0331","","0","1","0","22.49","10.6","LST","MYFAMILY","MYFAM CLSC BNE PINK 1EA"
"","X0258","","0","1","0","13.49","4.62","LST","MYFAMILY","MYFAM PURPLE BONE 1SM"
"","X0253","","0","1","0","13.49","4.62","LST","MYFAMILY","MYFAM PURPLE BONE 1LG"
"","6850117","","12","12","0","4.29","2.4125","LST","PERFORMATRIN NATURALS","PERF NTRL CT TRKY VEG 13OZ"
"","X0223","","0","1","0","18.49","7.47","LST","MYFAMILY","MYFAM CHROME CIRCLE 1LG"
"","X0151","","0","1","0","24.49","12.03","LST","MYFAMILY","MYFAM DAISY 1SM"
"","U3607","","0","1","0","5.99","2.97","LST","FIRST MATE","FM DG FSH BLB 8 OZ"
"","X0230","","0","1","0","13.49","4.62","LST","MYFAMILY","MYFAM BLUE HEART 1SM"
"","X0220","","0","1","0","13.49","4.62","LST","MYFAMILY","MYFAM BLUE CIRCLE 1SM"
"","6849859","","12","12","0","4.29","2.4125","LST","PERFORMATRIN NATURALS","PERF NTRL CT CK VG KIT 13OZ"
"","X0227","","0","1","0","13.49","4.62","LST","MYFAMILY","MYFAM RED CIRCLE 1LG"
"","X0244","","0","1","0","13.49","4.62","LST","MYFAMILY","MYFAM GREEN BONE 1SM"
"","X0225","","0","1","0","13.49","4.62","LST","MYFAMILY","MYFAM BLUE CIRCLE 1LG"
"","W2684","","0","1","0","6.99","4.78","LST","FIRST MATE","FM DG LID AUST LMB 1LB"
"","6849739","","0","1","0","6.99","4.78","LST","FIRST MATE","FM DG LID DCK PMPK 1LB"
"","X3292","","0","1","0","22.49","10.6","LST","MYFAMILY","MYFAM GLTR PAW BLK 1LG"
"","X0226","","0","1","0","13.49","4.62","LST","MYFAMILY","MYFAM PINK CIRCLE 1LG"
"","X0221","","0","1","0","13.49","4.62","LST","MYFAMILY","MYFAM PINK CIRCLE 1SM"
"","6849741","","0","1","0","6.99","4.78","LST","FIRST MATE","FM DG LID CHK & BLB 1 LB"
"","X0234","","0","1","0","19.99","8.87","OOS","MYFAMILY","MYFAM GOLD HEART 1LG"
"","6850118","","0","24","0","2.59","1.4846","LST","PERFORMATRIN NATURALS","PERF NTRL CT TUNA CK PATE5.5OZ"
"","X0222","","0","1","0","13.49","4.62","LST","MYFAMILY","MYFAM RED CIRCLE 1SM"
"","6850116","","0","12","0.5","4.29","2.4125","OOS","PERFORMATRIN NATURALS","PERF NTRL CT TUNA CK PATE 13OZ"
"","X3294","","0","1","0","22.49","10.6","LST","MYFAMILY","MYFAM GLTR CIRCLE SLVR 1LG"
"","X0152","","0","1","0","24.49","12.03","LST","MYFAMILY","MYFAM LADYBUG 1SM"
"","X0336","","0","1","0","22.49","10.6","NEW","MYFAMILY","MYFAM CLSC PAW PINK 1EA"
"","X2473","","0","1","0","22.49","10.6","LST","MYFAMILY","MYFAM GLTR PAW PINK 1LG"
"","X0245","","0","1","0","13.49","4.62","LST","MYFAMILY","MYFAM GREEN BONE 1LG"
"","Y4530","","0","1","0","19.99","8.87","LST","MYFAMILY","MYFAM CHROME BONE 1XL"
"","Y5083","","0","1","0","5.99","2.97","LST","FIRST MATE","FM DG LMB BLB 8 OZ"
"","6751612","","0","1","0","24.49","12.03","OOS","MYFAMILY","MYFAM MOUNTAIN 1EA"
"","6472409","","0","1","0","19.99","8.87","LST","MYFAMILY","MYFAM ENML BNE BLU 1LG"
"","6759932","","0","1","0","24.49","12.03","NEW","MYFAMILY","MYFAM CLOVER 1LG"
"","6771321","","0","1","0","5.99","2.97","LST","FIRST MATE","FM DG BF BLB MINI 8 OZ"
"","6759746","","0","1","0","24.49","12.03","LST","MYFAMILY","MYFAM CHOCOLATE 1EA"
"","6656713","","0","1","0.25","5.99","2.97","LST","FIRST MATE","FM DG FSH BLB MINI 8 OZ"
"","6616571","","0","1","0","5.99","2.97","LST","FIRST MATE","FM DG DCK BLB MINI 8 OZ"
"","6640042","","0","1","0","5.99","2.97","LST","FIRST MATE","FM DG LMB BLB MINI 8 OZ"
"","6759753","","0","1","0","24.49","12.03","LST","MYFAMILY","MYFAM COLA 1EA"
"","6471598","","0","1","0","24.49","12.03","NEW","MYFAMILY","MYFAM STRAWBERRY 1EA"
"","Y5082","","0","1","0","5.99","2.97","LST","FIRST MATE","FM DG CHK BLB 8 OZ"
"","6471456","","0","1","0","24.49","12.03","LST","MYFAMILY","MYFAM BURGER 1EA"
"","6471301","","0","1","0","19.99","8.87","LST","MYFAMILY","MYFAM ENML BNE LILAC 1LG"
"","6472408","","0","1","0","19.99","8.87","LST","MYFAMILY","MYFAM ENML BNE LT PNK 1LG"
"","6471457","","0","1","0","24.49","12.03","LST","MYFAMILY","MYFAM HOT DOG 1EA"
"","6753323","","0","1","0","24.49","12.03","LST","MYFAMILY","MYFAM DESERT 1EA"
"","6616572","","0","1","0","5.99","2.97","LST","FIRST MATE","FM DG CHK BLB MINI 8 OZ"
"","6751609","","0","1","0","24.49","12.03","LST","MYFAMILY","MYFAM UFO 1EA"
"","6472410","","0","1","0","19.99","8.87","LST","MYFAMILY","MYFAM ENML BNE BLK 1LG"
"","6471299","","0","1","0.25","19.99","8.87","LST","MYFAMILY","MYFAM ENML BNE LT BLU 1LG"
"","6771320","","0","1","0","5.99","2.97","LST","FIRST MATE","FM DG BF BLB 8 OZ"
"","6751607","","0","1","0","24.49","12.7","LST","MYFAMILY","MYFAM THUNDERBOLT 1EA"
"","6471459","","0","1","0","24.49","12.03","LST","MYFAMILY","MYFAM STEAK 1EA"
"","6751610","","0","1","0","24.49","12.03","LST","MYFAMILY","MYFAM ROCKET 1EA"
"","6501046","","0","1","0","5.99","2.97","LST","FIRST MATE","FM DG DCK BLB 8 OZ"
"","Y4532","","0","1","0","24.49","12.03","LST","MYFAMILY","MYFAM GOLD BONE 1XL"
"","6753325","","0","1","0","24.49","12.03","OOS","MYFAMILY","MYFAM YLW STAR 1LG"
"","6751606","","0","1","0","24.49","12.03","LST","MYFAMILY","MYFAM LOVE HEART 1EA"
"","6849728","","1","1","0","14.99","6.81","LST","JUMP","JMP CT ATMC SPIN N WBL TSR 1EA"
"","6849727","","0","1","0.25","12.99","5.9","NEW","JUMP","JMP CT ATMC DNCG BTRFY TSR 1EA"
"","6849737","","1","1","0","12.99","5.75","LST","JUMP","JMP CT FSHNG FUN TSR 1EA"
"","6850119","","0","1","0.25","27.99","15.24","LST","TALL TAILS","TLTL DG FLYING PIG 1EA"
"","6226423","","0","1","0","109.99","85.67","LST","PURINA PRO PLAN","PPLN DG PUP DEV SB CK&R 34LB"
"","6850091","","0","1","0","25.99","14.64","ROS","TALL TAILS","TLTL DG PANDA RLY PLY 1EA"
"","6850370","6409353","0","1","0","52.99","28.75","LST","DOGORA","DGRA DG MEDICAL SNUGGIE 1SM MD"
"","6850373","6409354","0","1","0","56.99","31","LST","DOGORA","DGRA DG MEDICAL SNUGGIE 1MD LG"
"","6850379","6409356","0","1","0","62.99","34.5","LST","DOGORA","DGRA DG MEDICAL SNUGGIE 1XL"
"","6850356","6409351","0","1","0","46.99","25.5","LST","DOGORA","DGRA DG MEDICAL SNUGGIE 1XS"
"","6850371","","1","1","0","52.99","29","LST","DOGORA","DGRA DG MEDICAL SNUGGIE 1MD"
"","6850375","6409355","0","1","0.25","59.99","33","LST","DOGORA","DGRA DG MEDICAL SNUGGIE 1LG"
"","6850815","","0","1","0.25","24.99","12","LST","TROPICLEAN","TRPCLN DG OXY ITCH BIL 20OZ"
"","6850816","","2","1","0.25","24.99","12","OOS","TROPICLEAN","TRPCLN DG OXY TRTMNT BIL 20OZ"
"","6850821","6769575","0","1","0","17.99","8.62","LST","TROPICLEAN","TRPCLN DG WM DEO SPRY BIL 8OZ"
"","6850500","","1","1","0.5","74.99","44.24","LST","PERFORMATRIN ULTRA","PERF ULT DG WG L&R PUP 24LB"
"","6666319","","0","1","0","11.49","5.5","LST","CHARLEE BEAR","CHARLEE DG GR BF CHEESE 8OZ"
"","6672964","","0","1","0","24.49","12.03","LST","MYFAMILY","MYFAM DG WINGED SKULL BRNX 1EA"
"","6850811","44015","0","1","0.25","20.99","9.7","OOS","TROPICLEAN","TRPCLN DG BRY SHMP BIL 20OZ"
"","6850677","44014","0","1","0","20.99","9.7","OOS","TROPICLEAN","TRPCLN DG HYPO SHMP BIL 20OZ"
"","6850590","","0","1","0","78.99","44.23","LST","PERFORMATRIN PRIME","PERF PRM DG L&R PUP 26LB"
"","6850501","","3","1","0.25","69.99","41.29","LST","PERFORMATRIN ULTRA","PERF ULT DG WG CK&R PUP 24LB"
"","6666318","","0","1","0","11.49","5.5","OOS","CHARLEE BEAR","CHARLEE DG GF PB BANANA 8OZ"
"","6849105","","0","1","0","34.99","13.8","LST","PERFORMATRIN ULTRA","PERF ULT DG CLGN BRAID 4PK"
"","6850818","1500454","0","1","0","19.99","8.27","LST","TROPICLEAN","TROPCLN CT WL DPCLN SHMP 7.4OZ"
"","6850813","44013","0","1","0.25","20.99","9.7","OOS","TROPICLEAN","TRPCLN DG TTREE SHMP BIL 20OZ"
"","6850810","44084","0","1","0","22.99","10.8","LST","TROPICLEAN","TRPCLN DG TNGL RMR SP BIL 16OZ"
"","6850551","44016","0","1","0","20.99","9.7","OOS","TROPICLEAN","TRPCLN DG PPYA SHMP BIL 20OZ"
"","6849103","","0","24","0","5.79","2.6","LST","PERFORMATRIN ULTRA","PERF ULT DG CLGN SPRNG 6IN"
"","6848786","","0","24","0","5.49","2.6","LST","PERFORMATRIN ULTRA","PERF ULT DG CLGN RNG 3IN"
"","6849104","","0","1","0","34.99","11","LST","PERFORMATRIN ULTRA","PERF ULT DG CLGN BRAID 6PK"
"","6744588","","0","1","0","24.49","12.03","LST","MYFAMILY","MYFAM DG PIRATE SKULL BRNX 1EA"
"","6850822","6769574","0","1","0","23.49","11","OOS","TROPICLEAN","TRPCLN DG WM SHMP BIL 20OZ"
"","6850819","44047","0","1","0","17.99","8.62","OOS","TROPICLEAN","TRPCLN DG PPYA DEO MST BIL 8OZ"
"","6849896","1500456","0","1","0","21.49","9.5","LST","TROPICLEAN","TRPCLN DG HYPO WIPES BIL 100CT"
"","6850814","1500455","0","1","0","19.99","8.42","LST","TROPICLEAN","TRPCLN CT WTLS SHMP DNDR 7.4OZ"
"","6743962","","0","1","0","24.99","13.2","ROS","GURU","GURU DG SCENTS PIG 1MD"
"","6793844","","0","1","0","11.99","6.1","LST","GURU","GURU DG CRNCH&SQK BALLS MD 2PK"
"","6743919","","0","1","0","19.99","11.3","LST","GURU","GURU DG DUO BALL 1MD"
"","6743914","","0","1","0","18.99","9.5","ROS","GURU","GURU DG BONANZA BALL 1MD"
"","6743959","","0","1","0","24.99","13.2","ROS","GURU","GURU DG SCENTS FROG 1MD"
"","6743923","","0","1","0","16.99","8.8","LST","GURU","GURU DG POCKET BALL 1MD"
"","6743988","","0","1","0","44.99","26.1","ROS","GURU","GURU DG FRY GUYS MD 5PC"
"","6743925","","0","1","0","18.99","9.5","LST","GURU","GURU DG ROCK N TREAT 1MD"
"","6743913","","0","1","0","21.99","12.1","ROS","GURU","GURU DG ADJUST A CHEW 1MD"
"","6743915","","0","1","0","19.99","10","LST","GURU","GURU DG BUSY BALL 1MDLG"
"","6845609","","0","1","0","19.99","9.19","LST","SKOUT'S HONOR","SKHNR DG SKC DEO BIL 8OZ"
"","6850860","","0","1","0","17.99","9.7","LST","SKOUT'S HONOR","SKHNR DG LNDRYBSTR BIL 32OZ"
"","6845608","","1","1","0.25","27.99","14.39","LST","SKOUT'S HONOR","SKHNR DG SKC SHMP BIL 16OZ"
"","6850397","","0","1","0","15.99","9.59","LST","ZUKE'S","ZUKES DG SVRY CHEWS BEEF 10OZ"
"","6850006","","0","1","0","69.99","42.99","LST","NATURE'S HUG","NH CT AD MULTI 10LB"
"","6850396","56924","0","1","0.25","11.99","7.15","LST","ZUKE'S","ZUKES DG MINI NTRLS PB 6OZ"
"","6850412","","0","1","0","11.99","7.15","LST","ZUKE'S","ZUKES DG LIL CHK APL 6OZ"
"","6793835","","0","1","0","39.99","23.5","LST","NATURE'S HUG","NH DG AD SBRD 5 LB"
"","6850415","56885","0","1","0.25","21.99","13.75","LST","ZUKE'S","ZUKES DG MINI NTRLS CHK 1LB"
"","6864508","","0","1","0","674.55","360","INOT","OUTWARD HOUND","OH DG TOUGHSKINZ 45PC DSPL 1EA"
"","6850417","J9521","0","1","0","21.99","13.75","OOS","ZUKE'S","ZUKES DG MINI NTRLS SL 1lb"
"","6850416","21825","0","1","0.25","21.99","13.75","LST","ZUKE'S","ZUKES DG MINI NTRLS PB 1LB"
"","6850395","6760958","0","1","0.25","11.99","7.15","LST","ZUKE'S","ZUKES DG MINI NTRLS BEEF 6OZ"
"","6850605","","0","1","0","29.99","14.95","LST","ESSENTIALS","ESN DG CAR NET TRUNK BARR BLK"
"","6850607","","0","1","0","39.99","21.95","LST","ESSENTIALS","ESN DG CAR TRNK CVR BLK 1 EA"
"","6850288","56923","0","1","0.5","11.99","7.15","LST","ZUKE'S","ZUKES DG MINI NTRLS CHK 6OZ"
"","6850410","","0","1","0","21.99","13.75","LST","ZUKE'S","ZUKES DG MINI NTRLS BEEF 1lb"
"","6850606","","0","1","0","19.99","10","LST","ESSENTIALS","ESN DG CAR NET BKST BARR BLK"
"","6850411","10670","0","1","0.25","21.99","13.75","LST","ZUKE'S","ZUKES DG MINI NTRLS DUCK 1LB"
"","6850409","","0","1","0","11.99","7.15","OOS","ZUKE'S","ZUKE'S H&J CHK 6OZ"
"","6850608","","0","1","0","39.99","21.99","LST","ESSENTIALS","ESN DG CAR HAMMOCK BLK 1 EA"
"","6850414","","0","1","0","11.99","7.15","OOS","ZUKE'S","ZUKE'S CHWY BF STCK 6OZ"
"","6850398","56884","0","1","0","11.99","7.15","LST","ZUKE'S","ZUKES DG MINI NTRLS SL 6OZ"
"","6858765","","0","1","0","24.99","11.1","LST","BAILEY & BELLA","B&B DG WP CLR BLK 10-14IN SM"
"","6850763","","0","1","0","74.99","41.99","LST","PERFORMATRIN PRIME","PERF PRM DG CK&R PUP 26LB"
"","6858764","","0","1","0","24.99","11.1","LST","BAILEY & BELLA","B&B DG WP CLR BLK 8-11IN XS"
"","6860608","","0","1","0","36.99","17.75","LST","BAILEY & BELLA","B&B CT CAVE BED GRY 17.7X13IN"
"","X2949","","0","1","0","16.99","9.73","LST","COASTAL PET PRODUCTS","CSTL KTN COL ADJ BLK W BOW 1EA"
"","IZ180","","0","1","0","16.99","7.32","LST","COASTAL PET PRODUCTS","CSTL CT ADJ LAZR PNK HEART 1EA"
"","IT332","","0","1","0","14.99","7","LST","COASTAL PET PRODUCTS","CSTL CT ADJ COL SOY-PUMPKN 1EA"
"","IZ198","","0","1","0","26.99","13.48","OOS","COASTAL PET PRODUCTS","CSTL CT ADJ MSH HRN&LSH BL 1EA"
"","E2733","","0","1","0","16.99","7.32","OOS","COASTAL PET PRODUCTS","CSTL CT ADJ PRPL JEWL BCKL 1EA"
"","IZ188","","0","1","0","11.99","5.03","OOS","COASTAL PET PRODUCTS","CSTL KTN COL ELSTCZD YELLW 1EA"
"","9100437","","0","1","0","14.99","6.3","OOS","COASTAL PET PRODUCTS","CSTL CT ADJ COL BLK SKULLS 1EA"
"","X4491","","0","1","0","16.99","7.32","OOS","COASTAL PET PRODUCTS","CSTL CT ADJ GLOW BLUE FISH 1EA"
"","IZ195","","0","1","0","11.99","5.03","OOS","COASTAL PET PRODUCTS","CSTL KTN COL ADJ DAISY 1EA"
"","M7407","","2","1","0","14.99","6.3","OOS","COASTAL PET PRODUCTS","CSTL CT ADJ COL HNTR GREEN 1EA"
"","6780785","","0","1","0","34.99","17.23","OOS","COASTAL PET PRODUCTS","CSTL CT ADJ HRN LSH OMBRE 1EA"
"","6864622","G3848","0","1","0","59.99","24","LST","EXO TERRA","EXO TR HEAT MAT 16W"
"","6858771","","0","1","0","24.99","11.1","LST","BAILEY & BELLA","B&B DG WP CLR LILAC 13-17IN MD"
"","6858778","","0","1","0","49.99","21.8","LST","BAILEY & BELLA","B&B DG WP HRN BLK LG"
"","6472461","","0","1","0.75","44.99","26.45","LST","OPEN FARM","OPFM DG PROBIOTIC CHEWS 90CT"
"","6858769","","0","1","0","24.99","11.1","LST","BAILEY & BELLA","B&B DG WP CLR LILAC 8-11IN XS"
"","6858774","","0","1","0","39.99","17.7","LST","BAILEY & BELLA","B&B DG WP LSH BLK 4FT"
"","6858766","","0","1","0","24.99","11.1","LST","BAILEY & BELLA","B&B DG WP CLR BLK 13-17IN MD"
"","6858781","","0","1","0","49.99","21.8","LST","BAILEY & BELLA","B&B DG WP HRN LILAC LG"
"","6864621","G3847","0","1","0","49.99","21","LST","EXO TERRA","EXO TR HEAT MAT 8W"
"","6858770","","0","1","0","24.99","11.1","LST","BAILEY & BELLA","B&B DG WP CLR LILAC 10-14IN SM"
"","6858779","","0","1","0","39.99","17.7","LST","BAILEY & BELLA","B&B DG WP HRN LILAC SM"
"","6472460","","0","1","0","44.99","26.46","LST","OPEN FARM","OPFM DG CALMING CHEWS 90PK"
"","6858775","","0","1","0","39.99","17.7","LST","BAILEY & BELLA","B&B DG WP LSH LILAC 4FT"
"","6858780","","0","1","0","44.99","19.9","LST","BAILEY & BELLA","B&B DG WP HRN LILAC MD"
"","6858767","","0","1","0","24.99","11.1","LST","BAILEY & BELLA","B&B DG WP CLR BLK 17-21IN LG"
"","6858815","","0","1","0","14.99","6.89","LST","COASTAL PET PRODUCTS","CSTL CT ADJ HRTBRKR OMBRE 1EA"
"","6858773","","0","1","0","24.99","11.1","LST","BAILEY & BELLA","B&B DG WP CLR LILAC 20-26IN XL"
"","6858777","","0","1","0","44.99","19.9","LST","BAILEY & BELLA","B&B DG WP HRN BLK MD"
"","6858768","","0","1","0","24.99","11.1","LST","BAILEY & BELLA","B&B DG WP CLR BLK 20-26IN XL"
"","6858776","","0","1","0","39.99","17.7","LST","BAILEY & BELLA","B&B DG WP HRN BLK SM"
"","6858772","","0","1","0","24.99","11.1","LST","BAILEY & BELLA","B&B DG WP CLR LILAC 17-21IN LG"
"","6467182","","0","1","0","51.99","36.04","LST","FIRST MATE","FM DG GF LID AUS LMB SB 12LB"
"","6447208","","0","1","0","93.99","65.13","LST","FIRST MATE","FM DG GF LID LB PCFC FSH 25LB"
"","6232543","","0","1","0","22.99","15.93","LST","FIRST MATE","FM CT WG INDR 5LB"
"","6447210","","0","1","0.25","93.99","65.13","LST","FIRST MATE","FM PUP GF LID PCFC FSH 25LB"
"","6467184","","0","1","0","51.99","36.04","LST","FIRST MATE","FM DG GF LID PCFC FSH SB 12LB"
"","6447211","","0","1","0","93.99","65.13","LST","FIRST MATE","FM DG GF LID AUS LMB 25LB"
"","6446092","","0","1","0","23.99","16.62","LST","FIRST MATE","FM DG WG SNR WGTCNTR FISH 5LB"
"","6237004","","0","1","0","99.99","69.29","LST","FIRST MATE","FM DG GF LID DK/PMP 25LB"
"","6232542","","0","1","0","62.99","43.66","LST","FIRST MATE","FM DG WG LMB&OAT 25LB"
"","6237006","","0","1","0","66.99","45.78","LST","FIRST MATE","FM DG WG DCK&OAT 25LB"
"","6506834","","0","1","0","62.99","43.66","LST","FIRST MATE","FM DG WG LB OCN FSH&OAT 25LB"
"","6229552","","0","12","0","4.39","3.0492","OOS","FIRST MATE","FM DG WG TK&R 12.2OZ"
"","6467181","","0","1","0","28.99","20.09","LST","FIRST MATE","FM DG GF LID AUS LMB SB 4LB"
"","6447209","","0","1","0","93.99","65.13","LST","FIRST MATE","FM DG GF LID SN WCTR FSH25LB"
"","6467183","","0","1","0","28.99","20.09","LST","FIRST MATE","FM DG GF LID PCFC FSH SB 4LB"
"","6232533","","0","1","0","23.99","16.62","LST","FIRST MATE","FM DG WG CHK&OAT 5LB"
"","6912327","6409352","0","1","0","49.99","27.25","LST","DOGORA","DGRA DG MEDICAL SNUGGIE 1SM"
"","6232536","","0","1","0","62.99","43.66","LST","FIRST MATE","FM DG WG PCFC OCN FSH&OAT 25LB"
"","6447212","","0","1","0","93.99","65.13","LST","FIRST MATE","FM DG GF LID CHK/BLR 25LB"
"","6232534","","0","1","0","62.99","43.66","LST","FIRST MATE","FM DG WG CHK&OAT 25LB"
"","6467180","","0","1","0","51.99","36.04","LST","FIRST MATE","FM DG GF LID CHK/BLR SB 12LB"
"","6237005","","0","1","0","24.99","17.32","LST","FIRST MATE","FM DG WG DCK&OAT 5LB"
"","6467179","","0","1","0","28.99","20.38","LST","FIRST MATE","FM DG GF LID CHK/BLR SB4LB"
"","6237003","","0","1","0","36.99","25.63","LST","FIRST MATE","FM DG GF LID DK/PMP 5LB"
"","6446093","","0","1","0","62.99","43.66","LST","FIRST MATE","FM DG WG SNR WGTCNTR FISH25LB"
"","6232541","","0","1","0","23.99","16.62","LST","FIRST MATE","FM DG WG LMB&OAT 5LB"
"","6229553","","0","12","0","4.39","3.0492","LST","FIRST MATE","FM DG WG CH&R 12.2OZ"
"","6232535","","0","1","0","23.99","16.62","LST","FIRST MATE","FM DG WG PCFC OCN FSH&OAT 5LB"
"","6447207","","0","1","0","93.99","65.13","LST","FIRST MATE","FM DG GF LID PCFC FSH 25LB"
"","95116","","0","1","0","33.99","23.55","LST","FIRST MATE","FM DG GF LID AUS LMB 5LB"
"","94755","","0","1","0","33.99","23.55","LST","FIRST MATE","FM DG SNR WGT CNTRL FSH 5lb"
"","94482","","0","1","0","33.99","23.55","LST","FIRST MATE","FM PUP GF LID PCFC FSH 5LB"
"","94255","","0","24","0","3.39","2.3663","OOS","FIRST MATE","FM CT FREE RUN TKY 5.5OZ"
"","6229551","","0","12","0","4.79","3.3267","LST","FIRST MATE","FM DG WG SL&R 12.2OZ"
"","26878","","0","1","0.25","28.99","20.09","LST","FIRST MATE","FM CT GF CHK BLR 4LB"
"","94722","","0","12","0","4.79","3.3267","LST","FIRST MATE","FM DG GF WLD SL 12.5oz"
"","95101","","0","1","0","28.99","20.09","LST","FIRST MATE","FM CT GF OCN FSH BLR 4LB"
"","94503","","0","12","0","4.39","3.0492","LST","FIRST MATE","FM DG GF CHK 12.5oz"
"","1100266","","0","24","0","3.39","2.3663","LST","FIRST MATE","FM CT FREE RUN CHK&TUNA 5.5OZ"
"","95117","","0","1","0","47.99","33.25","LST","FIRST MATE","FM CT GF OCN FSH BLR 10LB"
"","94738","","0","24","0","3.69","2.5542","LST","FIRST MATE","FM CT SL 5.5OZ"
"","95108","","0","1","0","58.99","40.88","LST","FIRST MATE","FM DG GF LID CHK BLR 14.5LB"
"","26877","","0","1","0","47.99","33.25","LST","FIRST MATE","FM CT GF CHK BLR 10LB"
"","94581","","0","12","0","4.39","3.0492","OOS","FIRST MATE","FM DG GF TKY 12.5oz"
"","1100262","","0","24","0","3.69","2.5542","LST","FIRST MATE","FM CT SL&TUNA 5.5OZ"
"","1102283","","1","1","0","22.99","15.93","LST","FIRST MATE","FM WG CT&KIT 5LB"
"","95105","","0","1","0","58.99","40.88","LST","FIRST MATE","FM DG GF LID AUS LMB 14.5LB"
"","95115","","0","1","0.25","33.99","23.55","LST","FIRST MATE","FM DG GF LID CHK BLR 5LB"
"","95107","","0","1","0","58.99","40.88","LST","FIRST MATE","FM DG GF LID PCFC FSH 14.5LB"
"","94766","","0","1","0","58.99","40.88","LST","FIRST MATE","FM DG GF LID SN WCTR FSH14.5LB"
"","95106","","0","1","0","33.99","23.55","LST","FIRST MATE","FM DG GF LID PCFC FSH 5LB"
"","94737","","0","24","0.25","3.39","2.3663","LST","FIRST MATE","FM CT FREE RUN CHK 5.5OZ"
"","6230688","","0","1","0","37.99","18.75","LST","VERSELE-LAGA","VL PRS PRM BDG 5.5LB"
"","6232214","","0","1","0","43.99","22","LST","VERSELE-LAGA","VL PRS LRPRQ AFR PRKT 5.5LB"
"","6230578","","0","1","0","37.99","18.75","NEW","VERSELE-LAGA","VL PRS LRPRQ PRKT 5.5LB"
"","6850885","","0","1","0","17.99","8.4","LST","JUMP","JMP DG WP CLR BLU 17-21IN LG"
"","6850886","","1","1","0.25","24.99","11.65","LST","JUMP","JMP DG WP LSH BLU 4FT"
"","6850887","","0","1","0","17.99","8.4","LST","JUMP","JMP DG WP CLR PNK 8-11IN XS"
"","6850889","","0","1","0","17.99","8.4","LST","JUMP","JMP DG WP CLR PNK 14-17IN MD"
"","6850882","","0","1","0","17.99","8.4","LST","JUMP","JMP DG WP CLR BLU 8-11IN XS"
"","6850883","","0","1","0","17.99","8.4","LST","JUMP","JMP DG WP CLR BLU 11-14IN SM"
"","6850888","","0","1","0","17.99","8.4","LST","JUMP","JMP DG WP CLR PNK 11-14IN SM"
"","Y1248","","0","1","0","9.99","5","LST","VERSELE-LAGA","VL HMS CRL RCH MX 0.88LB"
"","6850890","","0","1","0","17.99","8.4","LST","JUMP","JMP DG WP CLR PNK 17-21IN LG"
"","6860610","","0","1","0","8.99","4.5","LST","VERSELE-LAGA","VL PRS TRT STCK BNA 2PK 140G"
"","U6531","","0","1","0.25","19.99","10","LST","VERSELE-LAGA","VL CHNCHL BTH SND 2.86LB"
"","6860576","","0","1","0","8.99","4.5","LST","VERSELE-LAGA","VL PRS TRT STCK ROSE 2PK 140G"
"","6860611","","0","1","0","8.99","4.5","LST","VERSELE-LAGA","VL PRS TRT STCK VEG 2PK 140G"
"","6850884","","0","1","0","17.99","8.4","LST","JUMP","JMP DG WP CLR BLU 14-17IN MD"
"","6850891","","0","1","0","24.99","11.65","LST","JUMP","JMP DG WP LSH PNK 4FT"
"","6860555","","0","1","0","8.99","4.5","LST","VERSELE-LAGA","VL PRS TRT STCK NUT 2PK 140G"
"","6952474","14987","1","1","0.5","37.99","20.7","LST","PURINA PRO PLAN","PPLN DG ESNTL SHR CHK RICE 5LB"
"","6870115","1504639","0","1","0","20.99","9.66","LST","SKOUT'S HONOR","SKHNR DG DTNGLR HNYSKL BIL 8OZ"
"","6967867","6234140","0","1","0","20.99","9.66","LST","SKOUT'S HONOR","SKHNR DG DTNGLR WOODS BIL 8OZ"
"","6850640","","0","1","0.25","15.99","7.79","LST","CHARLEE BEAR","CHARLEE B DG SUNNYSDE NUGT 6OZ"
"","6850641","","0","1","0","15.99","7.79","LST","CHARLEE BEAR","CHARLEE B DG STRWBRRY NUGT 6OZ"
"","6850637","","0","1","0","15.99","7.79","LST","CHARLEE BEAR","CHARLEE B DG PBBEARY NUGT 6OZ"
"","6968034","","0","1","0","14.99","6.3","OOS","COASTAL PET PRODUCTS","CSTL CT ADJ COL BLUE SHARK 1EA"
"","6850639","","0","1","0","15.99","7.79","LST","CHARLEE BEAR","CHARLEE B DG SHPRDPIE NUGT 6OZ"
"","6219521","","0","1","0","107.99","77.49","LST","PURINA PRO PLAN","PPLN DG SPC SS&S LB&O 24LB"
"","E3914","","0","1","0","12.99","6.4","LST","FOLEY'S","FOLEY DG SLM CARROT TRT 14OZ"
"","6968319","","0","1","0","107.99","77.49","LST","PURINA PRO PLAN","PPLN DG SS LMB OAT PUP 24LB"
"","6968114","","1","1","0.25","19.99","10","LST","BARNSDALE FARMS","BFD DG LAMB MINI STICKS 1.32LB"
"","6967734","","0","1","0","74.99","59.78","OOS","PURINA PRO PLAN","PPLN DG SS LMB OAT PUP 16LB"
"","E3073","","0","1","0","12.99","6.4","LST","FOLEY'S","FOLEY DG BEEF&BLBRRY TRT 14OZ"
"","6968113","","1","1","0.25","19.99","10","LST","BARNSDALE FARMS","BFD DG BEEF MINI STCKS 1.32LB"
"","X6733","","0","1","0","12.99","6.4","OOS","FOLEY'S","FOLEY DG DUCK&HONEY TRT 14OZ"
"","6968075","","0","1","0","19.99","10","LST","BARNSDALE FARMS","BFD DG DUCK MINI STCKS 1.32LB"
"","E4273","","0","1","0","12.99","6.4","LST","FOLEY'S","FOLEY DG BISON& BERR TRT 14OZ"
"","6967890","","0","1","0","9.99","4.5","LST","ESSENTIALS","ESN DG WTRLS PAW CLNR 7OZ"
"","6967880","","0","1","0","37.99","24.6","LST","PURINA PRO PLAN","PPLN DG SB ADLT7 SH CHK RC 6LB"
"","9100987","","0","1","0","38.99","27.57","LST","PURINA PRO PLAN","PPLN DG SM CK&R PUP 6LB"
"","6767129","","0","1","0","12.99","6.4","LST","FOLEY'S","FOLEY DG BRN SENIOR PNB 7.05OZ"
"","6967866","","0","1","0","139.99","88.57","LST","ROYAL CANIN","RCSHN DG AD MED 40LB"
"","6968201","","0","1","0","72.99","37.22","LST","COMPANY OF ANIMALS","COA DG BSKRVLL INVISA MUZL SZ6"
"","6952480","","0","1","0","29.99","22","LST","PURINA PRO PLAN","PPLN DG MULTI CHEW 30PK"
"","6967862","","1","1","0","131.99","84.6","OOS","ROYAL CANIN","RCBHN DG AD FRNCH BLLDG 30LB"
"","6968199","","0","1","0","65.99","33.65","LST","COMPANY OF ANIMALS","COA DG BSKRVLL INVISA MUZL SZ5"
"","6968192","","0","1","0","52.99","27.02","OOS","COMPANY OF ANIMALS","COA DG BSKRVLL INVISA MUZL SZ3"
"","6968183","","0","1","0","38.99","19.88","LST","COMPANY OF ANIMALS","COA DG BSKRVLL INVISA MUZL SZ1"
"","6858814","","0","1","0","61.99","41.8","LST","PURINA PRO PLAN","PPLN DG FRTFLR CHW TAB 45 PK"
"","6968116","6239161","0","20","0","15.99","8.7125","LST","NITE IZE","NTIZ DG SL RC GRVTY BN AST 1EA"
"","6767128","","0","1","0","12.99","6.4","LST","FOLEY'S","FOLEY DG DIGESTION PMK 7.05OZ"
"","6967856","14452","0","1","0","26.99","15.45","LST","ROYAL CANIN","RCSHN DG AD MD 4LB"
"","6968197","","0","1","0","58.99","30.08","OOS","COMPANY OF ANIMALS","COA DG BSKRVLL INVISA MUZL SZ4"
"","6767130","","0","1","0","12.99","6.4","LST","FOLEY'S","FOLEY DG ANXIETY BLUBRR 7.05OZ"
"","6967858","20466","0","1","0","26.99","15.45","LST","ROYAL CANIN","RCSHN DG AD LG 4LB"
"","6787321","","0","1","0.5","12.99","6.4","LST","FOLEYBITES","FOLEY BTS DG BLBR&CHIA 14OZ"
"","6643669","","0","1","0","12.99","6.4","LST","FOLEY'S","FOLEY DG ELK BLBRRY TRT 14OZ"
"","6850311","","0","1","0","109.99","74.25","LST","PURINA PRO PLAN","PPLN DG FRTFLR CHW TAB 90PK"
"","6967863","","0","1","0","149.99","97.3","LST","ROYAL CANIN","RCSHN DG PUP LG 40LB"
"","6968191","","0","1","0","45.99","23.45","LST","COMPANY OF ANIMALS","COA DG BSKRVLL INVISA MUZL SZ2"
"","6959844","","0","1","0","139.99","86.99","OOS","ROYAL CANIN","RCSHN DG AD LG 40LB"
"","6967861","14453","0","1","0","29.99","20.05","LST","ROYAL CANIN","RCSHN DG PUP MD 4LB"
"","IS121","","0","1","0","8.99","4.5","NEW","FLUVAL","FLVL SHRMP GRNLS 1.2OZ"
"","9101004","","0","1","0","37.99","26.98","LST","PURINA PRO PLAN","PPLN DG TB CK&R AD 5LB"
"","6967860","26101","0","1","0","37.99","22.23","LST","ROYAL CANIN","RCSHN DG PUP SM 4LB"
"","Q9300","","0","1","0","22.99","12.41","LST","TOMLYN","TMLN CT LAXATONE MAPL 4.25OZ"
"","6774050","","0","1","0","12.99","6.4","LST","FOLEYBITES","FOLEY DG PMK CINNAMN TRT 14OZ"
"","IP485","","0","1","0.5","22.99","12.41","LST","TOMLYN","TOMLYN CT LAXATONE TUNA 4.25OZ"
"","6959865","20463","0","1","0","29.99","20.3","LST","ROYAL CANIN","RCSHN DG PUP LG 4LB"
"","6858813","","0","1","0","54.99","42.8","LST","PURINA PRO PLAN","PPLN DG MULTI CHEW 60PK"
"","6767127","","0","1","0","12.99","6.4","LST","FOLEY'S","FOLEY DG WGHT MGT GRNBR 7 OZ"
"","6773493","","0","1","0.25","12.99","6.4","LST","FOLEYBITES","FOLEY DG PNB&BANANA TRT 14OZ"
"","6968275","","0","1","0","108.99","82.48","LST","PURINA PRO PLAN","PPLN DG LB 7+ SH CK&R 34LB"
"","6952475","","1","1","0","47.99","26.87","LST","PERFORMATRIN PRIME","PERF PRM DG ORAL CARE 13.2LB"
"","6959854","","0","1","0","8.99","5.4","LST","PET GREENS","PTGRN DG BF MINI TRT 6OZ"
"","6959857","","0","1","0","15.29","9.15","LST","PET GREENS","PTGRN DG BF MINI TRT 12OZ"
"","6968123","1503524","0","1","0","26.99","13.79","LST","NITE IZE","NTIZ DG GLWSTRK LED BALL 1EA"
"","6952413","","0","1","0","74.99","41.99","LST","PERFORMATRIN PRIME","PERF PRM DG ORAL CARE 26LB"
"","6952412","","0","1","0.25","21.99","12.31","LST","PERFORMATRIN PRIME","PERF PRM DG ORAL CARE 4LB"
"","6968125","1500316","0","1","0","18.99","9.62","LST","NITE IZE","NTIZ DG HOWL RC COLLAR BLU 1EA"
"","6959856","","0","1","0","15.29","9.15","LST","PET GREENS","PTGRN DG CHK MIN TRT 12OZ"
"","6968386","51723","0","1","0","18.99","9.62","LST","NITE IZE","NTIZ DG HOWL RC COLLAR GRN 1EA"
"","6783292","","0","1","0","44.99","24.75","LST","THRIVE","THRIVE DG CHWS CORE 270G"
"","6783288","","0","1","0","39.99","22.99","LST","THRIVE","THRIVE DG CHWS CALM 270G"
"","6783289","","0","1","0","44.99","24.75","LST","THRIVE","THRIVE DG CHWS FLEX 270G"
"","6783291","","0","1","0","39.99","22.99","LST","THRIVE","THRIVE DG CHWS FLOW 270G"
"","6783290","","0","1","0","39.99","22.99","LST","THRIVE","THRIVE DG CHWS SHINE 270G"
"","6472593","","0","1","0","144.99","89.02","LST","SQUARE PET","SQPT DG VFS SKN DGSTV 22LB"
"","6471893","","0","1","0","149.99","92.63","LST","SQUARE PET","SQPT DG VFS LOW PHSPRS 22LB"
"","6472598","","0","1","0","47.99","31.17","LST","SQUARE PET","SQPT DG VFS IDEAL DGSTN 4.4LB"
"","X5289","","0","1","0","34.99","22.75","INOT","ALL STAR DOGS","AS DG TOR RAPTORS JRS 1XXXS"
"","6845614","","0","12","0","7.99","5.3025","LST","SQUARE PET","SQPT DG VFS SKN&DGSN CAN 13oz"
"","6787229","","0","12","0","7.99","4.8183","LST","SQUARE PET","SQPT DG VFS LOW FAT CAN 13oz"
"","6472595","","0","1","0","144.99","91","LST","SQUARE PET","SQPT DG VFS ACTV JNT 22LB"
"","6673008","","0","1","0","94.99","59.42","OOS","SQUARE PET","SQPT CT VFSP TRKY CHK 11LB"
"","6471891","","0","1","0","139.99","87.06","LST","SQUARE PET","SQPT DG VFS LOWFAT 22LB"
"","6472597","","0","1","0","139.99","87.06","LST","SQUARE PET","SQPT DG VFS IDEAL DGSTN 22LB"
"","6787230","","0","12","0","7.99","4.8183","LST","SQUARE PET","SQPT DG IDEAL DGSTN CAN 13oz"
"","6472596","","0","1","0","49.99","32.14","LST","SQUARE PET","SQPT DG VFS ACTV JNT 4.4LB"
"","6673009","","0","1","0","49.99","34.08","OOS","SQUARE PET","SQPT CT VFSP TRKY CHK 4.4LB"
"","6787231","","0","12","0","7.99","4.8183","LST","SQUARE PET","SQPT DG LOW PHSPHRUS CAN 13oz"
"","6471888","","0","1","0","49.99","32.14","LST","SQUARE PET","SQPT DG VFS LOW PHSPRS 4.4LB"
"","6773762","","0","1","0","49.99","32.14","LST","SQUARE PET","SQPT DG VFS SKN DGSTV 4.4LB"
"","6471889","","0","1","0","47.99","31.17","LST","SQUARE PET","SQPT DG VFS LOWFAT 4.4LB"
"","26879","","0","24","0","3.39","2.3663","LST","FIRST MATE","FM CT LTD ING WLD TNA 5.5OZ"
"","1100264","","0","24","0","3.39","2.3663","OOS","FIRST MATE","FM CT LTD ING TRKYWLDTNA 5.5OZ"
"","6238393","","0","24","0","3.19","2.2075","LST","FIRST MATE","FM CT LTD ING SLM 3.2OZ"
"","6970864","","0","16","0","3.99","2.0313","LST","BOSCO AND ROXY'S","BOSCO DG ICE COLD PAWTTE 1EA"
"","6968277","","0","1","0","39.99","26.03","LST","ROYAL CANIN","RCFHN CT DGSTV KIT MLTIPK 12PK"
"","6657438","","0","1","0","88.99","60.02","LST","GO! SOLUTIONS","GO! CT SENS LID GF INST. 12LB"
"","6968392","","0","8","0","14.99","8.25","LST","BOSCO AND ROXY'S","BOSCO DG BDAY SGNG CRD PNK 7IN"
"","6970935","","0","18","0","4.99","2.5","LST","BOSCO AND ROXY'S","BOSCO DG DONUT CAFFEIN LD 1EA"
"","6970929","","0","35","0","4.99","2.7143","LST","BOSCO AND ROXY'S","BOSCO DG LETS GET MACAR-ON 1EA"
"","6668617","","0","1","0","17.99","8.98","LST","LIQUID-VET","LIQVET CT MP SUPPORT 8OZ"
"","6970856","","0","36","0","2.49","1.25","LST","BOSCO AND ROXY'S","BOSCO DG BREW-TIFUL BONE 1EA"
"","6970844","","0","36","0","2.49","1.3333","LST","BOSCO AND ROXY'S","BOSCO DG PUP-SPRESSO SHUT 1EA"
"","6797677","","0","1","0","18.99","9.65","LST","GURU","GURU DG FRY GUYS TUFF ADY 1LG"
"","6238395","","0","24","0","2.89","2.0396","LST","FIRST MATE","FM CT LTD ING TNA 3.2OZ"
"","6971161","","0","1","0","34.99","17.5","INOT","GOO-EEZ","GZ DG PACKABLE PONCH TEAL 1LG"
"","6850589","","0","24","0","3.69","2.5542","LST","FIRST MATE","FM CT LTD ING PRK APL 5.5OZ"
"","6743972","","0","1","0","12.99","6.8","LST","GURU","GURU DG FRY GUY JERRY 1MD"
"","6971167","","1","1","0","53.99","37.73","LST","ORIJEN","ORIJEN CT KIT CK TKY SL 7LB"
"","6968391","","0","8","0","14.99","8.25","LST","BOSCO AND ROXY'S","BOSCO DG BDAY SGNG CRD BLU 7IN"
"","6970923","","0","14","0","4.99","2.4643","LST","BOSCO AND ROXY'S","BOSCO DG BUTTER CROISSANT 1EA"
"","IQ970","","1","1","0","24.99","15.74","LST","SMACK","SMACK CT VRY BRRY 8.8OZ"
"","6971158","","0","1","0","29.99","15","INOT","GOO-EEZ","GZ DG PACKABLE PONCH TEAL 1XS"
"","6850588","","0","24","0","3.19","2.2075","LST","FIRST MATE","FM CT LTD ING PRK APL 3.2OZ"
"","6970700","","0","1","0","17.99","8.98","LST","LIQUID-VET","LIQVET CT PRE POST BIOTIC 8OZ"
"","6970876","","0","12","0","4.49","2.2833","LST","BOSCO AND ROXY'S","BOSCO DG KNOT YOUR SNACK 1EA"
"","6970927","","0","15","0","4.99","2.7107","LST","BOSCO AND ROXY'S","BOSCO DG HOLY CANINE-NOLI 1EA"
"","6971159","","0","1","0","29.99","15","INOT","GOO-EEZ","GZ DG PACKABLE PONCH TEAL 1SM"
"","6797680","","0","1","0","18.99","9.65","LST","GURU","GURU DG FRY GUY TUFF HNTR 1LG"
"","6467698","","0","1","0","50.99","33.35","LST","FIRST MATE","FM CT LTD ING CF DUCK BLR 10LB"
"","6971163","","0","1","0","39.99","20","INOT","GOO-EEZ","GZ DG PACKABLE PONCH TEAL 2XL"
"","6971160","","0","1","0","34.99","17.5","INOT","GOO-EEZ","GZ DG PACKABLE PONCH TEAL 1MD"
"","6970868","","0","16","1.75","3.99","2.0313","LST","BOSCO AND ROXY'S","BOSCO DG PAWSOME SMOOTHIE 1EA"
"","6968145","","0","1","0","39.99","26.03","LST","ROYAL CANIN","RCFCN CT INDR GRVY 12PK"
"","6743917","","0","1","0","19.99","10.1","LST","GURU","GURU DG GIG TENNIS BL 1LG"
"","6970885","","0","10","0","7.49","3.7","LST","BOSCO AND ROXY'S","BOSCO DG PAWFEE BONE 6IN"
"","6970845","","0","32","1.75","2.19","1.0938","LST","BOSCO AND ROXY'S","BOSCO DG DONUT WORRY 1EA"
"","6410958","","0","1","0","30.99","21.47","LST","FIRST MATE","FM CT LTD ING CF DUCK BLBR 4LB"
"","6968393","","0","12","0","10.99","5.625","LST","BOSCO AND ROXY'S","BOSCO DG PRPK GTCHA DAY BN 7IN"
"","6971162","","0","1","0","39.99","20","INOT","GOO-EEZ","GZ DG PACKABLE PONCH TEAL 1XL"
"","6968394","","0","6","0","10.99","5.8","LST","BOSCO AND ROXY'S","BOSCO DG BDAY MINI BONE BOX"
"","6743933","","0","1","0","16.99","8.7","LST","GURU","GURU DG TENNIS MX STK 1MD"
"","6743986","","0","1","0","19.99","10.35","ROS","GURU","GURU DG FRY GUY SUZY 1XL"
"","6970883","","0","10","0.75","7.49","3.7","LST","BOSCO AND ROXY'S","BOSCO DG I LOVE PAW BONE 6IN"
"","6238392","","0","24","0","2.89","2.0396","OOS","FIRST MATE","FM CT LTD ING TRKY 3.2OZ"
"","6971018","","0","18","0","4.99","2.2222","LST","BOSCO AND ROXY'S","BOSCO DG EVERYTHING BAGEL 1EA"
"","6970872","","0","1","0","16.99","8.7","LST","GURU","GURU DG GURU BALL 1MD"
"","6743937","","0","1","0","19.99","11.05","ROS","GURU","GURU DG HDE-A-TL GATOR 1MD"
"","6971164","","0","1","0","49.99","25","INOT","GOO-EEZ","GZ DG PACKABLE PONCH TEAL 3XL"
"","6970886","","0","12","0","12.99","6.4167","LST","BOSCO AND ROXY'S","BOSCO DG GLAZED MINI DONUT 6PK"
"","6238394","","0","24","0","2.89","2.0396","LST","FIRST MATE","FM CT LTD ING CHK 3.2OZ"
"","6970858","","0","18","0","4.49","2.1667","LST","BOSCO AND ROXY'S","BOSCO DG PERKME UP PAW 1EA"
"","6967893","","0","1","0","13.99","6.62","LST","ESSENTIALS","ESN DG PLM BRSTL BRSH HDLE 1EA"
"","6971914","","0","1","0","13.99","7","LST","ZEUS","ZEUS DG NTRO WGHTD GRP BL 1EA"
"","6970699","6409448","0","1","0","58.99","34.16","","ESSENTIALS","ESN DG WHITENING SHMP 1GAL"
"","Y1472","","0","1","0","119.99","75.59","LST","SMACK","SMACK CT PRFCT PRK 3.3LB"
"","6971936","","0","1","0","15.99","8","LST","ZEUS","ZEUS DG NTRO WGHTD SLNGR 1EA"
"","6971916","","0","1","0","16.99","8.5","OOS","ZEUS","ZEUS DG NTRO WGHTD RNG RLR 1EA"
"","6971800","","0","1","0","9.99","5","LST","ZEUS","ZEUS DG NTRO WGHTD BL 1MD"
"","6967894","","0","1","0","13.99","6.64","LST","ESSENTIALS","ESN DG PLM CURY BRSH HDLE 1EA"
"","6971442","","0","1","0","29.99","15","LST","ESSENTIALS","ESN DG WOOD SS BWL 29OZ"
"","6967892","","0","1","0","12.99","5.56","LST","ESSENTIALS","ESN DG SCONE PAW BATH 1EA"
"","6971445","","0","1","0","29.99","15","LST","BAILEY & BELLA","B&B DG BUBL CERM BWL PECH 12OZ"
"","6971801","","0","1","0","26.99","13.5","LST","ZEUS","ZEUS DG NTRO WGHTD BUOY 1EA"
"","6970696","6409451","0","1","0","58.99","34.16","","ESSENTIALS","ESN DG OATMEAL HONEY COND 1GAL"
"","6971251","","0","1","0","25.99","13","LST","BAILEY & BELLA","B&B DG CERM BWL BLK 77OZ"
"","Y1471","","1","1","0","24.99","15.74","LST","SMACK","SMACK CT PRFCT PRK 8.8OZ"
"","6971938","","0","1","0","11.99","6","LST","ZEUS","ZEUS DG NTRO BNDY BNE 1EA"
"","6971937","","0","1","0","16.99","8.5","LST","ZEUS","ZEUS DG NTRO RNG 1EA"
"","E7778","","0","1","0","119.99","75.59","LST","SMACK","SMACK CT VRY BRRY 3.3LB"
"","6971940","","0","1","0","26.99","13.5","LST","ZEUS","ZEUS DG NTRO FLYNG DSC 1EA"
"","6971444","","0","1","0","24.99","12.5","LST","BAILEY & BELLA","B&B DG BUBL CERM BWL CRM 12OZ"
"","6971939","","0","1","0","14.99","7.5","LST","ZEUS","ZEUS DG NTRO TGGR 1EA"
"","Y1469","","0","1","0","119.99","75.59","LST","SMACK","SMACK CT PCF FSH FST 3.3LB"
"","6971799","","0","1","0","7.99","4","LST","ZEUS","ZEUS DG NTRO WGHTD BL 1SM"
"","6971813","","0","1","0","11.99","6","LST","ZEUS","ZEUS DG NTRO WGHTD BL 1LG"
"","6970693","6409449","0","1","0","58.99","34.16","","ESSENTIALS","ESN DG TEA TREE ALOE SHMP 1GAL"
"","6970695","6409450","0","1","0","58.99","34.16","","ESSENTIALS","ESN DG ODOR SHMP 1GAL"
"","6971443","","0","1","0","34.99","17.5","LST","ESSENTIALS","ESN DG WOOD SS BWL 59OZ"
"","Y1468","","1","1","0","24.99","15.74","LST","SMACK","SMACK CT PCF FSH FST 7.4OZ"
"","6968388","","0","4","0","25.99","15","LST","BOSCO AND ROXY'S","BOSCO DG BRTHDAY CAKE PINK"
"","6968333","","0","36","0","2.49","1.2778","LST","BOSCO AND ROXY'S","BOSCO DG BRTHDAY DIPPD BNES1ea"
"","6968390","","0","8","0","25.99","15","LST","BOSCO AND ROXY'S","BOSCO DG BD12 ADVNT CLNDR PINK"
"","6767169","","1","1","0","32.99","19.76","LST","SKOUT'S HONOR","SKHNR CT ORAL CARE WTR 32OZ"
"","6899795","","0","1","0","31.99","15.5","LST","BAILEY & BELLA","B&B DG PLUSH MAT TAN 21X12IN"
"","6971133","","0","18","0","3.99","2","LST","BOSCO AND ROXY'S","BOSCO DG EVERYDAY PIZZA 1EA"
"","6971142","","0","16","0","4.99","2.5","LST","BOSCO AND ROXY'S","BOSCO DG EVERYDAY CAF CUP 1EA"
"","6743966","","0","1","0","12.99","6.8","ROS","GURU","GURU DG FRY GUY BRUCEY 1MD"
"","6899803","","0","1","0","39.99","19.99","LST","BAILEY & BELLA","B&B DG PLUSH MAT CHAR 24X18IN"
"","6743963","","0","1","0","12.99","6.8","ROS","GURU","GURU DG FRY GUY ANDY 1MD"
"","6971439","6746948","0","1","0.25","37.99","24.86","LST","PURINA PRO PLAN","PPLN DG HPRTN SH BF RC 5LB"
"","6968167","","0","1","0","36.99","24.1","INOT","ALL STAR DOGS","AS DG OTT SEN JRS 1XXXL"
"","6899806","","0","1","0","72.99","42.86","LST","BAILEY & BELLA","B&B DG PLUSH MAT CHAR 42X28IN"
"","6968187","IJ502","0","1","0","129.99","82.85","LST","ROYAL CANIN","RCSHN DG AD MD 7PLS MPF 30LB"
"","6743982","","0","1","0","16.99","8.9","ROS","GURU","GURU DG FRY GUY NANCY 1LG"
"","6899794","","0","1","0","27.99","14.01","LST","BAILEY & BELLA","B&B DG PLUSH MAT TAN 17X11IN"
"","6971250","","0","1","0","36.99","18.49","NEW","BAILEY & BELLA","B&B DG CERM SLOW FDR BWL 2PC"
"","6952477","","0","1","0","49.99","25","INOT","GOO-EEZ","GZ DG PACKABLE PONCHO ORG 3XL"
"","6743964","","0","1","0","16.99","8.9","ROS","GURU","GURU DG FRY GUY ANDY 1LG"
"","6972113","","0","1","0","20.99","13","LST","GREENIES","GREENIE DG PUP PETIT DNTL 12OZ"
"","6899796","","0","1","0","39.99","19.99","LST","BAILEY & BELLA","B&B DG PLUSH MAT TAN 24X18IN"
"","6743928","","0","1","0","21.99","12.1","LST","GURU","GURU DG SPN TRT STK 1LG"
"","6899802","","0","1","0","31.99","15.5","LST","BAILEY & BELLA","B&B DG PLUSH MAT CHAR 21X12IN"
"","6972114","","0","1","0","20.99","13","LST","GREENIES","GREENIE DG PUP TENIE DNTL 12OZ"
"","6968168","","0","1","0","36.99","24.1","INOT","ALL STAR DOGS","AS DG OTT SEN JRS 1XXXXL"
"","6968166","","0","1","0","34.99","22.75","INOT","ALL STAR DOGS","AS DG OTT SEN JRS 1XXL"
"","6743927","","0","1","0","19.99","10.1","LST","GURU","GURU DG SPN CHW BNE 1MD"
"","6899798","","0","1","0","62.99","34.09","LST","BAILEY & BELLA","B&B DG PLUSH MAT TAN 36X24IN"
"","6971019","","0","18","0","3.99","2","LST","BOSCO AND ROXY'S","BOSCO DG BRTHDAY CAKE 1EA"
"","A4956","6233731","0","1","0","7.99","3.6","OOS","TETRA","TTR GOLDFISH VRTY PLLTS 1.87OZ"
"","6968033","","0","1","0","12.99","6.5","LST","ESSENTIALS","ESN DG LCK MAT SPTLA CHAR 1EA"
"","6899810","","0","1","0","54.99","25","LST","CANPRESSCO","CANPR DG CN CAM OL 33.8oz"
"","6971077","","16","16","0","4.99","2.5","LST","BOSCO AND ROXY'S","BOSCO DG BRTHDAY PAWTY BNS 1EA"
"","6971080","","0","48","0","1.99","1.0104","LST","BOSCO AND ROXY'S","BOSCO DG BD PB TREAT CUPS 1EA"
"","6971248","","0","1","0","36.99","18.49","NEW","BAILEY & BELLA","B&B DG ELVT WOOD CERM SET 5OZ"
"","6899805","","0","1","0","62.99","34.09","LST","BAILEY & BELLA","B&B DG PLUSH MAT CHAR 36X24IN"
"","6971150","","0","24","0","3.99","2","LST","BOSCO AND ROXY'S","BOSCO DG EVERYDAY CRMCLS 1EA"
"","6952478","","0","1","0","49.99","25","INOT","GOO-EEZ","GZ DG PACKABLE PONCHO BLUE 3XL"
"","6743983","","0","1","0","19.99","10.35","ROS","GURU","GURU DG FRY GUY NANCY 1XL"
"","6971012","","0","18","0","3.99","2","LST","BOSCO AND ROXY'S","BOSCO DG BRTHDAY PRSNT 1EA"
"","6848231","","0","15","0","12.99","5.8447","LST","PERFORMATRIN ULTRA","PERF ULT DG STFD BNE PB 6IN"
"","6899807","","0","1","0","83.99","48.97","LST","BAILEY & BELLA","B&B DG PLUSH MAT CHAR 48X30IN"
"","6743945","","0","1","0","34.99","18.2","ROS","GURU","GURU DG HDE-A-TAIL GRN SNK 1XL"
"","6967727","","0","1","0","29.99","12.9","INOT","ESSENTIALS","ESN CT PLW BED IVRY 19X19IN"
"","6899797","","1","1","0.25","49.99","25.01","LST","BAILEY & BELLA","B&B DG PLUSH MAT TAN 30X21IN"
"","6899799","","0","1","0","72.99","42.87","LST","BAILEY & BELLA","B&B DG PLUSH MAT TAN 42X28IN"
"","6968375","","0","12","0","4.99","2.5","LST","BOSCO AND ROXY'S","BOSCO DG BD BLUE SPLDCRWN 1EA"
"","6743981","","0","1","0","12.99","6.8","LST","GURU","GURU DG FRY GUY NANCY 1MD"
"","6848232","","0","20","0","7.99","3.65","LST","PERFORMATRIN ULTRA","PERF ULT DG STFD BNE BF&BL 3IN"
"","6968387","","0","4","0","25.99","15","LST","BOSCO AND ROXY'S","BOSCO DG BRTHDAY CAKE BLUE"
"","6968257","25827","0","1","0","131.99","87.09","LST","ROYAL CANIN","RCBHN DG PUP LBRRTRV MPF 30LB"
"","6971146","","0","12","0","6.99","3.5","LST","BOSCO AND ROXY'S","BOSCO DG EVERYDAY HTDG 1EA"
"","6971247","","0","1","0","20.99","10.49","LST","ESSENTIALS","ESN DG SCONE SLW FDR PECH 16OZ"
"","6967988","6233727","0","1","0","9.99","4.5","OOS","TETRA","TTR FLOATNG CICHLIDS PLLTS 6OZ"
"","6899800","","1","1","0.25","83.99","48.97","LST","BAILEY & BELLA","B&B DG PLUSH MAT TAN 48X30IN"
"","6743956","","0","1","0","21.99","11.05","ROS","GURU","GURU DG LOVEYS RBT 1MD"
"","6899801","","0","1","0","27.99","14.01","LST","BAILEY & BELLA","B&B DG PLUSH MAT CHAR 17X11IN"
"","6971252","","0","1","0","36.99","18.49","NEW","ESSENTIALS","ESN DG ELVT GOLD SS SET 26OZ"
"","6971246","","0","1","0","20.99","10.49","NEW","ESSENTIALS","ESN DG SCONE SLOW FDR GRN 16OZ"
"","6743965","","0","1","0","19.99","10.35","ROS","GURU","GURU DG FRY GUY ANDY 1XL"
"","6743948","","0","1","0","22.99","12.5","ROS","GURU","GURU DG HDE-A-TL SHRK 1LG"
"","6967954","","0","1","0","20.99","13","LST","GREENIES","GREENIE DG PUPPY REG DNTL 12OZ"
"","6899804","","0","1","0","49.99","25.01","LST","BAILEY & BELLA","B&B DG PLUSH MAT CHAR 30X21IN"
"","6793843","","0","1","0","18.99","9.5","ROS","GURU","GURU DG BONANZA RCKT 1EA"
"","6860606","","0","1","0","34.99","22.75","INOT","ALL STAR DOGS","AS DG OTT SEN JRS 1LG"
"","6968308","","0","1","0","0.01","0.01","","Royal Canin","RYL CN CT TWR DISPLY 85G"
"","6968246","","0","1","0","116.99","69","LST","FELIWAY","FLWY CT OPTM REFIL 3PK"
"","6968165","","0","1","0","34.99","22.75","INOT","ALL STAR DOGS","AS DG OTT SEN JRS 1XL"
"","6968369","","0","12","0","4.99","2.5","LST","BOSCO AND ROXY'S","BOSCO DG BDAY PNK SPLDCRWN1ea"
"","6971010","","0","32","0","1.99","1.0156","LST","BOSCO AND ROXY'S","BOSCO DG BRTHDAY MINI DONTS1ea"
"","6743930","","0","1","0","18.99","9.65","LST","GURU","GURU DG SQK RPE 1MD"
"","6848249","","0","20","0.75","5.69","2.599","LST","PERFORMATRIN ULTRA","PERF ULT DG BLY STFD HF 3.1OZ"
"","6793847","","0","1","0","19.99","11.95","LST","GURU","GURU DG XCUBE 1MD"
"","6968320","","0","6","0.25","15.99","8.25","LST","BOSCO AND ROXY'S","BOSCO DG BDAY MINI PAW BOX"
"","6743967","","0","1","0","16.99","8.9","ROS","GURU","GURU DG FRY GUY BRUCEY 1LG"
"","6848247","","0","15","1","12.99","5.8447","LST","PERFORMATRIN ULTRA","PERF ULT DG STFD BNE BF&BL 6IN"
"","6971011","","0","58","0.25","2.49","1.2759","LST","BOSCO AND ROXY'S","BOSCO DG BDAY CANDLS 1EA"
"","6743932","","0","1","0","8.99","4.2","LST","GURU","GURU DG TENNIS MX BALL 1MD"
"","6971154","","0","10","0","6.99","3.5","LST","BOSCO AND ROXY'S","BOSCO DG EVERYDAY MYBF BNE 1EA"
"","6971254","","0","1","0","9.99","5.19","LST","ESSENTIALS","ESN DG SS SLOW FDR 38OZ"
"","6743944","","0","1","0","19.99","10.35","ROS","GURU","GURU DG HDE-A-TAIL GRN SNK 1LG"
"","6848137","","0","20","0","7.99","3.65","LST","PERFORMATRIN ULTRA","PERF ULT DG STFD BNE PB 3IN"
"","6743954","","0","1","0","21.99","11.05","ROS","GURU","GURU DG LOVEYS MNKY 1MD"
"","6968389","","0","8","0","25.99","15","LST","BOSCO AND ROXY'S","BOSCO DG BD12 ADVNT CLNDR BL"
"","6971102","","0","20","0","3.99","2","LST","BOSCO AND ROXY'S","BOSCO DG EVRYDY RV U BONE 1EA"
"","6971337","","0","1","0.25","46.99","32.23","LST","OPEN FARM","OPFM DG EPIC BLEND BF 3.5LB"
"","6971333","","0","1","0","44.99","30.86","LST","OPEN FARM","OPFM DG EPIC BLEND CK 3.5LB"
"","6971338","","0","1","0","134.99","92.6","LST","OPEN FARM","OPFM DG EPIC BLEND BF 18LB"
"","6971334","","0","1","0","129.99","89.17","LST","OPEN FARM","OPFM DG EPIC BLEND CK 18LB"
"","6971336","","0","1","0","129.99","89.17","LST","OPEN FARM","OPFM DG EPIC BLEND SL 18LB"
"","6971335","","0","1","0","44.99","30.86","LST","OPEN FARM","OPFM DG EPIC BLEND SL 3.5LB"
"","6972473","","0","1","0","14.99","7.5","LST","ESSENTIALS","ESN DG MLMNE SS BWL CRM 24OZ"
"","6972475","","0","1","0","14.99","7.5","LST","ESSENTIALS","ESN DG MLMNE SS BWL BLK 24OZ"
"","6972477","","0","1","0","19.99","10","NEW","BAILEY & BELLA","B&B DG CERM BWL BSE CHAR 22OZ"
"","6972478","","0","1","0","23.99","12","LST","BAILEY & BELLA","B&B DG CERM BWL BSE CHAR 33OZ"
"","6972304","IG540","0","1","0","26.99","12.98","LST","COMPANY OF ANIMALS","COA DG HALTI TRN LD BLK 1LG"
"","6972486","","0","1","0","26.99","13.5","LST","ESSENTIALS","ESN DG ELVT SS SET BLK 24OZ"
"","6972488","","0","1","0","26.99","13.5","LST","ESSENTIALS","ESN DG ELVT SS SET CRM 24OZ"
"","6972300","Y2732","0","1","0","41.99","18.9","LST","COMPANY OF ANIMALS","COA DG HALTI NO PL HRN BLK 1SM"
"","6971169","","1","1","0","17.99","10","LST","CRUMPS' NATURALS","CRMPN DG MINI TRAINERS PRK 4oz"
"","6972472","","0","1","0","12.99","6.5","LST","ESSENTIALS","ESN DG MLMNE SS BWL CRM 12OZ"
"","6971168","","0","1","0","9.99","5.5","LST","CRUMPS' NATURALS","CRMPN DG MINI TRNRS PRK 1.9oz"
"","6972483","","0","1","0","21.99","11","LST","BAILEY & BELLA","B&B DG PTRN CERM BWL CRM 63OZ"
"","6972487","","0","1","0","24.99","12.5","LST","ESSENTIALS","ESN DG ELVT SS SET CRM 12OZ"
"","6972416","","0","1","0","59.99","40","NEW","LITTER GENIE","LITTER GENIE PLTNM LTR BOX 1EA"
"","6972480","","0","1","0","24.99","12.5","LST","JUMP","JMP DG COLLAPSE BWL CHAR 16OZ"
"","6972301","Y2731","0","1","0","46.99","21.57","LST","COMPANY OF ANIMALS","COA DG HALTI NO PL HRN BLK 1MD"
"","6972481","","0","1","0","14.99","7.5","LST","BAILEY & BELLA","B&B DG PTRN CERM BWL CRM 12OZ"
"","6972305","IG539","0","1","0","22.99","11.04","LST","COMPANY OF ANIMALS","COA DG HALTI TRN LD BLK 1SM"
"","6972302","Y2730","0","1","0","51.99","24.23","LST","COMPANY OF ANIMALS","COA DG HALTI NO PL HRN BLK 1LG"
"","6972415","","0","1","0","54.99","36","LST","LITTER GENIE","LITTER GENIE PLTNM PAIL 1EA"
"","6972485","","0","1","0","24.99","12.5","LST","ESSENTIALS","ESN DG ELVT SS SET BLK 12OZ"
"","6972476","","0","1","0","16.99","8.5","LST","BAILEY & BELLA","B&B DG CERM BWL BSE CHAR 12OZ"
"","6972482","","0","1","0","17.99","9","LST","BAILEY & BELLA","B&B DG PTRN CERM BWL CRM 29OZ"
"","6972474","","0","1","0","12.99","6.5","LST","ESSENTIALS","ESN DG MLMNE SS BWL BLK 12OZ"
"","6972470","","0","1","0","24.99","12.5","LST","ESSENTIALS","ESN DG MLMNE SS SET GRN 12OZ"
"","6972471","","0","1","0","26.99","13.5","LST","ESSENTIALS","ESN DG MLMNE SS SET CHAR 31OZ"
"","6751090","","0","1","0","27.99","14.39","LST","SKOUT'S HONOR","SKHNR DG ITCH SHMP BIL 16OZ"
"","7034742","1506029","0","1","0.25","16.99","7.77","LST","SKOUT'S HONOR","SKHNR DG SKNK ELMNTR BIL 32OZ"
"","6998762","IS426","0","1","0","41.99","16.28","LST","COMPANY OF ANIMALS","COA DG HALTI HDCLR BK 1MD"
"","7034741","","0","1","0","29.99","17.55","LST","SKOUT'S HONOR","SKHNR DG CNCRT TRF BIL 32OZ"
"","6998763","FG155","0","1","0","41.99","15.75","LST","COMPANY OF ANIMALS","COA DG HALTI HDCLR BK 1LG"
"","6850638","","0","1","0","15.99","7.79","LST","CHARLEE BEAR","CHARLEE B DG BERCTRIE BITE 6OZ"
"","6998761","IS425","0","1","0","41.99","16.28","LST","COMPANY OF ANIMALS","COA DG HALTI HDCLR BK 1SM"
"","6998769","","0","1","0.25","22.99","12.43","OOS","SKOUT'S HONOR","SKHNR DG MSTRZING PET BALM"
"","7034977","1505890","0","1","0","29.99","15","LST","SAVIC","SV SA CARR ELMO PNK LG 14IN"
"","6959835","","0","1","0","69.99","38.89","LST","PERFORMATRIN ULTRA","PERF ULT DG LID KANGA SB 12LB"
"","6743055","","0","1","0","31.99","21.6","LST","PUREBITES","PB CT SALMON TRT 4.7OZ"
"","7034737","","0","1","0","29.99","15.9","LST","TALL TAILS","TLTL DG WLDFLWR FRGNG MAT 1EA"
"","6971835","","0","1","0","29.99","15.9","LST","TALL TAILS","TLTL DG BSY BEES FRGNG MAT 1EA"
"","7034735","","0","1","0","29.99","15.9","LST","TALL TAILS","TLTL DG SCCLNT FRGNG MAT 1EA"
"","6952487","","0","1","0","33.99","19","LST","PERFORMATRIN ULTRA","PERF ULT DG LID KANGA SB 4LB"
"","7036496","","0","1","0","1.99","0.05","LST","PERFORMATRIN PRIME","PERF PRM DG ORAL CARE SMP 4OZ"
"","6999021","","0","1","0.25","124.99","78.74","ROS","SMACK","SMACK DG DEHY SMCKN LAMB 3.3LB"
"","6999020","","0","1","0","26.99","17","ROS","SMACK","SMACK DG DEHY SMCKN LAMB 8.8OZ"
"","6776450","6234444","1","1","0","17.99","10.45","LST","SKOUT'S HONOR","SKHNR DG PRBTIC ITCH RLF 8oz"
"","1100043","","1","1","0","65.99","41.2","LST","CANADIAN NATURALS","CAN NAT DG GF RMEAT 25LB"
"","6999170","","0","1","0","12.99","6.5","LST","FLUVAL","FLVL BTA POLY-CARB CRTG 4PK"
"","6999150","6465785","0","1","0","189.99","114","LST","FLUVAL","FLVL PRM BTA AQRM KIT 6 GAL"
"","1100044","","1","1","0","68.99","43.3","LST","CANADIAN NATURALS","CAN NAT DG GF WHTFSH 25LB"
"","6972876","","1","1","0","42.99","28.14","LST","FRESH 4 LIFE","F4L CT CORN CLMP LTR 28LB"
"","1100221","","0","1","0.25","61.99","37.4","LST","CANADIAN NATURALS","CAN NAT DG LMB&R 25LB"
"","1100045","","1","1","0","72.99","47.6","LST","CANADIAN NATURALS","CAN NAT DG LGBR GF RMEAT 28LB"
"","1100222","","0","1","0","59.99","35.7","LST","CANADIAN NATURALS","CAN NAT DG CHK&R 30LB"
"","7034898","","0","1","0","17.99","8.98","LST","LIQUID-VET","LIQVET CT JOINT CHKN 8OZ"
"","1100225","","0","1","0","42.99","27.1","LST","CANADIAN NATURALS","CAN NAT CT CHK&R 15LB"
"","1100227","","0","1","0","28.99","17.21","LST","CANADIAN NATURALS","CAN NAT CT GF TKY&SL 6.5LB"
"","1100224","","0","1","0","23.99","14.01","LST","CANADIAN NATURALS","CAN NAT CT CHK&R 6.5LB"
"","1100226","","0","1","0","18.99","11.29","LST","CANADIAN NATURALS","CAN NAT CT GF TKY&SL 3LB"
"","1100223","","0","1","0","15.99","9","LST","CANADIAN NATURALS","CAN NAT CT CHK&R 3LB"
"","1100228","","0","1","0","55.99","35.01","LST","CANADIAN NATURALS","CAN NAT CT GF TKY&SL 15LB"
"","G5871","","0","1","0","9.99","4.62","LST","SEACHEM","SCHM CLRTY 100ML"
"","G5199","","0","1","0","9.99","4.42","LST","SEAPORA","SPORA CRBN PD 18X10IN 1EA"
"","O0781","","0","1","0","11.99","5.03","LST","SEACHEM","SCHM PRM 100ML"
"","G3752","","0","1","0","9.99","4.61","LST","SEAPORA","SPORA NTRT PD 18X10IN 1EA"
"","O0801","","0","1","0","5.99","2.75","LST","SEACHEM","SCHM BTA BSC 60ML"
"","E6991","","0","1","0","19.99","8.12","OOS","SEAPORA","SPORA BRDR SPNG FLTR LG 30GAL"
"","7034849","","0","12","0","2.69","1.695","LST","NOW FRESH","NOW DG BF RICE 2.79OZ"
"","6232517","","0","1","0","65.99","42.8","LST","CANADIAN NATURALS","CAN NAT DG RST CHK 25LB"
"","O0942","","0","1","0","9.99","5.34","OOS","SEACHEM","SCHM FLRSH 100ML"
"","X3201","","0","1","0","12.99","6.67","LST","SEAPORA","SPORA STPL FLK FD 8OZ"
"","G3729","","0","1","0","9.99","4.64","LST","SEAPORA","SPORA PHS PD 18X10IN 1EA"
"","E6992","","0","1","0","14.99","7.16","LST","SEAPORA","SPORA BRDR SPNG FLTR SM 20GAL"
"","U1096","","0","1","0","11.99","4.62","LST","SEACHEM","SCHM STBLTY 100ML"
"","IS761","","0","1","0","17.99","10.22","LST","SEACHEM","SCHM PRM 250ML"
"","G3751","","0","1","0","5.99","2.24","LST","SEAPORA","SPORA PLY PD 18X10IN"
"","E6993","","0","1","0","16.99","7.75","OOS","SEAPORA","SPORA BRDR SPNG FLTR MD 35GAL"
"","7035030","","0","12","0","2.69","1.695","LST","NOW FRESH","NOW DG GF SB CHK BROTH 2.79OZ"
"","O7204","","0","1","0","31.99","19.43","LST","SEACHEM","SCHM PRM 500ML"
"","7035028","","0","12","0","2.69","1.695","LST","NOW FRESH","NOW DG GF SNR CHK SLM 2.79OZ"
"","G5200","","0","1","0","9.99","4.42","LST","SEAPORA","SPORA AMMN PD 18X10IN 1EA"
"","R7181","","0","1","0","17.99","9.35","LST","SEACHEM","SCHM CLRTY 250ML"
"","O0784","","0","1","0","6.99","3.72","LST","SEACHEM","SCHM PRM 50ML"
"","6232518","","0","1","0","59.99","36.2","LST","CANADIAN NATURALS","CAN NAT DG PRK RICE 30LB"
"","J8081","","0","1","0","17.99","9.35","LST","SEACHEM","SCHM STBLTY 250ML"
"","7035029","","0","12","0","2.69","1.695","LST","NOW FRESH","NOW DG CHK RICE 2.79OZ"
"","O8341","","0","1","0","14.99","7.7","LST","SEACHEM","SCHM FLRSH 250ML"
"","7035003","1000319","0","1","0.5","13.99","9.07","LST","LOVIBLES","LVBLS CT FRM DLGT CKN 5lb"
"","7035004","1000320","2","1","0.5","29.99","20.08","LST","LOVIBLES","LVBLS CT FRM DLGT CKN 16lb"
"","7034987","1000318","4","1","2","13.99","9.07","LST","LOVIBLES","LVBLS CT KIT FRM DLGT CKN 5lb"
"","7035006","1000321","2","1","1.5","13.99","9.07","LST","LOVIBLES","LVBLS CT FSH CATCH 5lb"
"","7035007","1000322","1","1","0.75","29.99","20.08","LST","LOVIBLES","LVBLS CT FSH CATCH 16lb"
"","7040639","","2","1","0","36.99","21.5","LST","PURICA","PRCA DG RCVRY TBLT XTRA 60PK"
"","7039399","","0","1","0","19.99","10","LST","ESSENTIALS","ESN CT CUDLR BED LEOP 20X20IN"
"","7040647","","0","1","0","0.01","0.01","ROS","PURINA PRO PLAN","PPLN DG&CT FRTFLRA CLMN KIT"
"","7040638","","2","1","0","69.99","39","LST","PURICA","PRCA DG RCVRY TBLT XTR 120PK"
"","7040636","","1","1","0","57.99","39","LST","PURICA","PRCA DG RCVRY PWDR XTRA 350G"
"","7040637","","1","1","0","36.99","21.5","LST","PURICA","PRCA DG RCVRY PWDR XTRA 150G"
"","7035972","","0","12","0","5.79","3.2375","LST","PERFORMATRIN ULTRA","PERF ULT DG GF C&FSH STW13.2OZ"
"","7035973","","0","12","0","5.79","3.2375","LST","PERFORMATRIN ULTRA","PERF ULT DG GF TRKY STW 13.2OZ"
"","6616455","","0","1","0","63.99","43.7","LST","CANADIAN NATURALS","CAN NAT DG SNR REDM 24LB"
"","6848730","","0","1","0.25","68.99","47.6","LST","CANADIAN NATURALS","CAN NAT DG LB LMB BR 26.5LB"
"","7039238","","0","1","0","17.99","9","LST","POWERBONE","PWRBNE DG GME CNRLLR 1EA"
"","7036686","","0","1","0","15.99","8","LST","POWERBONE","PWRBNE DG MINI SET 2PC"
"","7036877","","0","1","0","17.99","9","LST","POWERBONE","PWRBNE DG FIRE HYDRNT 1EA"
"","7041325","","0","1","0.25","32.99","18.14","NEW","TALL TAILS","TLTL DG SL BLK BEAR PLSH 1EA"
"","6972351","","0","1","0","17.99","9.65","LST","Hay Country","HC PRM TIMTHY ORGRS HB 36OZ"
"","6998760","","0","50","0","0.99","0.35","LST","ROLLOVER","RLLVR DG GRMT CRCH CK BSC EA"
"","6740624","","2","1","0.25","16.99","9.34","LST","TALL TAILS","TLTL DG MINI YETI PLSH 1EA"
"","7041194","","0","1","0","17.99","9.65","LST","Hay Country","HC PRM ORGRS HB 36OZ"
"","7041237","","0","1","0","17.99","9.65","LST","Hay Country","HC PRM TIMTHY HB 36OZ"
"","7041324","","0","1","0.25","21.99","12.09","LST","TALL TAILS","TLTL DG JNTD SHKE PLY GTR 1EA"
"","6769779","","0","1","0","26.99","14.84","NEW","TALL TAILS","TLTL DG GRZZLY RPE BDY 1EA"
"","6668746","","2","1","0","32.99","18.14","LST","TALL TAILS","TLTL DG SL BIGFOOT PLSH 1EA"
"","7041400","","0","1","0","31.99","17.59","LST","TALL TAILS","TLTL DG PNECNE ANTLR 2PK"
"","6232596","","1","1","0","21.99","12.09","LST","TALL TAILS","TLTL DG SQRRL PLSH 1EA"
"","6232598","","0","1","0","21.99","12.09","LST","TALL TAILS","TLTL DG DCK PLSH 1EA"
"","6232590","","0","1","0","14.99","8.24","LST","TALL TAILS","TLTL DG DCKLNG PLSH 1EA"
"","6232591","","2","1","0.25","14.99","8.24","LST","TALL TAILS","TLTL DG CHPMNK PLSH 1EA"
"","E2224","","0","12","0","6.49","4.3583","OOS","TRIPETT","TRIPETT DG ORIG GN VN TRP 13OZ"
"","6786669","","0","1","0","23.99","9.92","LST","OXBOW","OXB FRG WS ADLT GP 4LB"
"","7039351","","0","1","0","23.99","11.95","LST","TERRITORY","TERI DG TRT LCK 1EA"
"","6999133","","0","1","0","42.99","21.5","LST","TRAVEL CAT","TRVL CT HRN&LSH 90S 1LG"
"","6996061","","0","1","0","74.99","59.75","LST","BLUE BUFFALO","BLU DG AD LPF SLM 26LB"
"","6999134","","0","1","0","42.99","21.5","LST","TRAVEL CAT","TRVL CT HRN LSH HAWAIIAN 1XS"
"","6999137","","0","1","0","42.99","21.5","OOS","TRAVEL CAT","TRVL CT HRN LSH HAWAIIAN 1LG"
"","6999132","","0","1","0","42.99","21.5","LST","TRAVEL CAT","TRVL CT HRN&LSH 90S 1MD"
"","7035968","","0","1","0","49.99","34.05","LST","VITAL ESSENTIALS","VE DG FD BF SOFT NIBS 14OZ"
"","6999125","","0","1","0","36.99","18.5","LST","TRAVEL CAT","TRVL CT HRN&LSH BLK 1LG"
"","6999136","","0","1","0","42.99","21.5","OOS","TRAVEL CAT","TRVL CT HRN LSH HAWAIIAN 1MD"
"","6999126","","0","1","0","42.99","21.5","LST","TRAVEL CAT","TRVL CT HRN LSH 90S 1XS"
"","6999124","","0","1","0.25","36.99","18.5","OOS","TRAVEL CAT","TRVL CT HRN LSH BLK 1MD"
"","7035969","","0","1","0","49.99","34.05","LST","VITAL ESSENTIALS","VE DG FD LMB&FS SOFT NIBS 14OZ"
"","6783006","","0","1","0","23.99","9.92","LST","OXBOW","OXB FRG WS ADLT RBT 4LB"
"","7035967","","0","1","0","61.99","42.47","ROS","VITAL ESSENTIALS","VE DG FD DK SOFT NIBS 14OZ"
"","7035965","","0","1","0","49.99","34.05","LST","VITAL ESSENTIALS","VE DG FD BF SLM SOFT NIBS 14OZ"
"","6999135","","0","1","0","42.99","21.5","OOS","TRAVEL CAT","TRVL CT HRN LSH HAWAIIAN 1SM"
"","7035966","","0","1","0","47.99","32.69","LST","VITAL ESSENTIALS","VE DG FD PRK SOFT NIBS 14OZ"
"","6999129","","0","1","0","42.99","21.5","LST","TRAVEL CAT","TRVL CT HRN LSH 90S 1SM"
"","6767193","","0","1","0","3.99","1.4","LST","SEAPORA","SPORA FLTR FLS PD 10X12IN 1EA"
"","6971070","","0","1","0","12.99","8.65","LST","RED DOG BLUE KAT","RDBK DG LAKESIDE HRVST 3OZ"
"","6971074","","0","1","0","49.99","33.31","LST","RED DOG BLUE KAT","RDBK DG LAKESIDE HRVST 14OZ"
"","6971073","","0","1","0","49.99","33.31","OOS","RED DOG BLUE KAT","RDBK DG COASTAL FEAST 14OZ"
"","6971069","","0","1","0","12.99","8.65","LST","RED DOG BLUE KAT","RDBK DG COASTAL FEAST 3OZ"
"","6971075","","0","1","0","52.99","34.7","OOS","RED DOG BLUE KAT","RDBK DG WILD BCKCNTRY 14OZ"
"","6971072","","0","1","0","49.99","33.31","LST","RED DOG BLUE KAT","RDBK DG RANCHERS FARE 14OZ"
"","6971071","","0","1","0","13.99","9.1","LST","RED DOG BLUE KAT","RDBK DG WILD BCKCNTRY 3OZ"
"","7041406","","0","12","0","2.39","1.5","LST","NOW FRESH","NOW CT GF TNA SLM 2.5OZ"
"","6786906","","0","1","0","16.99","8.5","OOS","CLOE E CLUZO","CEC DG HAIR RMVR SYSTM 1EA"
"","6408391","","0","1","0","17.99","9.45","LST","VETS BEST","VB ADULT DENTAL KIT 2PC"
"","7039367","","0","1","0","49.99","29.8","LST","ESSENTIALS","ESN DG MATTRES BED NVY 36X27IN"
"","7040892","","0","1","0","1.49","0.05","LST","PERFORMATRIN ULTRA","PERF ULT DG LID KANGA SBSMP4OZ"
"","6999123","","0","1","0","36.99","18.5","LST","TRAVEL CAT","TRVL CT HRN&LSH BLK 1SM"
"","7040616","","0","1","0","17.99","8.98","LST","LIQUID-VET","LIQVT CT IMNE CHKN 8OZ"
"","6999114","","0","1","0","36.99","18.5","LST","TRAVEL CAT","TRVL CT HRN&LSH BLK 1XS"
"","6239113","","1","1","0","16.99","8.5","LST","LIQUID-VET","LIQVET CT KDNY BLDDR 8OZ"
"","6673021","","1","1","0","19.99","9.4","LST","VETS BEST","VB DENTAL FINGER WIPES 50PC"
"","7040894","","0","1","0","17.99","9.45","LST","VETS BEST","VB DG PUPPY DENTAL KIT 2PC"
"","7034927","","0","24","0","2.69","1.7708","LST","PERFORMATRIN ULTRA","PERF ULT CT GF TUNA STEW 3OZ"
"","7039368","","0","1","0","49.99","29.8","LST","ESSENTIALS","ESN DG MATTRESS BD BRN 36X27IN"
"","6744401","","0","1","0","14.99","7.5","LST","GOO-EEZ","GZ DG WSHBL LINT RLLR 1EA"
"","7035970","","0","24","0","3.99","2.3938","LST","PERFORMATRIN ULTRA","PERF ULT CT GF SL BSQ 5.5OZ"
"","7041876","","0","1","0","49.99","29.99","INOT","BOWSERS","BWSR DG MTRS BD ASHWD 37X26IN"
"","7041409","","0","12","0","2.39","1.5","LST","NOW FRESH","NOW CT GF CHKDUCK BRTH 2.5OZ"
"","7041883","","0","1","0","49.99","29.99","INOT","BOWSERS","BWSR DG MTRS BD COAL 37X26IN"
"","7036474","","0","12","3.25","4.19","2.3458","LST","PERFORMATRIN PRIME","PERF PRM DG GF SC CHK 13.2OZ"
"","7041886","","0","1","0","49.99","29.99","INOT","BOWSERS","BWSR DG MTRS BD TOAST 37X26IN"
"","7041413","","0","12","0","2.39","1.5","LST","NOW FRESH","NOW CT GF TNA SLM PATE 2.5OZ"
"","7036495","","0","12","0","4.19","2.3458","LST","PERFORMATRIN PRIME","PERF PRM DG GFIMSUP T&C 13.2OZ"
"","7036410","","0","12","0","5.79","3.2375","LST","PERFORMATRIN ULTRA","PERF ULT DG GF CHK DNR 13.2OZ"
"","7036494","","0","12","0","4.19","2.3458","LST","PERFORMATRIN PRIME","PERF PRM DG HPJNT CK13.2OZ"
"","7044638","","0","1","0","42.99","21.5","LST","TRAVEL CAT","TRVL CT HRN LSH CHECKERED 1EA"
"","7036473","","0","12","0","6.79","3.3933","LST","PERFORMATRIN ULTRA","PERF ULT CT GF SL BSQ 13.2OZ"
"","6971068","","0","1","0","12.99","8.65","OOS","RED DOG BLUE KAT","RDBK DG RANCHERS FARE 3OZ"
"","6801822","","0","1","0","21.99","10.5","OOS","GROWL","GRWL DG HAYSTACKERZ HRSE 1EA"
"","7044735","","0","12","0","1.99","1","LST","PERFORMATRIN NATURALS","PERF NTRL CT TNA BF PCH 3OZ"
"","6231181","","0","1","0","19.99","11.55","OOS","UNDER THE WEATHER","UTW DG CK&R W PMPKIN DIET 6OZ"
"","7044812","","0","1","0","22.99","13.8","OOS","UNDER THE WEATHER","UTW DG PB&CHILL 6PK"
"","7045874","","0","1","0","11.99","6.1","LST","GROWL","GROWL DG BLCK HDS ELPHNT 1EA"
"","7044751","","0","1","0","6.99","4","OOS","UNDER THE WEATHER","UTW DG DROPPERS"
"","7044753","","0","1","0","18.99","11","OOS","UNDER THE WEATHER","UTW DG FAST&FIRM 4OZ"
"","7044752","","0","1","0","14.99","8.65","LST","UNDER THE WEATHER","UTW DG PET THERMOMETER"
"","7044731","","0","12","0","1.99","1","LST","PERFORMATRIN NATURALS","PERF NTRL CT TNA SLM PCH 3OZ"
"","6801816","","0","1","0","8.49","4.04","LST","GROWL","GRWL DG FLIP FLOPPZ FOX 1EA"
"","7044814","","0","1","0","49.99","26","OOS","UNDER THE WEATHER","UTW DG DISC&SPNE CHEWS 60PK"
"","7044737","","0","1","0","6.99","3.5","LST","UNDER THE WEATHER","UTW DG PILL GUN"
"","7044734","","0","12","0","1.99","1","LST","PERFORMATRIN NATURALS","PERF NTRL CT CHK PCH 3OZ"
"","7044754","","0","1","0","3.99","2.42","OOS","UNDER THE WEATHER","UTW DG PB CHILL 1OZ"
"","6801811","","0","1","0","19.99","10.12","LST","GROWL","GRWL DG BRZRS GATOR 1EA"
"","7044815","","0","1","0","22.99","13.25","OOS","UNDER THE WEATHER","UTW DG CALPLUS 3.5OZ"
"","7044588","","0","12","0","1.99","1","LST","PERFORMATRIN NATURALS","PERF NTRL CT TNA CHK PCH 3OZ"
"","6801819","","0","1","0","12.99","6.5","ROS","GROWL","GRWL DG FUZZAROOS BEAR 1EA"
"","6801823","","0","1","0","21.99","10.5","LST","GROWL","GRWL DG HAYSTACKERZ PIG 1EA"
"","6801804","","0","1","0","14.99","7.7","LST","GROWL","GRWL DG BLLY BRDZ BLU 1EA"
"","6801821","","0","1","0","12.99","6.46","OOS","GROWL","GRWL DG FUZZAROOS COW 1EA"
"","6231184","","0","1","0","19.99","11.55","OOS","UNDER THE WEATHER","UTW DG CK&R DIET 6OZ"
"","6801820","","0","1","0","12.99","6.46","OOS","GROWL","GRWL DG FUZZAROOS LAMB 1EA"
"","7046097","","0","1","0","0.01","0.01","","THIS & THAT","T&T DG BRTHSICLES DPLY 1EA"
"","7045872","","0","1","0","11.99","6.1","LST","GROWL","GROWL DG BLCK HDS CHICK 1EA"
"","6801813","","0","1","0","8.49","4.04","LST","GROWL","GRWL DG FLIP FLOPPZ OWL 1EA"
"","7044733","","0","12","0","1.99","1","LST","PERFORMATRIN NATURALS","PERF NTRL CT TNA LMB PCH 3OZ"
"","7044732","","0","12","0","1.99","1","LST","PERFORMATRIN NATURALS","PERF NTRL CT TNA DCK PCH 3OZ"
"","7044813","","0","1","0","24.99","14.6","LST","UNDER THE WEATHER","UTW DG PILL WRAP 140G"
"","6801835","","0","1","0","19.99","10","ROS","GROWL","GRWL DG SDKCKS KANGAROO 1EA"
"","6476611","","0","1","0","16.99","8.5","NEW","CATIT","CATIT PIXI REPLCMNT PUMP 1EA"
"","6801801","","0","1","0","12.99","6.85","LST","GROWL","GRWL DG BLLY BMRS BEAVER 1EA"
"","6801841","","0","1","0","14.99","7.8","LST","GROWL","GRWL DG STMPRZ DINO ORG 1EA"
"","6801802","","0","1","0","12.99","6.85","LST","GROWL","GRWL DG BLLY BMRS TURTLE 1EA"
"","6801840","","0","1","0","14.99","7.8","LST","GROWL","GRWL DG STMPRZ DINO BLU 1EA"
"","7045798","","0","12","0","9.99","5","LST","BOSCO AND ROXY'S","BOSCO DG WHN CFF HITS BONE 1EA"
"","7046104","","0","1","0","14.99","7.5","ROS","GROWL","GROWL DG CDDLRZ COW 1LG"
"","7046105","","0","1","0","14.99","7.5","ROS","GROWL","GROWL DG CDDLRZ GOAT 1LG"
"","7045797","","0","6","0","14.99","8.25","LST","BOSCO AND ROXY'S","BOSCO DG FRTHY PAWFEE DRNK 1EA"
"","7048726","","0","1","0","14.99","7.6","ROS","GROWL","GRWL DG SNGGLZ GIRAFFE 1EA"
"","7046116","","0","1","0","11.99","5.35","OOS","GROWL","GROWL DG CDDLRZ COW 1SM"
"","7046106","","1","1","0","11.99","5.35","LST","GROWL","GROWL DG CDDLRZ PIG 1SM"
"","6232520","","0","1","0","25.99","15.1","LST","CANADIAN NATURALS","CAN NAT DG RST CHK 5LB"
"","6657829","","0","1","0","11.99","6.7","LST","THIS & THAT","T&T DG CK BROTHSICLES 5PC"
"","6657830","","0","1","0","11.99","6.7","LST","THIS & THAT","T&T DG BF BROTHSICLES 5PK"
"","G4186","","0","1","0","25.99","15.8","LST","CANADIAN NATURALS","CAN NAT DG LMB BROWN RICE 5LB"
"","G5813","","0","1","0","25.99","15.1","LST","CANADIAN NATURALS","CAN NAT DG GF RMEAT 5LB"
"","6232519","","0","1","0","24.99","15.1","LST","CANADIAN NATURALS","CAN NAT DG PRK BRWN RICE 5LB"
"","6657828","","0","1","0","11.99","6.7","LST","THIS & THAT","T&T DG PK BROTHSICLES 5PK"
"","6232526","","0","1","0","24.99","15.1","LST","CANADIAN NATURALS","CAN NAT DG GF WHTFSH 5LB"
"","G4187","","0","1","0","24.99","15.1","OOS","CANADIAN NATURALS","CAN NAT DG CHK BROWN RICE 5LB"
"","7045829","","0","24","0","3.49","2.2375","LST","HILL'S SCIENCE DIET","SD CT AD URI&HBC TRKYSTW 2.9OZ"
"","7045828","","0","24","0.75","3.49","2.2375","LST","HILL'S SCIENCE DIET","SD CT AD URI HBC CHK STW 2.9OZ"
"","7045833","","0","24","0","3.49","2.3213","LST","HILL'S SCIENCE DIET","SD CT PFWT VG&CK PCH 2.8OZ"
"","7045867","","0","2","0","19.99","14.975","LST","SHEBA","SHEB CT PP VRTYPK GRVY 12PK"
"","7044977","","0","24","0","2.79","1.6938","LST","PURINA PRO PLAN","PPLN DG AD SPC SB CK CRT 5.5OZ"
"","7044864","","0","1","0","25.99","15.33","LST","PERFORMATRIN ULTRA","PERF ULT DG WG PLNT BSD 4LB"
"","6616454","","0","1","0","24.99","15.1","LST","CANADIAN NATURALS","CAN NAT DG SNR RMEAT 5LB"
"","7045789","","2","1","0.25","19.99","10","LST","BARNSDALE FARMS","BDFM DG BEEF SKNNY BTS 1.43LB"
"","6849801","","0","24","0","1.79","1.2208","LST","SHEBA","SHEB CT PP SLM GRVY 2.65OZ"
"","7039338","","0","1","0","16.99","8.5","LST","WHIMZEES","WHMZ DG FRESHZS CHWS SM 14.8OZ"
"","7044963","","0","1","0","1.49","0.05","LST","PERFORMATRIN ULTRA","PERF ULT DG WG PLNT BSD SMP4OZ"
"","7039336","","0","1","0","16.99","8.5","LST","WHIMZEES","WHMZ DG FRESHZS CHWS XS 14.8OZ"
"","7044983","","0","24","0","2.79","1.6938","LST","PURINA PRO PLAN","PPLN DG AD SPEC SB BF BN 5.5OZ"
"","6849800","","0","24","0","1.79","1.2208","LST","SHEBA","SHEB CT PP CHK GRVY 2.65OZ"
"","7045528","","2","1","0.25","19.99","10","LST","BARNSDALE FARMS","BDFM DG DUCK SKNNY BTS 1.43LB"
"","7039554","","0","1","0","13.99","6.5","LST","EARTH RATED","ER DG GRM WIPES WT BSL 100CT"
"","7039340","","0","1","0","16.99","8.5","LST","WHIMZEES","WHMZ DG FRESHZS CHWS MD 14.8OZ"
"","7045831","","0","24","0","3.49","2.3213","LST","HILL'S SCIENCE DIET","SD CT KIT CHKVGSTW PCH 2.8OZ"
"","7045832","","0","24","0","3.49","2.3213","LST","HILL'S SCIENCE DIET","SD CT INDR SLM STW PCH 2.8OZ"
"","7045800","","0","1","0","95.99","56.63","LST","PERFORMATRIN ULTRA","PERF ULT DG WG PLNT BSD 22LB"
"","7045866","","0","24","0","1.79","1.2208","LST","SHEBA","SHEB CT PP BF GRVY 2.65OZ"
"","7045830","","0","24","0","3.49","2.2375","LST","HILL'S SCIENCE DIET","SD CT AD URIHBC VGSLMSTW 2.9OZ"
"","6793774","","0","1","0","17.49","10.26","LST","SQUARE PET","SQPT DG SFTBKD SK DGST 6oz"
"","6993062","","0","1","0","30.99","16.31","OOS","CHARMY PET","CHP DG MSH BN BRTH TK CR 5OZ"
"","6993059","","0","1","0","19.99","10.52","LST","CHARMY PET","CHP DG MSH BN BRTH LM BL 2.5OZ"
"","6793773","","0","1","0","15.99","9.39","LST","SQUARE PET","SQPT DG SFTBKD LOW-FAT TRT 6OZ"
"","6993061","","0","1","0","30.99","16.31","LST","CHARMY PET","CHP DG MSH BN BRTH RS ST 5OZ"
"","6993060","","0","1","0","19.99","10.52","LST","CHARMY PET","CHP DG MSH BN BRTH RS ST 2.5OZ"
"","6993063","","0","1","0","30.99","16.31","LST","CHARMY PET","CHP DG MSH BN BRTH LM BL 5OZ"
"","7045763","","0","1","0","19.99","10.52","OOS","CHARMY PET","CHP DG MSH BN BRTH TK CR 2.5OZ"
"","7052332","","0","1","0","38.99","19.5","LST","LEATHER BROTHERS","LB DG LTHR SPKE CLR BLK 18IN"
"","7052523","","0","1","0","48.99","24.5","LST","LEATHER BROTHERS","LB DG LTHR SPKE CLR PNK 24IN"
"","7052521","","0","1","0","38.99","19.5","LST","LEATHER BROTHERS","LB DG LTHR SPKE CLR PNK 18IN"
"","7052333","","0","1","0","48.99","24.5","LST","LEATHER BROTHERS","LB DG LTHR SPKE CLR BLK 22IN"
"","7052331","","1","1","0","38.99","19.5","LST","LEATHER BROTHERS","LB DG LTHR SPKE CLR BLK 16IN"
"","7052520","","0","1","0","38.99","19.5","LST","LEATHER BROTHERS","LB DG LTHR SPKE CLR PNK 16IN"
"","7052524","","0","1","0","48.99","24.5","LST","LEATHER BROTHERS","LB DG LTHR SPKE CLR PNK 26IN"
"","7052522","","0","1","0","48.99","24.5","LST","LEATHER BROTHERS","LB DG LTHR SPKE CLR PNK 22IN"
"","7052334","","0","1","0","48.99","24.5","LST","LEATHER BROTHERS","LB DG LTHR SPKE CLR BLK 24IN"
"","7052335","","0","1","0","48.99","24.5","LST","LEATHER BROTHERS","LB DG LTHR SPKE CLR BLK 26IN"
"","7048825","","0","1","0","31.99","16","LST","LEATHER BROTHERS","LB DG LTHR SPKE CLR BLK 14IN"
"","7052519","","0","1","0","31.99","16","LST","LEATHER BROTHERS","LB DG LTHR SPKE CLR PNK 14IN"
"","7052329","","0","12","0","6.99","4.7642","LST","ORIJEN","ORIJEN DG RGNL RED PATE 12.8OZ"
"","7048912","G9024","0","1","0","22.99","11.71","LST","MAX & MOLLY URBAN PETS","MX&ML DG LED RHBLE LT LVN 1EA"
"","7048784","X0808","0","1","0","359.99","204","LST","EXO TERRA","EXO TR PRO TLL PLDM 18X18X36IN"
"","7048907","","0","1","0","22.99","11.71","LST","MAX & MOLLY URBAN PETS","MX&ML DG LED RHBLE LT STN 1EA"
"","7048913","G9025","0","1","0","22.99","11.71","LST","MAX & MOLLY URBAN PETS","MX&ML DG LED RHBLE LT OCN 1EA"
"","7048783","70205","0","1","0","119.99","60","LST","EXO TERRA","EXO TR PRO WID TERR 12X12X12IN"
"","7048909","G9023","0","1","0","22.99","11.71","LST","MAX & MOLLY URBAN PETS","MX&ML DG LED RHBLE LT RSE 1EA"
"","6764822","","0","1","0.25","14.49","10.8","LST","GREENIES","GREENIE CT DNTL CATNIP 9.75OZ"
"","7048911","","0","1","0","22.99","11.71","LST","MAX & MOLLY URBAN PETS","MX&ML DG LED RHBLE LT TRQ 1EA"
"","7048741","","0","12","0","5.69","3.8833","LST","ACANA","ACANA DG PLTRY PATE 12.8 OZ"
"","7052117","","0","1","0","34.99","22.75","LST","ORIJEN","ORIJEN DG AG ORIG 4LB"
"","7052330","","0","12","0","6.99","4.7642","LST","ORIJEN","ORIJEN DG TUNDRA PATE 12.8OZ"
"","7048744","","0","12","0","5.69","3.8833","LST","ACANA","ACANA DG LAMB PATE 12.8OZ"
"","7048906","G9022","0","1","0","22.99","11.71","LST","MAX & MOLLY URBAN PETS","MX&ML DG LED RHBLE LT BLK 1EA"
"","7052327","","0","12","0","6.99","4.7642","LST","ORIJEN","ORIJEN DG ORIG PATE 12.8OZ"
"","7048739","","1","1","0","129.99","90.96","LST","ORIJEN","ORIJEN DG AG RGNL RED 21LB"
"","7048910","G9027","1","1","0","22.99","11.71","LST","MAX & MOLLY URBAN PETS","MX&ML DG LED RHBLE LT JDE 1EA"
"","7048743","","0","12","0","5.69","3.8833","LST","ACANA","ACANA DG DUCK PATE 12.8OZ"
"","7052328","","0","12","0","6.99","4.7642","LST","ORIJEN","ORIJEN DG CHICKN PATE 12.8OZ"
"","7048782","1507214","0","1","0","399.99","228","LST","EXO TERRA","EXO TR PRO WID TERR 36X18X18IN"
"","7048908","Y3054","0","1","0","22.99","11.71","LST","MAX & MOLLY URBAN PETS","MX&ML DG LED RHBLE LT SND 1EA"
"","7048558","","0","1","0","34.99","22.75","LST","ORIJEN","ORIJEN DG AG PUP 4LB"
"","7048735","","0","1","0","114.99","80.47","LST","ORIJEN","ORIJEN DG AG PUP 21LB"
"","7052308","","0","12","0","5.69","3.8833","LST","ACANA","ACANA DG BEEF PATE 12.8OZ"
"","7048737","","0","1","0","114.99","80.47","LST","ORIJEN","ORIJEN DG AG ORIG 21LB"
"","7048738","","0","1","0.25","39.99","26","LST","ORIJEN","ORIJEN DG AG RGNL RED 4LB"
"","6786670","","0","10","0","9.99","4.542","INOT","TILTED BARN PET CO.","TB DG MNWGS BF BRY 3.5OZ"
"","90985","","0","1","0","17.99","9.25","OOS","COASTAL PET PRODUCTS","SFRI DG PRO NAIL TRMMR 1SM"
"","E9949","","0","1","0","11.99","6.25","OOS","COASTAL PET PRODUCTS","SFRI DG DMND NAIL FL 1EA"
"","Q9427","","0","1","0","9.99","5.25","OOS","COASTAL PET PRODUCTS","SFRI DG NAIL FL 1EA"
"","90986","","0","1","0","24.99","12.85","OOS","COASTAL PET PRODUCTS","SFRI DG PRO NAIL TRMMR 1LG"
"","6788118","","0","1","0","33.99","17.8","LST","NATURPET","NTPT DG EARDROPS 3.3OZ"
"","7052527","","0","24","0","4.29","2.94","LST","OPEN FARM","OPFM DG ICE COD BLBRRIES 7OZ"
"","6845681","","0","1","0","17.99","9.05","LST","PUREBITES","PRB DG PRK LVR3.5OZ"
"","6780396","","0","1","0","14.99","7.5","LST","EARTH RATED","ER DG EYE WIPES 60PC"
"","7052525","","0","24","0","4.29","2.94","LST","OPEN FARM","OPFM DG ICE SLM CD ACHAR 7OZ"
"","7052526","","0","24","0","4.29","2.94","LST","OPEN FARM","OPFM DG ICE SLM/CAP KELP 7OZ"
"","6411372","","0","1","0","15.99","9","OOS","COASTAL PET PRODUCTS","SFRI DG DLX NAIL TMMR 1EA"
"","7044879","","0","1","0","29.99","15","LST","BENEBONE","BBONE DG BNCE CNE 1EA"
"","6780397","","0","1","0.5","14.99","7.5","LST","EARTH RATED","ER DG EAR WIPES"
"","7044875","","0","1","0","14.99","7.5","LST","BENEBONE","BBONE DG BNCE BALL 1EA"
"","7052361","","0","24","0","4.29","2.94","LST","OPEN FARM","OPFM DG ICE SLM COD SP 7OZ"
"","7052630","","0","1","0","54.99","28.3","LST","DR. MAGGIE","DRM DG MSHRM MDLY PWDR"
"","6230838","","0","1","0","26.99","14","OOS","COASTAL PET PRODUCTS","SFRI DG SFTY SCSSRS 1EA"
"","7044883","","0","1","0","29.99","15","OOS","BENEBONE","BBONE DG BNCE TUG 1EA"
"","7044877","","0","1","0","19.99","10","LST","BENEBONE","BBONE DG BNCE BNE 1MD"
"","7044881","","0","1","0","29.99","15","LST","BENEBONE","BBONE DG BNCE PWBLR 1EA"
"","7048992","","0","1","0","14.99","7.35","ROS","INABA","INB DG FUN BTS CHK CHS 8PK"
"","7049198","","1","1","0","19.99","10.1","LST","MARTIN","MRTN LF HH RBT TMTHY FD 4.4LB"
"","7052656","","0","1","0","69.99","42","LST","ZEUS","ZEUS DG OASIS FTAN LT GRY 3L"
"","7055254","","0","1","0","129.99","78","LST","ZEUS","ZEUS DG OASIS SMRT FTAN 3L"
"","7055271","","0","1","0","149.99","90","LST","ZEUS","ZEUS DG OASIS SMRT FTAN 6L"
"","7054963","","0","1","0","79.99","48","LST","ZEUS","ZEUS DG OASIS FTAN LT GRY 6L"
"","1103121","","0","1","0","28.99","20.43","LST","GREENIES","GREENIE CT DNTL TRT CHK 21OZ"
"","6229626","","0","1","0.5","14.49","10.8","LST","GREENIES","GREENIES CT DNTL SLM JMB9.75OZ"
"","42908","","0","1","0.25","6.49","3.25","LST","CANCOR","CANCOR CT CRNKL BALL TSR 24IN"
"","6740652","","0","1","0","16.49","7.95","LST","VITAL ESSENTIALS","VITAL E DG FD CHK BRST 2.1OZ"
"","F0853","","0","1","0","39.99","26.6","LST","FELINE NATURAL","FNAT CT FD GF CHK&LMB 11OZ"
"","X8189","","0","1","0","39.99","26.6","LST","FELINE NATURAL","FNAT CT FD GF LMB&SLM 11OZ"
"","G0210","","0","12","0","5.49","3.75","LST","FELINE NATURAL","FNAT CT GF CHK&VEN FST 6OZ"
"","G4617","","0","12","0","5.49","3.75","LST","FELINE NATURAL","FNAT CT GF LMB&SLM FST 6OZ"
"","G0209","","0","12","0","5.49","3.75","LST","FELINE NATURAL","FNAT CT GF CHK&LMB FST 6OZ"
"","A7189","","0","1","0","18.49","10","LST","K9 NATURAL","K9 NTRL DG FD GRN MSSL 1.76oz"
"","F4144","","1","1","0","11.99","6","LST","K9 NATURAL","K9 NTRL DG FD LMB BTS 1.76oz"
"","7054967","","0","1","0","5.99","3.25","LST","CANCOR","CANCOR CT CRNKL BALL TSR 12IN"
"","7059873","","0","1","0.25","49.99","30","NEW","CATIT","CATIT LOO LTR BX WHT 1EA"
"","91342","","0","1","0","54.99","36.58","LST","K9 NATURAL","K9 NTRL DG FD BF 17.6OZ"
"","A5636","","0","1","0","169.99","112.95","LST","K9 NATURAL","K9 NTRL DG FD LMB 4lb"
"","E7574","","0","1","0","18.99","12.3","LST","K9 NATURAL","K9 NTRL DG FD LMB TRIPE 2OZ"
"","F4218","","0","1","0","169.99","112.95","LST","K9 NATURAL","K9 NTRL DG FD BF 4lb"
"","G0202","","0","12","0","8.49","5.5575","LST","K9 NATURAL","K9 NTRL DG CHK FEAST 13OZ"
"","G0204","","0","12","0","8.49","5.5575","LST","K9 NATURAL","K9 NTRL DG LMB FEAST 13OZ"
"","G0201","","0","12","0","8.49","5.5575","LST","K9 NATURAL","K9 NTRL DG BF FEAST 13OZ"
"","G0205","","0","12","0","5.49","3.5625","LST","K9 NATURAL","K9 NTRL DG LMB FEAST 6OZ"
"","G0206","","0","12","0","5.49","3.5625","LST","K9 NATURAL","K9 NTRL DG BF FEAST 6OZ"
"","G2942","","0","12","0","5.49","3.5625","LST","K9 NATURAL","K9 NTRL DG CHK FEAST 6OZ"
"","IH865","","0","1","0","34.99","23.28","LST","K9 NATURAL","K9 NTRL DG FD LMB TRIPE 7OZ"
"","IT759","","0","1","0","54.99","36.58","LST","K9 NATURAL","K9 NTRL DG FD LMB 17.6OZ"
"","K8367","","0","1","0","9.99","5","LST","LIVING WORLD","LW HYDRT WTR BTL LG 16OZ"
"","K3869","","0","1","0","8.99","4.5","LST","LIVING WORLD","LW HYDRT WTR BTL MD 8OZ"
"","Y1037","","0","1","0","54.99","36.58","LST","K9 NATURAL","K9 NTRL DG FD LMB&SLM 17.6OZ"
"","7060725","51765","0","4","0","7.99","3.595","LST","JUMP","JMP CT PRM CDN CNIP 1.58OZ"
"","7060944","","0","1","0","49.99","27.49","INOT","GAP","GAP RGBY STRPE FLT BD 1SM"
"","7061032","","0","1","0","79.99","43.99","INOT","GAP","GAP RGBY STRPE FLT BD 1MD"
"","7061033","","0","1","0","39.99","21.99","INOT","GAP","GAP RGBY STRPE CLDR BD 1SM"
"","7060723","51758","0","6","0.25","3.99","1.795","LST","JUMP","JMP CT PRM CDN CNIP 0.53OZ"
"","7060955","","0","1","0","99.99","54.99","INOT","GAP","GAP RGBY STRPE FLT BD 1LG"
"","7060724","51761","0","4","0","5.99","2.695","LST","JUMP","JMP CT PRM CDN CNIP 0.88OZ"
"","II060","","0","1","0","35.99","22.67","LST","OVEN BAKED TRADITION","OBT CT AD FSH 5LB"
"","IK228","","0","1","0","55.99","35.27","LST","OVEN BAKED TRADITION","OBT CT AD FSH 10LB"
"","IM757","","0","1","0","55.99","35.27","LST","OVEN BAKED TRADITION","OBT CT CK 10LB"
"","II083","","0","1","0.25","22.99","14.48","LST","OVEN BAKED TRADITION","OBT CT AD FSH 2.5LB"
"","II276","","0","1","0","35.99","22.67","LST","OVEN BAKED TRADITION","OBT CT CK 5LB"
"","IK715","","0","1","0","35.99","22.67","LST","OVEN BAKED TRADITION","OBT KT CK 5LB"
"","Y5472","","0","1","0","39.99","26.6","LST","FELINE NATURAL","FNAT CT FD GF BF&HOKI 11OZ"
"","6228205","","0","1","0.25","36.99","24.04","LST","OVEN BAKED TRADITION","OBT CT ALS URINARY CK 5LB"
"","6239994","","0","1","0.5","60.99","39.64","LST","OVEN BAKED TRADITION","OBT CT ALS URINARY CK 10LB"
"","6240048","","0","1","0","66.99","45.55","LST","OVEN BAKED TRADITION","OBT CT GF DCK 10LB"
"","6256812","","0","1","0","20.99","14.32","ROS","OVEN BAKED TRADITION","OBT DG CHW STK STRWBRY 17.6OZ"
"","6469637","","0","1","0","22.99","14.48","LST","OVEN BAKED TRADITION","OBT KT CK 2.5LB"
"","6469639","","0","1","0","31.99","21.75","LST","OVEN BAKED TRADITION","OBT CT GF DCK 2.5LB"
"","6469638","","0","1","0","31.99","21.75","LST","OVEN BAKED TRADITION","OBT CT GF FSH 2.5LB"
"","6469642","","0","1","0","22.99","14.48","LST","OVEN BAKED TRADITION","OBT CT SNR CK 2.5LB"
"","6474237","","0","1","0","2.99","1.97","LST","OVEN BAKED TRADITION","OBT DG FILLET TN GLCSM 0.7OZ"
"","6474236","","0","1","0","2.99","1.97","LST","OVEN BAKED TRADITION","OBT DG FILLET CK SMK BCN 1OZ"
"","6617505","","0","1","0","5.99","3.46","LST","OVEN BAKED TRADITION","OBT DG CRNCHY DNTL 10OZ"
"","6617508","","0","1","0","11.59","7.35","LST","OVEN BAKED TRADITION","OBT DG MINI MEAT BALLS 6OZ"
"","6617507","","0","1","0","5.99","3.16","LST","OVEN BAKED TRADITION","OBT DG GF CK PUMPK 8OZ"
"","6617653","","0","1","0","5.99","3.16","LST","OVEN BAKED TRADITION","OBT DG WITH LIVER 8OZ"
"","6617506","","0","1","0","5.99","3.16","LST","OVEN BAKED TRADITION","OBT DG BACON 8OZ"
"","6638600","","0","1","0","20.99","13.25","LST","OVEN BAKED TRADITION","OBT DG GF BEEF LIVER 8.8OZ"
"","6638599","","0","1","0","11.59","7.53","LST","OVEN BAKED TRADITION","OBT DG GF BEEF LIVER 4.23OZ"
"","6640334","","0","1","0","5.99","3.16","LST","OVEN BAKED TRADITION","OBT DG GF TURKY HEMP 6OZ"
"","6655991","","0","1","0","49.99","31.49","LST","OVEN BAKED TRADITION","OBT CT SEMI MST TK 5LB"
"","6655990","","0","1","0","49.99","31.49","LST","OVEN BAKED TRADITION","OBT CT SEMI MST FSH 5LB"
"","6656110","","0","1","0.25","37.99","23.94","LST","OVEN BAKED TRADITION","OBT CT SEMI MST TK 3LB"
"","6656111","","0","1","0","37.99","23.94","LST","OVEN BAKED TRADITION","OBT CT SEMI MST FSH 3LB"
"","6656408","","0","1","0","9.99","5.51","LST","OVEN BAKED TRADITION","OBT DG GF CK 1LB"
"","6656409","","0","1","0","9.99","5.51","LST","OVEN BAKED TRADITION","OBT DG GF DUCK BLUBRY 1LB"
"","6656410","","0","1","0","9.99","5.51","LST","OVEN BAKED TRADITION","OBT DG GF BCN APL 1LB"
"","6657637","","0","1","0","31.99","21.75","LST","OVEN BAKED TRADITION","OBT CT GF RDMT 2.5LB"
"","6657639","","0","1","0","45.99","31.27","LST","OVEN BAKED TRADITION","OBT CT GF RDMT 5LB"
"","6657293","","0","12","0","6.49","4.46","OOS","OVEN BAKED TRADITION","OBT DG PATE RBBT 12.5OZ"
"","6657638","","0","1","0","66.99","45.55","LST","OVEN BAKED TRADITION","OBT CT GF RDMT 10LB"
"","6672957","","0","1","0","20.99","14.32","ROS","OVEN BAKED TRADITION","OBT DG CHW STK MNT VAN 17.6OZ"
"","6672956","","0","1","0","20.99","14.32","LST","OVEN BAKED TRADITION","OBT DG CHW STK ASSORTED 17.6OZ"
"","6675214","","0","1","0","66.99","45.55","LST","OVEN BAKED TRADITION","OBT CT GF FSH 10LB"
"","6675215","","0","1","0","45.99","31.27","LST","OVEN BAKED TRADITION","OBT CT GF DCK 5LB"
"","6675557","","0","12","0","5.29","3.5867","LST","OVEN BAKED TRADITION","OBT DG PATE CK 12.5OZ"
"","6675216","","0","1","0","45.99","31.27","LST","OVEN BAKED TRADITION","OBT CT GF FSH 5LB"
"","6675559","","0","12","0","5.29","3.5867","OOS","OVEN BAKED TRADITION","OBT DG PATE SLM 12.5OZ"
"","6675560","","0","12","0","5.29","3.5867","OOS","OVEN BAKED TRADITION","OBT DG PATE TK 12.5OZ"
"","6675558","","0","12","0","5.99","4.1217","LST","OVEN BAKED TRADITION","OBT DG PATE DCK 12.5OZ"
"","6739438","","0","1","0","66.99","45.55","LST","OVEN BAKED TRADITION","OBT CT GF CK 10LB"
"","6739440","","0","1","0","31.99","21.75","LST","OVEN BAKED TRADITION","OBT CT GF CK 2.5LB"
"","6739439","","0","1","0","45.99","31.27","LST","OVEN BAKED TRADITION","OBT CT GF CK 5LB"
"","6740061","","0","1","0","2.99","1.92","LST","OVEN BAKED TRADITION","OBT CT FILLET CK 1OZ"
"","6740062","","0","1","0","2.99","1.92","LST","OVEN BAKED TRADITION","OBT CT FILLET TUNA CRAB 0.7OZ"
"","6740063","","0","12","0","5.99","4.1217","LST","OVEN BAKED TRADITION","OBT DG PATE QUAIL 12.5OZ"
"","6740432","","0","1","0","2.99","1.92","LST","OVEN BAKED TRADITION","OBT CT FILLET TN 0.7OZ"
"","6744734","","0","1","0","22.99","14.48","LST","OVEN BAKED TRADITION","OBT CT TK 2.5LB"
"","6744735","","0","1","0","35.99","22.67","LST","OVEN BAKED TRADITION","OBT CT TK 5LB"
"","6744846","","0","1","0","2.99","1.92","LST","OVEN BAKED TRADITION","OBT CT FILLET BONT TARN 0.7OZ"
"","6750448","","0","1","0","35.99","22.67","LST","OVEN BAKED TRADITION","OBT CT SNR CK 5LB"
"","6787322","","0","1","0","55.99","35.27","LST","OVEN BAKED TRADITION","OBT CT TK 10LB"
"","6849400","","0","24","0","3.79","2.5758","LST","OVEN BAKED TRADITION","OBT DG ENTREE CK SWPT 5.5OZ"
"","6849401","","0","24","0","3.79","2.5758","LST","OVEN BAKED TRADITION","OBT DG ENTREE TUNA GLCS 5.5OZ"
"","7055003","","0","1","0","1.49","0.05","LST","OVEN BAKED TRADITION","OBT CT CK SMP 100G"
"","7055009","","0","1","0","1.49","0.05","LST","OVEN BAKED TRADITION","OBT KT CK SMP 3.52OZ"
"","7055012","","0","1","0","1.49","0.05","LST","OVEN BAKED TRADITION","OBT CT ALS URN CK SMP 3.5OZ"
"","7055020","","0","1","0","1.49","0.05","LST","OVEN BAKED TRADITION","OBT CT GF DK SMP"
"","7055026","","0","1","0","1.49","0.05","LST","OVEN BAKED TRADITION","OBT CT SEMI MST TK SMP"
"","7055032","","0","1","0","1.49","0.05","LST","OVEN BAKED TRADITION","OBT CT SEMI MST FSH SMP"
"","7055004","","0","1","0","55.99","35.27","LST","OVEN BAKED TRADITION","OBT CT SNR CK 10LB"
"","7060514","","0","24","0","3.49","2.3604","LST","OVEN BAKED TRADITION","OBT DG PATE SLM 5.5OZ"
"","7060516","","0","24","0","3.49","2.3604","LST","OVEN BAKED TRADITION","OBT DG PATE TK 5.5OZ"
"","7060517","","0","24","0","3.49","2.3604","LST","OVEN BAKED TRADITION","OBT DG PATE CK 5.5OZ"
"","7060519","","0","24","0","3.49","2.3604","OOS","OVEN BAKED TRADITION","OBT DG PATE DCK 5.5OZ"
"","7061302","","0","1","0","97.99","49.61","LST","OVEN BAKED TRADITION","OBT DG GF DUCK BLUBRY 20LB"
"","7064247","","0","1","0","97.99","49.61","LST","OVEN BAKED TRADITION","OBT DG GF CHK 20LB"
"","7061300","","0","1","0","97.99","49.61","LST","OVEN BAKED TRADITION","OBT DG GF SLM FRT VG 20LB"
"","7061301","","0","1","0","97.99","49.61","LST","OVEN BAKED TRADITION","OBT DG GF BCN APL 20LB"
"","IE368","","0","1","0","39.99","27.19","LST","OVEN BAKED TRADITION","OBT DG GF FISH 5LB"
"","IJ377","","0","1","0","34.99","23.79","LST","OVEN BAKED TRADITION","OBT DG PUP CK 5LB"
"","IK714","","0","1","0","34.99","23.79","LST","OVEN BAKED TRADITION","OBT DG FISH 5LB"
"","IL320","","0","1","0","55.99","39.19","LST","OVEN BAKED TRADITION","OBT DG CK 12.5LB"
"","IL607","","0","1","0","34.99","23.79","LST","OVEN BAKED TRADITION","OBT DG CK 5LB"
"","U8739","","0","1","0","39.99","27.19","LST","OVEN BAKED TRADITION","OBT DG GF CK 5LB"
"","6657288","","0","1","0","34.99","23.79","LST","OVEN BAKED TRADITION","OBT DG SB LAMB 5LB"
"","6467730","","0","1","0","39.99","27.19","LST","OVEN BAKED TRADITION","OBT DG SEMI MOIST FISH 5LB"
"","7064497","","0","1","0","55.99","39.19","LST","OVEN BAKED TRADITION","OBT DG SB FISH 12.5LB"
"","6744844","","0","1","0","118.99","83.29","LST","OVEN BAKED TRADITION","OBT DG GF FISH 25LB"
"","6672908","","0","1","0","104.99","73.02","LST","OVEN BAKED TRADITION","OBT DG PUP LAMB 23LB"
"","6656613","","0","1","0","93.99","65.79","LST","OVEN BAKED TRADITION","OBT DG GOAT 10LB"
"","7055292","","0","1","0","97.99","68.59","LST","OVEN BAKED TRADITION","OBT DG LGBR FISH 25LB"
"","7055328","","0","1","0","68.99","48.29","LST","OVEN BAKED TRADITION","OBT DG SB GF RED MEAT 12.5LB"
"","7060793","","0","1","0","68.99","48.29","LST","OVEN BAKED TRADITION","OBT DG GF RED MEAT 12.5LB"
"","6657291","","0","1","0","93.99","65.79","LST","OVEN BAKED TRADITION","OBT DG LAMB 25LB"
"","7055316","","0","1","0","55.99","39.19","LST","OVEN BAKED TRADITION","OBT DG SB LAMB 12.5LB"
"","6656614","","0","1","0","32.99","21.77","LST","OVEN BAKED TRADITION","OBT DG VEGAN 4LB"
"","6672907","","0","1","0","34.99","23.79","LST","OVEN BAKED TRADITION","OBT DG LAMB 5LB"
"","7048554","","0","1","0","93.99","65.79","LST","OVEN BAKED TRADITION","OBT DG PUP CK 25LB"
"","7055295","","0","1","0","97.99","68.59","LST","OVEN BAKED TRADITION","OBT DG PUP LGBR CK 25LB"
"","6811896","","0","1","0","93.99","65.79","LST","OVEN BAKED TRADITION","OBT DG CK 25LB"
"","7064363","","0","1","0","32.99","21.77","LST","OVEN BAKED TRADITION","OBT DG SB VEGAN 4LB"
"","7055315","","0","1","0","55.99","39.19","LST","OVEN BAKED TRADITION","OBT DG LAMB 12.5LB"
"","7055297","","0","1","0","55.99","39.19","LST","OVEN BAKED TRADITION","OBT DG PUP SB CK 12.5LB"
"","7055286","","0","1","0","68.99","48.29","LST","OVEN BAKED TRADITION","OBT DG GF DUCK 10LB"
"","7055300","","0","1","0","55.99","39.19","LST","OVEN BAKED TRADITION","OBT DG SB CK 12.5LB"
"","6655133","","0","1","0","97.99","68.59","LST","OVEN BAKED TRADITION","OBT DG LGBR LAMB 25LB"
"","7055311","","0","1","0","93.99","65.79","LST","OVEN BAKED TRADITION","OBT DG SNR WCTR CK 25LB"
"","6675217","","0","1","0","118.99","83.29","LST","OVEN BAKED TRADITION","OBT DG GF RED MEAT 25LB"
"","7064360","","0","1","0","1.49","0.05","LST","OVEN BAKED TRADITION","OBT DG GF DUCK SMP 3.5OZ"
"","6744845","","0","1","0","118.99","83.29","LST","OVEN BAKED TRADITION","OBT DG GF DUCK 23LB"
"","7055326","","0","1","0","68.99","48.29","LST","OVEN BAKED TRADITION","OBT DG SB GF CK 12.5LB"
"","6656714","","0","1","0","39.99","27.19","LST","OVEN BAKED TRADITION","OBT DG GF RED MEAT 5LB"
"","6657290","","0","1","0","34.99","23.83","LST","OVEN BAKED TRADITION","OBT DG PUP SB LAMB 5LB"
"","6473031","","0","1","0","111.99","78.39","LST","OVEN BAKED TRADITION","OBT DG SEMI MOIST FISH 20LB"
"","7064222","","0","1","0","57.99","40.7","LST","OVEN BAKED TRADITION","OBT DG PUP SB LAMB 10LB"
"","7055305","","0","1","0","55.99","39.19","LST","OVEN BAKED TRADITION","OBT DG FISH 12.5LB"
"","7055314","","0","1","0","1.49","0.05","LST","OVEN BAKED TRADITION","OBT DG SNR WCTL CK SMP 3.5OZ"
"","6750446","","0","1","0","39.99","27.19","LST","OVEN BAKED TRADITION","OBT DG GF DUCK 5LB"
"","6767277","","0","1","0","54.99","36.84","LST","OVEN BAKED TRADITION","OBT DG SB VEGAN 10LB"
"","7055310","","0","1","0","55.99","39.19","LST","OVEN BAKED TRADITION","OBT DG SB SNR WCTL CK 12.5LB"
"","6646777","","0","1","0","34.99","23.83","LST","OVEN BAKED TRADITION","OBT DG PUP LAMB 5LB"
"","6646773","","0","1","0","34.99","23.79","LST","OVEN BAKED TRADITION","OBT DG SB CK 5LB"
"","7055296","","0","1","0","55.99","39.19","LST","OVEN BAKED TRADITION","OBT DG PUP CK 12.5LB"
"","6740431","","0","1","0","39.99","27.19","LST","OVEN BAKED TRADITION","OBT DG SB GF RED MEAT 5LB"
"","6646775","","0","1","0","34.99","23.79","LST","OVEN BAKED TRADITION","OBT DG SB SNR WCTL CK 5LB"
"","7055304","","0","1","0","1.49","0.05","LST","OVEN BAKED TRADITION","OBT DG CHK SMP 3.5OZ"
"","6744630","","0","1","0","118.99","83.29","LST","OVEN BAKED TRADITION","OBT DG GF CK 25LB"
"","7055287","","0","1","0","68.99","48.29","LST","OVEN BAKED TRADITION","OBT DG SB GF DK 10LB"
"","7055321","","0","1","0","68.99","48.29","LST","OVEN BAKED TRADITION","OBT DG GF FISH 12.5LB"
"","6524670","","0","1","0.25","111.99","78.39","LST","OVEN BAKED TRADITION","OBT DG SEMI MOIST CK 20LB"
"","6750447","","0","1","0","39.99","27.19","LST","OVEN BAKED TRADITION","OBT DG SB GF CK 5LB"
"","6646778","","0","1","0","34.99","23.79","LST","OVEN BAKED TRADITION","OBT DG PUP CK 5LB"
"","6750449","","0","1","0","34.99","23.79","LST","OVEN BAKED TRADITION","OBT DG SNR WCTR CK 5LB"
"","6656612","","0","1","0","41.99","28.55","LST","OVEN BAKED TRADITION","OBT DG GOAT 4LB"
"","6408450","","0","1","0","39.99","27.19","LST","OVEN BAKED TRADITION","OBT DG SEMI MOIST CHK 5LB"
"","6675555","","0","1","0","39.99","27.19","LST","OVEN BAKED TRADITION","OBT DG SB GF DUCK 5LB"
"","7055322","","0","1","0","68.99","48.29","LST","OVEN BAKED TRADITION","OBT DG SB GF FISH 12.5LB"
"","6240146","","0","1","0","93.99","65.79","LST","OVEN BAKED TRADITION","OBT DG FISH 25LB"
"","7055336","","0","1","0","1.49","0.05","LST","OVEN BAKED TRADITION","OBT DG SEMI MST FISH SMP 3.5OZ"
"","6657292","","0","1","0","108.99","73.02","LST","OVEN BAKED TRADITION","OBT DG VEGAN 20LB"
"","6999164","","0","1","0","97.99","68.59","LST","OVEN BAKED TRADITION","OBT DG LGBR CK 25LB"
"","6657289","","0","1","0","34.99","23.79","LST","OVEN BAKED TRADITION","OBT DG SB FISH 5LB"
"","6675556","","0","1","0","39.99","27.19","LST","OVEN BAKED TRADITION","OBT DG SB GF FISH 5LB"
"","6656610","","0","1","0","41.99","28.55","LST","OVEN BAKED TRADITION","OBT DG SB GOAT 4LB"
"","6469769","","0","1","0","0","63.9","OOS","","DW HOSE & SPRAYER KIT EA"
"","7048714","","0","24","0","3.59","2.4021","LST","HILL'S SCIENCE DIET","SD DG SS&S CK&R STEW PCH 2.8OZ"
"","7048720","","0","24","0","3.59","2.4021","LST","HILL'S SCIENCE DIET","SD DG AD PW V&SLM PCH 2.8OZ"
"","7048722","","0","24","0","3.39","2.2688","OOS","HILL'S SCIENCE DIET","SD DG AD CK&V STEW PCH 2.8OZ"
"","7048721","","0","24","0","3.39","2.2688","OOS","HILL'S SCIENCE DIET","SD DG AD HC CK STEW PCH 2.8 OZ"
"","7048715","","0","24","0","3.59","2.4021","LST","HILL'S SCIENCE DIET","SD DG SS&S TK&V STEW PCH 2.8OZ"
"","6972348","","0","1","0","10.99","5.75","OOS","THE BUTCHER'S COMPANION","BUTCHER DG PRK SAUS STK 6.17oz"
"","7044459","","0","1","0","10.99","5.75","OOS","THE BUTCHER'S COMPANION","TBC DG PRK SAUS BTS 6.17oz"
"","1102828","","0","1","0.25","37.99","18.62","LST","RC PETS","RC CT ADVNT HARNESS TEL LG 1EA"
"","1102829","","0","1","0","36.99","18.13","LST","RC PETS","RC CT ADVNT HARNESS BLK MD 1EA"
"","1102834","","0","1","0","35.99","17.64","LST","RC PETS","RC CT ADVNT HARNESS TEL SM 1EA"
"","1102826","","0","1","0","37.99","18.62","LST","RC PETS","RC CT ADVNT HARNESS BLK LG 1EA"
"","1102831","","0","1","0","36.99","18.13","LST","RC PETS","RC CT ADVNT HARNESS TEL MD 1EA"
"","1102832","","0","1","0","35.99","17.64","LST","RC PETS","RC CT ADVNT HARNESS BLK SM 1EA"
"","X9481","","0","1","0","53.99","26.46","LST","RC PETS","RC DG MMNTM HARNESS BLK MD 1EA"
"","X9703","","0","1","0","59.99","29.4","LST","RC PETS","RC DG MMNTM HARNESS BLK XL 1EA"
"","X9704","","0","1","0","55.99","27.44","LST","RC PETS","RC DG MMNTM HARNESS BLK LG 1EA"
"","X9478","","0","1","0","52.99","25.97","LST","RC PETS","RC DG MMNTM HARNESS BLK SM 1EA"
"","41322","","1","1","0","11.49","5.6","LST","ZOO-MAX","ZMX CTTN RNG 5IN"
"","41418","","0","1","0","17.99","9","LST","ZOO-MAX","ZMX SPDDY MD LTHR 8IN"
"","41202","","0","1","0","11.49","5.6","LST","ZOO-MAX","ZMX MULTI CD 8IN"
"","41417","","0","1","0","18.99","9.5","LST","ZOO-MAX","ZMX SPIRALE 11IN"
"","A3052","","0","1","0","10.49","5.3","LST","ZOO-MAX","ZMX FUN BOX 8IN"
"","K3211","","0","1","0","6.49","3.2","LST","ZOO-MAX","ZMX PNY BDS LDDR 8IN"
"","Q8206","","0","1","0","18.99","9.5","LST","ZOO-MAX","ZMX BLCK PRCH 6IN"
"","W1778","","0","1","0","12.99","6.4","LST","ZOO-MAX","ZMX RCK & RLL DBL PRCH 8IN"
"","X9642","","0","1","0","21.99","10.6","LST","ZOO-MAX","ZMX FRBL SM 12IN"
"","1507145","","0","1","0","6.99","3.4","LST","ZOO-MAX","ZMX GRVY BAMBOU 16IN"
"","7055078","","0","1","0","99.99","67.8","LST","CANADA FRESH","CF DG CHK 25 LB"
"","7055077","","0","1","0","26.99","18.35","OOS","CANADA FRESH","CF DG CHK 6 LB"
"","7057910","","0","1","0","33.99","23.1","LST","CANADA FRESH","CF DG LMB 6 LB"
"","7057918","","0","1","0","125.99","85.65","LST","CANADA FRESH","CF DG LMB 25 LB"
"","7057917","","0","1","0","119.99","81.5","LST","CANADA FRESH","CF DG SLM 25 LB"
"","7057916","","0","1","0","32.99","22.4","LST","CANADA FRESH","CF DG SLM 6 LB"
"","7057919","","1","1","0","28.99","19.7","OOS","CANADA FRESH","CF DG RMEAT 6 LB"
"","7057920","","0","1","0","112.99","76.75","LST","CANADA FRESH","CF DG RMEAT 25 LB"
"","X8544","","0","1","0","26.99","13.23","LST","RC PETS","RC DG LEASH BONES 1X6 1EA"
"","X8546","","0","1","0","24.99","12.25","LST","RC PETS","RC DG LEASH BONES 3/4X6 1EA"
"","X8548","","0","1","0","15.99","7.84","LST","RC PETS","RC DG CLP CLR BONES 1 XS"
"","X8552","","0","1","0","17.99","8.82","LST","RC PETS","RC DG CLP CLR BONES 1 MD"
"","X8550","","0","1","0","16.99","8.33","LST","RC PETS","RC DG CLP CLR BONES 1 SM"
"","X8554","","0","1","0","18.99","9.31","LST","RC PETS","RC DG CLP CLR BONES 1 LG"
"","51648","","0","1","0","8.49","3.65","LST","VERSELE-LAGA","VL COMP SA CROCK CHS TRT 1.8OZ"
"","7049334","","0","24","0","2.79","1.6938","LST","PURINA PRO PLAN","PPLN DG PUP SB CK&R 5.5OZ"
"","7090323","","0","12","0","6.99","4.5975","LST","NATURAL BALANCE","NB DG SN SLM & BR 12.7oz"
"","7094022","","0","1","0","29.99","20.1","LST","NATURAL BALANCE","NB DG SB D&J CHK 3.5LB"
"","7090322","","0","1","0","122.99","88.43","LST","NATURAL BALANCE","NB DG SN SLM & OATM 22 LB"
"","7094137","","0","1","0","122.99","88.43","LST","NATURAL BALANCE","NB DG SN LB&OAT 22LB"
"","7094023","","0","1","0","77.99","54.61","LST","NATURAL BALANCE","NB DG SB D&J CHK 12LB"
"","7094138","","0","12","0","6.99","4.5975","LST","NATURAL BALANCE","NB DG SN LB&BR 12.7OZ"
"","7094141","","0","12","0","6.99","4.5975","LST","NATURAL BALANCE","NB DG SN CHK&BR 12.7OZ"
"","7073022","","0","1","0","29.99","20.1","LST","NATURAL BALANCE","NB DG SN SLM & OATM 3.5 LB"
"","7099656","","0","1","0","122.99","88.43","LST","NATURAL BALANCE","NB DG SN CHK&OAT 22LB"
"","7094139","","0","1","0","29.99","20.1","LST","NATURAL BALANCE","NB DG SN CHK&OAT 3.5LB"
"","7094136","","0","1","0","29.99","20.1","LST","NATURAL BALANCE","NB DG SN DG LB&OAT 3.5LB"
"","6231182","","0","1","0","19.99","11.55","","UNDER THE WEATHER","UTW DG HMBRGR&R FD 6OZ"
"","6229530","","0","1","0","169.99","112.95","LST","K9 NATURAL","K9 NTRL DG FD CHK 4lb"
"","IT754","","0","1","0","6.99","3.5","LST","ZOO-MAX","ZM TOURNICOTTI XS 6IN"
"","1152873","","0","24","0","2.69","1.4604","LST","PURINA PRO PLAN","PPLN CT COMP ESNTL SF STEW 3OZ"
"","7061564","","0","1","0","23.99","12","LST","ZOO-MAX","ZMX MS MHGNY 18IN"
"","7061563","","0","1","0","12.99","6.4","LST","ZOO-MAX","ZMX BRD PIZZA SM 6IN"
"","7061570","","0","1","0","18.49","9.5","LST","ZOO-MAX","ZMX RLLY 9IN"
"","7061566","","0","1","0","21.99","10.6","LST","ZOO-MAX","ZMX RCKY BRD SM 12IN"
"","7061572","","0","1","0","10.99","5.3","LST","ZOO-MAX","ZMX HPPY STYL SM 12IN"
"","7061565","","0","1","0","16.99","8.5","LST","ZOO-MAX","ZMX PICOLO SM 14IN"
"","7061573","","0","1","0","10.99","5.3","LST","ZOO-MAX","ZMX FLIP FLAP 7IN"
"","7061568","","0","1","0","19.99","10","LST","ZOO-MAX","ZMX TWR 12IN"
"","7061567","","0","1","0","9.99","5","LST","ZOO-MAX","ZMX HRDWD CLR LDDR 12IN"
"","7061569","","0","1","0","14.99","7.4","LST","ZOO-MAX","ZMX KISS 9IN"
"","7061571","","0","1","0","21.99","10.6","LST","ZOO-MAX","ZMX RIGOLO 13IN"
"","7061574","","0","1","0","9.99","5","LST","ZOO-MAX","ZMX SALTO 10IN"
"","7061575","","0","1","0","12.99","6.4","LST","ZOO-MAX","ZMX STITCH 14IN"
"","7061576","","0","1","0","10.99","5.3","LST","ZOO-MAX","ZMX BOLO BOLO 10IN"
"","L2029","73864","0","1","0","10.99","5.5","LST","LIVING WORLD","LW ALF HAY 24OZ"
"","V7346","73866","0","1","0","9.99","4.5","LST","LIVING WORLD","LW ALF CUBES 16OZ"
"","V7347","73876","0","1","0","10.99","5","LST","LIVING WORLD","LW TMTHY CUBES 16OZ"
"","Y5867","","0","1","0","10.99","5.3","LST","ZOO-MAX","ZMX PNY BDS LDDR 15IN"
"","X3022","","0","1","0","119.99","75.59","LST","SMACK","SMACK DG DEHY RCK RCKFSH 3.3LB"
"","E7775","","0","1","0","119.99","75.59","LST","SMACK","SMACK DG DEHY CRBBN SLMN 3.3LB"
"","41261","","0","1","0","0","0.38","LST","LIVING WORLD","LW CRDBRD PET CARRIER 1SM"
"","6617652","","0","1","0","5.99","3.16","LST","OVEN BAKED TRADITION","OBT DG GF DK 8OZ"
"","E7777","","0","1","0","99.99","62.99","LST","SMACK","SMACK DG DEHY CHNKY CHK 3.3LB"
"","74457","","0","1","0","0","2.25","LST","LIVING WORLD","LW CRDBRD PET CARRIER 1LG"
"","E7776","","0","1","0","99.99","62.99","LST","SMACK","SMACK DG DEHY BRRY CHK 3.3LB"
"","6469640","","0","24","0","3.29","2.2313","LST","OVEN BAKED TRADITION","OBT CT GF PATE TRKY 5.5OZ"
"","6469641","","0","24","0","3.59","2.4308","LST","OVEN BAKED TRADITION","OBT CT GF PATE DCK 5.5OZ"
"","6469643","","0","24","0","3.59","2.4308","LST","OVEN BAKED TRADITION","OBT CT GF PATE RBT 5.5OZ"
"","6470816","","0","24","0","3.59","2.4308","LST","OVEN BAKED TRADITION","OBT CT GF PATE QUAIL 5.5OZ"
"","6472724","","0","24","0","3.29","2.2313","LST","OVEN BAKED TRADITION","OBT CT GF PATE SLM 5.5OZ"
"","6656411","","0","1","0","9.99","5.51","LST","OVEN BAKED TRADITION","OBT DG GF SLM FRT VG 1LB"
"","6675561","","0","24","0","3.29","2.2313","LST","OVEN BAKED TRADITION","OBT CT GF PATE CK 5.5OZ"
"","6849402","","0","24","0","2.49","1.6854","LST","OVEN BAKED TRADITION","OBT CT ENTREE CK SHRMP 3OZ"
"","6849403","","0","24","0","2.49","1.6854","LST","OVEN BAKED TRADITION","OBT CT ENTREE TN 3OZ"
"","X0840","","0","1","0","16.99","8.15","LST","GRANVILLE ISLAND PET TREATERY","GRAN DG DHYD LMB LVR 2.82OZ"
"","7060508","","0","1","0","66.99","33.5","LST","TREAT TIME","TT DG MD ASSRTD BISCT 20LB"
"","7060510","","0","1","0","66.99","33.5","ROS","TREAT TIME","TT DG JMB GLDN BISCT 20LB"
"","7060511","","0","1","0","66.99","33.5","LST","TREAT TIME","TT DG MD BSTED ASSRT BSCT 20LB"
"","7060512","","0","1","0","66.99","33.5","LST","TREAT TIME","TT DG LG GLDN BISCT 20LB"
"","7060513","","0","1","0","66.99","33.5","LST","TREAT TIME","TT PUP GLDN BISCT 20LB"
"","7060509","","0","1","0","66.99","33.5","LST","TREAT TIME","TT DG MD CHRCL BISCT 20LB"
"","1152874","","0","24","0","2.69","1.4604","LST","PURINA PRO PLAN","PPLN CT COMP ESNTL TUNA 3OZ"
"","26185","","0","1","0","109.99","85.67","LST","PURINA PRO PLAN","PPLN DG SPEC WGT SB CK&R 34LB"
"","7064251","","0","1","0","49.99","27.49","INOT","LEFTPINE BY P.L.A.Y","LEFTPINE DG MMRYFM CCH GRY1MD"
"","9101014","","0","1","0","108.99","84.89","LST","PURINA PRO PLAN","PPLN DG CMP ESNTL 7+ CK&R 34LB"
"","1152880","","0","1","0","37.99","23","LST","PURINA PRO PLAN","PPLN DG SPEC SB CK&R 6LB"
"","7064249","","0","1","0","49.99","27.49","INOT","LEFTPINE BY P.L.A.Y","LEFTPINE DG MMRYFM LNGR GRY1MD"
"","7064254","","0","1","0","49.99","27.49","INOT","LEFTPINE BY P.L.A.Y","LEFTPINE MMRYFOAM CCH TAN 1MD"
"","6474829","73891","0","1","0","10.99","5.4","LST","LIVING WORLD GREEN","LWG BTNCL TMTHY VGMIX HAY 12OZ"
"","9101039","","0","1","0","108.99","77.04","LST","PURINA PRO PLAN","PPLN DG COMP ESNTL SLM&R 33LB"
"","6474830","","0","1","0","10.99","5.4","LST","LIVING WORLD GREEN","LWG BTNCL TMTHY H&F HAY 12OZ"
"","9100992","","0","1","0","73.99","58.98","LST","PURINA PRO PLAN","PPLN DG SPEC SB CK&R 18LB"
"","11188","","0","1","0","109.99","85.67","LST","PURINA PRO PLAN","PPLN DG SPEC WMGT AD 34LB"
"","9100986","","0","1","0","38.99","23.4","LST","PURINA PRO PLAN","PPLN DG PUP DEV LMB&R 6LB"
"","6237325","73882","0","1","0","19.99","9.5","LST","LIVING WORLD","LW TMTHY HAY 48OZ"
"","9101041","","0","1","0","109.99","83.46","LST","PURINA PRO PLAN","PPLN DG SPORT SLM&R 33LB"
"","7064253","","0","1","0","49.99","27.49","INOT","LEFTPINE BY P.L.A.Y","LEFTPINE MMRYFOAM LNGR TAN 1MD"
"","7064246","","0","1","0","49.99","27.49","INOT","LEFTPINE BY P.L.A.Y","LEFTPINE DG ORTHPDC BD GRY 1MD"
"","7064252","","0","1","0","49.99","27.49","INOT","LEFTPINE BY P.L.A.Y","LEFTPINE DG ORTHPDC BD TAN 1MD"
"","7061620","","0","1","0","907.54","450.91","INOT","KONG","KONG DG OLD GLRY SHIPPER"
"","7064261","","0","1","0","29.99","16.49","INOT","LEFTPINE BY P.L.A.Y","LEFTPINE CLD NINE CUSHION 1SM"
"","7064255","","0","1","0","34.99","19.24","INOT","LEFTPINE BY P.L.A.Y","LEFTPINE MMRYFOAM MAT 1MD"
"","7064257","","0","1","0","49.99","27.49","INOT","LEFTPINE BY P.L.A.Y","LEFTPINE MMRYFOAM MAT 1LG"
"","7060258","","0","1","0","30.99","20.9","LST","NOW FRESH","NOW DG GG AD WG BF 3.5LB"
"","7060261","","0","1","0","30.99","20.9","LST","NOW FRESH","NOW DG GG SNR WG BF 3.5LB"
"","7060338","","0","1","0","1.49","0.05","LST","NOW FRESH","NOW DG GG SNR WG BF SMP"
"","7060320","","1","1","0.25","25.99","17.53","LST","NOW FRESH","NOW CT GG AD GF SLM 3LB"
"","7060325","","0","1","0","1.49","0.05","","NOW FRESH","NOW CT GG AD GF SLM SMP"
"","7060262","","1","1","0.25","111.99","75.53","LST","NOW FRESH","NOW DG GG SNR WG BF 22LB"
"","7060259","","0","1","0","111.99","75.53","LST","NOW FRESH","NOW DG GG AD WG BF 22LB"
"","7165170","","0","1","0","0","5.5","","PET VALU","DW HOSE CONNECTOR EA"
"","7060318","","0","1","0.25","24.99","16.86","LST","NOW FRESH","NOW CT GG AD GF CHK 3LB"
"","7060322","","0","1","0","54.99","37.09","LST","NOW FRESH","NOW CT GG AD GF SLM 8LB"
"","7060319","","0","1","0","52.99","35.74","LST","NOW FRESH","NOW CT GG AD GF CHK 8LB"
"","7060324","","0","1","0","1.49","0.05","","NOW FRESH","NOW CT GG AD GF CHK SMP"
"","7060314","","0","1","0","1.49","0.05","LST","NOW FRESH","NOW DG GG AD WG BF SMP"
"","G5094","","0","1","0","49.99","33.24","OOS","ZIWI PEAK","ZIWI PK DG AD MCK&LMB 1LB"
"","IT858","","0","1","0","49.99","33.24","LST","ZIWI PEAK","ZIWI PK DG AD LMB 1LB"
"","IV768","","0","1","0","49.99","33.24","OOS","ZIWI PEAK","ZIWI PK DG AD BF 1LB"
"","X4662","","0","1","0","89.99","59.84","LST","ZIWI PEAK","ZIWI PK DG AD CHK 2.2LB"
"","X9386","","0","1","0","89.99","59.84","LST","ZIWI PEAK","ZIWI PK DG AD MCK&LMB 2.2LB"
"","IV218","","0","1","0","89.99","59.84","OOS","ZIWI PEAK","ZIWI PK DG AD BF 2.2LB"
"","Q2462","","0","1","0","89.99","59.84","LST","ZIWI PEAK","ZIWI PK DG AD LMB 2.2LB"
"","X4661","","0","1","0","49.99","33.24","LST","ZIWI PEAK","ZIWI PK DG AD CHK 1LB"
"","6230835","","0","1","0","54.99","27.5","INOT","MUTTLUKS","MTLK SNOW MUSHER GRY SZ7 MDLG"
"","6230836","","0","1","0","54.99","27.5","INOT","MUTTLUKS","MTLK SNOW MUSHER GRY SZ8 LG"
"","7067975","X8397","0","1","0","29.99","18","LST","LIVING WORLD GREEN","LWG HMP BDNG 20L"
"","6229991","","0","1","0","12.99","7.25","LST","HEALTHYBUD","HLTHYBD DG GUT BSTR 4.6OZ"
"","6234660","","0","1","0","12.99","7.25","LST","HEALTHYBUD","HLTHYBD DG JNT BSTR 4.6OZ"
"","6783093","","0","1","0","13.99","7.75","LST","HEALTHYBUD","HLTHYBD DG CLMING AID 4.6OZ"
"","6858786","","0","1","0","9.99","5.5","LST","HEALTHYBUD","HLTHYBD DG BF LUNG WFRS 2.1OZ"
"","6858785","","0","1","0","12.99","7","LST","HEALTHYBUD","HLTHYBD DG COD SKN 2.8OZ"
"","6971759","","0","1","0","11.99","6.25","LST","HEALTHYBUD","HLTHYBD DG SWT POT CHWS 5.6OZ"
"","7052223","","0","1","0","9.99","6","LST","INABA","INB CT TIDBITS CHK 8PK"
"","7052224","","0","1","0","9.99","6","LST","INABA","INB CT TIDBITS TUNA 8PK"
"","7052301","","0","1","0","9.99","6","LST","INABA","INB CT TIDBITS SL&TU 8PK"
"","7052300","","0","1","0","9.99","6","LST","INABA","INB CT TIDBITS CHK&DSH 8PK"
"","7053100","","0","1","0","32.99","18.5","ROS","HEALTHYBUD","HLTHYBD DG CLMING AID 14.1OZ"
"","7053102","","0","1","0","18.99","10.5","LST","HEALTHYBUD","HLTHYBD DG BF LUNG WFRS 5.3OZ"
"","7054960","","0","1","0","31.99","17.95","LST","HEALTHYBUD","HLTHYBD DG GUT BSTR 14.1OZ"
"","7054961","","0","1","0","19.99","11.5","LST","HEALTHYBUD","HLTHYBD DG SWT POT CHWS 11.6OZ"
"","7055034","","0","1","-0.5","31.99","17.95","LST","HEALTHYBUD","HLTHYBD DG JNT BSTR 14.1OZ"
"","7061430","","0","1","0","29.99","19.49","INOT","KONG","KONG DG FUN PACK 1MD"
"","7073530","30533","0","1","0.75","9.99","4.1","LST","OXBOW","OXB ESN HMS &GER FOOD 1LB"
"","7073532","30530","0","1","0","33.99","15.64","LST","OXBOW","OXB ESN AD GP FOOD 10LB"
"","7073533","","0","1","0","34.99","16.4","LST","OXBOW","OXB ESN CHNCHL FOOD 10LB"
"","7073535","30529","1","1","0.25","21.99","8.78","LST","OXBOW","OXB ESN AD GP FOOD 5LB"
"","7068293","30578","0","1","0","19.99","8.94","LST","OXBOW","OXB ESN AD RAT FOOD 3LB"
"","7073536","30528","0","1","0","18.99","7.64","LST","OXBOW","OXB ESN YNG RBT FOOD 5LB"
"","7073539","","0","1","0","19.99","7.36","NEW","OXBOW","OXB ESN MOUSE YNG RAT 2.5LB"
"","7073540","30574","0","1","0","14.99","7.68","LST","OXBOW","OXB NTRLSC SA DGTV 60CT 4.2OZ"
"","7073541","30572","0","1","0","14.99","7.68","LST","OXBOW","OXB NTRLSC SA VTM C 60CT 4.2OZ"
"","7073543","V8037","0","1","0","48.99","25.02","LST","OXBOW","OXB WSTN TMTHY HAY 9LB"
"","7073544","IF646","0","1","0","48.99","24.77","LST","OXBOW","OXB ORGRS HAY 9LB"
"","7073545","30520","0","1","0","18.99","9.19","LST","OXBOW","OXB WSTN TMTHY HAY 40OZ"
"","7073546","IB812","0","1","0","19.99","9.19","LST","OXBOW","OXB ORGRS HAY 40OZ"
"","7089671","","0","1","0","9.49","4.46","NEW","OXBOW","OXB WSTN TMTHY HAY 15OZ"
"","7090005","30527","1","1","0","31.99","15.19","LST","OXBOW","OXB ESN AD RBT FOOD 10LB"
"","7082953","1502143","0","1","0.5","18.99","9.74","LST","OXBOW","OXB HAY BLND TMTHY& ORGRS 40OZ"
"","7090270","","0","6","0","5.99","2.95","LST","INABA","INB DG CHURU BTS JNT CK&SL 3PK"
"","7094127","","0","6","0.5","5.99","2.95","LST","INABA","INB DG CHURU BTS JNT CK&TU 3PK"
"","7081118","1502144","2","1","0","29.99","17.57","LST","OXBOW","OXB HAY BLND TMTHY& ORGRS 90OZ"
"","7094133","","0","6","0","5.99","2.95","LST","INABA","INB DG CHURU RL JNT CK 3PK"
"","7094301","30526","0","1","0","18.99","8.59","LST","OXBOW","OXB ESN AD RBT FOOD 5LB"
"","7094125","","0","6","0","5.99","2.95","LST","INABA","INB DG CHURU RL JNT CK&CH 3PK"
"","7099986","30521","0","1","0.75","29.99","17.44","LST","OXBOW","OXB WSTN TMTHY HAY 90OZ"
"","7094131","","0","6","0","5.99","2.95","LST","INABA","INB DG CHURU BITES JNT CK 3PK"
"","7096349","","0","6","0","5.99","2.95","LST","INABA","INB DG CHURU BTS JNT CK&CH 3PK"
"","7111242","","0","6","0","5.99","2.95","LST","INABA","INB DG CHURU RL JNT CK&SL 3PK"
"","1103671","","0","1","0","144.99","97.08","LST","ROYAL CANIN","RCCCN DG MED DNTL CARE 28LB"
"","13458","","0","1","0","33.99","20.68","LST","ROYAL CANIN","RCSHN DG AGING 12+ SM 2.5LB"
"","28644","","0","1","0","76.99","46.49","LST","ROYAL CANIN","RCFBN CT SIAMESE 6LB"
"","6240979","","24","24","0","4.69","2.8","LST","ROYAL CANIN","RCCHN DG MTR 8+ 5.2OZ"
"","6220245","","0","2","0","27.99","18.595","LST","PURINA PRO PLAN","PPLN CT KIT DEV 12PK"
"","6232288","","0","12","0","5.49","3.75","LST","FELINE NATURAL","FNAT CT GF LMB FST 6OZ"
"","6232287","","0","12","0","5.49","3.75","LST","FELINE NATURAL","FNAT CT GF BF FST 6OZ"
"","6235784","","0","12","0","5.49","3.75","LST","FELINE NATURAL","FNAT CT GF CHK FST 6OZ"
"","6236669","","0","1","0","10.99","5.39","OOS","TOTALLY POOCHED","TTLLY PCH DG CHEW TUG RING 1EA"
"","6239956","","0","1","0","18.99","12.3","LST","K9 NATURAL","K9 NTRL DG FD BF&HOKI 3.5OZ"
"","6239957","","0","12","0","5.49","3.5625","LST","K9 NATURAL","K9 NTRL DG BF&HOKI FST 6OZ"
"","6239958","","0","12","0","5.49","3.5625","LST","K9 NATURAL","K9 NTRL DG LMB&SLM FST 6OZ"
"","6239959","","0","1","0","18.99","12.3","LST","K9 NATURAL","K9 NTRL DG FD LMB&SLM 3.5OZ"
"","6239961","","0","1","0","11.99","6","LST","K9 NATURAL","K9 NTRL DG FD CK BTS 1.76oz"
"","6239966","","0","1","0","11.99","6","LST","K9 NATURAL","K9 NTRL DG GF BF LNG 2.1oz"
"","6239965","","0","1","0","11.99","6","LST","K9 NATURAL","K9 NTRL DG GF LMB LNG 1.76oz"
"","6239963","","0","1","0","11.99","6","LST","K9 NATURAL","K9 NTRL DG FD BF BTS 1.76oz"
"","6250461","","0","12","0","8.49","5.5575","LST","K9 NATURAL","K9 NTRL DG BF&HOKI FST 13OZ"
"","6251145","","0","1","0","15.99","7.84","LST","RC PETS","RC DG CLP CLR STRAWBERRY 1 XS"
"","6251148","","0","1","0","16.99","8.33","LST","RC PETS","RC DG CLP CLR STRAWBERRY 1 SM"
"","6251150","","0","1","0","17.99","8.82","LST","RC PETS","RC DG CLP CLR STRAWBERRY 1 MD"
"","6251152","","0","1","0","18.99","9.31","LST","RC PETS","RC DG CLP CLR STRAWBERRY 1 LG"
"","6251140","","0","1","0","26.99","13.23","LST","RC PETS","RC DG LEASH STRWBRY 1X6 1EA"
"","6251143","","0","1","0","24.99","12.25","LST","RC PETS","RC DG LEASH STRWBRY 3/4X6 1EA"
"","6251378","","0","1","0","54.99","36.58","LST","K9 NATURAL","K9 NTRL DG FD CHK 17.6OZ"
"","6253943","","0","1","0","54.99","36.58","LST","K9 NATURAL","K9 NTRL DG FD BF&HOKI 17.6OZ"
"","6253944","","0","1","0","169.99","112.95","LST","K9 NATURAL","K9 NTRL DG FD BF&HOKI 4LB"
"","6408426","","0","12","0","8.49","5.5575","LST","K9 NATURAL","K9 NTRL DG LMB&SLM FST 13OZ"
"","6408575","","0","1","0","26.99","14.84","NEW","TALL TAILS","TLTL DG CRNCH LBSTR 1EA"
"","6465581","","0","24","0","3.59","2.1775","NEW","ROYAL CANIN","RCFHN CT INDR 7+ MRSL GRVY 3OZ"
"","6469811","","0","1","0","15.99","7.84","LST","RC PETS","RC DG CLP CLR DAISIES 1XS"
"","6469814","","0","1","0","18.99","9.31","LST","RC PETS","RC DG CLP CLR DAISIES 1 LG"
"","6469812","","0","1","0","16.99","8.33","LST","RC PETS","RC DG CLP CLR DAISIES 1SM"
"","6469832","","0","1","0","26.99","13.23","LST","RC PETS","RC DG LEASH DAISIES 1X6 1EA"
"","6469843","","0","1","0","35.99","17.64","LST","RC PETS","RC CT ADVNT HARNESS GLD SM 1EA"
"","6469831","","0","1","0","24.99","12.25","LST","RC PETS","RC DG LEASH DAISIES 3/4X6 1EA"
"","6469845","","0","1","0","37.99","18.62","LST","RC PETS","RC CT ADVNT HARNESS GLD LG 1EA"
"","6469813","","0","1","0","17.99","8.82","LST","RC PETS","RC DG CLP CLR DAISIES 1MD"
"","6469844","","0","1","0.25","36.99","18.13","LST","RC PETS","RC CT ADVNT HARNESS GLD MD 1EA"
"","6475031","","0","1","0","169.99","112.95","LST","K9 NATURAL","K9 NTRL DG FD LMB&SLM 4LB"
"","6475207","","0","1","0","27.99","13.72","LST","TOTALLY POOCHED","TTLLY PCH DG PZZL MSHRM LG"
"","6475211","","0","1","0","10.99","5.39","OOS","TOTALLY POOCHED","TTLLY PCH DG HUFF PUFF BALL LG"
"","6475217","","0","1","0","7.99","3.92","LST","TOTALLY POOCHED","TTLLY PCH DG HUFF PUFF BALL SM"
"","6475201","","0","1","0","13.99","6.86","LST","TOTALLY POOCHED","TTLLY PCH DG HRGLSS 1EA"
"","6500986","","0","1","0","107.99","77.49","LST","PURINA PRO PLAN","PPLN DG DEV SS&S SLM&R 24LB"
"","6500976","","0","24","0","3.39","2.2917","LST","PURINA PRO PLAN","PPLN CT COMP ESNTL CK&SP 5.5OZ"
"","6643672","","0","1","0","19.99","9.8","LST","TOTALLY POOCHED","TTLLY PCH DG CHEW RCKT 1EA"
"","6672423","","0","24","0","3.39","2.2917","LST","PURINA PRO PLAN","PPLN CT COMP ESNTL CK&R 5.5OZ"
"","6744769","","0","1","0","21.99","10.78","LST","TOTALLY POOCHED","TTLLY PCH DG WOBBLE BALL MD"
"","6746951","","0","1","0","107.99","77.49","LST","PURINA PRO PLAN","PPLN DG SPC SS&S TK&OAT 24LB"
"","6760384","","0","1","0.75","4.99","3.05","LST","WHIMZEES","WHMZ CT DNTL TRT CHK&SL 2oz"
"","6760385","","0","1","0.25","4.99","3.05","LST","WHIMZEES","WHMZ CT DNTL TRT CHK&TUNA 2oz"
"","6760383","","0","1","0.5","4.99","3.05","LST","WHIMZEES","WHMZ CT DNTL TRT CHK 2oz"
"","6760618","","0","1","0","52.99","25.97","LST","RC PETS","RC DG MMNTM HARNESS AZL SM 1EA"
"","6760619","","0","1","0","53.99","26.46","LST","RC PETS","RC DG MMNTM HARNESS AZL MD 1EA"
"","6760621","","0","1","0","59.99","29.4","LST","RC PETS","RC DG MMNTM HARNESS AZL XL 1EA"
"","6760622","","0","1","0","52.99","25.97","LST","RC PETS","RC DG MMNTM HARNESS SAP SM 1EA"
"","6760623","","0","1","0","53.99","26.46","LST","RC PETS","RC DG MMNTM HARNESS SAP MD 1EA"
"","6760624","","0","1","0","55.99","27.44","LST","RC PETS","RC DG MMNTM HARNESS SAP LG 1EA"
"","6760625","","0","1","0","59.99","29.4","LST","RC PETS","RC DG MMNTM HARNESS SAP XL 1EA"
"","6760620","","0","1","0","55.99","27.44","LST","RC PETS","RC DG MMNTM HARNESS AZL LG 1EA"
"","6761232","","0","1","0","15.99","7.84","LST","TOTALLY POOCHED","TTLLY PCH DG PZZLE MSHRM SM"
"","6764491","","0","1","0","9.99","5.6","LST","WHIMZEES","WHMZ CT DNTL TRT CK&SL 4.5oz"
"","6764805","","0","1","0","9.99","5.6","LST","WHIMZEES","WHMZ CT DNTL TRT CHK 4.5oz"
"","6766817","","0","1","0","21.99","10.5","LST","ANIMORA","ANMRA DG CRNBRY DNTL STK SM"
"","6766818","","0","1","0","22.99","11","LST","ANIMORA","ANMRA DG CRNBRY DNTL STK MED"
"","6766819","","0","1","0","23.99","11.5","LST","ANIMORA","ANMRA DG CRNBRY DNTL STK LG"
"","6767100","","0","1","0","9.99","5.6","LST","WHIMZEES","WHMZ CT DNTL TRT CK&TUNA 4.5oz"
"","6767466","","0","1","0","16.99","8.5","LST","DEXYPAWS","DXPW DONUT LICK MAT LILAC 1EA"
"","6773239","","0","1","0","44.99","29.92","OOS","ZIWI PEAK","ZIWI PK CT STM CK&MCK 1.8LB"
"","6773241","","0","1","0","44.99","29.92","LST","ZIWI PEAK","ZIWI PK CT STM BF&FSH 1.8LB"
"","6773243","","0","1","0","44.99","29.92","LST","ZIWI PEAK","ZIWI PK CT STM FSH 1.8LB"
"","6782992","","0","1","0","18.99","9.55","NEW","GRANVILLE ISLAND PET TREATERY","GRAN DG DHYD KNG 3OZ"
"","6786534","","0","1","0","26.99","13.23","LST","RC PETS","RC DG LEASH GMSTON 1X6 1EA"
"","6786538","","0","1","0","24.99","12.25","LST","RC PETS","RC DG LEASH GMSTON 3/4X6 1EA"
"","6786542","","0","1","0","15.99","7.84","LST","RC PETS","RC DG CLP CLR GEMSTONE 1 XS"
"","6786546","","0","1","0","16.99","8.33","LST","RC PETS","RC DG CLP CLR GEMSTONE 1 SM"
"","6786554","","0","1","0","18.99","9.31","LST","RC PETS","RC DG CLP CLR GEMSTONE 1 LG"
"","6786550","","0","1","0","17.99","8.82","LST","RC PETS","RC DG CLP CLR GEMSTONE 1 MD"
"","6848048","","0","24","0","3.69","2.225","LST","PURINA PRO PLAN","PPLN CT SPEC URINARY CK 5.5OZ"
"","6848197","","0","1","0","64.99","33.79","LST","MIDWEST","MW DG QT DLX CRTMAT WVGRY 42IN"
"","6848198","","0","1","0","64.99","33.79","LST","MIDWEST","MW DG QT DLX CRTMAT WVTAN 42IN"
"","6848199","","0","1","0.25","39.99","20","LST","MIDWEST","MW DG QT CRTMAT SPTTD GRY 30IN"
"","6849541","","0","1","0.25","29.99","14.15","LST","KONG","KONG DG CMFRT HIGHLAND COWS XL"
"","6850105","","0","1","0","14.99","7.28","LST","TOTALLY POOCHED","TTLLY PCH DG BRUSH BALL 1EA"
"","6850107","","0","1","0","24.99","12.25","LST","TOTALLY POOCHED","TTLLY PCH DG BRUSH STICK 1EA"
"","6850106","","0","1","0","19.99","9.8","LST","TOTALLY POOCHED","TTLLY PCH DG BRUSH TIRE 1EA"
"","6970720","","1","1","0","16.99","9.5","NEW","GRANVILLE ISLAND PET TREATERY","GRAN DG DHYD GT HRT 2.82OZ"
"","6970903","","1","1","0","24.99","11.7","LST","KONG","KONG DG LAYERZ FORAGE HEN MD"
"","6971022","","0","1","0","20.99","10.29","LST","RC PETS","RC DG ECO CLR CSMC ARA 1LG"
"","6971023","","0","1","0","20.99","10.29","LST","RC PETS","RC DG ECO CLR DAISY 1LG"
"","6971024","","0","1","0","20.99","10.29","LST","RC PETS","RC DG ECO CLR DAPPLE 1LG"
"","6971026","","0","1","0","20.99","10.29","LST","RC PETS","RC DG ECO CLR GINGHAM 1LG"
"","6971038","","0","1","0","19.99","9.8","LST","RC PETS","RC DG ECO CLR CSMC ARA 1MD"
"","6971039","","1","1","0","19.99","9.8","LST","RC PETS","RC DG ECO CLR DAISY 1MD"
"","6971042","","0","1","0","19.99","9.8","LST","RC PETS","RC DG ECO CLR GINGHAM 1MD"
"","6971040","","0","1","0","19.99","9.8","LST","RC PETS","RC DG ECO CLR DAPPLE 1MD"
"","6971055","","0","1","0","18.99","9.31","LST","RC PETS","RC DG ECO CLR DAISY 1SM"
"","6971054","","0","1","0","18.99","9.31","LST","RC PETS","RC DG ECO CLR CSMC ARA 1SM"
"","6971056","","0","1","0","18.99","9.31","LST","RC PETS","RC DG ECO CLR DAPPLE 1SM"
"","6971058","","0","1","0","18.99","9.31","LST","RC PETS","RC DG ECO CLR GINGHAM 1SM"
"","6971086","","0","1","0","29.99","14.7","LST","RC PETS","RC DG ECO LSH CSMC ARA 1X5 1EA"
"","6971087","","0","1","0","29.99","14.7","LST","RC PETS","RC DG ECO LSH DAISY 1X5 1EA"
"","6971094","","0","1","0","27.99","13.72","LST","RC PETS","RC DG ECO LSH CSMC ARA 3/4X5"
"","6971095","","0","1","0","27.99","13.72","LST","RC PETS","RC DG ECO LSH DAISY 3/4X5 1EA"
"","6971518","","0","1","0","18.99","9.6","LST","GRANVILLE ISLAND PET TREATERY","GRAN DG DHYD BSN 2.82OZ"
"","6971520","","0","1","0","18.99","9.75","NEW","GRANVILLE ISLAND PET TREATERY","GRAN DG DHYD VNSN 2.82OZ"
"","6971991","","0","1","0","14.99","7.1","LST","GRANVILLE ISLAND PET TREATERY","GRAN DG DHYD COD SKN 2.47OZ"
"","7034914","","0","1","0","22.99","11.25","LST","KONG","KONG DG RINGAROOS ELEPHANT MD"
"","7034916","","0","1","0","22.99","11.25","LST","KONG","KONG DG RINGAROOS PIG MD"
"","7044905","","1","1","0.25","14.99","7.1","LST","KONG","KONG DG KNOTS CHICKEN SM 1EA"
"","7045559","","0","1","0","18.99","12.3","LST","K9 NATURAL","K9 NTRL DG FD BF 3.5OZ"
"","7045772","","0","1","0","12.99","6.4","NEW","KONG","KONG DG SQUEEZZ FLEX BONE MD"
"","7045776","","0","1","0.25","9.99","5","NEW","KONG","KONG DG SQUEEZZ FLEX BALL SM/M"
"","7045561","","0","1","0","18.99","12.3","LST","K9 NATURAL","K9 NTRL DG FD LMB 3.5OZ"
"","7049171","","0","1","0","24.99","12","NEW","KONG","KONG DG JNGL JMZ ELEPHANT MD/L"
"","7052115","","0","1","0","7.29","4.65","LST","PUREBITES","PB CT CHK HRT TRT 1.09OZ"
"","7052145","","0","1","0","9.99","4.99","NEW","ANIMORA","ANMRA CT CRNBRY DNTL STK 2.5OZ"
"","7052732","","0","1","0","26.99","12.75","NEW","KONG","KONG DG SNUZZLES GORILLA XL"
"","7052734","","0","1","0","26.99","12.75","NEW","KONG","KONG DG SNUZZLES HIPPO XL"
"","7053036","","0","1","0","29.99","15","LST","MIDWEST","MW DG QT DLX CRTMAT WVGRY 24IN"
"","7053037","35287","0","1","0","38.99","25.11","OOS","CAREFRESH","CF NATURAL BDNG 60L"
"","7053035","","0","1","0","29.99","15","LST","MIDWEST","MW DG QT CRTMAT SPTTD GRY 24IN"
"","7053039","","0","1","0","49.99","25","LST","MIDWEST","MW DG QT CRTMAT SPTTD GRY 36IN"
"","7053045","","0","1","0","39.99","20","LST","MIDWEST","MW DG QT DLX CRTMAT WVGRY 30IN"
"","7053615","","0","1","0","37.99","16.66","LST","RC PETS","RC CT HRN LSH AZALEA 1LG"
"","7053496","","0","1","0","21.99","10.6","NEW","KONG","KONG DG KNOTS CHICKEN MD/LG"
"","7054997","","0","1","0","14.99","7.5","LST","BAILEY & BELLA","B&B DG PTRN CERM BWL CHAR 12OZ"
"","7054998","","0","1","0","17.99","9","LST","BAILEY & BELLA","B&B DG PTRN CERM BWL CHAR 29OZ"
"","7054999","","0","1","0","21.99","11","LST","BAILEY & BELLA","B&B DG PTRN CERM BWL CHAR 63OZ"
"","7055209","","0","1","0","9.99","4.45","NEW","KONG","KONG DG SNUZZLES MINI LLAMA XS"
"","7055211","","0","1","0","9.99","4.45","LST","KONG","KONG DG SNUZZLES MINI OTTER XS"
"","7055257","B2477","0","1","0","39.99","25.5","LST","CAREFRESH","CF CONFETTI BDNG 50L"
"","7057930","","0","1","0","49.99","25","LST","MIDWEST","MW DG QT DLX CRTMAT WVGRY 36IN"
"","7057932","","0","1","0","79.99","43.99","LST","MIDWEST","MW DG QT DLX CRTMAT WVGRY 48IN"
"","7057933","","0","1","0.25","89.99","45","LST","MIDWEST","MW DG QT DLX CRTMAT WVGRY 54IN"
"","7057996","","0","1","0","19.99","10.85","LST","TROPICLEAN","TROPCLN DG PTSHLD SHMP 20OZ"
"","7057998","","0","1","0","19.99","9.15","OOS","TROPICLEAN","TRPCLN DG PTSHLD & SPRY 16OZ"
"","7058000","","0","1","0","19.99","9.15","OOS","TROPICLEAN","TRPCLN CT PTSHLD SPRY 16OZ"
"","7058278","","1","1","0","15.99","10.3","LST","PERFORMATRIN ULTRA","PERF ULT CT FD BITES CHK 5OZ"
"","7058297","","1","1","0","15.99","10.3","LST","PERFORMATRIN ULTRA","PERF ULT CT FD BITES SLM 5OZ"
"","7058317","","0","1","0","1.49","0.05","LST","PERFORMATRIN ULTRA","PERF ULT CT FD SLM SMP 1EA"
"","7058316","","0","1","0","1.49","0.05","LST","PERFORMATRIN ULTRA","PERF ULT CT FD CHK SMP 1EA"
"","7058513","","0","1","0","17.99","9.05","LST","PUREBITES","PRB DG FD CK HRT 3OZ"
"","7058802","","0","1","0","43.99","29.67","LST","GO! SOLUTIONS","GO! CT GUT HLTH SL WG 6LB"
"","7058889","","0","1","0","7.99","3.8","LST","KONG","KONG DG FILL FREEZE TRAY SM"
"","7058899","","0","1","0","263.88","145.13","INOT","TALL TAILS","TLTL DG CST TO CST PDQ 12PC"
"","7059071","","0","1","0","11.99","6","OOS","LIVING WORLD","LW SPLSH WD WTR BTL STND 1EA"
"","7059103","","0","1","0","36.99","16.66","LST","RC PETS","RC CT HRN LSH AZALEA 1MD"
"","7059104","","0","1","0.25","35.99","16.66","LST","RC PETS","RC CT HRNLSH AZALEA 1SM"
"","7060164","","0","1","0","24.99","12.5","LST","ESSENTIALS","ESN DG MLMNE SS SET CHAR 12OZ"
"","7060171","","0","1","0","29.99","15","LST","MIDWEST","MW DG QT DLX CRTMAT WVTAN 24IN"
"","7060173","","0","1","0","49.99","25","LST","MIDWEST","MW DG QT DLX CRTMAT WVTAN 36IN"
"","7060172","","0","1","0","39.99","20","LST","MIDWEST","MW DG QT DLX CRTMAT WVTAN 30IN"
"","7060165","","0","1","0","26.99","13.5","LST","ESSENTIALS","ESN DG MLMNE SS SET GRN 31OZ"
"","7060175","","0","1","0","79.99","43.99","LST","MIDWEST","MW DG QT DLX CRTMAT WVTAN 48IN"
"","7060176","","0","1","0","89.99","45","LST","MIDWEST","MW DG QT DLX CRTMAT WVTAN 54IN"
"","7060588","","0","1","0","29.99","15.6","LST","LIVING WORLD","LW SPRNT EXRCS WHL LG 9.5IN"
"","7060591","","0","1","0","10.49","5.25","NEW","VERSELE-LAGA","VL NUTRI FRUTTI PATE 250G"
"","7060586","","0","1","0","22.99","12","LST","LIVING WORLD","LW SPRNT EXRCS WHL SM 7IN"
"","7060587","","0","1","0","25.99","13.8","LST","LIVING WORLD","LW SPRNT EXRCS WHL MD 8.5IN"
"","7060592","","0","1","0","10.49","4.75","NEW","VERSELE-LAGA","VL NUTRI GLD HNY PATE 250G"
"","7060911","","0","1","0","5.99","2.5","LST","LIVING WORLD","LW ABD RPLCMNT CG LNR 2PK 31IN"
"","7061039","","0","1","0.25","11.99","5.95","LST","BOCCE'S BAKERY","BOCCE DG SAY MOO SFT&CHW 6OZ"
"","7060908","","0","1","0","29.99","14.15","NEW","KONG","KONG DG ARMOR DBLE TUG ASST1LG"
"","7064147","","0","1","0","22.99","11.5","OOS","KONG","KONG DG REWARDS WRAPZ MD/LG"
"","7064149","","0","1","0","24.99","12","NEW","KONG","KONG DG JNGL JMZ RHINO MD/LG"
"","7064151","","0","1","0","24.99","12","LST","KONG","KONG DG JNGLE JAMZ GRLLA MD/LG"
"","7064258","","0","1","0","16.99","8.2","LST","DOG TREAT NATURALS","DTN DG SPRFD STCK TK&BLR 10OZ"
"","7064256","","0","1","0","16.99","8.2","LST","DOG TREAT NATURALS","DTN DG SPRFD STCK BF&PMP 10OZ"
"","7064259","","0","1","0","16.99","8.2","ROS","DOG TREAT NATURALS","DTN DG SPRFD STCK SL&MNG 10OZ"
"","7064260","","0","1","0","16.99","8.2","LST","DOG TREAT NATURALS","DTN DG CHKPEA&CIN DNTL STK10oz"
"","7064279","","0","1","0","21.99","11.55","LST","POOCHIEBELLS","PCHBL DG DOORBELL GRN 1EA"
"","7064281","","0","1","0","21.99","11.55","LST","POOCHIEBELLS","PCHBL DG ADJST DOORBLL BLU 1EA"
"","7064269","","0","1","0","21.99","11.55","LST","POOCHIEBELLS","PCHBL DG DG DOORBELL BLK 1EA"
"","7064278","","0","1","0","21.99","11.55","LST","POOCHIEBELLS","PCHBL DG DOORBELL BONE 1EA"
"","7064282","","0","1","0","21.99","11.55","LST","POOCHIEBELLS","PCHBL DG ADJST DOORBLL PNK 1EA"
"","7064283","","0","1","0","21.99","11.55","LST","POOCHIEBELLS","PCHBL DG ADJST DOORBL SGRY 1EA"
"","7064284","","0","1","0","21.99","11.55","LST","POOCHIEBELLS","PCHBL DG ADJST DOORBLL GRY 1EA"
"","7067756","","0","1","0","24.99","12.5","OOS","DEXYPAWS","DXPW CT TERRAZZO ELVD BOWL 7OZ"
"","7069753","","1","1","0","26.99","13.5","NEW","RICHARD'S","RICHARD'S DG OLIVE WOODYS XL"
"","7069756","","1","1","0","16.99","8.5","LST","RICHARD'S","RICHARD'S DG OLIVE WOODYS MD"
"","7069757","","2","1","0.25","21.99","11","NEW","RICHARD'S","RICHARD'S DG OLIVE WOODYS LG"
"","7068121","","0","1","0","13.99","6.6","LST","BENNY BULLY'S","B BUL DG LVR&PRP SP 2OZ"
"","7073025","","0","1","0","19.99","10","LST","DEXYPAWS","DXPW BLSH HD&SK SLW FRD 1EA"
"","7073053","","0","1","0","21.99","10","OOS","DEXYPAWS","DXPW DG 3 PACK VRTY WIPES 1EA"
"","7069755","","2","1","0","11.99","6","LST","RICHARD'S","RICHARD'S DG OLIVE WOODYS SM"
"","7073489","","1","1","0.5","11.99","5.95","LST","BOCCE'S BAKERY","BOCCE DG BAC'NNUTTY TRNGBTS6OZ"
"","7074469","","0","1","0","149.99","90","LST","FLUVAL","FL LIV MCR AQRM KIT WHT 1.6GAL"
"","7074470","","0","1","0","149.99","90","LST","FLUVAL","FL LIV MCR AQRM KIT TEA 1.6GAL"
"","7074471","","0","1","0","5.99","3","LST","FLUVAL","FL LIV PLY-CRB CRTG 3PK"
"","7075374","","0","1","0","24.99","12.5","NEW","DEXYPAWS","DXPW CT PNK FLWR SLWFRD 1EA"
"","7077004","9100112","1","1","0","34.99","25.53","LST","PURINA PRO PLAN","PPLN CT KIT CMP ESL CK&R 3.5LB"
"","7081728","","0","1","0","0.01","0.01","LST","FELINE NATURAL","FNAT CT FD CHK&LMB SMP 0.35OZ"
"","7081729","","0","1","0","0.01","0.01","LST","K9 NATURAL","K9 NTRL DG FD BF SMP 0.35OZ"
"","7081730","","0","1","0","0.01","0.01","LST","K9 NATURAL","K9 NTRL DG LMB TRPE SMP 0.28OZ"
"","7089656","","0","1","0","36.99","25.89","LST","THE HONEST KITCHEN","HK DG ESS CLSTR WG TK&CK 5LB"
"","7089657","","0","1","0","32.99","23.09","LST","THE HONEST KITCHEN","HK DG ESS CLSTR WG CHK 5LB"
"","7089658","","0","1","0","103.99","72.79","LST","THE HONEST KITCHEN","HK DG ESS CLSTR WG CHK 20LB"
"","7089670","","2","1","0","24.99","15","OOS","CATIT","CATIT PEAHUSK CLMP UNST 12.3LB"
"","7089659","","0","1","0","18.99","9.25","NEW","INFINITY","IFTY DG TUG W HANDLES 1EA GRN"
"","7090025","","0","1","0","38.99","27.29","LST","THE HONEST KITCHEN","HK DG ESS CLSTR WG BF&CK 5LB"
"","7090089","","0","1","0.25","11.99","5.95","LST","BOCCE'S BAKERY","BOCCE DG SAY MOO TRNG BTS 6OZ"
"","7094033","","0","1","0","8.99","4.5","ROS","KONG","KONG DG GRINZ PUFFER FISH SM"
"","7094059","","0","1","0","26.99","13.5","LST","DEXYPAWS","DXPW TERRAZZO BOWL 8IN"
"","7094057","","0","1","0","24.99","12.5","LST","DEXYPAWS","DXPW TERRAZZO BOWL 6.3IN"
"","7094233","","0","1","0","119.99","75.59","LST","SMACK","SMACK DG DEHY HRVST PRK 3.3LB"
"","7094389","","0","1","0","174.99","110.24","ROS","SMACK","SMACK DG DEHY SMCKN LAMB 5.5LB"
"","7094429","","0","1","0","6.99","3.75","LST","BARNSDALE FARMS","BFD CT PUR BEEF 1OZ"
"","7094473","","0","1","0","11.99","5.95","LST","BOCCE'S BAKERY","BOCCE DG QUACK SFT&CHW 6OZ"
"","7094475","","1","1","0","10.99","5.45","NEW","BOCCE'S BAKERY","BOCCE DG BAC'N NUTTY BSCT 5OZ"
"","7094479","1505462","1","1","0","18.99","9.25","LST","INFINITY","IFTY DG TUG W HANDLES 1EA BLU"
"","7094480","","0","1","0","19.99","10","NEW","INFINITY","IFTY DG TPR FIGURE 8 1EA GRN"
"","7094482","","0","1","0","15.99","7.8","NEW","INFINITY","IFTY DG TPR 3 RINGS 1EA GRN"
"","7094483","1505459","0","1","0","15.99","7.8","LST","INFINITY","IFTY DG TPR 3 RINGS 1EA BLU"
"","7094477","","0","1","0","437.76","218.88","LST","RICHARD'S","RICHARD'S DG OLV WDYS STRTR BX"
"","7094489","","0","1","0","16.99","8.4","LST","KONG","KONG DG DONUT SM/MD 1EA"
"","7094490","","0","1","0","26.99","13.2","LST","KONG","KONG DG EXTRME DONUT MD/LG 1EA"
"","7094491","","0","1","0","34.99","17.5","LST","KONG","KONG DG EXTRME DONUT LG/XL 1EA"
"","7094492","","2","1","0.75","6.99","3.2","LST","KONG","KONG CT LASER POINTER 1EA"
"","7094484","","0","1","0","17.99","9","NEW","INFINITY","IFTY DG TPR ROPE BONE 1EA GRN"
"","7108177","","0","1","0","10.99","5.45","LST","BOCCE'S BAKERY","BOCCE DG QUAK BSCT 5OZ"
"","7108187","","0","1","0.25","11.99","5.95","NEW","BOCCE'S BAKERY","BOCCE DG PB&BNA SFT&CHW 6OZ"
"","7111226","","0","1","0","16.99","8.2","OOS","DOG TREAT NATURALS","DTN DG CHKPEA&MNT DNTL STK10oz"
"","7112467","","0","1","0","19.99","10.21","LST","KAYTEE","KT FRTDT TMTHY HAY 48OZ"
"","7113669","","0","1","0","112.99","86","LST","PURINA PRO PLAN","PPLN CT LIVECLEAR SLMN&R 16LB"
"","7113971","","0","1","0.25","3.99","2","LST","LIVING WORLD","LW LCKBLS TRT APL  1.7oz"
"","7114273","","1","1","0","3.99","2","LST","LIVING WORLD","LW LCKBLS TRT BSL 1.7OZ"
"","7129597","","0","1","0","13.99","8.03","LST","MERRICK","MRK DG BONE BRTH BTS CK 6oz"
"","7114874","","0","1","0","112.99","86","LST","PURINA PRO PLAN","PPLN CT LIVECLEAR CK&R 16LB"
"","7129598","","0","1","0","13.99","8.03","LST","MERRICK","MRK DG BONE BRTH BTS BF 6oz"
"","7129599","","0","1","0","25.99","15.25","LST","MERRICK","MRK DG BONE BRTH BTS CK 16oz"
"","7129601","","0","1","0","19.99","10","LST","THE HONEST KITCHEN","THK DG MTY LTTLE LMB&SL PUP4OZ"
"","7132433","","1","1","0","11.99","5.95","LST","BOCCE'S BAKERY","BOCCE DG QUACK TRNG BTS 6OZ"
"","7133502","","0","1","0","114.99","80.99","LST","THE HONEST KITCHEN","HK DG ESS CLSTR WG TK&CK 20LB"
"","7133503","","0","1","0","129.99","90.99","LST","THE HONEST KITCHEN","HK DG ESS CLSTR WG BF&CK 20LB"
"","7135397","","0","1","0","135.92","67.96","INOT","FOUFIT","FFIT DG LAFOUFOU CLIP STRIP1CH"
"","7129600","","0","1","0","25.99","15.25","LST","MERRICK","MRK DG BONE BRTH BTS BF 16oz"
"","7139008","","0","1","0","15.99","11.17","LST","PURINA ONE","PUR ONE DG LMB & RICE 4LB"
"","7139355","","0","1","0","36.99","30.33","LST","PURINA ONE","PUR ONE DG LMB & RICE 15LB"
"","7139356","","0","1","0","36.99","30.33","LST","PURINA ONE","PUR ONE DG CHK & RICE 15LB"
"","7139357","","0","1","0","36.99","30.33","LST","PURINA ONE","PUR ONE DG LRG BRD CHK 15LB"
"","7139358","","0","1","0","16.99","11.89","LST","PURINA ONE","PUR ONE CT SLM & RICE 3.5LB"
"","7139369","","0","12","0","2.99","2.37","LST","PURINA ONE","PUR ONE DG LMB&BRWN RICE 13OZ"
"","7138630","","0","1","0","6.99","4.2","LST","CRUMPS' NATURALS","CRMP CT CHK TRT 1.05OZ"
"","7139389","","0","12","0","2.99","2.37","LST","PURINA ONE","PUR ONE DG TRKY & VEN 13OZ"
"","7139042","","0","1","0","15.99","11.17","LST","PURINA ONE","PUR ONE DG TRKY & VEN 4LB"
"","7139440","","0","1","0","13.99","6.6","LST","BENNY BULLY'S","B BUL DG BF HRT&PRP SP 1.9OZ"
"","7139468","","0","1","0","85.99","59.1","LST","PURINA PRO PLAN","PPLN CT KIT CMPESNTL CK&R 16LB"
"","7139469","","0","1","0","64.99","47.72","LST","PURINA PRO PLAN","PPLN CT SPEC LIVCLR TK&R 5.5LB"
"","7141066","","0","1","0","73.99","48.95","LST","PURINA PRO PLAN","PPLN DG COMP ESNTL CK&R 15LB"
"","7139368","","0","1","0","16.99","13.57","LST","PURINA ONE","PUR ONE+ CT INDR TRKY 3.5LB"
"","7140762","","0","1","0","74.99","59.78","LST","PURINA PRO PLAN","PPLN DG SM SPEC SS&S SM&R 16LB"
"","7141729","","1","1","0","19.99","10","NEW","#BFF","BFF DG THRASHIMALS COW 1EA"
"","7141732","","0","1","0","11.99","5.6","LST","KONG","KONG DG CORKZ 8 OZ"
"","7147099","","0","1","0","9.99","6","LST","CRUMPS' NATURALS","CRMPN CT CALM BITES 3.2OZ"
"","7149069","","0","20","0","8.99","4.4","LST","OPEN RANGE","OPN RNG DG COLLGN JRKY 11-12in"
"","7149078","","0","20","0","9.99","4.81","LST","OPEN RANGE","OPN RNG DG STK BAR 6IN"
"","7150294","","0","1","0","559.72","280","INOT","GF PET","GFP S26 ICE TOY DISPLAY 28PC"
"","7150354","","0","1","0","6.99","3.75","LST","BARNSDALE FARMS","BFD CT PUR SMELT 1.41OZ"
"","7150358","","1","1","0","3.99","2","LST","LIVING WORLD","LW LCKBLS TRT CRRT DILL 1.7OZ"
"","7145585","","0","1","0","19.99","10","INOT","SILVER PAW","SIL DG CDAY26 CLNG MSE TOY 1EA"
"","7147098","","0","1","0","9.99","6","LST","CRUMPS' NATURALS","CRMPN CT BALANCE BITES 3.2OZ"
"","7151562","","0","1","0","68.99","40.24","LST","ROYAL CANIN","RCFHN CT FUSSY AD 7LB"
"","7151616","","0","1","0","6.99","3.75","LST","BARNSDALE FARMS","BFD CT PUR SLM 1.41OZ"
"","7151688","","0","1","0","6.99","4.2","LST","CRUMPS' NATURALS","CRMP CT BEEF TRT 1.05OZ"
"","7154701","","0","1","0","21.99","10","NEW","DEXYPAWS","DXPW DG WIPES ALO&VIT E 200CT"
"","7155003","","0","1","0","24.99","12","LST","KONG","KONG DG EXTREME BALL W/HOLE LG"
"","7155305","","0","1","0.25","19.99","10","LST","DEXYPAWS","DXPW BTTRCRM HD&SK SLW FDR 1EA"
"","7156910","","0","8","0","8.99","4.45","LST","PERFORMATRIN ULTRA","PERF ULT DG SRN HMBN 12.3OZ"
"","7157211","","0","6","0","9.99","4.94","LST","PERFORMATRIN ULTRA","PERF ULT DG SRN MG HMBN 16.9OZ"
"","7157212","","0","6","0","8.99","4.45","LST","PERFORMATRIN ULTRA","PERF ULT DG SRN HF HMBN 11.6OZ"
"","7159064","","1","1","0","19.99","10","NEW","#BFF","BFF DG THRASHIMALS GIRAFFE 1EA"
"","7159065","","1","1","0","19.99","10","NEW","#BFF","BFF DG THRASHIMALS ELPHNT 1EA"
"","7155989","","0","1","0","26.99","13.5","NEW","DEXYPAWS","DXPW BLSH FLWR SLW FDR 1EA"
"","7159066","","1","1","0","11.99","5.75","LST","KONG","KONG DG GRINZ PUFFER FISH MD"
"","7159070","","0","1","0","11.99","5.75","LST","KONG","KONG DG GRINZ FROG MD"
"","7161528","","0","1","0","19.99","9.7","LST","TOTALLY POOCHED","TTLLY PCH DG SHAKE BARREL 1EA"
"","7161529","","0","1","0","16.99","8.25","LST","TOTALLY POOCHED","TTLLY PCH DG WOBBLE BALL SM"
"","7165241","","0","1","0","18.99","9.5","LST","LITTER GENIE","LITTER GENIE CT LT CLMP 22LB"
"","7165400","52291","0","1","0","9.99","5","LST","CATIT","CATIT CATNIP PLAY BALLS 2PK"
"","7165404","","0","1","0","9.99","5","LST","CATIT","CATIT CTNP SLVRVNE PLY BLL 2PK"
"","7165469","6234055","0","1","0","36.99","21.99","LST","PETSAFE","PETSF DG ATMC 2 MEAL FDR 1EA"
"","7165181","","0","1","0","33.99","15.19","LST","KONG","KONG DG EXTREME GOODIE BONE XL"
"","7165471","1503531","0","1","0","129.99","77.99","LST","PETSAFE","PETSF DG CORE TRNR W RMT 1EA"
"","7165470","1503530","0","1","0","99.99","61.74","OOS","PETSAFE","PETSF DG BASIC TRNR W RMT 1EA"
"","7165472","1503532","0","1","0","149.99","97.49","LST","PETSAFE","PETSF DG PRO TRNR W RMT 1EA"
"","7165474","79115","0","1","0","209.99","120.59","LST","PETSAFE","PETSF DG RCHRGBL FNC RCVR 1EA"
"","7165475","59453","0","1","0","269.99","195","LST","PETSAFE","PETSF DG BASIC INGRND FNC 1EA"
"","7165476","79071","0","1","0","89.99","60","LST","PETSAFE","PETSF DG FREEDOM DOOR 1SM"
"","7165477","79605","0","1","0","49.99","30.55","LST","PETSAFE","PETSF DG PLSTC DOOR 1SM"
"","7165484","","0","1","0","12.99","6.5","NEW","KONG","KONG DG GRINZ FROG LG"
"","7165491","","0","1","0","28.99","13.8","LST","KONG","KONG DG GOODIE BONE XL"
"","7165473","6764448","0","1","0","49.99","40","OOS","PETSAFE","PETSF DG COLLARLESS TRNR 1EA"
"","7165508","79063","0","1","0","129.99","89.04","LST","PETSAFE","PETSF DG EXTREME DOOR 1MD"
"","7165509","79072","0","1","0","149.99","86.24","LST","PETSAFE","PETSF DG FREEDOM DOOR 1MD"
"","7165510","79073","0","1","0","149.99","113.4","LST","PETSAFE","PETSF DG FREEDOM DOOR 1LG"
"","7165663","79064","0","1","0","169.99","120.39","LST","PETSAFE","PETSF DG EXTREME DOOR 1LG"
"","7165512","79022","0","1","0","21.99","15.59","LST","PETSAFE","PETSF CT 2WAY DOOR 1SM"
"","7165676","","1","1","0.25","99.99","55.99","LST","PERFORMATRIN PRIME","PERF PRM DG L&R LGBR AD 37LB"
"","7165705","","0","1","0","21.99","9.9","NEW","KONG","KONG DG ARMOR BONE ASST"
"","7166648","","0","1","0","1.49","0.05","NEW","PERFORMATRIN PRIME","PERF PRM CT URINARY SMP 4OZ"
"","7166639","","0","1","0","36.99","18.35","LST","ESSENTIALS","ESN DG ELVT CERM SET GRY 15OZ"
"","7166980","","0","1","0","24.99","12","OOS","KONG","KONG DG ARMOR FTBLL ASST MD"
"","Y5470","","0","1","0","18.99","12.3","LST","K9 NATURAL","K9 NTRL DG FD CHK 3.5OZ"
"","7168283","","0","50","0","0","0.047","","PET VALU","PV FREE DW COUPON 50PK"
"","7168284","","0","50","0","0","0.047","","PET VALU","PM FREE DW COUPON 50PK"
"","7168286","","0","50","0","0","0.047","","PET VALU","PV $5 ON $25 COUPON 50PK"
"","7168287","","0","50","0","0","0.047","","PET VALU","PM $5 ON $25 COUPON 50PK"
"","7169281","","0","1","0","0","5.57","","PET VALU","PV CRINKLE TOY EA"
"","7169284","","0","1","0","0","3.75","","PET VALU","PM BANDANA LG EA"
"","7169285","","0","1","0","0","3.75","","PET VALU","PV BANDANA MD EA"
"","7169289","","0","1","0","0","5.57","","PET VALU","PM CRINKLE TOY EA"
"","7169290","","0","1","0","0","4.4","","PET VALU","PV TENNIS BALL LG EA"
"","7169282","","0","1","0","0","3.75","","PET VALU","PV BANDANA LG EA"
"","7169294","","0","1","0","0","3.75","","PET VALU","PV BANDANA SM EA"
"","7169293","","0","1","0","0","2.7","","PET VALU","PV TENNIS BALL SM EA"
"","7169292","","0","1","0","0","4.4","","PET VALU","PM TENNIS BALL LG EA"
"","7169288","","0","1","0","0","3.75","","PET VALU","PM BANDANA MD EA"
"","7169299","","0","1","0","0","1.85","","PET VALU","PV BLUE PEN EA"
"","7169297","","0","1","0","0","3.75","","PET VALU","PM BANDANA SM EA"
"","7169303","","0","1","0","0","5.25","","PET VALU","PV PET WATER DISPNSR EA"
"","7169301","","0","1","0","0","1.85","","PET VALU","PM BLUE PEN EA"
"","7169305","","0","1","0","0","5.25","","PET VALU","PM PET WATER DISPNSR EA"
"","7169302","","0","1","0","0","2.7","","PET VALU","PM TENNIS BALL SM EA"
"","7169316","","0","1","0","0","3","","PET VALU","PM BLUE PEN w STYLUS EA"
"","7169314","","0","1","0","0","3","","PET VALU","PV BLUE PEN w/ STYLUS EA"
"","1100209","","0","1","0","74.99","47.16","LST","CANADIAN NATURALS","CAN NAT DG TKY SL SM BITE 30LB"
"","7166899","","0","1","0","28.99","14","LST","LIVING WORLD","LW TMTHY HAY 96OZ"
"","94447","","0","1","0","79.99","51.35","LST","CANADIAN NATURALS","CAN NAT DG LGBR TKY&SL 30LB"
"","94448","","0","1","0","79.99","51.35","LST","CANADIAN NATURALS","CAN NAT DG SNR TKY&SL 30LB"
"","94536","","0","1","0","25.99","14.83","LST","CANADIAN NATURALS","CAN NAT DG SM BITE TKY&SL 5LB"
"","94584","","0","1","0","25.99","14.83","LST","CANADIAN NATURALS","CAN NAT DG TKY&SL 5LB"
"","94587","","0","1","0","25.99","14.83","LST","CANADIAN NATURALS","CAN NAT DG SR TKY&SL 5LB"
"","94732","","0","1","0","74.99","46.49","LST","CANADIAN NATURALS","CAN NAT DG TKY&SL 30LB"
"","7165483","","0","1","0","12.99","6.5","LST","A&E CAGE","AE HB CALI RLL SUSHI STCK 1EA"
"","7165684","","0","1","0","22.99","11.5","LST","A&E CAGE","AE HB PZZA TKOUT 1EA"
"","7165685","","0","1","0","12.99","6.5","LST","A&E CAGE","AE HB WOOD AND CRK RMT 1EA"
"","7165686","","0","1","0","12.99","6.5","LST","A&E CAGE","AE HB WOOD AND CRK PZZA 1EA"
"","6766848","","0","1","0","279.99","167.99","OOS","SPORT DOG","SPORTDOG DG 450M RMT TRNR 1EA"
"","6971415","","0","1","0","9.99","6","LST","PETSAFE","PETSF FOAM FILTER 2PC"
"","7166662","","0","1","0","429.99","345","LST","PETSAFE","PETSF DG 1/2ACRE WRLSS FNC 1EA"
"","7166663","","0","1","0","359.99","215.99","LST","PETSAFE","PETSF DG STUBBORN DG FENCE 1EA"
"","6656611","","0","1","0","93.99","62.5","LST","OVEN BAKED TRADITION","OBT DG SB GF GOAT 10LB"
"","7051823","","0","1","0","36.99","23.9","LST","OVEN BAKED TRADITION","OBT DG SB GF URINARY DK 4LB"
"","7051826","","0","1","0","30.99","20.02","LST","OVEN BAKED TRADITION","OBT DG WG DENTAL FISH 4LB"
"","7051830","","0","1","0","36.99","23.9","OOS","OVEN BAKED TRADITION","OBT DG GF URINARY DK 4LB"
"","7051834","","0","1","0","35.99","23.24","LST","OVEN BAKED TRADITION","OBT DG SB GF S&S FISH 4LB"
"","7051838","","0","1","0","42.99","26.56","LST","OVEN BAKED TRADITION","OBT CT GF DENTAL CHKN 5LB"
"","7051832","","0","1","0","30.99","20.02","LST","OVEN BAKED TRADITION","OBT DG SB WG DENTAL FISH 4LB"
"","7060310","","0","1","0","113.99","75.82","LST","OVEN BAKED TRADITION","OBT DG GF URINARY DK 20LB"
"","7060609","","0","1","0","62.99","41.88","LST","OVEN BAKED TRADITION","OBT DG SB GF URINARY DK 10LB"
"","7090086","","0","1","0","99.99","66.48","LST","OVEN BAKED TRADITION","OBT DG WG DENTAL FISH 20LB"
"","7168814","","0","1","0","66.99","41.36","LST","OVEN BAKED TRADITION","OBT CT GF DENTAL CHKN 10LB"
"","7169439","","0","1","0","125.99","83.78","LST","OVEN BAKED TRADITION","OBT DG GF LB LAMB 23LB"
"","7169317","","0","1","0","53.99","35.85","LST","OVEN BAKED TRADITION","OBT DG SB WG DENTAL FISH 10LB"
"","7170348","","0","1","0","40.99","26.48","LST","OVEN BAKED TRADITION","OBT DG GF LB LAMB 5LB"
"","7170253","51678","0","1","0","8.49","3.5","LST","VERSELE-LAGA","VL PRS BDG TRT STCK 3PK 3.17OZ"
"","18357","","0","1","0","35.99","26.26","OOS","PURINA PRO PLAN","PPLN CT URINARY CHK&R 3.5LB"
"","1152876","","24","24","0","2.69","1.6333","OOS","PURINA PRO PLAN","PPLN CT URINARY WHT FISH 3OZ"
"","20236","","0","24","0","2.69","1.6333","NEW","PURINA PRO PLAN","PPLN CT WMGT TK&R 3OZ"
"","24682","","0","1","0","13.79","11.31","OOS","FANCY FEAST","FF CT SEAFD SUP VP 12PK"
"","X1635","","0","1","0","13.79","11.31","OOS","FANCY FEAST","FF CT GRVY LVR VP 12 PK"
"","9100996","","0","1","0","73.99","58.98","LST","PURINA PRO PLAN","PPLN DG SPEC LB CK&R AD 18LB"
"","9101036","","0","1","0","73.99","58.98","LST","PURINA PRO PLAN","PPLN DG SPEC SB CK&R 18LB"
"","7051836","","0","1","0","45.99","28.39","LST","OVEN BAKED TRADITION","OBT CT GF S&S FISH 5 LB"
"","7051828","","0","1","0","35.99","23.24","LST","OVEN BAKED TRADITION","OBT DG GF S&S FISH 4LB"
"","7161355","","0","1","0","112.99","75.13","LST","OVEN BAKED TRADITION","OBT DG GF S&S FISH 20LB"
"","7168815","","0","1","0","67.99","41.98","LST","OVEN BAKED TRADITION","OBT CT GF S&S FISH 10 LB"
"","7169296","","0","1","0","61.99","41.24","LST","OVEN BAKED TRADITION","OBT DG SB GF S&S FISH 10LB"
"","7174120","","0","1","0","0.99","0.99","INOT","CANADA POOCH","CP FLOOR BOOTS SIZE DECAL 1EA"
"","7172667","","0","24","0","1.49","","INOT","ORIJEN","ORIJEN DG AG PUP SMP 3 OZ"
"","7174127","","0","24","0","1.49","","INOT","ORIJEN","ORIJEN DG AG ORIG SMP 3 OZ"
"","7174129","","0","24","0","1.49","","INOT","ORIJEN","ORIJEN DG AG RGNL RED SMP 3OZ"
"","6234683","","1","1","0","5.99","3.2","LST","FRUITABLES","FRTBL CT TUNA&PMP 2.5OZ"
"","6234685","","1","1","0","5.99","3.2","LST","FRUITABLES","FRTBL CT CK&BLR 2.5OZ"
"","6234684","","1","1","0","5.99","3.2","LST","FRUITABLES","FRTBL CT SL&CRNBR 2.5OZ"
"","7101504","","0","1","0","11.99","5.88","OOS","OPEN FARM","OPFM CT KTY CUBES SL&MCK 1.5oz"
"","7101508","","0","1","0","11.99","5.88","LST","OPEN FARM","OPFM CT KTY CUBES CK&TK 1.5oz"
"","7101506","","0","1","0","11.99","5.88","NEW","OPEN FARM","OPFM CT KTY CUBES SRF&TRF1.5oz"
"","7151689","","0","24","0.75","7.99","4","LST","THIS & THAT","T&T DG BF BROTHIES MD 1.76oz"
"","7151690","","0","24","0.75","7.99","4","LST","THIS & THAT","T&T DG BERR BROTHIES MD 1.76oz"
"","7151691","","0","24","0","7.99","4","LST","THIS & THAT","T&T DG PB BROTHIES MD 1.76oz"
"","7154093","","0","24","0","7.99","4","LST","THIS & THAT","T&T DG BCN BROTHIES MD 1.76oz"
"","7161385","","0","1","0","6.99","3.75","LST","BARNSDALE FARMS","BDFM CT DUCK SKNNY BTS 1.41oz"
"","7161387","","0","1","0","6.99","3.75","LST","BARNSDALE FARMS","BDFM CT TUNA SKNNY BTS 1.06oz"
"","7168271","","0","1","0","6.99","3.75","LST","BARNSDALE FARMS","BDFM CT BF SKNNY BTS 1.41oz"
"","7168273","","0","9","0","14.99","7.2222","LST","THIS & THAT","T&T DG PB BROTHIES XL 3.5oz"
"","7168272","","0","9","0","14.99","7.2222","LST","THIS & THAT","T&T DG BERR BROTHIES XL 3.5oz"
"","7168274","","0","9","0","14.99","7.2222","LST","THIS & THAT","T&T DG BCN BROTHIES XL 3.5oz"
"","7168275","","0","1","0","29.99","15.5","LST","ZEAL","ZEAL DG BF JERKY 20oz"
"","7168276","","0","1","0","29.99","15.5","LST","ZEAL","ZEAL DG CK JERKY TNDRS 20oz"
"","7168277","","0","1","0","29.99","15.5","LST","ZEAL","ZEAL DG DUCK JERKY TNDRS 20oz"
"","7168278","","0","1","0","29.99","15.5","LST","ZEAL","ZEAL DG TK JERKY TNDRS 20oz"
"","7167732","","0","9","0","14.99","7.2222","LST","THIS & THAT","T&T DG BF BROTHIES XL 3.5oz"
"","7168279","","0","1","0","18.99","9.85","LST","ZEAL","ZEAL DG BF TNDRS JERKY 10oz"
"","7168280","","0","1","0","18.99","9.85","LST","ZEAL","ZEAL DG CK JERKY TNDRS 10oz"
"","7168281","","0","1","0","18.99","9.85","LST","ZEAL","ZEAL DG DUCK JERKY TNDRS 10oz"
"","7168282","","0","1","0","18.99","9.85","LST","ZEAL","ZEAL DG TK JERKY TNDRS 10oz"
"","7174891","40675","1","1","0","11.99","6","LST","API","API ACCU-CLEAR 4 OZ"
"","7176996","1503769","0","1","0","13.99","7","LST","API","API TAP WTR COND 8OZ"
"","7177147","6447297","0","1","0","26.99","13.5","LST","API","API AQUA ESSENTIAL 16OZ"
"","7176695","6447299","0","1","0","18.99","9.5","LST","API","API AQUA ESSENTIAL 8OZ"
"","7197794","","0","1","0","0","6.88","","PET VALU","PV ROPE RING TOY EA"
"","7197795","","0","1","0","0","6.88","","PET VALU","PM ROPE RING TOY EA"
"","6970763","","0","1","0","13.99","7","LST","PETITE PISTACHE","PPIST DG COLLAR BLUE DOTS SM"
"","6971414","","0","1","0","59.99","37","LST","PETSAFE","PETSF DG VIVA FTN 4.1L"
"","6971413","","0","1","0","39.99","28","OOS","PETSAFE","PETSF CT VIVA FTN 1.8L"
"","6971416","","0","1","0","13.99","9","LST","PETSAFE","PETSF ION-X FTN FLTR 4PC"
"","7053151","","0","1","0","91.99","63.97","LST","HILL'S SCIENCE DIET","SD DG AD SS&S POLLOCK 12LB"
"","7061391","","0","1","0","13.99","7","LST","PETITE PISTACHE","PPIST DG LEASH PINK 5FT"
"","7061393","","0","1","0","14.99","7.5","LST","PETITE PISTACHE","PPIST DG RHNSTONE CLLR PNK SM"
"","7089677","","0","1","0","23.99","14.35","LST","SKOUT'S HONOR","SKHNR CT ORAL CARE WTR 16OZ"
"","7100900","","0","1","0","314.99","200","OOS","SPORT DOG","SPORTDOG DG 700M RMT TRNR 1EA"
"","7135675","","0","1","0","9.99","5","LST","GOO-EEZ","GZ DG POOP BG CHRY 70CT"
"","7135679","","0","1","0","9.99","5","LST","GOO-EEZ","GZ DG POOP BG WTRMLN 70CT"
"","7165677","","0","1","0","47.99","32.4","LST","HEALTHYBUD","HLTHYBD DG FD BF PATTY 14OZ"
"","7165678","","0","1","0","47.99","32.4","LST","HEALTHYBUD","HLTHYBD DG FD BF BITES 14OZ"
"","7165679","","0","1","0","47.99","32.4","LST","HEALTHYBUD","HLTHYBD DG FD TKY PATTY 14OZ"
"","7165680","","0","1","0","47.99","32.4","LST","HEALTHYBUD","HLTHYBD DG FD TKY BITES 14OZ"
"","7165681","","0","1","0","49.99","34.5","LST","HEALTHYBUD","HLTHYBD DG FD LMB&SL PATTY14OZ"
"","7165682","","0","1","0","49.99","34.5","LST","HEALTHYBUD","HLTHYBD DG FD LMB&SL BITES14OZ"
"","7166665","","0","1","0","209.99","150","LST","SPORT DOG","SPORTDOG INGRN FNC ADD-A-DG1EA"
"","7166666","","0","1","0","289.99","220","LST","SPORT DOG","SPORTDOG SDF-CT ADD-A-DG 1EA"
"","7166667","","0","1","0","659.99","500","LST","SPORT DOG","SPORTDOG CONTAIN & TRAIN 1EA"
"","7166664","","0","1","0","459.99","365","LST","SPORT DOG","SPORTDOG DG RCHRGBL ING FNC1EA"
"","7168651","","0","1","0","6.99","3.5","LST","GOO-EEZ","GZ DG POOP BG MOCHA 45CT"
"","7168655","","0","1","0","6.99","3.5","LST","GOO-EEZ","GZ DG POOP BG TNGR 45CT"
"","7168657","","0","1","0","6.99","3.5","LST","GOO-EEZ","GZ DG POOP BG CITRUS 45CT"
"","7168659","","0","1","0","6.99","3.5","LST","GOO-EEZ","GZ DG POOP BG WTRMLN 45CT"
"","7168653","","0","1","0","6.99","3.5","LST","GOO-EEZ","GZ DG POOP BG CHRY 45CT"
"","7168661","","0","1","0","6.99","3.5","LST","GOO-EEZ","GZ DG POOP BG UNSCNT 45CT"
"","7169226","","0","1","0","9.99","5","LST","GOO-EEZ","GZ DG POOP BG UNSCNT 70CT"
"","7168816","","0","1","0","34.99","20.44","OOS","HILL'S SCIENCE DIET","SD CT AD UR&HB VRTY 12PK 2.9OZ"
"","7169365","","0","1","0","44.99","24.74","NEW","CURLI","CRLI DG VST HRNS CLSP RED 2XS"
"","7169354","","0","1","0","44.99","24.74","NEW","CURLI","CRLI DG VST HRNS CLSP RED 3XS"
"","7169367","","0","1","0","49.99","27.49","NEW","CURLI","CRLI DG VST HRNS CLSP RED SM"
"","7169368","","0","1","0","49.99","27.49","NEW","CURLI","CRLI DG VST HRNS CLSP RED MD"
"","7169369","","0","1","0","49.99","27.49","NEW","CURLI","CRLI DG VST HRNS CLSP RED LG"
"","7169371","","0","1","0","44.99","24.74","NEW","CURLI","CRLI DG VST HRNS CLSP BLU SM"
"","7169370","","0","1","0","44.99","24.74","NEW","CURLI","CRLI DG VST HRNS CLSP BLU XS"
"","7169366","","0","1","0","44.99","24.74","NEW","CURLI","CRLI DG VST HRNS CLSP RED XS"
"","7169373","","0","1","0","49.99","27.49","NEW","CURLI","CRLI DG VST HRNS CLSP BLU MD"
"","7169376","","0","1","0","49.99","27.49","NEW","CURLI","CRLI DG VST HRNS CLSP MOSS MD"
"","7169377","","0","1","0","49.99","27.49","NEW","CURLI","CRLI DG VST HRNS CLSP MOSS LG"
"","7169379","","0","1","0","44.99","24.74","NEW","CURLI","CRLI DG VST HRNS CLSP TAN XS"
"","7169380","","0","1","0","49.99","27.49","NEW","CURLI","CRLI DG VST HRNS CLSP TAN SM"
"","7169378","","0","1","0","49.99","27.49","NEW","CURLI","CRLI DG VST HRNS CLSP MOSS XL"
"","7169381","","0","1","0","49.99","27.49","NEW","CURLI","CRLI DG VST HRNS CLSP TAN MD"
"","7169374","","0","1","0","44.99","24.74","NEW","CURLI","CRLI DG VST HRNS CLSP MOSS XS"
"","7169382","","0","1","0","49.99","27.49","NEW","CURLI","CRLI DG VST HRNS CLSP TAN LG"
"","7169375","","0","1","0","49.99","27.49","NEW","CURLI","CRLI DG VST HRNS CLSP MOSS SM"
"","7169385","","0","1","0","44.99","24.74","NEW","CURLI","CRLI DG VST HRNS CLSP BLK XS"
"","7169384","","0","1","0","44.99","24.74","NEW","CURLI","CRLI DG VST HRNS CLSP BLK 2XS"
"","7169387","","0","1","0","49.99","27.49","NEW","CURLI","CRLI DG VST HRNS CLSP BLK MD"
"","7169396","","0","1","0","79.99","43.99","NEW","CURLI","CRLI DG ALPINE CLSP HRN GRY XS"
"","7169386","","0","1","0","49.99","27.49","NEW","CURLI","CRLI DG VST HRNS CLSP BLK SM"
"","7169383","","0","1","0","44.99","24.74","NEW","CURLI","CRLI DG VST HRNS CLSP BLK 3XS"
"","7169401","","0","1","0","89.99","49.49","NEW","CURLI","CRLI DG BLKA HRNS AMSH RED 2XL"
"","7169397","","0","1","0","79.99","43.99","NEW","CURLI","CRLI DG ALPINE CLSP HRN GRY SM"
"","7169402","","0","1","0","99.99","54.99","NEW","CURLI","CRLI DG BLKA HRNS AMSH RED 3XL"
"","7169407","","0","1","0","89.99","49.49","NEW","CURLI","CRLI DG BLKA HRNS AMSH BLK 2XL"
"","7169398","","0","1","0","79.99","43.99","NEW","CURLI","CRLI DG ALPINE CLSP HRN GRY MD"
"","7169399","","0","1","0","79.99","43.99","NEW","CURLI","CRLI DG ALPINE CLSP HRN GRY LG"
"","7169408","","0","1","0","99.99","54.99","NEW","CURLI","CRLI DG BLKA HRNS AMSH BLK 3XL"
"","7169412","","0","1","0","51.99","28.59","NEW","CURLI","CRLI DG VARIO CMFRT LSH RED LG"
"","7169410","","0","1","0","99.99","54.99","NEW","CURLI","CRLI DG BLKA HRNS AMSH BLK 4XL"
"","7169404","","0","1","0","89.99","49.49","NEW","CURLI","CRLI DG BLKA HRNS AMSH TAN 2XL"
"","7169414","","0","1","0","51.99","28.59","NEW","CURLI","CRLI DG VARIO CMFRT LSH BLU LG"
"","7169405","","0","1","0","99.99","54.99","NEW","CURLI","CRLI DG BLKA HRNS AMSH TAN 3XL"
"","7169415","","0","1","0","49.99","27.49","NEW","CURLI","CRLI DG VARIO CMFRT LSH MOSS S"
"","7169413","","0","1","0.25","49.99","27.49","NEW","CURLI","CRLI DG VARIO CMFRT LSH BLU SM"
"","7169416","","0","1","0","51.99","28.59","NEW","CURLI","CRLI DG VARIO CMFRT LSH MOSS L"
"","7169417","","0","1","0","49.99","27.49","NEW","CURLI","CRLI DG VARIO CMFRT LSH TAN SM"
"","7169420","","0","1","0","51.99","28.59","NEW","CURLI","CRLI DG VARIO CMFRT LSH BLK LG"
"","7169419","","0","1","0","49.99","27.49","NEW","CURLI","CRLI DG VARIO CMFRT LSH BLK SM"
"","7169423","","0","1","0","74.99","41.24","NEW","CURLI","CRLI DG CLSP HRNS RFLCT GRY XS"
"","7169424","","0","1","0","74.99","41.24","NEW","CURLI","CRLI DG CLSP HRNS RFLCT GRY SM"
"","7169425","","0","1","0","79.99","43.99","NEW","CURLI","CRLI DG CLSP HRNS RFLCT GRY MD"
"","7169427","47329","0","1","0","26.99","13.17","LST","PETSAFE","PETSF CT CWMK HRN&LSH RED 1SM"
"","7169428","47332","0","1","0","26.99","13.17","LST","PETSAFE","PETSF CT CWMK HRN&LSH RED 1LG"
"","7169426","","0","1","0","79.99","43.99","NEW","CURLI","CRLI DG CLSP HRNS RFLCT GRY LG"
"","7169421","","0","1","0","49.99","27.49","NEW","CURLI","CRLI DG VARIO CMFRT LSH GRY SM"
"","7169422","","0","1","0","51.99","28.59","NEW","CURLI","CRLI DG VARIO CMFRT LSH GRY LG"
"","7169859","","0","1","0","17.49","8.75","LST","YEOWWW!","YEOWWW! CT STNKS SARDINES 3PK"
"","7169434","","0","1","0","51.99","28.59","NEW","CURLI","CRLI DG VARIO CMFRT LSH TAN LG"
"","7170953","","0","1","0","49.99","27.49","NEW","CURLI","CRLI DG VARIO CMFRT LSH RED SM"
"","7171332","","0","1","0","13.99","6.86","NEW","WAGLAB","WAGLAB DG BOOMERANG GREEN SM"
"","7171333","","0","1","0","15.99","7.84","NEW","WAGLAB","WAGLAB DG BOOMERANG GREEN LG"
"","7171334","","0","1","0","15.99","7.84","NEW","WAGLAB","WAGLAB DG SLOBBER BLUE SM"
"","7170438","","0","1","0","49.99","27.49","NEW","CURLI","CRLI DG VST HRNS CLSP BLK LG"
"","7171336","","0","1","0","17.99","8.82","NEW","WAGLAB","WAGLAB DG SPINNER PINK/ORG SM"
"","7171335","","0","1","0","17.99","8.82","NEW","WAGLAB","WAGLAB DG SLOBBER BLUE LG"
"","7171338","","0","1","0","15.99","7.84","NEW","WAGLAB","WAGLAB DG BULLY ORANGE SM"
"","7171337","","0","1","0","19.99","9.8","NEW","WAGLAB","WAGLAB DG SPINNER PINK/ORG LG"
"","7171339","","0","1","0","17.99","8.82","NEW","WAGLAB","WAGLAB DG BULLY ORANGE LG"
"","7171340","","0","1","0","13.99","6.86","NEW","WAGLAB","WAGLAB DG SQUIGGLE PURPLE SM"
"","7171341","","0","1","0","15.99","7.84","NEW","WAGLAB","WAGLAB DG SQUIGGLE PURPLE LG"
"","7171342","","0","1","0","26.99","13.23","NEW","WAGLAB","WAGLAB DG 2-PACK MULTI SM"
"","7171343","","0","1","0","29.99","14.7","NEW","WAGLAB","WAGLAB DG 2-PACK MULTI LG"
"","7171345","R9000","1","1","0","17.99","8.1","LST","PETAG","PETAG KT KMR MILK LQD 16OZ"
"","7171347","M8224","2","1","0","13.99","8.2","LST","PETAG","ESBILAC PUP MILK LIQUID 16oz"
"","7171351","","0","1","0","29.99","16.16","OOS","COASTAL PET PRODUCTS","CSTL DG SUB LSH FLR JLLY 1X6IN"
"","7171494","","0","1","0","29.99","16.16","OOS","COASTAL PET PRODUCTS","CSTL DG SUB LSH LAND SEA 1X6IN"
"","7171495","","0","1","0","29.99","16.16","OOS","COASTAL PET PRODUCTS","CSTL DG SUBL LSH PUR MTN 1X6IN"
"","7171498","","0","1","0","19.99","10.79","OOS","COASTAL PET PRODUCTS","CSTL DG SUB CLR LAND SEA LG"
"","7171500","","0","1","0","19.99","10.79","OOS","COASTAL PET PRODUCTS","CSTL DG SUB CLR TAT SLVE LG"
"","7171501","","0","1","0","14.99","7.21","NEW","COASTAL PET PRODUCTS","CSTL DG SUB CLR FLR JLLY XS"
"","7171507","","0","1","0","16.99","8.71","OOS","COASTAL PET PRODUCTS","CSTL DG SUB CLR FLR JLLY SM MD"
"","7171508","","0","1","0","16.99","8.71","OOS","COASTAL PET PRODUCTS","CSTL DG SUB CLR LAND SEA SM MD"
"","7171505","","0","1","0","14.99","7.21","NEW","COASTAL PET PRODUCTS","CSTL DG SUB CLR TAT SLVE XS"
"","7171509","","0","1","0","14.99","7.5","OOS","COASTAL PET PRODUCTS","CSTL DG SUB CLR PUR MTN SM MD"
"","7171512","","0","1","0","26.99","13.81","OOS","COASTAL PET PRODUCTS","CSTL DG K9 EXPLR CL GLCR XS SM"
"","7171516","","0","1","0","28.99","15.32","OOS","COASTAL PET PRODUCTS","CSTL DG K9 EXPLR CL GLCR SM MD"
"","7171502","","0","1","0","14.99","7.21","OOS","COASTAL PET PRODUCTS","CSTL DG SUB CLR LAND SEA XS"
"","7171517","","0","1","0","28.99","15.32","NEW","COASTAL PET PRODUCTS","CSTL DG K9 EXPLR CL HMLY SM MD"
"","7171754","","0","1","0","28.99","15.32","OOS","COASTAL PET PRODUCTS","CSTL DG K9 EXPLR CL SHR SM MD"
"","7171755","","0","1","0","31.99","16.92","LST","COASTAL PET PRODUCTS","CSTL DG K9 EXPLR CL EVERGLD LG"
"","7171510","","0","1","0","16.99","8.71","OOS","COASTAL PET PRODUCTS","CSTL DG SUB CLR TAT SLVE SM MD"
"","7171513","","0","1","0","26.99","13.81","LST","COASTAL PET PRODUCTS","CSTL DG K9 EXLR CL HIMLY XS SM"
"","7171756","","0","1","0","31.99","16.92","OOS","COASTAL PET PRODUCTS","CSTL DG K9 EXPLR CL GLACIER LG"
"","7171514","","0","1","0","26.99","13.81","LST","COASTAL PET PRODUCTS","CSTL DG K9 EXPR CL SHRA XS SM"
"","7171757","","0","1","0","31.99","16.92","LST","COASTAL PET PRODUCTS","CSTL DG K9 EXPLR CL HIMLAYS LG"
"","7171758","","0","1","0","31.99","16.92","OOS","COASTAL PET PRODUCTS","CSTL DG K9 EXPLR CL SAHARA LG"
"","7171515","","0","1","0","28.99","15.32","OOS","COASTAL PET PRODUCTS","CSTL DG K9 EXPR CL EVRGLD SMMD"
"","7171759","","0","1","0","49.99","26.24","OOS","COASTAL PET PRODUCTS","CSTL DG K9 EXPLR LSH EVRGLD 8'"
"","7171761","","0","1","0","49.99","26.24","OOS","COASTAL PET PRODUCTS","CSTL DG K9 EXPLR LSH HIMLAY 8'"
"","7171763","","0","1","0","49.99","26.24","LST","COASTAL PET PRODUCTS","CSTL DG K9 EXPLR LSH SAHARA 8'"
"","7171765","","0","1","0","13.99","7","LST","CLOE E CLUZO","CEC CT NYLON LEASH RED 4FT"
"","7171852","","0","8","0","3.19","2.2888","LST","FANCY FEAST","FF CT GEMS CHK 4OZ"
"","7171853","","0","8","0","3.19","2.2888","NEW","FANCY FEAST","FF CT GEMS SLM 4OZ"
"","7171854","","0","8","0","3.19","2.2888","NEW","FANCY FEAST","FF CT GEMS TNA 4OZ"
"","7171895","","0","1","0","23.99","18.26","OOS","FANCY FEAST","FF CT GEMS SLM & TUNA 8PK"
"","7171899","","0","1","0","23.99","18.26","LST","FANCY FEAST","FF CT GEMS CHK & BF 8PK"
"","7171947","","0","1","0","26.99","13.81","LST","COASTAL PET PRODUCTS","CSTL DG K9 EXPR CL EGLD XS SM"
"","7171764","","0","1","0","13.99","7","LST","CLOE E CLUZO","CEC CT NYLON LEASH BLK 4FT"
"","7171948","","0","1","0","89.99","49.49","NEW","CURLI","CRLI DG BLKA HRNS AMSH BLK XL"
"","7171973","","0","1","0","14.99","7.21","NEW","COASTAL PET PRODUCTS","CSTL DG SUB CLR PUR MTN XS"
"","7171974","","0","1","0","11.99","6","LST","PETITE PISTACHE","PPIST DG GLITTER CLLR PNK 2XS"
"","7171975","","0","1","0","14.99","7.5","LST","PETITE PISTACHE","PPIST DG GLITTER CLLR PNK SM"
"","7171976","","0","1","0","13.99","7","LST","PETITE PISTACHE","PPIST DG LEASH BLUE 5FT"
"","7171861","","0","8","0","3.19","2.2888","NEW","FANCY FEAST","FF CT GEMS BF 4OZ"
"","7171977","","0","1","0","13.99","7","LST","PETITE PISTACHE","PPIST DG LEASH RED 5FT"
"","7171978","","0","1","0","13.99","7","LST","PETITE PISTACHE","PPIST DG LEASH GREY 5FT"
"","7171979","","0","1","0","12.99","6.5","LST","PETITE PISTACHE","PPIST DG LEASH FLOWERS 5FT"
"","7171980","","0","1","0","15.99","8","LST","PETITE PISTACHE","PPIST DG LSH GLITTER PINK 5FT"
"","7172280","","0","1","0","49.99","26.24","NEW","COASTAL PET PRODUCTS","CSTL DG K9 EXPLR LSH GLCIER 8'"
"","7172281","","0","1","0","21.99","11","LST","PETITE PISTACHE","PPIST DG MSH HRNSS RED XS"
"","7172360","","0","1","0","21.99","11","LST","PETITE PISTACHE","PPIST DG MSH HRNSS GRY XS"
"","7172361","","0","1","0","21.99","11","LST","PETITE PISTACHE","PPIST DG HRNS BLU GRY STRI XS"
"","7172362","","0","1","0","21.99","11","LST","PETITE PISTACHE","PPIST DG MSH HRNSS PNK PLD XS"
"","7171982","","0","1","0","19.99","10.79","NEW","COASTAL PET PRODUCTS","CSTL DG SUB CLR FLR JLLY LG"
"","7172666","","0","1","0","49.99","27.49","NEW","CURLI","CRLI DG VST HRNS CLSP BLK XL"
"","7173110","","0","1","0","99.99","54.99","NEW","CURLI","CRLI DG BLKA HRNS AMSH RED 4XL"
"","7173841","47331","0","1","0","26.99","13.5","LST","PETSAFE","PETSF CT CWMK HRN&LSH RED 1MD"
"","7173902","","1","1","0","55.99","28.2","NEW","MAX & MOLLY URBAN PETS","M&M DG H-HARNESS MARGARITE LG"
"","7173905","","1","1","0","47.99","24.2","NEW","MAX & MOLLY URBAN PETS","M&M DG H-HARNESS STORM MD"
"","7173904","","1","1","0","55.99","28.2","NEW","MAX & MOLLY URBAN PETS","M&M DG H-HARNESS STORM LG"
"","7173903","","1","1","0","55.99","28.2","NEW","MAX & MOLLY URBAN PETS","M&M DG H-HARNESS GARDEN LG"
"","7173906","","1","1","0","47.99","24.2","NEW","MAX & MOLLY URBAN PETS","M&M DG H-HARNESS MARGARITE MD"
"","7173908","","1","1","0","39.99","20.35","NEW","MAX & MOLLY URBAN PETS","M&M DG H-HARNESS STORM SM"
"","7173909","","1","1","0","39.99","20.35","NEW","MAX & MOLLY URBAN PETS","M&M DG H-HARNESS MARGARITE SM"
"","7173907","","1","1","0","47.99","24.2","NEW","MAX & MOLLY URBAN PETS","M&M DG H-HARNESS GARDEN MD"
"","7173910","","1","1","0","39.99","20.35","NEW","MAX & MOLLY URBAN PETS","M&M DG H-HARNESS GARDEN SM"
"","7173912","","1","1","0","36.99","18.4","NEW","MAX & MOLLY URBAN PETS","M&M DG H-HARNESS GARDEN XS"
"","7173914","","0","1","0","31.99","16","NEW","MAX & MOLLY URBAN PETS","M&M DG QHRNSS MTRX 2.0 BLK XXS"
"","7173915","","0","1","0","31.99","16","NEW","MAX & MOLLY URBAN PETS","M&M DG QHRNSS MTRX 2.0 JDE XXS"
"","7173916","","0","1","0","34.99","17.5","NEW","MAX & MOLLY URBAN PETS","M&M DG QHRNSS MTRX 2.0 BLK XS"
"","7173918","","0","1","0","36.99","18.5","NEW","MAX & MOLLY URBAN PETS","M&M DG QHRNSS MTRX 2.0 BLK S"
"","7173919","","0","1","0","36.99","18.5","NEW","MAX & MOLLY URBAN PETS","M&M DG QHRNSS MTRX 2.0 JADE S"
"","7173920","","0","1","0","39.99","20","NEW","MAX & MOLLY URBAN PETS","M&M DG QHRNSS MTRX 2.0 BLK M"
"","7173917","","0","1","0","34.99","17.5","NEW","MAX & MOLLY URBAN PETS","M&M DG QHRNSS MTRX 2.0 JADE XS"
"","7173921","","0","1","0","39.99","20","NEW","MAX & MOLLY URBAN PETS","M&M DG QHRNSS MTRX 2.0 JADE M"
"","7173922","","0","1","0","41.99","21","NEW","MAX & MOLLY URBAN PETS","M&M DG QHRNSS MTRX 2.0 BLK L"
"","7173924","","0","1","0","44.99","22.5","NEW","MAX & MOLLY URBAN PETS","M&M DG QHRNSS MTRX 2.0 BLK XL"
"","7173925","","0","1","0","44.99","22.5","NEW","MAX & MOLLY URBAN PETS","M&M DG QHRNSS MTRX 2.0 JADE XL"
"","7173926","","0","1","0","39.99","20","NEW","MAX & MOLLY URBAN PETS","M&M DG LSH MX 2 BLK 1IN 6.5FT"
"","7173927","","0","1","0","39.99","20","NEW","MAX & MOLLY URBAN PETS","M&M DG LSH MX 2 JDE 1IN 6.5FT"
"","7173928","","0","1","0","36.99","18.5","NEW","MAX & MOLLY URBAN PETS","M&M DG LSH MX 2 BLK 3/5IN6.5FT"
"","7173929","","0","1","0","52.99","31.28","NEW","PURINA PRO PLAN","PPLN CT CMP ESNTL CK&T VP 24PK"
"","7173930","","0","24","0","3.39","2.0396","OOS","PURINA PRO PLAN","PPLN CT COMP ESNTL SLMN 5.5OZ"
"","7173931","","0","1","0","42.99","32.5","OOS","PURINA PRO PLAN","PPLN DG ESNTL GF VR PK 12PK"
"","7173933","","0","1","0","129.99","106.59","LST","PURINA PRO PLAN","PPLN DG SPEC LB CK&R AD 47LB"
"","7173923","","0","1","0","41.99","21","NEW","MAX & MOLLY URBAN PETS","M&M DG QHRNSS MTRX 2.0 JADE L"
"","7173932","","0","1","0","128.99","105.77","OOS","PURINA PRO PLAN","PPLN DG ESNTL SH CK&R 47LB"
"","7174050","6760605","0","1","0","19.99","10.51","LST","ESSENTIALS","ESN CT RIM LTR PAN 1EA"
"","7174196","A1844","1","1","0.25","14.99","7.5","LST","PETSAFE","PETSF DG MUZZLE BLK 1SM"
"","7174197","A1845","0","1","0","16.99","8.5","LST","PETSAFE","PETSF DG MUZZLE BLK 1MD"
"","7174198","A1846","0","1","0","18.99","9.5","LST","PETSAFE","PETSF DG MUZZLE BLK 1LG"
"","7174199","A1847","0","1","0","19.99","10","LST","PETSAFE","PETSF DG MUZZLE BLK 1XL"
"","7174245","","0","1","0","13.99","6.58","LST","GOO-EEZ","GZ GROOMING WPS WTMLN 100CT"
"","7174344","","1","1","0","27.99","14.04","NEW","MAX & MOLLY URBAN PETS","M&M DG LSH GARDEN 3/5IN 6.5FT"
"","7174370","","0","1","0","36.99","18.5","NEW","MAX & MOLLY URBAN PETS","M&M DG LSH MX 2 JDE 3/5IN6.5FT"
"","7174398","","1","1","0","27.99","14.04","NEW","MAX & MOLLY URBAN PETS","M&M DG LEASH STORM 3/5IN 6.5FT"
"","7174399","","1","1","0","27.99","14.04","NEW","MAX & MOLLY URBAN PETS","M&M DG LSH MARG 3/5IN 6.5FT"
"","7174400","","1","1","0","33.99","17.2","NEW","MAX & MOLLY URBAN PETS","M&M DG LEASH GARDEN 1IN 6.5FT"
"","7174401","","1","1","0","33.99","17.2","NEW","MAX & MOLLY URBAN PETS","M&M DG LEASH STORM 1IN 6.5FT"
"","7174402","","1","1","0","33.99","17.2","NEW","MAX & MOLLY URBAN PETS","M&M DG LSH MARGARITE 1IN 6.5FT"
"","7174714","","0","1","0","19.99","10.79","OOS","COASTAL PET PRODUCTS","CSTL DG SUB CLR PUR MTN LG"
"","7174715","6760610","0","1","0","5.49","1.21","LST","ESSENTIALS","ESN CT LTR SCOOP 1LG"
"","7174717","","1","1","0","18.99","9.5","NEW","MAX & MOLLY URBAN PETS","M&M DG COLLAR GARDEN XS"
"","7174718","","1","1","0","18.99","9.5","NEW","MAX & MOLLY URBAN PETS","M&M DG COLLAR MARGARITE XS"
"","7174719","","0","1","0","21.99","11","NEW","MAX & MOLLY URBAN PETS","M&M DG COLLAR MTRX 2.0 BLK XS"
"","7174720","","1","1","0","18.99","9.5","NEW","MAX & MOLLY URBAN PETS","M&M DG COLLAR STORM XS"
"","7174723","","1","1","0","24.99","12.47","NEW","MAX & MOLLY URBAN PETS","M&M DG COLLAR STORM SM"
"","7174716","6760612","0","1","0","6.49","2.28","OOS","ESSENTIALS","ESN CT LTR SCOOP 1XL"
"","7174724","","1","1","0","24.99","12.47","NEW","MAX & MOLLY URBAN PETS","M&M DG COLLAR MARGARITE SM"
"","7174725","","0","1","0","26.99","13.5","NEW","MAX & MOLLY URBAN PETS","M&M DG COLLAR MTRX 2.0 BLK SM"
"","7174726","","0","1","0","26.99","13.5","NEW","MAX & MOLLY URBAN PETS","M&M DG COLLAR MTRX 2.0 JADE SM"
"","7174727","","1","1","0","27.99","14.03","NEW","MAX & MOLLY URBAN PETS","M&M DG COLLAR MARGARITE M"
"","7174728","","1","1","0","27.99","14.03","NEW","MAX & MOLLY URBAN PETS","M&M DG COLLAR STORM MD"
"","7174721","","0","1","0","21.99","11","NEW","MAX & MOLLY URBAN PETS","M&M DG COLLAR MTRX 2.0 JADE XS"
"","7174731","","1","1","0","27.99","14.03","NEW","MAX & MOLLY URBAN PETS","M&M DG COLLAR GARDEN MD"
"","7174732","","0","1","0","29.99","15","NEW","MAX & MOLLY URBAN PETS","M&M DG COLLAR MTRX 2.0 BLK MD"
"","7174722","","1","1","0","24.99","12.47","NEW","MAX & MOLLY URBAN PETS","M&M DG COLLAR GARDEN SM"
"","7174733","","0","1","0","29.99","15","NEW","MAX & MOLLY URBAN PETS","M&M DG COLLAR MTRX 2.0 JADE MD"
"","7174734","","1","1","0","31.99","15.65","NEW","MAX & MOLLY URBAN PETS","M&M DG COLLAR MARGARITE LG"
"","7174735","","1","1","0","31.99","15.65","NEW","MAX & MOLLY URBAN PETS","M&M DG COLLAR STORM LG"
"","7174736","","1","1","0","31.99","15.65","NEW","MAX & MOLLY URBAN PETS","M&M DG COLLAR GARDEN LG"
"","7174737","","0","1","0","34.99","17.5","NEW","MAX & MOLLY URBAN PETS","M&M DG COLLAR MMTRX 2.0 BLK LG"
"","7174738","","0","1","0","34.99","17.5","NEW","MAX & MOLLY URBAN PETS","M&M DG COLLAR MTRX 2.0 JADE LG"
"","7174792","","0","1","0","29.99","16.16","OOS","COASTAL PET PRODUCTS","CSTL DG SUB LSH TAT SLVE 1X6IN"
"","7176199","","1","1","0","36.99","18.4","NEW","MAX & MOLLY URBAN PETS","M&M DG H-HARNESS MARGARITE XS"
"","7191499","","0","1","0","13.99","6.58","LST","GOO-EEZ","GZ GROOMING WPS LVNDR 100 CT"
"","7191162","","0","1","0","13.99","6.58","LST","GOO-EEZ","GZ GROOMING WPS TNGY 100 CT"
"","7191583","","0","1","0","13.99","6.58","LST","GOO-EEZ","GZ GROOMING WPS MINT 100 CT"
"","7195119","","1","1","0","22.99","11.5","NEW","TUFF LOVE","TUFFLV DG RACCOON MD"
"","7195118","","1","1","0","16.99","8.5","NEW","TUFF LOVE","TUFFLV DG RACCOON SM"
"","7195120","","1","1","0","16.99","8.5","NEW","TUFF LOVE","TUFFLV DG MOOSE SM"
"","7195121","","1","1","0","22.99","11.5","NEW","TUFF LOVE","TUFFLV DG MOOSE MD"
"","7195122","","1","1","0","12.99","6.5","NEW","TUFF LOVE","TUFFLV DG SALMON SM"
"","7195123","","1","1","0","14.99","7.5","NEW","TUFF LOVE","TUFFLV DG SALMON MD"
"","7195124","","1","1","0","14.99","7.5","NEW","TUFF LOVE","TUFFLV DG CANADIAN GOOSE SM"
"","7195125","","1","1","0","12.99","6.5","NEW","TUFF LOVE","TUFFLV DG ORCA WHALE SM"
"","7195127","","1","1","0","14.99","7.5","NEW","TUFF LOVE","TUFFLV DG ORCA WHALE MD"
"","7195126","","1","1","0","22.99","11.5","NEW","TUFF LOVE","TUFFLV DG CANADIAN GOOSE MD"
"","7195270","","1","1","0","36.99","18.4","NEW","MAX & MOLLY URBAN PETS","M&M DG H-HARNESS STORM XS"
"","7199389","","0","2","0","0","0.235","","PET VALU","PETS INSIDE EMERG STKR 2PK"
"","E6167","","0","1","0","279.99","170","LST","FLUVAL","FL VSTA AQRM KIT 23GAL"
"","7171344","","0","1","0","119.99","72","LST","CATIT","CATIT PIXI MIO 2IN1 BED&CARR"
"","7182579","","0","12","0","4.99","3.6258","LST","OPEN FARM","OPFM GB DG HRVST CHK 12.5OZ"
"","7182580","","0","12","0","4.99","3.6258","LST","OPEN FARM","OPFM GB DG HMSTD TKY 12.5OZ"
"","7182581","","0","12","0","4.99","3.6258","LST","OPEN FARM","OPFM GB DG CHK&SLM 12.5OZ"
"","7195103","","0","1","0","17.99","10.05","NEW","SKOUT'S HONOR","SKHNR EYE EAR & NOSE WPS 50CT"
"","7195104","","1","1","0","21.99","11","NEW","GO DOG","GD DG TGH GRD STNLEY SHRK MD"
"","7195105","","1","1","0","19.99","10","NEW","GO DOG","GD DG TGH N TXTRE PICKLE MD"
"","7195106","","0","1","0","14.99","7.5","NEW","GO DOG","GD DG TGH GRD SHLBY STRFSH MD"
"","7195107","","0","1","0","19.99","10","NEW","GO DOG","GD DG PUDGE POT BELLY DRGN MD"
"","7195109","","1","1","0","16.99","8.5","NEW","GO DOG","GD DG CHCKRS HGHLND COW SM"
"","7195110","","1","1","0","19.99","10","NEW","GO DOG","GD DG CHCKRS HGHLND COW LG"
"","7195111","","1","1","0","21.99","11","NEW","GO DOG","GD DG DAZZLE DRAGON MD"
"","7195113","","0","1","0","19.99","10","NEW","GO DOG","GD DG URBAN WILDLIFE OPSSUM MD"
"","7195114","","0","1","0","24.99","12.5","NEW","GO DOG","GD DG SILENT SQUEAK CPYBRA MD"
"","7195116","","1","1","0","21.99","11","NEW","GO DOG","GD DG TGH N TXTRE NEWT MD"
"","7195117","","1","1","0","21.99","11","NEW","GO DOG","GD DG TGH N TXTRE CHAMELEON MD"
"","7195112","","0","1","0","19.99","10","NEW","GO DOG","GD DG URBAN WILDLIFE OPSSUM LG"
"","7195115","","0","1","0","21.99","11","NEW","GO DOG","GD DG SILENT SQUEAK CPYBRA SM"
"","7195245","","0","12","0","4.99","3.2833","LST","OPEN FARM","OPFM GB DG WC FSH 12.5OZ"
"","7195248","","1","1","0","18.99","9.5","NEW","GO DOG","GD DG DINOS TREX ORANGE MD"
"","7199039","","0","12","0","4.99","3.2833","LST","OPEN FARM","OPFM GB DG CHK&BF 12.5OZ"
"","7199045","","0","1","0","1.99","0.05","LST","PERFORMATRIN PRIME","PERF PRM DG L&R LGBR AD SMP4OZ"
"","7199783","","0","1","0","0.01","0.01","INOT","WAGLAB","WAGLAB DG PWER PANEL DSPLAY EA"
"","7199874","","6","6","0","5","2.85","INOT","JUMP","JMP DG SOFTIE PLSH 1EA"
"","6232731","","0","1","0","51.99","35.92","LST","OPEN FARM","OPFM DG FD PK 13.5OZ"
"","7199782","","0","1","0","0.01","0.01","INOT","WAGLAB","WAGLAB DG OFFSHELF DISPLAY 1EA"
"","Y1614","","0","1","0","9.99","6.85","LST","OPEN FARM","OPFM DG TK BONE BROTH 12OZ"
"","7181368","","0","1","0","311.82","152.88","INOT","WAGLAB","WAGLAB DG OFFSHELF DISP LARGE"
"","7181369","","0","1","0","260.91","127.89","INOT","WAGLAB","WAGLAB DG OFFSHELF DISP 2PACK"
"","7181365","","0","1","0","275.82","135.24","INOT","WAGLAB","WAGLAB DG OFFSHELF DISP SMALL"
"","7195395","","0","1","0","34.99","17.5","INOT","FIFA","FIFA DG TITA PAWS BALL 1EA"
"","7199784","","0","1","0","233.85","114.66","INOT","WAGLAB","WAGLAB DG POWER PAN DISP SMALL"
"","7199785","","0","1","0","263.85","129.36","INOT","WAGLAB","WAGLAB DG POWER PAN DISP LARGE"
"","7199786","","0","1","0","170.94","83.79","INOT","WAGLAB","WAGLAB DG POWER PAN DISP 2PACK"
"","7200286","","0","1","0","97.99","67.71","LST","OPEN FARM","OPFM DG FD BF 31.5OZ"
"","7200327","","0","1","0","94.99","65.62","LST","OPEN FARM","OPFM DG FD CK 31.5OZ"
"","7195099","6763456","0","1","0","399.99","300","OOS","PETSAFE","PETSF CT SCOOPFREE CLMP SELFCL"
"","IQ129","","0","1","0","64.99","38.99","NEW","FLEXI","FLEXI DG GINT TPE NEON LG 26FT"
"","6469646","","1","1","0","38.99","26.95","NEW","PURINA PRO PLAN","PPLN DG SS&S PUP 4LB"
"","6746949","","0","1","0","38.99","26.95","NEW","PURINA PRO PLAN","PPLN DG SPEC SS&S LMB&OM 4LB"
"","6769761","","1","1","0","38.99","23.4","NEW","PURINA PRO PLAN","PPLN DG SM SPEC SS&S SM&R 4LB"
"","9505991","30748","0","1","0","23.99","14.7","LST","KAYTEE","KT FRTDT PRRT 5LB"
"","9505887","30747","0","1","0","21.99","13","LST","KAYTEE","KT FRTDT CKTL 5LB"
"","R7468","30746","0","1","0","21.99","13","LST","KAYTEE","KT FRTDT PRKT 5LB"
"","G9960","","24","24","0","2.89","2.1004","NEW","CANADA FRESH","CF CT LMB 5.5OZ"
"","G9957","","0","24","0","2.49","1.7896","NEW","CANADA FRESH","CF CT CHK 5.5OZ"
"","G9958","","0","24","0","2.79","2.0196","NEW","CANADA FRESH","CF CT RED MEAT 5.5OZ"
"","G9959","","24","24","0","3.69","2.6742","NEW","CANADA FRESH","CF CT DUCK 5.5OZ"
"","G9961","","0","24","0","2.89","2.07","NEW","CANADA FRESH","CF CT BF 5.5OZ"
"","G9966","","12","12","0","6.99","4.9017","NEW","CANADA FRESH","CF CT DUCK 13OZ"
"","G9963","","24","24","0","2.59","1.8225","NEW","CANADA FRESH","CF CT SLM 5.5OZ"
"","G9967","","12","12","0","5.79","4.1225","NEW","CANADA FRESH","CF CT LMB 13OZ"
"","G9964","","0","12","0","3.59","2.5767","NEW","CANADA FRESH","CF CT CHK 13OZ"
"","G9968","","0","12","0","5.59","4.0092","NEW","CANADA FRESH","CF CT BF 13OZ"
"","G9969","","0","12","0","4.39","3.1633","NEW","CANADA FRESH","CF CT SLM 13OZ"
"","X0800","","12","12","0","5.39","3.8092","NEW","CANADA FRESH","CF CT RED MEAT 13OZ"
"","7197733","6409061","0","1","0","17.99","8.58","LST","NORTHERN BISCUIT","NRTH BSC DG POUTINE BSC 15.8OZ"
"","7197735","6467544","0","1","0.25","17.99","8.58","LST","NORTHERN BISCUIT","NRTH BSC DG OH CANADA 15.8OZ"
"","IU373","","0","1","0","42.99","24","NEW","PETAG","ESBILAC DG GOAT MILK PWDR 12OZ"
"","7239165","","0","1","0","8.99","4.94","INOT","FOUFIT","FFIT DG ZOOCHEW CAPYBARA 1EA"
"","7207138","","0","24","0","2.69","1.6333","NEW","PURINA PRO PLAN","PPLN CT SPEC CK ENT 3 OZ"
"","7275671","6769422","0","1","0","16.99","8.5","LST","API","API PIMAFIX 8OZ"
"","7200923","","0","1","0","16.99","8.5","NEW","GURU","GURU DG FG BRNYRD DOUG LG"
"","7275225","40605","0","1","0.25","11.99","5.75","LST","API","API AMMO-LOCK 4OZ"
"","7200924","","0","1","0","16.99","8.5","NEW","GURU","GURU DG FG BRNYRD CHICKY LG"
"","7201220","","0","1","0","129.99","86.05","LST","VITAL ESSENTIALS","VE DG FD BF SLM SOFT NIBS 3LB"
"","7267717","","0","15","0","14.99","7.4953","INOT","FOUFIT","FFIT DG MRSHMLLW SQUISH 1EA"
"","7198177","30745","0","1","0","13.99","8.55","OOS","KAYTEE","KT FRTDT CNRY & FNCH 2LB"
"","7207149","","0","12","0","4.99","3.3292","LST","PURINA PRO PLAN","PPLN DG PUP SS&S SLM&R 13OZ"
"","7207153","","0","1","0","38.99","26.25","LST","PURINA PRO PLAN","PPLN DG ADV DGS SP SL&OT 3.5LB"
"","7207139","","0","24","0","2.69","1.6333","NEW","PURINA PRO PLAN","PPLN CT SPEC TUNA ENT 3 OZ"
"","7199762","","0","1","0","129.99","81.89","LST","FLUVAL","FL AQUASKY 3.0 18W 24IN"
"","7239481","","0","1","0","12.99","6.5","INOT","FOUFIT","FFIT DG PPLUSH DOLPHIN SM 1EA"
"","7267716","","0","8","0","9.99","4.995","INOT","FOUFIT","FFIT DG MONSTER SPIKERS 1EA"
"","7206711","","0","1","0","34.99","20.99","INOT","TERRITORY","TERI DG JUMBO CAVEMAN 1EA"
"","7206005","","0","1","0","162.99","111.81","LST","THE HONEST KITCHEN","HK DG WF CLSTR GF LMB 18LB"
"","7199763","","0","1","0","199.99","126","OOS","FLUVAL","FL PLANT 4.0 32W 23IN"
"","7200655","","0","1","0","45.99","31.02","LST","GO! SOLUTIONS","GO! DG DNT IMM CHK SLM 9LB"
"","7199259","","0","1","0","28.99","14.5","LST","FLUVAL","FL P10 PRST SBMRSBL HTR 10W"
"","7207142","","0","1","0","64.99","50","NEW","PURINA PRO PLAN","PPLN CT LIVECLEAR SS&S 5.5LB"
"","7200928","","0","1","0","16.99","8.5","NEW","GURU","GURU DG FG BRNYRD SAL LG"
"","7201213","","0","1","0","49.99","27.49","NEW","FLEXI","FLEXI DG ONE TAPE WHITE 16FT"
"","7207154","","0","1","0","109.99","83.62","LST","PURINA PRO PLAN","PPLN DG AD 7+ WGT CK&R 34 LB"
"","7207143","","0","1","0","64.99","50","NEW","PURINA PRO PLAN","PPLN CT AD 7+ PR+ CK&R 5.5LB"
"","7206461","","0","1","0","44.99","25.62","LST","BLUE BUFFALO","BB CT KIT WILD SLM 5LB"
"","7201219","","0","1","0","129.99","86.05","LST","VITAL ESSENTIALS","VE DG FD RAW BF NIBS 3LB"
"","7200925","","0","1","0","16.99","8.5","NEW","GURU","GURU DG FG BRNYRD GRIFF LG"
"","7201221","","0","1","0","129.99","86.05","LST","VITAL ESSENTIALS","VE DG FD LMB&FS SOFT NIBS 3LB"
"","7207144","","0","1","0","53.99","42","NEW","PURINA PRO PLAN","PPLN CT ALL STAGES CK&R 5.5LB"
"","7200913","","0","1","0","18.99","9.5","OOS","MEOWIJUANA","MEOW CT CATNIBAS ROLLIES 6PC"
"","7239786","","0","1","0","12.99","6.5","NEW","FOUFIT","FFIT DG MIGHTY CHEW BONE 1EA"
"","7200922","","0","1","0","16.99","8.5","NEW","GURU","GURU DG FG BRNYRD BOSSY LG"
"","7206466","","0","1","0","31.99","18.05","NEW","FLEXI","FLEXI DG CLSC TAPE OLV SM 16FT"
"","7200920","","0","1","0","11.99","6","NEW","GURU","GURU DG TENNIS MAX BALL LG"
"","7207150","","0","1","0","107.99","81.91","LST","PURINA PRO PLAN","PPLN DG ADV DGT SP SL&OAT 22LB"
"","7201228","","0","1","0","88.99","56.38","LST","ROYAL CANIN","RCBHN DG CAVALIER AD 10LB"
"","7239470","","0","1","0","15.99","8","INOT","FOUFIT","FFIT DG TUGGIES UNICORN 1EA"
"","7239168","","0","1","0","16.99","8.5","INOT","FOUFIT","FFIT DG BRIGHTBUGS GLW WRM 1EA"
"","7206008","","0","1","0","25.99","17.83","LST","THE HONEST KITCHEN","HK DG PRTN PLS GF BF TPR 12OZ"
"","7199760","","0","1","0","18.99","9.5","LST","FLUVAL","FL MINI GLS CLNR 1EA"
"","7201230","","0","1","0","37.99","22.85","LST","ROYAL CANIN","RCBHN DG CAVALIER PUP 3LB"
"","7198478","","12","12","0","2.14","1.6475","NEW","BARKER'S","BRKS DG T BNE 13.2OZ"
"","7200294","","0","1","0","42.99","33.75","LST","SWHEAT SCOOP","SWHEAT CT SCP TRIPL ACTION28LB"
"","7239785","","0","1","0","12.99","6.5","NEW","FOUFIT","FFIT DG MIGHTY CHEW JAX 1EA"
"","7198085","30664","0","1","0","10.99","5.5","LST","KAYTEE","KT FRTDT HMS & GER 3LB"
"","7200660","","0","12","0","5.49","3.6258","LST","OPEN FARM","OPFM DG GF CHK HRTY STW 12.5OZ"
"","7206874","","0","1","0","12.99","6.5","INOT","FOUFIT","FFIT DG VELV KNOT RING BRN 1EA"
"","7200919","","1","1","0","14.99","7.5","NEW","GURU","GURU DG SQUEAKING ROPE MD"
"","7207145","","0","1","0","55.99","42","NEW","PURINA PRO PLAN","PPLN CT ADV SNR SPRT CK&R 5LB"
"","7201229","","0","1","0","39.99","25","LST","ROYAL CANIN","RCFHN CT KIT LIF MULTIPK 12PK"
"","7206469","","0","1","0","39.99","20.45","NEW","FLEXI","FLEXI DG CLSC TAPE OLV LG 16FT"
"","7206015","","0","1","0","38.99","27.2","LST","BLUE BUFFALO","BB CT TF CHK&GRVY BRWNRICE 7LB"
"","7275190","","0","8","0","7.99","3.995","INOT","FOUFIT","FFIT DG MONSTER LATEX 1EA"
"","7206712","","0","1","0","26.99","13.5","NEW","TALL TAILS","TLTL DG HIGHLAND SHEEP 1EA"
"","7272820","","0","4","1","3.99","2.3","LST","PETAG","PETAG  CT CAT-SIP MILK 8OZ"
"","7200927","","0","1","0","16.99","8.5","NEW","GURU","GURU DG FG BRNYRD RICK LG"
"","7201175","","0","12","0","5.99","4.1058","LST","OPEN FARM","OPFM DG DH WHF & PLK 12.5OZ"
"","7239167","","0","1","0","16.99","8.5","INOT","FOUFIT","FFIT DG BRIGHTBUGS BTTRFLY 1EA"
"","7200835","","1","1","0","16.99","9.25","NEW","FLEXI","FLEXI CT CLSC CORD PINK XS 9FT"
"","7207141","","0","24","0","2.69","1.6333","NEW","PURINA PRO PLAN","PPLN CT SPEC SLMN ENT 3 OZ"
"","7206006","","0","1","0","45.99","31.55","LST","THE HONEST KITCHEN","HK DG WF CLSTR WG LMB 4LB"
"","7206468","","0","1","0","36.99","18.71","NEW","FLEXI","FLEXI DG CLSC TAPE OLV MD 16FT"
"","7232829","","0","12","0","3.79","2.5967","LST","OPEN FARM","OPFM CT GF TK/S HRTY MSL 5.3OZ"
"","7200661","","0","12","0","5.49","3.6258","LST","OPEN FARM","OPFM DG GF TKSL HRTY ST 12.5OZ"
"","7207148","","0","1","0","64.99","50","NEW","PURINA PRO PLAN","PPLN CT LIVECLR WGT MGT 5.5LB"
"","7206010","","0","1","0","25.99","17.83","LST","THE HONEST KITCHEN","HK DG PRTN PLS GF FSH TPR 12OZ"
"","7201227","18488","0","24","0","3.59","2.1775","LST","ROYAL CANIN","RCFHN CT AGE 11PL SLC 3OZ"
"","7201214","","0","1","0","59.99","35.99","NEW","FLEXI","FLEXI DG XTR TAPE LG ORN 16FT"
"","7200658","","0","1","0","27.99","18.88","LST","GO! SOLUTIONS","GO! DG DNT IMM CHK SLM 4LB"
"","7200654","","0","1","0","79.99","53.95","LST","GO! SOLUTIONS","GO! DG DNT IMM CHK SLM 18LB"
"","7171324","6406672","0","1","0","199.99","127","LST","PETSAFE","PETSF CT SCOOPFREE CRYSTL CLS"
"","7206467","","0","1","0","1.99","0.05","LST","GO! SOLUTIONS","GO! DG DNT IMM CHK SLM SMP 3OZ"
"","7239484","","0","1","0","18.99","9.5","NEW","FOUFIT","FFIT DG MIGHTY CHEW PULLLY 1EA"
"","7201174","","0","12","0","5.99","4.1058","LST","OPEN FARM","OPFM DG S&C PLK SLM 12.5OZ"
"","7201186","","0","18","0","3.49","2.3911","LST","OPEN FARM","OPFM CT DH WTFS PLK 2.8OZ"
"","7200916","","0","1","0","13.99","7","NEW","MEOWIJUANA","MEOW CT SLVRVN FRT STCKS 5PC"
"","7207147","","0","1","0","55.99","42","NEW","PURINA PRO PLAN","PPLN CT ADV DGS SPRT SLM&R 5LB"
"","7200323","","0","1","0","42.99","29","LST","GO! SOLUTIONS","GO! CT DNTL IMM CHK SLM 6LB"
"","7200917","","0","1","0","19.99","10","NEW","GURU","GURU DG LICKY BONE MD"
"","7207156","","0","1","0","37.99","27.07","LST","PURINA PRO PLAN","PPLN DG SPEC SB SH LMB&R 6LB"
"","7207151","","0","1","0","107.99","81.91","LST","PURINA PRO PLAN","PPLN DG ADV DGS LB SL&OT 22LB"
"","7206014","","0","1","0","88.99","69","LST","BLUE BUFFALO","BB DG WILD LMB 24LB"
"","7201226","6240985","0","24","14.75","4.69","2.7188","LST","ROYAL CANIN","RCFHN CT SNR 11+ SFT MSSE 5.OZ"
"","7270119","","1","1","0","16.99","8.5","NEW","KONG","KONG CT TEASER FRIENDSHIP 1EA"
"","7201180","","0","12","0","4.49","3.0775","LST","OPEN FARM","OPFM CT DH WTFS PLK 5.3OZ"
"","7201179","","0","12","0","4.49","3.0775","LST","OPEN FARM","OPFM CT S&C SLM 5.3OZ"
"","7206004","","0","1","0","149.99","102.89","LST","THE HONEST KITCHEN","HK DG WF CLSTR WG LMB 18LB"
"","7207152","","0","1","0","107.99","81.91","NEW","PURINA PRO PLAN","PPLN DG ADV SNR SP CK&R 22LB"
"","7206489","","0","1","0","84.99","46.74","NEW","BAILEY & BELLA","B&B ORTHO PLW BED GRY 50x40IN"
"","7200921","","0","1","0.25","16.99","8.5","NEW","GURU","GURU DG FG BRNYRD BESSIE LG"
"","7200929","","0","1","0","1.49","0.05","LST","GO! SOLUTIONS","GO! CT DNT IMM CHK SLM 3OZ SMP"
"","7239469","","0","1","0","15.99","8","INOT","FOUFIT","FFIT DG TUGGIES OTTER 1EA"
"","7201181","","0","12","0","4.49","3.0775","LST","OPEN FARM","OPFM CT HW CHK&WHTFSH 5.3OZ"
"","7207140","","0","24","0","2.69","1.6333","NEW","PURINA PRO PLAN","PPLN CT SPEC OC WTFSH ENT 3 OZ"
"","7206872","","0","1","0","12.99","6.5","INOT","FOUFIT","FFIT DG VELV KNOT RING BLU 1EA"
"","7201225","18131","0","1","0","68.99","39.58","LST","ROYAL CANIN","RCFHN CT AGE 11PL 6LB"
"","7205994","","0","18","0","3.49","2.3911","LST","OPEN FARM","OPFM CT HW CHK&WHTFSH 2.8 OZ"
"","7200672","","0","12","0","3.79","2.5967","LST","OPEN FARM","OPFM CT GF HRTY MSL 5.3OZ"
"","7201185","","0","18","0","3.49","2.3911","LST","OPEN FARM","OPFM CT S&C SLM 2.8OZ"
"","7200918","","1","1","0","16.99","8.5","NEW","GURU","GURU DG BOBBLE BALL LG"
"","7201223","","0","24","0","3.19","1.85","LST","ROYAL CANIN","RCBHN DG AD FB LOAF 3OZ"
"","7201178","","0","12","0","5.99","4.1058","LST","OPEN FARM","OPFM DG HW CHK&WFSH 12.5OZ"
"","7239471","","0","1","0","15.99","8","INOT","FOUFIT","FFIT DG TUGGIES DINO 1EA"
"","7200926","","0","1","0","16.99","8.5","NEW","GURU","GURU DG FG BRNYRD PORKY LG"
"","7206007","","0","1","0","51.99","35.67","LST","THE HONEST KITCHEN","HK DG WF CLSTR GF LMB 4LB"
"","7206013","","0","1","0","34.99","23.75","LST","BLUE BUFFALO","BB DG WILD LMB 4.5LB"
"","7200652","","0","1","0","23.99","16.18","LST","GO! SOLUTIONS","GO! CT DNTL IMM CHK SLM 2.5LB"
"","7239483","","0","1","0","12.99","6.5","INOT","FOUFIT","FFIT DG PPLUSH TURTLE SM 1EA"
"","7195389","","0","1","0","24.99","20.49","LST","TIDY CATS","TIDY CT LW F&C UNSC MLTI12LB"
"","7200293","","0","1","0","26.99","18.75","LST","SWHEAT SCOOP","SWHEAT SCP CT TRIPL ACTION14LB"
"","7199764","","0","1","0","10.99","5.71","LST","FLUVAL","FL FLX 2.0 PLY-CRB CRTG 3PK"
"","7201176","","0","12","0","3.79","2.5967","LST","OPEN FARM","OPFM CT GF BF HRTY MSL 5.3OZ"
"","7206876","","0","1","0","16.99","8.5","NEW","FOUFIT","FFIT DG MIGHTY CHEW STICK 1EA"
"","7198477","","12","12","0","2.14","1.6475","NEW","BARKER'S","BRKS DG BCN CHSBG 13.2OZ"
"","7206710","","0","1","0","34.99","20.99","INOT","TERRITORY","TERI DG JUMBO MAMMOTH 1EA"
"","7207155","","0","1","0","38.99","27.78","LST","PURINA PRO PLAN","PPLN DG AD SB WGT CK&R 6 LB"
"","7201207","","1","1","0","24.99","12.5","NEW","KONG","KONG CT PLYGRND POOL TABLE 1EA"
"","7200670","","0","12","0","5.49","3.6258","LST","OPEN FARM","OPFM DG GF CHBF HRTY ST 12.5OZ"
"","7206460","","0","1","0","38.99","27.2","LST","BLUE BUFFALO","BB CT TF SLM&GRVY BRWNRICE 7LB"
"","6632550","","0","1","0","11.99","6.25","LST","ANIMORA","ANMRA DG MIRCO FNGRBRSH 2PK"
"","6766816","","0","1","0","28.99","13.5","LST","ANIMORA","ANMRA DG CRNBRY DNTL GEL 6.7OZ"
"","6237266","","0","1","0","249.99","150","LST","PETSAFE","PETSF DG SMRT AUTO FDR 1EA"
"","7280963","","1","1","0","32.99","21.5","NEW","ACANA","ACANA DG CLDWTR FSH 4.4LB"
"","7280965","","2","1","0","31.99","20.84","NEW","ACANA","ACANA DG HRT BF/PRK 4.4LB"
"","7281340","","1","1","0","98.99","67.95","NEW","ACANA","ACANA DG HRT BF/PRK 25LB"
"","7280964","","1","1","0","99.99","68.63","NEW","ACANA","ACANA DG CLDWTR FSH 25LB"
"","7281341","","0","1","0","35.99","23.45","NEW","ACANA","ACANA DG SNGLS BF&PMP 4LB"
"","7281346","","1","1","0","120.99","83.05","NEW","ACANA","ACANA DG SNGLS BF&PMPK 23.8LB"
"","6786023","","0","1","0","19.99","10","LST","PETITE PISTACHE","PPIST DG MSH HRNSS PNK 3XS"
"","6786024","","0","1","0","21.99","11","LST","PETITE PISTACHE","PPIST DG MSH HRNSS FSCHIA XS"
"","6786025","","0","1","0.25","21.99","11","LST","PETITE PISTACHE","PPIST DG MSH HRNSS PNK XS"
"","6786026","","0","1","0","19.99","10","LST","PETITE PISTACHE","PPIST DG MSH HRNSS FSCHIA 3XS"
"","6786028","","0","1","0","19.99","10","LST","PETITE PISTACHE","PPIST DG MSH HRNSS BLK 3XS"
"","6786029","","0","1","0","21.99","11","LST","PETITE PISTACHE","PPIST DG MSH HRNSS LGT BLU XS"
"","6786027","","0","1","0","21.99","11","LST","PETITE PISTACHE","PPIST DG MSH HRNSS BLK XS"
"","6786052","","0","1","0","20.99","10.5","LST","CLOE E CLUZO","CEC CT MESH HARNESS RED SM/MD"
"","6786053","","0","1","0","21.99","11","LST","CLOE E CLUZO","CEC CT MESH HARNESS RED L/XL"
"","6786022","","0","1","0","20.99","10.5","LST","PETITE PISTACHE","PPIST DG MSH HRNSS PNK 2XS"
"","6786080","","0","1","0.25","20.99","10.5","LST","PETITE PISTACHE","PPIST DG MSH HRNSS FSCHIA 2XS"
"","6786744","","0","1","0","19.99","10","LST","PETITE PISTACHE","PPIST DG MSH HRNSS LGT BLU 3XS"
"","6786745","","0","1","0","20.99","10.5","LST","PETITE PISTACHE","PPIST DG MSH HRNSS LGT BLU 2XS"
"","6786746","","0","1","0","20.99","10.5","LST","PETITE PISTACHE","PPIST DG MSH HRNSS BLK 2XS"
"","6848454","","0","1","0","20.99","10.5","LST","PETITE PISTACHE","PPIST DG MSH HRNSS RED 2XS"
"","6848455","","0","1","0","19.99","10","LST","PETITE PISTACHE","PPIST DG HRNS BLU GRY STRI 3XS"
"","6848456","","0","1","0","20.99","10.5","LST","PETITE PISTACHE","PPIST DG HRNS BLU GRY STRI 2XS"
"","6848457","","0","1","0","19.99","10","LST","PETITE PISTACHE","PPIST DG MSH HRNSS GRY 3XS"
"","6848458","","0","1","0","20.99","10.5","LST","PETITE PISTACHE","PPIST DG MSH HRNSS GRY 2XS"
"","6848459","","0","1","0","19.99","10","LST","PETITE PISTACHE","PPIST DG MSH HRNSS PNK PLD 3XS"
"","6848460","","0","1","0","20.99","10.5","LST","PETITE PISTACHE","PPIST DG MSH HRNSS PNK PLD 2XS"
"","6848453","","0","1","0","19.99","10","LST","PETITE PISTACHE","PPIST DG MSH HRNSS RED 3XS"
"","7243704","66804","0","1","0","6.49","3","LST","LIVING WORLD","LW HMS HNY STCK 2PK 3.17OZ"
"","7277893","66821","0","1","0","5.99","2.5","LST","LIVING WORLD","LW BDG HNY DRZZL STK 2PK 3.2OZ"
"","7277894","66822","0","1","0","5.99","2.5","LST","LIVING WORLD","LW BDG FRT MDLY STCK 2PK 3.2OZ"
"","7277895","66824","0","1","0","5.99","2.5","LST","LIVING WORLD","LW CNRY HNY DRZL STK 2PK 2.3OZ"
"","7277897","66826","0","1","0","5.99","2.5","LST","LIVING WORLD","LW FNCH EGG DLT STK 2PK 1.76OZ"
"","7277899","66827","0","1","0","5.99","2.5","LST","LIVING WORLD","LW FNCH FRT STCK 2PK 2.1OZ"
"","7277917","66830","0","1","0","6.99","3.5","LST","LIVING WORLD","LW PRRT FRT MDLY STK 2PK 3.5OZ"
"","7277927","66828","0","1","0.25","5.99","2.5","LST","LIVING WORLD","LW CKTL NT CRNCH STK 2PK 3.2OZ"
"","7277928","66829","1","1","0","5.99","2.5","LST","LIVING WORLD","LW CKTL FRT MDLY STK 2PK 3.2OZ"
"","7278129","66825","0","1","0","5.99","2.5","LST","LIVING WORLD","LW CNRY FRT STCK 2PK 2.1OZ"
"","7288458","40578","0","1","0","19.99","10","LST","API","API STRS ZYME 8OZ"
"","7316165","66806","0","1","0","6.49","3","LST","LIVING WORLD","LW GP HNY STCK 2PK 3.17OZ"
"","7316166","66808","0","1","0","6.49","3","LST","LIVING WORLD","LW RBT HNY STCK 2PK 3.17OZ"
"","7206873","","0","1","0","12.99","6.5","INOT","FOUFIT","FFIT DG VELV KNOT BONE BLU 1EA"
"","7206875","","0","1","0","12.99","6.5","INOT","FOUFIT","FFIT DG VELV KNOT BONE BRN 1EA"
"","7239166","","0","1","0","8.99","4.94","INOT","FOUFIT","FFIT DG ZOOCHEW OTTER 1EA"
"","6786063","","0","1","0","11.99","6","LST","CLOE E CLUZO","CEC CT ADJ CLLR PNK ROSES 1EA"
"","6786071","","0","1","0","11.99","6","LST","CLOE E CLUZO","CEC CT ADJ CLLR GREY FISH 1EA"
"","6786074","","0","1","0","11.99","6","NEW","CLOE E CLUZO","CEC CT ADJ CLLR BLU FISH 1EA"
"","6786075","","0","1","0","11.99","6","LST","CLOE E CLUZO","CEC CT ADJ CLLR CHEVRONS 1EA"
"","6786065","","0","1","0.25","11.99","6","LST","CLOE E CLUZO","CEC CT ADJ CLLR PUR ROSES 1EA"
"","6786907","","0","1","0","21.99","11","NEW","CLOE E CLUZO","CEC CT RFLCTV BUNG LSH RD 4FT"
"","6786909","","0","1","0","11.99","6","LST","CLOE E CLUZO","CEC CT CAT TIE LEAD BLK 4FT"
"","6786911","","0","1","0","11.99","6","LST","CLOE E CLUZO","CEC CT RFLCTV COLLAR PNK 1EA"
"","6786913","","0","1","0","11.99","6","LST","CLOE E CLUZO","CEC CT RFLCTV COLLAR TURQ 1EA"
"","6786918","","0","1","0","12.99","6.5","LST","CLOE E CLUZO","CEC CT OVERSIZE ADJ CLLR 1EA"
"","6786908","","0","1","0","21.99","11","OOS","CLOE E CLUZO","CEC CT RFLCTV BUNG LSH BLK 4FT"
"","7199079","","0","1","0","99.99","60","OOS","CATIT","CATIT PIXI SS UVC FTAN 1EA"
"","7275615","1503768","2","1","0.25","8.99","4.75","LST","API","API TAP WTR COND 4OZ"
"","7301218","","0","1","0","22.99","11.5","NEW","OXBOW","OXB HAY BLNDS TMTHY TEFF 40OZ"
"","7301219","","0","1","0","9.99","3.75","NEW","OXBOW","OXB SMR SA BKD TRT BBY&BSL 3OZ"
"","6469810","","0","1","0","59.99","29.24","NEW","GRANVILLE ISLAND PET TREATERY","GRAN DG CT SARDINE TRT 14.11oz"
"","7061059","","0","1","0","33.99","17.5","NEW","MOJO PET SUPPLEMENTS","MJO DG DUCK CHEW 268g"
"","7170529","","0","1","0","9.99","5","NEW","KONG","KONG CT CRACKLES NOODLES 1EA"
"","7174683","","0","1","0","249.99","150","LST","FLUVAL","FL FLX 2.0 AQRM KIT 15GAL"
"","7195344","","2","1","0","9.99","5","NEW","KONG","KONG CT CRACKLES SARDINE 1EA"
"","IA407","","0","1","0","41.99","27.5","NEW","OMEGA ALPHA","OA DG PROBIOTIC8 Pls 10OZ"
"","W1497","","0","1","0","24.99","16.4","NEW","OMEGA ALPHA","OA DG PROBIOTIC8 PLS 5OZ"
"","6409089","","0","1","0","21.99","12.75","NEW","COMPANIONS CHOICE","CMPN DG PRE PRO PASTE 30ML"
"","6739577","","0","1","0","33.99","17.5","NEW","MOJO PET SUPPLEMENTS","MJO DG CHKN CHEW 275G"
"","6739585","","0","1","0","65.99","38","NEW","COMPANIONS CHOICE","CMPN DG PRE PRO PWD 300G"
"","6739584","","0","1","0","33.99","18.7","NEW","MOJO PET SUPPLEMENTS","MJO DG BEEF LIVER CHEW 288g"
"","7052736","","0","12","0","5.99","2.995","NEW","KONG","KONG CT SCRTTLS HGHLND CW ASST"
"","7168649","","0","1","0","11.99","6","NEW","KONG","KONG CT WUBBA BUTTERFLY 1EA"
"","7205993","","0","1","0","21.99","13.41","NEW","COLLACHEWS","CC DG DNTL CHW SM 12.5oz"
"","7206137","","0","1","0","21.99","13.41","NEW","COLLACHEWS","CC DG DNTL CHW M 12.5oz"
"","7206138","","0","1","0","21.99","13.41","NEW","COLLACHEWS","CC DG DNTL CHW LG 12.5oz"
"","6251793","","0","1","0","14.99","7.5","OOS","MEOWIJUANA","MEOW CT SILVERVINE STICKS 6PC"
"","6251794","","0","1","0.25","14.99","7.5","OOS","MEOWIJUANA","MEOW CT PURPLE PASSION 0.9OZ"
"","6470991","","0","1","0","40","25.92","INOT","CHUCKIT","CI BUCKET DG ULTRA BALL MD 8PK"
"","6473780","","0","1","0","14.99","7.5","OOS","MEOWIJUANA","MEOW CT KALICO KUSH 0.9OZ"
"","6654745","","0","1","0","14.99","7.5","OOS","MEOWIJUANA","MEOW CT HONEYSUCKLE HAZE 0.9OZ"
"","6654743","","0","1","0","14.99","7.5","OOS","MEOWIJUANA","MEOW CT CATNIP SPRAY 3OZ"
"","6668636","","1","1","0","19.99","12","NEW","COMPANIONS CHOICE","CMPN CT PRE+PRO PWD 55G"
"","6673062","","0","1","0.25","33.99","20","NEW","COMPANIONS CHOICE","CMPN DG PRE+PRO PWD 125G"
"","6740393","","0","1","0.25","14.99","7.5","OOS","MEOWIJUANA","MEOW CT CTNP SLVRVNE SPRY 3OZ"
"","6743835","","0","1","0","19.99","10","NEW","KONG","KONG CT CNNCTS PNCHNG BAG 1EA"
"","6743851","","0","1","0.25","14.99","7.5","OOS","MEOWIJUANA","MEOW CT SPICY PCKLE KICKER 1EA"
"","6744386","","0","1","0","16.99","8.5","OOS","MEOWIJUANA","MEOW CT JMPN JMB FNKY MNKY 1EA"
"","6763599","","0","1","0","18.99","9.5","NEW","TALL TAILS","TLTL DG STUFFLESS SQUIRREL 1EA"
"","6786040","","0","1","0","13.99","7","LST","PETITE PISTACHE","PPIST DG COLLAR BLK STRPS SM"
"","6786041","","0","1","0","13.99","7","LST","PETITE PISTACHE","PPIST DG COLLAR CACTUS SM"
"","6786042","","0","1","0.25","13.99","7","LST","PETITE PISTACHE","PPIST DG COLLAR PINK FLWRS SM"
"","6786043","","0","1","0","13.99","7","LST","PETITE PISTACHE","PPIST DG COLLAR PINK DOTS SM"
"","6786044","","0","1","0","11.99","6","LST","PETITE PISTACHE","PPIST DG COLLAR PINK DOTS 2XS"
"","6786045","","0","1","0","11.99","6","LST","PETITE PISTACHE","PPIST DG COLLAR BLK STRPS 2XS"
"","6786046","","0","1","0","11.99","6","LST","PETITE PISTACHE","PPIST DG COLLAR CACTUS 2XS"
"","6786050","","0","1","0","12.99","6.5","LST","PETITE PISTACHE","PPIST DG LEASH BLUE DOTS 5FT"
"","6786049","","0","1","0","12.99","6.5","LST","PETITE PISTACHE","PPIST DG LEASH PINK DOTS 5FT"
"","6786047","","0","1","0","11.99","6","LST","PETITE PISTACHE","PPIST DG COLLAR BLUE DOTS 2XS"
"","6786069","","0","1","0","11.99","6","LST","PETITE PISTACHE","PPIST DG COLLAR PNK FLWRS 2XS"
"","6786048","","0","1","0","12.99","6.5","LST","PETITE PISTACHE","PPIST DG LSH BLACK STRIPES 5FT"
"","6786051","","0","1","0.25","12.99","6.5","LST","PETITE PISTACHE","PPIST DG LSH PINK FLOWERS 5FT"
"","6786396","","0","1","0","13.99","7","NEW","MEOWIJUANA","MEOW CT LOLLIS SLVRVN CTNP 3PC"
"","6786747","","0","1","0","12.99","6.5","LST","PETITE PISTACHE","PPIST DG LEASH CACTUS 5FT"
"","6786899","","0","1","0","11.99","6","LST","PETITE PISTACHE","PPIST DG RHNSTONE CLLR BLK 2XS"
"","6786898","","0","1","0","13.99","7","LST","PETITE PISTACHE","PPIST DG LEASH BLACK 5FT"
"","6786900","","0","1","0","14.99","7.5","LST","PETITE PISTACHE","PPIST DG RHNSTONE CLLR BLK XS"
"","6786901","","0","1","0","11.99","6","LST","PETITE PISTACHE","PPIST DG RHNSTONE CLLR PNK 2XS"
"","6797687","","1","1","0","16.99","8.5","NEW","GURU","GURU DG SQKNG TENNIS ROPE MD"
"","6797688","","1","1","0","19.99","10","NEW","GURU","GURU DG SQUKNG TENNIS ROPE LG"
"","6971448","","0","1","0","14.99","7.5","OOS","MEOWIJUANA","MEOW CT BBBLY TRPCAL FSH 2PK"
"","Y4466","","0","1","0","16.99","8.5","OOS","MEOWIJUANA","MEOW CT BUZZED BEE WAND 1EA"
"","Y4467","","0","1","0","14.99","7.5","OOS","MEOWIJUANA","MEOW CT SMOKED RNBW TROUT 1EA"
"","7058900","","0","1","0","25.99","19.05","NEW","ARM & HAMMER","A&H MULTI CT HBALL LTR 3.17kg"
"","7272821","","0","1","0","21.99","9.75","NEW","PETAG","PETAG KT KMR GOAT MILK LQD16OZ"
"","7272822","","0","1","0","21.99","9.05","LST","PETAG","ESBILAC PUP GOAT MILK LQD 16OZ"
"","7288462","","0","24","0","2.99","1.85","NEW","MERRICK","MRK CT PB SLM&SP GRVY 3OZ"
"","7288465","","0","24","0","2.99","1.85","NEW","MERRICK","MRK CT PB CH& BF GRVY 3OZ"
"","7289498","","0","24","0","2.99","1.85","NEW","MERRICK","MRK CT PB GF COD GRVY 3OZ"
"","7289499","","0","24","0","2.99","1.85","NEW","MERRICK","MRK CT PB PRK GRVY 3OZ"
"","7289800","","0","1","0","12.99","8.03","NEW","MERRICK","MRK CT PFT CHK/SHRM 6.3OZ"
"","7290657","","0","1","0","12.99","8.03","NEW","MERRICK","MRK CT PFT TN MSECHK 6.3OZ"
"","7290958","","0","1","0","12.99","8.03","NEW","MERRICK","MRK CT PFT TN MSE SOL 6.3OZ"
"","7290959","","0","1","0","12.99","8.03","NEW","MERRICK","MRK CT PFT CHK&SLM 6.3OZ"
"","7290960","","0","1","0","12.99","8.03","NEW","MERRICK","MRK CT PFT CHK&TN MSE 6.3OZ"
"","7289197","","0","24","0","2.99","1.85","NEW","MERRICK","MRK CT PB TNA CD GRVY 3OZ"
"","7292465","","0","1","0","33.99","21.08","NEW","MERRICK","MRK CT PB GF WFSH 4LB"
"","7293076","","0","1","0","33.99","21.08","NEW","MERRICK","MRK CT PB GF LMB 4LB"
"","7312190","1102284","0","1","0","39.99","27.16","LST","FIRST MATE","FM WG CT&KIT 11LB"
"","7316190","6232544","0","1","0","39.99","27.59","OOS","FIRST MATE","FM CT WG INDR 11LB"
"","6221625","","1","1","0","89.99","74.77","LST","PURINA PRO PLAN","PPLN CT SS&S LMB&R 16LB"
"","7316862","","0","1","0","125.99","92.92","NEW","HILL'S SCIENCE DIET","SD DG AD SLM&RICE 24LB"
"","7318130","","0","1","0","43.99","28.65","NEW","HILL'S SCIENCE DIET","SD DG AD SLM&RICE 3.5LB"
"","7318131","","0","1","0","91.99","63.99","NEW","HILL'S SCIENCE DIET","SD DG AD SLM&RICE 12LB"
"","7316863","","0","1","0","42.99","28.31","NEW","HILL'S SCIENCE DIET","SD CT AD SS&S SLM&RICE 3.5LB"
"","7316868","","0","1","0","74.99","49.8","NEW","HILL'S SCIENCE DIET","SD CT AD SS&S SLM&RICE 6LB"
"","7316876","","0","1","0","118.99","86.5","NEW","HILL'S SCIENCE DIET","SD CT AD SS&S SLM&RICE 13LB"
"","6238733","","0","1","0","72.99","50.43","LST","OPEN FARM","OPFM DG FD PK 22OZ"
"","6240264","","0","1","0","16.99","11.74","LST","OPEN FARM","OPFM DG FD PK 3.5OZ"
"","6465769","","0","1","0","19.99","13.71","LST","OPEN FARM","OPFM DG TK BONE BROTH 33.8OZ"
"","6656829","","0","1","0","49.99","34.54","LST","OPEN FARM","OPFM DG FD TK PATTIES 17.5OZ"
"","6656830","","0","1","0","49.99","34.54","LST","OPEN FARM","OPFM DG FD CK PATTIES 17.5OZ"
"","6656831","","0","1","0","52.99","36.6","LST","OPEN FARM","OPFM DG FD BF PATTIES 17.5OZ"
"","6658161","","0","1","0","35.99","24.69","LST","OPEN FARM","OPFM DG FD SRF&TRF PATT 10.5OZ"
"","6658160","","0","1","0","52.99","36.6","LST","OPEN FARM","OPFM DG FD SRF&TRF PATT 17.5OZ"
"","7206729","","0","1","0","38.99","26.94","LST","OPEN FARM","OPFM DG RAWMIX GF PUP 3.5LB"
"","7206732","","0","1","0","42.99","29.7","LST","OPEN FARM","OPFM DG RAWMIX AG GRTPLN 3.5LB"
"","7206730","","0","1","0","34.99","24.18","LST","OPEN FARM","OPFM DG RAWMIX AG PUP 3.5LB"
"","7206731","","0","1","0","44.99","31.09","LST","OPEN FARM","OPFM DG RAWMIX GF GRTPLN 3.5LB"
"","7206735","","0","1","0","46.99","32.93","LST","OPEN FARM","OPFM DG GOODGUT BF 3.5LB"
"","7206736","","0","1","0","46.99","32.23","LST","OPEN FARM","OPFM DG EPIC BLEND GF CK 3.5LB"
"","7206738","","0","1","0","48.99","33.6","LST","OPEN FARM","OPFM DG EPIC BLEND GF BF 3.5LB"
"","7206737","","0","1","0","46.99","32.23","LST","OPEN FARM","OPFM DG EPIC BLEND GF SL 3.5LB"
"","7206793","","0","1","0","126.99","88.97","LST","OPEN FARM","OPFM DG RAWMIX GF PUP 20LB"
"","7206799","","0","1","0","139.99","98.09","LST","OPEN FARM","OPFM DG GOODGUT BF 19LB"
"","7206797","","0","1","0","129.99","91.08","LST","OPEN FARM","OPFM DG GOODGUT CHK 19LB"
"","7206794","","0","1","0","122.99","86.17","LST","OPEN FARM","OPFM DG RAWMIX AG PUP 20LB"
"","7206798","","0","1","0","134.99","94.59","LST","OPEN FARM","OPFM DG GOODGUT SLM 19LB"
"","7206802","","0","1","0","139.99","96.03","LST","OPEN FARM","OPFM DG EPIC BLEND GF BF 18LB"
"","7206803","","0","1","0","46.99","32.47","LST","OPEN FARM","OPFM DG GOODGUT SLM 3.5LB"
"","7206800","","0","1","0","134.99","92.6","LST","OPEN FARM","OPFM DG EPIC BLEND GF CK 18LB"
"","7251661","","0","1","0","41.99","27.9","NEW","ANIMALS LIKE US","ALU DG RWMX50 CHK 2LB"
"","7251664","","0","1","0","17.99","12","NEW","ANIMALS LIKE US","ALU DG RW100 FD CHK 4OZ"
"","7251668","","0","1","0","0.01","0.01","NEW","ANIMALS LIKE US","ALU DG RWMX50 BF SMP 1.4OZ"
"","7251662","","0","1","0","41.99","27.9","NEW","ANIMALS LIKE US","ALU DG RWMX50 BF 2LB"
"","7251665","","0","1","0","17.99","12","NEW","ANIMALS LIKE US","ALU DG RW100 FD BF 4OZ"
"","7275090","","0","1","0","136.99","95.98","LST","OPEN FARM","OPFM DG RAWMIX AG GRTPLN 20LB"
"","7275097","","0","1","0","134.99","92.6","LST","OPEN FARM","OPFM DG EPIC BLEND GF SL 18LB"
"","7275096","","0","1","0","44.99","31.09","LST","OPEN FARM","OPFM DG GOODGUT CHK 3.5LB"
"","7281287","","0","1","0","48.99","32.55","NEW","ANIMALS LIKE US","ALU DG RW100 FD BF 13OZ"
"","7281288","","0","1","0","0.01","0.01","NEW","ANIMALS LIKE US","ALU DG RW100 FD BF SMP 0.7OZ"
"","7282160","","0","1","0","139.99","98.09","LST","OPEN FARM","OPFM DG RAWMIX GF GRTPLN 20LB"
"","7317492","","0","1","0","55.99","45.15","NEW","HILL'S SCIENCE DIET","SD DG AD VRTPK CK&BF 13OZ 12PK"
"","7317515","","0","1","0","16.99","11.29","NEW","ANIMALS LIKE US","ALU DG RWMX50 FSH 8OZ"
"","7321165","","0","1","0","55.99","45.15","NEW","HILL'S SCIENCE DIET","SD DG 7+ VRT CK&BF 13OZ 12PK"
"","7324602","","0","1","0","45.99","30.7","NEW","ANIMALS LIKE US","ALU DG RWMX50 FSH 2LB"
"","7317481","","0","1","0","13.99","9.3","NEW","ANIMALS LIKE US","ALU DG RWMX50 BF 8OZ"
"","7324669","","0","12","0","2.99","2.37","OOS","PURINA ONE","PUR ONE DG BF&BIS GRVY 13OZ"
"","7324605","","0","1","0","48.99","32.55","NEW","ANIMALS LIKE US","ALU DG RW100 FD CHK 13OZ"
"","7324604","","0","1","0","13.99","9.3","NEW","ANIMALS LIKE US","ALU DG RWMX50 CHK 8OZ"
"","7328894","","0","12","0","5.99","4.065","NEW","NOW FRESH","NOW DG GG WG CHK STW 12.5OZ"
"","7328896","","0","12","0","5.99","4.065","NEW","NOW FRESH","NOW DG GG GF BEEF STW 12.5OZ"
"","7328897","","0","12","0","5.99","4.065","NEW","NOW FRESH","NOW DG GG GF BF/LMB STW 12.5OZ"
"","7331151","","12","12","0","5.99","4.065","NEW","NOW FRESH","NOW DG GG GF CHK/SL STW 12.5OZ"
"","6471581","","0","1","0","22.99","14.51","NEW","ODOURLOCK","ODLK CLMBRZ ULT CLP LTR 12KG"
"","6471583","","0","1","0","22.99","14.51","NEW","ODOURLOCK","ODLK LAV ULT CLP LTR 12KG"
"","6473641","","0","24","0","2.69","1.6333","LST","PURINA PRO PLAN","PPLN CT URINARY TK&GB AD 3OZ"
"","6739799","","0","1","0","42.99","29.3","LST","VITAL ESSENTIALS","VE CT FD RAW CK NIBS 12OZ"
"","6739800","","0","1","0","28.99","19.76","LST","VITAL ESSENTIALS","VE CT FD RAW CK PATTIES 8OZ"
"","6739802","","0","1","0","43.99","29.99","LST","VITAL ESSENTIALS","VE CT FD RAW TK NIBS 12OZ"
"","6739803","","0","1","0","29.99","20.45","LST","VITAL ESSENTIALS","VE CT FD RAW TK PATTIES 8OZ"
"","6739807","","0","1","0","41.99","28.62","LST","VITAL ESSENTIALS","VE CT FD RAW RB PATTIES 8OZ"
"","6739806","","0","1","0","65.99","44.98","LST","VITAL ESSENTIALS","VE CT FD RAW RB NIBS 12OZ"
"","6743890","","0","1","0","15.99","8.5","LST","ANIMORA","ANMRA CT CRNBRY DNTL GEL 3OZ"
"","6780408","","0","1","0","22.99","14.51","NEW","ODOURLOCK","ODLK BBYPWDR ULT CLP LTR 12KG"
"","6848047","","0","24","0","3.39","2.0396","LST","PURINA PRO PLAN","PPLN CT CMP ESN WTFSH&TN 5.5OZ"
"","7061516","","0","1","0","54.99","37.5","LST","VITAL ESSENTIALS","VE CT FD DK SOFT NIBS 12OZ"
"","7061518","","0","1","0","43.99","29.99","LST","VITAL ESSENTIALS","VE CT FD PRK SOFT NIBS 12OZ"
"","7061520","","0","1","0","42.99","29.3","LST","VITAL ESSENTIALS","VE CT FD CK SOFT NIBS 12OZ"
"","7067429","","0","1","0","32.99","22.82","NEW","CANADA FRESH","CF CT SLM 4LB"
"","7067431","","0","1","0","24.99","17.21","NEW","CANADA FRESH","CF CT CHK 4LB"
"","7067433","","0","1","0","59.99","42.3","NEW","CANADA FRESH","CF CT CHK 11LB"
"","7067435","","0","1","0","73.99","51.7","NEW","CANADA FRESH","CF CT SLM 11LB"
"","7278121","","0","1","0","39.99","26.03","NEW","ROYAL CANIN","RCFHN CT AGE 11+ SLC GVY 12PK"
"","7278122","","0","1","0","39.99","26.03","NEW","ROYAL CANIN","RCFCN CT WGT TSG 12PK"
"","7278123","","0","1","0","39.99","26.03","NEW","ROYAL CANIN","RCFCN CT HAIR&SKN 12PK"
"","7317484","","0","1","0","43.99","31.08","NEW","HILL'S SCIENCE DIET","SD CT VRTY TK&CHK 5.5OZ 12PK"
"","7317490","","0","1","0","43.99","31.08","NEW","HILL'S SCIENCE DIET","SD CT AD VRTY CHK 5.5OZ 12PK"
"","7328898","","0","12","0","2.79","1.8817","NEW","NOW FRESH","NOW CT GG GF CHK/TN PRSTEW 3OZ"
"","7329202","","0","12","0","2.79","1.8817","NEW","NOW FRESH","NOW CT GG GF CHK PRPATE 3OZ"
"","7329203","","0","12","0","2.79","1.8817","NEW","NOW FRESH","NOW CT GG GF CHK/SL PRFLK 3OZ"
"","7329201","","0","12","0.75","2.79","1.8817","NEW","NOW FRESH","NOW CT GG GF DCK PRSTEW 3OZ"
"","B2124","","0","1","0","14.99","9.44","NEW","ODOURLOCK","ODLK CT UNSCN ULT CLP LTR 6KG"
"","7331999","59455","0","1","0","499.99","374.99","LST","PETSAFE","PET SF DG CMPCT WLSS FNCE 1EA"
"","7331997","","0","1","0","5","3","INOT","SILVER PAW","SP DG BAMBOO FIBER CHEW 1EA"
"","7331998","","6","1","0","5","2.75","INOT","SILVER PAW","SP DG FLOATING BALL ASST 1EA"
"","7327551","","0","10","0","4.99","3.3","NEW","ODOURLOCK","ODLK MAXCR HLTH GRNL LTR 8gr"
"","7338234","6408915","0","1","0","72.99","49.23","LST","GO! SOLUTIONS","GO! CT GUT HLTH SL WG 12LB"
"","7340115","","1","1","0","7.99","4","LST","ROSEWOOD NATURALS","RWN SA CRRT MDW STKS 4.95OZ"
"","7340171","","1","1","0","22.99","12.64","LST","ROSEWOOD NATURALS","RWN HAY N TREAT MAZE 9.7OZ"
"","7340172","","0","1","0","17.99","9.89","OOS","ROSEWOOD NATURALS","RWN SA CELEBRATION CAKE 8.11OZ"
"","7340173","","0","1","0","13.99","7","LST","ROSEWOOD NATURALS","RWN NIBBLE N GNAW STACKR3.53OZ"
"","7340175","","0","1","0","7.99","4","OOS","ROSEWOOD NATURALS","RWN DANDELION MDW STCKS 4.95OZ"
"","1503543","","0","4","0","14.99","7.25","ROS","PETRAGEOUS","PTRGS MY SPOILED CAT MUG 24OZ"
"","IA118","","0","1","0","6.99","2.75","NEW","VERSELE-LAGA","VL CRSPY STK FRUIT 2PK 110G"
"","IA119","","0","1","0","6.99","2.75","NEW","VERSELE-LAGA","VL CRSPY STK RC & VEG 2PK 110G"
"","Z6416","","0","1","0","6.99","2.75","NEW","VERSELE-LAGA","VL CRSPY STK FRST FRT 2PK 110G"
"","7342578","","1","1","0","9.99","5","LST","SCIENCE SELECTIVE","SS EARLY YEARS CARE 3.5OZ"
"","7342577","","1","1","0","9.99","5","LST","SCIENCE SELECTIVE","SS CALM & RELAX CARE 3.5OZ"
"","7340221","6472459","0","1","0.25","38.99","22.92","LST","OPEN FARM","OPFM DG SKIN COAT CHEWS 90CT"
"","7340222","6472458","1","1","0.25","38.99","22.93","LST","OPEN FARM","OPFM DG HIP JOINT CHEWS 90CT"
"","7340223","6472462","0","1","0","44.99","26.46","LST","OPEN FARM","OPFM DG IMMUNITY CHEWS 90CT"
"","S6227","","0","1","0","0","114.95","LST","PET VALU","MK 4FT DIR FRAME EA"
"","7356084","51677","1","1","0.25","8.49","3.5","LST","VERSELE-LAGA","VL PRS CNRY TRT STCK 3PK 3.1OZ"