"Item No","Order Multiple","Average Sales Last 4 Weeks","Life Cycle Status","Substituted Item","Retail Price","Wholesale Price","Item Description","Brand"
"7280963","1","0","NLST","","32.99","21.5","ACANA DG CLDWTR FSH 4.4LB","ACANA"
"7280965","1","0","NLST","","31.99","20.84","ACANA DG HRT BF/PRK 4.4LB","ACANA"
"7280964","1","0","NLST","","99.99","68.63","ACANA DG CLDWTR FSH 25LB","ACANA"
"7281341","1","0","NLST","","35.99","23.45","ACANA DG SNGLS BF&PMP 4LB","ACANA"
"7281340","1","0","NLST","","98.99","67.95","ACANA DG HRT BF/PRK 25LB","ACANA"
"7281346","1","0","NLST","","120.99","83.05","ACANA DG SNGLS BF&PMPK 23.8LB","ACANA"
"6409038","1","0","SDIS","","35.99","18.44","GFP ALL TRN BTS CHAR 1XS","GF PET"
"6409043","1","0","SDIS","","41.99","21.51","GFP ALL TRN BTS CHAR 1XXL","GF PET"
"6409037","1","0","SDIS","","31.99","16.39","GFP ALL TRN BTS CHAR 1XXS","GF PET"
"6409039","1","0","SDIS","","36.99","18.95","GFP ALL TRN BTS CHAR 1SM","GF PET"
"6409040","1","0","SDIS","","37.99","19.46","GFP ALL TRN BTS CHAR 1MD","GF PET"
"6409041","1","0","SDIS","","39.99","20.49","GFP ALL TRN BTS CHAR 1LG","GF PET"
"6409042","1","0","SDIS","","40.99","21","GFP ALL TRN BTS CHAR 1XL","GF PET"
"6252694","1","0","SDIS","","42.99","22.31","GFP DG CHALET SWT RED 1XXS","GF PET"
"6252695","1","0","SDIS","","45.99","23","GFP DG CHALET SWT RED 1XS","GF PET"
"6252696","1","0","SDIS","","46.99","24.39","GFP DG CHALET SWT RED 1S","GF PET"
"6252697","1","0","SDIS","","47.99","24.91","GFP DG CHALET SWT RED 1M","GF PET"
"6252700","1","0","SDIS","","49.99","25.94","GFP DG CHALET SWT RED 1XXL","GF PET"
"6252698","1","0","SDIS","","48.99","25.43","GFP DG CHALET SWT RED 1L","GF PET"
"6252699","1","0","SDIS","","49.99","25.94","GFP DG CHALET SWT RED 1XL","GF PET"
"6238700","1","0","SDIS","","70.99","35.49","CP SOFT SHD BOOT BLKSZ 3","CANADA POOCH"
"6238701","1","0","SDIS","","70.99","35.49","CP SOFT SHD BOOT BLKSZ 4","CANADA POOCH"
"6238698","1","0","SDIS","","65.99","32.99","CP SOFT SHD BOOT BLKSZ 1","CANADA POOCH"
"6238703","1","0","SDIS","","75.99","37.99","CP SOFT SHD BOOT BLKSZ 6","CANADA POOCH"
"6238699","1","0","SDIS","","65.99","32.99","CP SOFT SHD BOOT BLKSZ 2","CANADA POOCH"
"6465664","1","0","SDIS","","75.99","37.99","CP SOFT SHD BOOT RED SZ 5","CANADA POOCH"
"6465665","1","0","SDIS","","75.99","37.99","CP SOFT SHD BOOT RED SZ 6","CANADA POOCH"
"6465741","1","0","SDIS","","70.99","35.49","CP SOFT SHD BOOT RED SZ 3","CANADA POOCH"
"6465742","1","0","SDIS","","65.99","32.99","CP SOFT SHD BOOT RED SZ 2","CANADA POOCH"
"6465740","1","0","NLST","","70.99","35.49","CP SOFT SHD BOOT RED SZ 4","CANADA POOCH"
"6465743","1","0","SDIS","","65.99","32.99","CP SOFT SHD BOOT RED SZ 1","CANADA POOCH"
"6238702","1","0","SDIS","","75.99","37.99","CP SOFT SHD BOOT BLKSZ 5","CANADA POOCH"
"6446630","1","0","SDIS","","75.99","41.79","CP SUSPENDER BTS BLK LONG SZ1","CANADA POOCH"
"6446631","1","0","SDIS","","75.99","41.79","CP SUSPENDER BTS BLK LONG SZ2","CANADA POOCH"
"6446632","1","0","SDIS","","75.99","41.79","CP SUSPENDER BTS BLK SHORT SZ2","CANADA POOCH"
"6446633","1","0","SDIS","","80.99","44.54","CP SUSPENDER BTS BLK LONG SZ3","CANADA POOCH"
"6446635","1","0","SDIS","","80.99","44.54","CP SUSPENDER BTS BLK LONG SZ4","CANADA POOCH"
"6446637","1","0","SDIS","","85.99","47.29","CP SUSPENDER BTS BLK LONG SZ5","CANADA POOCH"
"6446634","1","0","SDIS","","80.99","44.54","CP SUSPENDER BTS BLK SHORT SZ3","CANADA POOCH"
"6446636","1","0","SDIS","","80.99","44.54","CP SUSPENDER BTS BLK SHORT SZ4","CANADA POOCH"
"6446638","1","0","SDIS","","85.99","47.29","CP SUSPENDER BTS BLK LONG SZ6","CANADA POOCH"
"6446896","1","0","SDIS","","59.99","31.13","GFP RECYCLED PARKA CAMO 1XXS","GF PET"
"6446897","1","0","SDIS","","66.99","34.76","GFP RECYCLED PARKA CAMO 1XS","GF PET"
"6446898","1","0","SDIS","","68.99","35.8","GFP RECYCLED PARKA CAMO 1SM","GF PET"
"6446899","1","0","SDIS","","69.99","36.32","GFP RECYCLED PARKA CAMO 1MD","GF PET"
"6446900","1","0","SDIS","","74.99","38.91","GFP RECYCLED PARKA CAMO 1LG","GF PET"
"6446901","1","0","SDIS","","79.99","41.51","GFP RECYCLED PARKA CAMO 1XL","GF PET"
"6446903","1","0","SDIS","","89.99","46.7","GFP RECYCLED PARKA CAMO 1XXXL","GF PET"
"6446902","1","0","SDIS","","84.99","44.1","GFP RECYCLED PARKA CAMO 1XXL","GF PET"
"6446904","1","0","SDIS","","94.99","49.29","GFP RECYCLED PARKA CAMO 1XXXXL","GF PET"
"6447198","1","0","SDIS","","16.99","9.06","PB DG H26 FZ DR TRKY&SP 2.5oz","PUREBITES"
"6447408","1","0","NLST","","8.99","4.05","OMH DG F26 P-NUTTIER16oz","OLD MOTHER HUBBARD"
"6477583","1","0","SDIS","","27.99","14","GZ DG REG BOOTS BLK 1MD","GOO-EEZ"
"6477585","1","0","SDIS","","29.99","15","GZ DG REG BOOTS BLK 1XL","GOO-EEZ"
"6477587","1","0","SDIS","","19.99","10","GZ DG REG BOOTS RD BLK 1XXS","GOO-EEZ"
"6477589","1","0","DISC","","24.99","12.5","GZ DG REG BOOTS RD BLK 1SM","GOO-EEZ"
"6529682","1","0","SDIS","","34.99","17.5","GZ DG LITES BOOTS BLK 1SM","GOO-EEZ"
"6529684","1","0","SDIS","","37.99","19","GZ DG LITES BOOTS BLK 1LG","GOO-EEZ"
"6529686","1","0","SDIS","","42.99","21.5","GZ DG LITES BOOTS BLK 1XXL","GOO-EEZ"
"6477580","1","0","SDIS","","19.99","10","GZ DG REG BOOTS BLK 1XXS","GOO-EEZ"
"6477582","1","0","SDIS","","24.99","12.5","GZ DG REG BOOTS BLK 1SM","GOO-EEZ"
"6477584","1","0","SDIS","","27.99","14","GZ DG REG BOOTS BLK 1LG","GOO-EEZ"
"6477586","1","0","SDIS","","32.99","16.5","GZ DG REG BOOTS BLK 1XXL","GOO-EEZ"
"6477588","1","0","SDIS","","19.99","10","GZ DG REG BOOTS RD BLK 1XS","GOO-EEZ"
"6477593","1","0","SDIS","","32.99","16.5","GZ DG REG BOOTS RD BLK 1XXL","GOO-EEZ"
"6529680","1","0","SDIS","","29.99","15","GZ DG LITES BOOTS BLK 1XXS","GOO-EEZ"
"6529681","1","0","SDIS","","29.99","15","GZ DG LITES BOOTS BLK 1XS","GOO-EEZ"
"6529683","1","0","SDIS","","37.99","19","GZ DG LITES BOOTS BLK 1MD","GOO-EEZ"
"6529685","1","0","SDIS","","39.99","20","GZ DG LITES BOOTS BLK 1XL","GOO-EEZ"
"6529687","1","0","SDIS","","19.99","10","GZ DG REG BOOTS BLK 1XS","GOO-EEZ"
"6761070","1","0","SDIS","","45.99","18.4","B&B F24 LT REFL JKT CHAR S","BAILEY & BELLA"
"6761071","1","0","SDIS","","49.99","20","B&B F24 LT REFL JKT CHAR M","BAILEY & BELLA"
"6761074","1","0","SDIS","","59.99","24","B&B F24 LT REFL JKT CHAR 2XL","BAILEY & BELLA"
"6761069","1","0","SDIS","","45.99","18.4","B&B F24 LT REFL JKT CHR XS","BAILEY & BELLA"
"6761073","1","0","SDIS","","55.99","22.4","B&B F24 LT REFL JKT CHAR XL","BAILEY & BELLA"
"6761072","1","0","SDIS","","49.99","20","B&B F24 LT REFL JKT CHAR L","BAILEY & BELLA"
"6761075","1","0","SDIS","","54.99","22","B&B W24 SLUSH SUIT BLACK 2XS","BAILEY & BELLA"
"6761076","1","0","SDIS","","59.99","24","B&B W24 SLUSH SUIT BLACK XS","BAILEY & BELLA"
"6761081","1","0","SDIS","","74.99","30","B&B W24 SLUSH SUIT BLACK XL","BAILEY & BELLA"
"6761086","1","0","SDIS","","84.99","34","B&B W24 SLUSH SUIT BLACK 4XL","BAILEY & BELLA"
"6761434","1","0","SDIS","","75.99","41.79","CP SUSPENDER BTS RED LONG SZ2","CANADA POOCH"
"6761339","1","0","SDIS","","99.99","50","CP HARNESS SNOWSUIT BLK 12IN","CANADA POOCH"
"6761077","1","0","SDIS","","59.99","24","B&B W24 SLUSH SUIT BLACK S","BAILEY & BELLA"
"6761345","1","0","SDIS","","124.99","62.5","CP HARNESS SNOWSUIT BLK 22IN","CANADA POOCH"
"6761084","1","0","SDIS","","79.99","32","B&B W24 SLUSH SUIT BLACK 2XL","BAILEY & BELLA"
"6761348","1","0","SDIS","","139.99","70","CP HARNESS SNOWSUIT BLK 28IN","CANADA POOCH"
"6761342","1","0","SDIS","","108.99","54.5","CP HARNESS SNOWSUIT BLK 16IN","CANADA POOCH"
"6761346","1","0","SDIS","","130.99","65.5","CP HARNESS SNOWSUIT BLK 24IN","CANADA POOCH"
"6761436","1","0","SDIS","","80.99","44.54","CP SUSPENDER BTS RED LONG SZ3","CANADA POOCH"
"6761343","1","0","SDIS","","113.99","57","CP HARNESS SNOWSUIT BLK 18IN","CANADA POOCH"
"6761347","1","0","SDIS","","135.99","68","CP HARNESS SNOWSUIT BLK 26IN","CANADA POOCH"
"6761344","1","0","SDIS","","119.99","60","CP HARNESS SNOWSUIT BLK 20IN","CANADA POOCH"
"6761078","1","0","SDIS","","64.99","26","B&B W24 SLUSH SUIT BLACK M","BAILEY & BELLA"
"6761080","1","0","SDIS","","69.99","28","B&B W24 SLUSH SUIT BLACK L","BAILEY & BELLA"
"6761085","1","0","SDIS","","84.99","34","B&B W24 SLUSH SUIT BLACK 3XL","BAILEY & BELLA"
"6761337","1","0","SDIS","","95.99","48","CP HARNESS SNOWSUIT BLK 10IN","CANADA POOCH"
"6761042","1","0","SDIS","","92.99","46.5","CP HARNESS SNOWSUIT BLK 8IN","CANADA POOCH"
"6761341","1","0","SDIS","","103.99","52","CP HARNESS SNOWSUIT BLK 14IN","CANADA POOCH"
"6761438","1","0","SDIS","","80.99","44.54","CP SUSPENDER BTS RED LONG SZ4","CANADA POOCH"
"6761433","1","0","SDIS","","75.99","41.79","CP SUSPENDER BTS RED LONG SZ1","CANADA POOCH"
"6761478","1","0","SDIS","","49.99","25.85","GFP DG F24 FUZ SWEATER BLK 1XL","GF PET"
"6761450","1","0","SDIS","","74.99","38.91","GFP DG W24 NOR PARKA TEAL 1MD","GF PET"
"6761468","1","0","SDIS","","99.99","51.88","GFP DG W24 NOR PARKA TEAL 4XL","GF PET"
"6761471","1","0","SDIS","","46.99","24.35","GFP DG F24 FUZ SWEATER BLK 1SM","GF PET"
"6761464","1","0","SDIS","","89.99","46.7","GFP DG W24 NOR PARKA TEAL 2XL","GF PET"
"6761467","1","0","SDIS","","99.99","51.88","GFP DG W24 NOR PARKA CAYNE 4XL","GF PET"
"6761479","1","0","SDIS","","49.99","25.94","GFP DG F24 FUZ SWEATER BLK 2XL","GF PET"
"6761446","1","0","SDIS","","71.99","37.36","GFP DG W24 NOR PARKA TEAL 1XS","GF PET"
"6761452","1","0","SDIS","","79.99","38.48","GFP DG W24 NOR PARKA CAYNE 1LG","GF PET"
"6761475","1","0","SDIS","","48.99","25.46","GFP DG F24 FUZ SWEATER BLK 1LG","GF PET"
"6761454","1","0","SDIS","","84.99","44.1","GFP DG W24 NOR PARKA TEAL 1XL","GF PET"
"6761484","1","0","SDIS","","54.99","28.49","GFP DG F24 FUZ SWEATER BLK 4XL","GF PET"
"6761451","1","0","SDIS","","74.99","38.91","GFP DG W24 NOR PARKA CAYNE 1MD","GF PET"
"6761455","1","0","SDIS","","84.99","44.1","GFP DG W24 NOR PARKA CAYNE 1XL","GF PET"
"6761447","1","0","SDIS","","71.99","37.36","GFP DG W24 NOR PARKA CYN 1XS","GF PET"
"6761474","1","0","SDIS","","47.99","24.85","GFP DG F24 FUZ SWEATER BLK 1MD","GF PET"
"6761466","1","0","SDIS","","94.99","49.29","GFP DG W24 NOR PARKA CAYNE 3XL","GF PET"
"6761463","1","0","SDIS","","89.99","46.7","GFP DG W24 NOR PARKA CAYNE 2XL","GF PET"
"6761448","1","0","SDIS","","73.99","38.39","GFP DG W24 NOR PARKA CAYNE 1SM","GF PET"
"6761453","1","0","SDIS","","79.99","38.48","GFP DG W24 NOR PARKA TEAL 1LG","GF PET"
"6761482","1","0","SDIS","","51.99","26.96","GFP DG F24 FUZ SWEATER BLK 3XL","GF PET"
"6761449","1","0","SDIS","","73.99","38.39","GFP DG W24 NOR PARKA TEAL 1SM","GF PET"
"6761469","1","0","SDIS","","45.99","23.86","GFP DG F24 FUZ SWEATER BLK 1XS","GF PET"
"6761465","1","0","SDIS","","94.99","49.29","GFP DG W24 NOR PARKA TEAL 3XL","GF PET"
"6763531","1","0","SDIS","","84.99","44.19","GFP DG CLOUD PARKA PRPL 3XL","GF PET"
"6763527","1","0","SDIS","","69.99","36.39","GFP DG CLOUD PARKA PRPL 1LG","GF PET"
"6763525","1","0","SDIS","","63.99","33.27","GFP DG CLOUD PARKA PRPL 1SM","GF PET"
"6763529","1","0","SDIS","","74.99","38.99","GFP DG CLOUD PARKA PRPL 1XL","GF PET"
"6763530","1","0","SDIS","","79.99","41.59","GFP DG CLOUD PARKA PRPL 2XL","GF PET"
"6763526","1","0","SDIS","","64.99","33.79","GFP DG CLOUD PARKA PRPL 1MD","GF PET"
"6501750","1","0","SDIS","","106.99","53.5","CP DG HARNESS PUFFER BLK SZ22","CANADA POOCH"
"6501756","1","0","SDIS","","80.99","40.5","CP DG HARNESS PUFFER BLK SZ10","CANADA POOCH"
"6501755","1","0","SDIS","","85.99","43","CP DG HARNESS PUFFER BLK SZ12","CANADA POOCH"
"6501751","1","0","SDIS","","101.99","51","CP DG HARNESS PUFFER BLK SZ20","CANADA POOCH"
"6501752","1","0","SDIS","","99.99","50","CP DG HARNESS PUFFER BLK SZ18","CANADA POOCH"
"6501753","1","0","SDIS","","96.99","48.5","CP DG HARNESS PUFFER BLK SZ16","CANADA POOCH"
"6501754","1","0","SDIS","","89.99","45","CP DG HARNESS PUFFER BLK SZ14","CANADA POOCH"
"6952511","1","0","SDIS","","47.99","24.91","GFP DG F25 CHALET SWTR GRY 1MD","GF PET"
"6952501","1","0","SDIS","","45.99","23.87","GFP DG F25 CHALET SWTR TEL 1XS","GF PET"
"6952514","1","0","SDIS","","51.99","26.98","GFP DG F25 CHALET SWTR GRY 3XL","GF PET"
"6952507","1","0","SDIS","","51.99","26.98","GFP DG F25 CHALET SWTR TEL 3XL","GF PET"
"6952515","1","0","SDIS","","54.99","28.54","GFP DG F25 CHALET SWTR GRY 4XL","GF PET"
"6952504","1","0","SDIS","","48.99","25.43","GFP DG F25 CHALET SWTR TEL 1LG","GF PET"
"6952512","1","0","SDIS","","48.99","25.43","GFP DG F25 CHALET SWTR GRY 1LG","GF PET"
"6952513","1","0","SDIS","","49.99","25.94","GFP DG F25 CHALET SWTR GRY 2XL","GF PET"
"6952508","1","0","SDIS","","54.99","28.54","GFP DG F25 CHALET SWTR TEL 4XL","GF PET"
"6952510","1","0","SDIS","","46.99","24.39","GFP DG F25 CHALET SWTR GRY 1SM","GF PET"
"6952509","1","0","SDIS","","45.99","23.87","GFP DG F25 CHALET SWTR GRY 1XS","GF PET"
"6743067","1","0","SDIS","","49.99","25.94","GFP DG F25 CHALET SWTR GRY 1XL","GF PET"
"6952506","1","0","SDIS","","49.99","25.94","GFP DG F25 CHALET SWTR TEL 2XL","GF PET"
"6743036","1","0","SDIS","","42.99","22.31","GFP DG F25 CHALET SWTR GRY 2XS","GF PET"
"6970939","1","0","SDIS","","44.99","23.35","GFP DG F25 ONF LG BLNKT NV 1EA","GF PET"
"6971404","1","0","SDIS","","42.99","22.31","GFP DG F25 CHALET SWTR TEL 2XS","GF PET"
"6967904","1","0","SDIS","","89.99","45","CP DG W25 CC HRNS JKT BLK SZ12","CANADA POOCH"
"6967931","1","0","SDIS","","24.99","12.5","CP DG F25 SHRP AVR HAT BLK 1XL","CANADA POOCH"
"6967907","1","0","SDIS","","105.99","53","CP DG W25 CC HRNS JKT BLK SZ18","CANADA POOCH"
"6967909","1","0","SDIS","","119.99","60","CP DG W25 CC HRNS JKT BLK SZ22","CANADA POOCH"
"6967908","1","0","SDIS","","110.99","55.5","CP DG W25 CC HRNS JKT BLK SZ20","CANADA POOCH"
"6967928","1","0","SDIS","","24.99","12.5","CP DG F25 SHRP AVR HAT BLK 1SM","CANADA POOCH"
"6971166","1","0","SDIS","","46.99","24.39","GFP DG F25 CHALET SWTR TEL 1SM","GF PET"
"6967929","1","0","SDIS","","24.99","12.5","CP DG F25 SHRP AVR HAT BLK 1MD","CANADA POOCH"
"6967910","1","0","SDIS","","125.99","63","CP DG W25 CC HRNS JKT BLK SZ24","CANADA POOCH"
"6967905","1","0","SDIS","","94.99","47.5","CP DG W25 CC HRNS JKT BLK SZ14","CANADA POOCH"
"6967911","1","0","SDIS","","131.99","66","CP DG W25 CC HRNS JKT BLK SZ26","CANADA POOCH"
"6967912","1","0","SDIS","","134.99","67.5","CP DG W25 CC HRNS JKT BLK SZ28","CANADA POOCH"
"6967906","1","0","SDIS","","99.99","50","CP DG W25 CC HRNS JKT BLK SZ16","CANADA POOCH"
"6967930","1","0","SDIS","","24.99","12.5","CP DG F25 SHRP AVR HAT BLK 1LG","CANADA POOCH"
"6793768","1","0","SDIS","","12.99","7.72","RLLVR DG F26 BF STFD BONE 1EA","ROLLOVER"
"6740428","1","0","NLST","","7.99","4.75","RLLVR DG F26 BF BISCUITS 185G","ROLLOVER"
"7034882","1","0","SDIS","","79.99","33","B&B DG F25 HRN VST BLK 2XL","BAILEY & BELLA"
"7034880","1","0","SDIS","","79.99","33","B&B DG F25 HRN VST BLK L","BAILEY & BELLA"
"6993024","12","0","NLST","","6.99","4.2333","PB CT F26 FZ DR TRKY SNK 23G","PUREBITES"
"7034878","1","0","SDIS","","79.99","33","B&B DG F25 HRN VST BLK S","BAILEY & BELLA"
"7034879","1","0","SDIS","","79.99","33","B&B DG F25 HRN VST BLK M","BAILEY & BELLA"
"7034877","1","0","SDIS","","79.99","33","B&B DG F25 HRN VST BLK XS","BAILEY & BELLA"
"7034881","1","0","SDIS","","79.99","33","B&B DG F25 HRN VST BLK XL","BAILEY & BELLA"
"6740441","1","0","","","5.99","3.56","RLLVR DG F26 BF STFD HOOF 1EA","ROLLOVER"
"7039301","1","0","SDIS","","44.99","22.5","GO DG W25 WTPRF RV PRK RED 1SM","GOO-EEZ"
"7039296","1","0","SDIS","","54.99","27.5","GO DG W25 WTPRF RV PRK BLK 1LG","GOO-EEZ"
"7039262","1","0","SDIS","","59.99","30","GO DG W25 WTPRF BDYSUT BLK 1XL","GOO-EEZ"
"7039240","1","0","SDIS","","39.99","20","GO DG W25 WTPRF RV PRK BLK 1XS","GOO-EEZ"
"7039304","1","0","SDIS","","59.99","30","GO DG W25 WTPRF RV PRK RED 2XL","GOO-EEZ"
"7039297","1","0","SDIS","","59.99","30","GO DG W25 WTPRF RV PRK BLK 1XL","GOO-EEZ"
"7039299","1","0","SDIS","","39.99","20","GO DG W25 WTPRF RV PRK RED 1XS","GOO-EEZ"
"7039292","1","0","SDIS","","59.99","30","GO DG W25 WTPRF BDYSUT GRY 1XL","GOO-EEZ"
"7039293","1","0","SDIS","","59.99","30","GO DG W25 WTPRF BDYSUT GRY 2XL","GOO-EEZ"
"7039303","1","0","SDIS","","59.99","30","GO DG W25 WTPRF RV PRK RED 1XL","GOO-EEZ"
"7039241","1","0","SDIS","","39.99","20","GO DG W25 WTPRF BDYSUT BLK 1XS","GOO-EEZ"
"7039295","1","0","SDIS","","49.99","25","GO DG W25 WTPRF RV PRK BLK 1MD","GOO-EEZ"
"7039294","1","0","SDIS","","44.99","22.5","GO DG W25 WTPRF RV PRK BLK 1SM","GOO-EEZ"
"7039261","1","0","SDIS","","59.99","30","GO DG W25 WTPRF BDYSUT BLK 1LG","GOO-EEZ"
"7039302","1","0","SDIS","","49.99","25","GO DG W25 WTPRF RV PRK RED 1MD","GOO-EEZ"
"7039260","1","0","SDIS","","49.99","25","GO DG W25 WTPRF BDYSUT BLK 1SM","GOO-EEZ"
"7039300","1","0","SDIS","","54.99","27.5","GO DG W25 WTPRF RV PRK RED 1LG","GOO-EEZ"
"7039298","1","0","SDIS","","59.99","30","GO DG W25 WTPRF RV PRK BLK 2XL","GOO-EEZ"
"7039239","1","0","SDIS","","49.99","25","GO DG W25 WTPRF BDYSUT BLK 1MD","GOO-EEZ"
"7039263","1","0","SDIS","","59.99","30","GZ DG W25 WTPRF BDYSUT BLK 2XL","GOO-EEZ"
"7039265","1","0","SDIS","","49.99","25","GZ DG W25 WTPRF BDYSUT GRY 1SM","GOO-EEZ"
"7039291","1","0","SDIS","","59.99","30","GZ DG W25 WTPRF BDYSUT GRY 1LG","GOO-EEZ"
"7039266","1","0","SDIS","","49.99","25","GZ DG W25 WTPRF BDYSUT GRY 1MD","GOO-EEZ"
"7039264","1","0","SDIS","","39.99","20","GZ DG W25 WTPRF BDYSUT GRY 1XS","GOO-EEZ"
"7049229","1","0","SDIS","","39.99","20.75","SP DG F25 HDY GREEN 1XL","SILVER PAW"
"7049228","1","0","SDIS","","39.99","20.75","SP DG F25 HDY GREEN 1LG","SILVER PAW"
"7049240","1","0","SDIS","","39.99","20.75","SP DG F25 HDY RED 1LG","SILVER PAW"
"7049226","1","0","SDIS","","39.99","20.75","SP DG F25 HDY GREEN 1SM","SILVER PAW"
"7049230","1","0","SDIS","","39.99","20.75","SP DG F25 HDY GREEN 1XXL","SILVER PAW"
"7049232","1","0","SDIS","","39.99","20.75","SP DG F25 HDY RED 1SM","SILVER PAW"
"7049242","1","0","SDIS","","39.99","20.75","SP DG F25 HDY RED 1XXL","SILVER PAW"
"7049239","1","0","SDIS","","39.99","20.75","SP DG F25 HDY RED 1MD","SILVER PAW"
"7049178","1","0","SDIS","","39.99","20.75","SP DG F25 HDY GREEN 1XS","SILVER PAW"
"7049227","1","0","SDIS","","39.99","20.75","SP DG F25 HDY GREEN 1MD","SILVER PAW"
"7049231","1","0","SDIS","","39.99","20.75","SP DG F25 HDY RED 1XS","SILVER PAW"
"7049241","1","0","SDIS","","39.99","20.75","SP DG F25 HDY RED 1XL","SILVER PAW"
"7206980","14","0","NLST","","4.49","2.2443","BOSCO DG HW26 LTTE ME LCK U1EA","BOSCO AND ROXY'S"
"7207008","1","0","NLST","","14.99","8","DR.KELLY DG FLL26 TK&PMP 2.6oz","DR KELLY"
"7205996","1","0","NLST","","12.99","6.35","NRTH BSC DG F26 TKY DNR 6OZ","NORTHERN BISCUIT"
"7206979","18","0","NLST","","4.49","2.2444","BOSCO DG HW26 GBBLE WBBLE 1EA","BOSCO AND ROXY'S"
"7206977","18","0","NLST","","3.99","1.9944","BOSCO DG HW26 KNTWTS EA","BOSCO AND ROXY'S"
"7206978","48","0","NLST","","2.19","1.0948","BOSCO DG HW26 PAW-PKIN CPS 1EA","BOSCO AND ROXY'S"
"7206975","36","0","NLST","","2.19","1.095","BOSCO DG HW26 HAYRIDE EA","BOSCO AND ROXY'S"
"7206976","18","0","NLST","","3.99","1.9944","BOSCO DG HW26 MR SPC&SPCE 1EA","BOSCO AND ROXY'S"
"7207007","1","0","NLST","","14.99","8","DR.KELLY DG HW26 CHK&APL 2.6oz","DR KELLY"
"7206000","1","0","NLST","","9.99","5.7","SPNKY PUP DG HW26 APLFRITR10oz","SPUNKY PUP"
"7207178","1","0","NLST","","70.99","36.03","CP DG SOFT SHD BOOT RFLT SZ 1","CANADA POOCH"
"7207179","1","0","NLST","","70.99","36.03","CP SOFT SHD BOOT RFLT SZ 2","CANADA POOCH"
"7207208","1","0","NLST","","75.99","38.57","CP SOFT SHD BOOT RFLT SZ 3","CANADA POOCH"
"7207209","1","0","NLST","","75.99","38.57","CP SOFT SHD BOOT RFLT SZ 4","CANADA POOCH"
"7207210","1","0","NLST","","80.99","41.11","CP SOFT SHD BOOT RFLT SZ 5","CANADA POOCH"
"7207212","1","0","NLST","","80.99","41.11","CP DG SUSPNDR BTS RFLT LNG SZ1","CANADA POOCH"
"7207211","1","0","NLST","","80.99","41.11","CP SOFT SHD BOOT RFLT SZ 6","CANADA POOCH"
"7207215","1","0","NLST","","85.99","43.65","CP DG SUSPNDR BTS RFLT LNG SZ3","CANADA POOCH"
"7207216","1","0","NLST","","85.99","43.65","CP DG SUSPNDR BTS RFLT SHT SZ3","CANADA POOCH"
"7207217","1","0","NLST","","85.99","43.65","CP DG SUSPNDR BTS RFLT LNG SZ4","CANADA POOCH"
"7207218","1","0","NLST","","85.99","43.65","CP DG SUSPNDR BTS RFLT SHT SZ4","CANADA POOCH"
"7207220","1","0","NLST","","90.99","46.18","CP DG SUSPNDR BTS RFLT LNG SZ6","CANADA POOCH"
"7207213","1","0","NLST","","80.99","41.11","CP DG SUSPNDR BTS RFLT LNG SZ2","CANADA POOCH"
"7207214","1","0","NLST","","80.99","41.11","CP DG SUSPNDR BTS RFLT SHT SZ2","CANADA POOCH"
"7207224","1","0","NLST","","73.99","39.03","CP DG WTPF SPRT PUFR CYNE SZ16","CANADA POOCH"
"7207222","1","0","NLST","","62.99","33.54","CP DG WTPF SPRT PUFR CYNE SZ12","CANADA POOCH"
"7207219","1","0","NLST","","90.99","46.18","CP DG SUSPNDR BTS RFLT LNG SZ5","CANADA POOCH"
"7207225","1","0","NLST","","76.99","41.24","CP DG WTPF SPRT PUFR CYNE SZ18","CANADA POOCH"
"7207226","1","0","NLST","","78.99","41.81","CP DG WTPF SPRT PUFR CYNE SZ20","CANADA POOCH"
"7207221","1","0","NLST","","57.99","31.44","CP DG WTPF SPRT PUFR CYNE SZ10","CANADA POOCH"
"7207227","1","0","NLST","","83.99","44.31","CP DG WTPF SPRT PUFR CYNE SZ22","CANADA POOCH"
"7207228","1","0","NLST","","86.99","45.63","CP DG WTPF SPRT PUFR CYNE SZ24","CANADA POOCH"
"7207264","1","0","NLST","","76.99","39.03","CP WTRPF SLUSH SUIT BLK SZ8","CANADA POOCH"
"7207223","1","0","NLST","","66.99","35.76","CP DG WTPF SPRT PUFR CYNE SZ14","CANADA POOCH"
"7207265","1","0","NLST","","78.99","40.05","CP WTRPF SLUSH SUIT BLK SZ10","CANADA POOCH"
"7207266","1","0","NLST","","83.99","42.59","CP WTRPF SLUSH SUIT BLK SZ12","CANADA POOCH"
"7207229","1","0","NLST","","89.99","45.2","CP DG WTPF SPRT PUFR CYNE SZ26","CANADA POOCH"
"7207267","1","0","NLST","","87.99","44.62","CP WTRPF SLUSH SUIT BLK SZ14","CANADA POOCH"
"7207268","1","0","NLST","","91.99","46.64","CP WTRPF SLUSH SUIT BLK SZ16","CANADA POOCH"
"7207270","1","0","NLST","","102.99","52.21","CP WTRPF SLUSH SUIT BLK SZ20","CANADA POOCH"
"7207271","1","0","NLST","","108.99","55.26","CP WTRPF SLUSH SUIT BLK SZ22","CANADA POOCH"
"7207230","1","0","NLST","","92.99","46.83","CP DG WTPF SPRT PUFR CYNE SZ28","CANADA POOCH"
"7207273","1","0","NLST","","119.99","60.84","CP WTRPF SLUSH SUIT BLK SZ26","CANADA POOCH"
"7207272","1","0","NLST","","113.99","57.8","CP WTRPF SLUSH SUIT BLK SZ24","CANADA POOCH"
"7207274","1","0","NLST","","122.99","62.35","CP WTRPF SLUSH SUIT BLK SZ28","CANADA POOCH"
"7207269","1","0","NLST","","97.99","49.69","CP WTRPF SLUSH SUIT BLK SZ18","CANADA POOCH"
"7207275","1","0","NLST","","24.99","12.59","CP DG WT RST FLC BLCVA CYNE SM","CANADA POOCH"
"7207276","1","0","NLST","","24.99","12.59","CP WTHR RST FLC BLCVA CYNE MD","CANADA POOCH"
"7207278","1","0","NLST","","24.99","12.59","CP WTHR RST FLC BLCVA CYNE XL","CANADA POOCH"
"7207281","1","0","NLST","","63.99","32.45","CP DG WTHR RST TCH VST CYNSZ12","CANADA POOCH"
"7207282","1","0","NLST","","67.99","34.48","CP DG WTHR RST TCH VST CYNSZ14","CANADA POOCH"
"7207283","1","0","NLST","","72.99","37","CP DG WTHR RST TCH VST CYNSZ16","CANADA POOCH"
"7207277","1","0","NLST","","24.99","12.59","CP WTHR RST FLC BLCVA CYNE LG","CANADA POOCH"
"7207279","1","0","NLST","","54.99","27.88","CP DG WTHR RST TCH VST CYNESZ8","CANADA POOCH"
"7207285","1","0","NLST","","78.99","40.05","CP DG WTHR RST TCH VST CYNSZ20","CANADA POOCH"
"7207286","1","0","NLST","","81.99","41.57","CP DG WTHR RST TCH VST CYNSZ22","CANADA POOCH"
"7207280","1","0","NLST","","58.99","29.91","CP DG WTHR RST TCH VST CYNSZ10","CANADA POOCH"
"7207287","1","0","NLST","","86.99","44.1","CP DG WTHR RST TCH VST CYNSZ24","CANADA POOCH"
"7207288","1","0","NLST","","90.99","46.13","CP DG WTHR RST TCH VST CYNSZ26","CANADA POOCH"
"7207289","1","0","NLST","","95.99","48.67","CP DG WTHR RST TCH VST CYNSZ28","CANADA POOCH"
"7207284","1","0","NLST","","75.99","38.53","CP DG WTHR RST TCH VST CYNSZ18","CANADA POOCH"
"7208919","1","0","NLST","","48.99","24.84","CP DG WTHR RST FLC PLV CYN SZ8","CANADA POOCH"
"7209221","1","0","NLST","","53.99","27.38","CP DG WTHR RST FLC PLV CYNSZ10","CANADA POOCH"
"7209222","1","0","NLST","","57.99","29.41","CP DG WTHR RST FLC PLV CYNSZ12","CANADA POOCH"
"7209223","1","0","NLST","","62.99","31.93","CP DG WTHR RST FLC PLV CYNSZ14","CANADA POOCH"
"7209225","1","0","NLST","","69.99","35.49","CP DG WTHR RST FLC PLV CYNSZ18","CANADA POOCH"
"7209226","1","0","NLST","","73.99","37.52","CP DG WTHR RST FLC PLV CYNSZ20","CANADA POOCH"
"7209227","1","0","NLST","","76.99","39.03","CP DG WTHR RST FLC PLV CYNSZ22","CANADA POOCH"
"7209228","1","0","NLST","","80.99","41.06","CP DG WTHR RST FLC PLV CYNSZ24","CANADA POOCH"
"7209229","1","0","NLST","","85.99","43.6","CP DG WTHR RST FLC PLV CYNSZ26","CANADA POOCH"
"7209224","1","0","NLST","","66.99","33.96","CP DG WTHR RST FLC PLV CYNSZ16","CANADA POOCH"
"7209230","1","0","NLST","","89.99","45.63","CP DG WTHR RST FLC PLV CYNSZ28","CANADA POOCH"
"7261048","1","0","NLST","","54.99","27.49","GFP STRM GLD PRKA FRZTD 1XXS","GF PET"
"7261050","1","0","NLST","","63.99","31.97","GFP STRM GLD PRKA FRZTD 1SM","GF PET"
"7261049","1","0","NLST","","61.99","30.97","GFP STRM GLD PRKA FRZTD 1XS","GF PET"
"7261054","1","0","NLST","","69.99","34.97","GFP STRM GLD PRKA SHWDMS 1L","GF PET"
"7261055","1","0","NLST","","74.99","37.46","GFP STRM GLD PRKA SHWDMS 1XL","GF PET"
"7261051","1","0","NLST","","64.99","32.5","GFP STRM GLD PRKA FRZTD 1M","GF PET"
"7261057","1","0","NLST","","84.99","42.5","GFP STRM GLD PRKA SHWDMS 1XXXL","GF PET"
"7261052","1","0","NLST","","69.99","34.97","GFP STRM GLD PRKA FRZTD 1L","GF PET"
"7261053","1","0","NLST","","79.99","39.98","GFP STRM GLD PRKA FRZTD 1XXL","GF PET"
"7261060","1","0","NLST","","74.99","37.5","GFP STRM GLD PRKA FRZTD 1XL","GF PET"
"7261058","1","0","NLST","","84.99","42.5","GFP STRM GLD PRKA SHWDMS 1 4XL","GF PET"
"7261061","1","0","NLST","","84.99","42.5","GFP STRM GLD PRKA FRZTD 1XXXL","GF PET"
"7261056","1","0","NLST","","79.99","39.96","GFP STRM GLD PRKA SHWDMS 1XXL","GF PET"
"7261063","1","0","NLST","","54.99","27.47","GFP STRM GLD PRKA SHWDMS 1XXS","GF PET"
"7261059","1","0","NLST","","54.99","27.5","GFP CLD MNT PFR VNTG NVY 2XS","GF PET"
"7261064","1","0","NLST","","61.99","30.97","GFP STRM GLD PRKA SHWDMS 1XS","GF PET"
"7261062","1","0","NLST","","89.99","45","GFP STRM GLD PRKA FRZTD 1 4XL","GF PET"
"7261066","1","0","NLST","","64.99","32.47","GFP STRM GLD PRKA SHWDMS 1M","GF PET"
"7261065","1","0","NLST","","63.99","31.97","GFP STRM GLD PRKA SHWDMS 1SM","GF PET"
"7261068","1","0","NLST","","63.99","31.97","GFP CLD MNT PFR CRDRY NVY SM","GF PET"
"7261067","1","0","NLST","","61.99","30.97","GFP CLD MNT PFR CRDRY NVY XS","GF PET"
"7261069","1","0","NLST","","64.99","32.47","GFP CLD MNT PFR CRDRY NVY M","GF PET"
"7261072","1","0","NLST","","79.99","39.96","GFP CLD MNT PFR CRDRY NVY XXL","GF PET"
"7261071","1","0","NLST","","74.99","37.46","GFP CLD MNT PFR CRDRY NVY XL","GF PET"
"7261073","1","0","NLST","","84.99","42.46","GFP CLD MNT PFR CRDRY NVY XXXL","GF PET"
"7261070","1","0","NLST","","69.99","34.97","GFP CLD MNT PFR CRDRY NVY L","GF PET"
"7261075","1","0","NLST","","54.99","27.47","GFP CLD MNT PFR ELDBRY  1XXS","GF PET"
"7261078","1","0","NLST","","64.99","32.47","GFP CLD MNT PFR ELDBRY 1M","GF PET"
"7261076","1","0","NLST","","61.99","30.97","GFP CLD MNT PFR ELDBRY  1XS","GF PET"
"7261074","1","0","NLST","","89.99","44.96","GFP CLD MNT PFR CRDRY NVY 4XL","GF PET"
"7261079","1","0","NLST","","69.99","34.97","GFP CLD MNT PFR ELDBRY 1L","GF PET"
"7261077","1","0","NLST","","63.99","31.97","GFP CLD MNT PFR ELDBRY 1SM","GF PET"
"7261082","1","0","NLST","","84.99","42.46","GFP CLD MNT PFR ELDBRY 1XXXL","GF PET"
"7261080","1","0","NLST","","74.99","37.46","GFP CLD MNT PFR ELDBRY 1XL","GF PET"
"7261081","1","0","NLST","","79.99","39.96","GFP CLD MNT PFR ELDBRY 1XXL","GF PET"
"7261083","1","0","NLST","","89.99","44.96","GFP CLD MNT PFR ELDBRY 1XXXXL","GF PET"
"7261086","1","0","NLST","","58.99","29.49","GFP DG DENIM JCKT LTWSH 1SM","GF PET"
"7261087","1","0","NLST","","59.99","29.97","GFP DENIM JCKT LTWSH 1MD","GF PET"
"7261085","1","0","NLST","","54.99","27.47","GFP DENIM JCKT LTWSH 1XS","GF PET"
"7261090","1","0","NLST","","74.99","37.46","GFP DENIM JCKT LTWSH 1XXL","GF PET"
"7261088","1","0","NLST","","64.99","32.47","GFP DENIM JCKT LTWSH 1LG","GF PET"
"7261089","1","0","NLST","","69.99","34.97","GFP DENIM JCKT LTWSH 1XL","GF PET"
"7261094","1","0","NLST","","44.99","22.48","GFP TRTLNCK SWTR GRN 1XXS","GF PET"
"7261093","1","0","NLST","","44.99","22.48","GFP TRTLNCK SWTR BLU 1XXS","GF PET"
"7261096","1","0","NLST","","45.99","22.98","GFP TRTLNCK SWTR BLU 1XS","GF PET"
"7261097","1","0","NLST","","45.99","22.98","GFP TRTLNCK SWTR GRN 1XS","GF PET"
"7261099","1","0","NLST","","46.99","23.48","GFP TRTLNCK SWTR BLU 1SM","GF PET"
"7261100","1","0","NLST","","46.99","23.48","GFP TRTLNCK SWTR GRN 1SM","GF PET"
"7261102","1","0","NLST","","47.99","23.98","GFP TRTLNCK SWTR BLU 1M","GF PET"
"7261106","1","0","NLST","","48.99","24.48","GFP TRTLNCK SWTR GRN 1L","GF PET"
"7261103","1","0","NLST","","47.99","23.98","GFP TRTLNCK SWTR GRN 1M","GF PET"
"7261109","1","0","NLST","","49.99","24.98","GFP TRTLNCK SWTR GRN 1XL","GF PET"
"7261108","1","0","NLST","","49.99","24.98","GFP TRTLNCK SWTR BLU 1XL","GF PET"
"7261105","1","0","NLST","","48.99","24.48","GFP TRTLNCK SWTR BLU 1L","GF PET"
"7261113","1","0","NLST","","51.99","25.97","GFP TRTLNCK SWTR BLU 1XXXL","GF PET"
"7261111","1","0","NLST","","50.99","25.47","GFP TRTLNCK SWTR GRN 1XXL","GF PET"
"7261114","1","0","NLST","","51.99","25.97","GFP TRTLNCK SWTR GRN 1XXXL","GF PET"
"7261116","1","0","NLST","","52.99","26.47","GFP TRTLNCK SWTR BLU 1XXXXL","GF PET"
"7261121","1","0","NLST","","41.99","20.98","GFP TRTLNCK SWTR BCHWD 1SM","GF PET"
"7261120","1","0","NLST","","40.99","20.48","GFP TRTLNCK SWTR BCHWD 1XS","GF PET"
"7261119","1","0","NLST","","37.99","18.98","GFP TRTLNCK SWTR BCHWD 1XXS","GF PET"
"7261117","1","0","NLST","","52.99","26.47","GFP TRTLNCK SWTR GRN 1XXXXL","GF PET"
"7261123","1","0","NLST","","43.99","21.98","GFP TRTLNCK SWTR BCHWD 1L","GF PET"
"7261122","1","0","NLST","","42.99","21.48","GFP TRTLNCK SWTR BCHWD 1M","GF PET"
"7261127","1","0","NLST","","49.99","24.98","GFP TRTLNCK SWTR BCHWD 1XXXXL","GF PET"
"7261125","1","0","NLST","","44.99","22.48","GFP TRTLNCK SWTR BCHWD 1XXL","GF PET"
"7261126","1","0","NLST","","46.99","23.48","GFP TRTLNCK SWTR BCHWD 1XXXL","GF PET"
"7261435","1","0","NLST","","9.99","5","GFP ANTISLP SOCKS BLK 1XSSM","GF PET"
"7261124","1","0","NLST","","44.99","22.48","GFP TRTLNCK SWTR BCHWD 1XL","GF PET"
"7261436","1","0","NLST","","9.99","5","GFP ANTISLP SOCKS BLK 1MDLG","GF PET"
"7261437","1","0","NLST","","10.99","5.49","GFP ANTISLP SOCKS BLK 1XLXXL","GF PET"
"7261438","1","0","NLST","","50.99","25.47","GFP TRTLNCK SWTR BLU 1XXL","GF PET"
"7278628","1","0","NLST","","41.99","20.95","SP DG DSHEDDING BDYST 1SM","SILVER PAW"
"7278627","1","0","NLST","","41.99","20.95","SP DG DSHEDDING BDYST 1XS","SILVER PAW"
"7278629","1","0","NLST","","41.99","20.95","SP DG DSHEDDING BDYST 1MD","SILVER PAW"
"7278631","1","0","NLST","","41.99","20.95","SP DG DSHEDDING BDYST 1XL","SILVER PAW"
"7278632","1","0","NLST","","41.99","20.95","SP DG DSHEDDING BDYST 1XXL","SILVER PAW"
"7278630","1","0","NLST","","41.99","20.95","SP DG DSHEDDING BDYST 1LG","SILVER PAW"
"7278633","1","0","NLST","","59.99","30.38","SP DG DTCHBLE BDYST NVY 1XS","SILVER PAW"
"7278637","1","0","NLST","","63.99","32.4","SP DG DTCHBLE BDYST NVY 1XL","SILVER PAW"
"7278638","1","0","NLST","","64.99","32.91","SP DG DTCHBLE BDYST NVY 1XXL","SILVER PAW"
"7278636","1","0","NLST","","62.99","31.89","SP DG DTCHBLE BDYST NVY 1LG","SILVER PAW"
"7278645","1","0","NLST","","33.99","16.54","SP DG STRP SWTR PNK 1XS","SILVER PAW"
"7278634","1","0","NLST","","59.99","30.38","SP DG DTCHBLE BDYST NVY 1SM","SILVER PAW"
"7278647","1","0","NLST","","33.99","16.54","SP DG STRP SWTR PNK 1MD","SILVER PAW"
"7278635","1","0","NLST","","61.99","31.39","SP DG DTCHBLE BDYST NVY 1MD","SILVER PAW"
"7278648","1","0","NLST","","33.99","16.54","SP DG STRP SWTR PNK 1LG","SILVER PAW"
"7278649","1","0","NLST","","33.99","16.54","SP DG STRP SWTR PNK 1XL","SILVER PAW"
"7278655","1","0","NLST","","33.99","16.54","SP DG CHVRN SWTR BEIGE 1XS","SILVER PAW"
"7278657","1","0","NLST","","33.99","16.54","SP DG CHVRN SWTR BEIGE 1MD","SILVER PAW"
"7278646","1","0","NLST","","33.99","16.54","SP DG STRP SWTR PNK 1SM","SILVER PAW"
"7278658","1","0","NLST","","33.99","16.54","SP DG CHVRN SWTR BEIGE 1LG","SILVER PAW"
"7278659","1","0","NLST","","33.99","16.54","SP DG CHVRN SWTR BEIGE 1XL","SILVER PAW"
"7278656","1","0","NLST","","33.99","16.54","SP DG CHVRN SWTR BEIGE 1SM","SILVER PAW"
"7288493","1","0","NLST","","43.99","22.28","SP DG YVES JCKT GRY 1SM","SILVER PAW"
"7288495","1","0","NLST","","44.99","22.77","SP DG YVES JCKT GRY 1LG","SILVER PAW"
"7288496","1","0","NLST","","44.99","22.77","SP DG YVES JCKT GRY 1XL","SILVER PAW"
"7288497","1","0","NLST","","44.99","22.77","SP DG YVES JCKT GRY 1XXL","SILVER PAW"
"7288494","1","0","NLST","","43.99","22.28","SP DG YVES JCKT GRY 1MD","SILVER PAW"
"6236642","1","0","NLST","","28","15.07","RC DG FLCE BLK GJBRY 8SZ","RC PETS"
"6236643","1","0","NLST","","29","15.61","RC DG FLCE BLK GJBRY 10SZ","RC PETS"
"6236644","1","0","NLST","","31","16.68","RC DG FLCE BLK GJBRY 12SZ","RC PETS"
"6236645","1","0","NLST","","33","17.76","RC DG FLCE BLK GJBRY 14SZ","RC PETS"
"6236646","1","0","NLST","","36","19.38","RC DG FLCE BLK GJBRY 16SZ","RC PETS"
"6236804","1","0","NLST","","38","20.45","RC DG FLCE BLK GJBRY 18SZ","RC PETS"
"6236806","1","0","NLST","","41","22.07","RC DG FLCE BLK GJBRY 20SZ","RC PETS"
"6471544","1","0","NLST","","54","27.67","RC DG DRIFT COAT BLK 8SZ","RC PETS"
"6471545","1","0","NLST","","72","36.89","RC DG DRIFT COAT GJBRY 22SZ","RC PETS"
"6471547","1","0","NLST","","76","38.94","RC DG DRIFT COAT BLK 24SZ","RC PETS"
"6471548","1","0","NLST","","76","38.94","RC DG DRIFT COAT GJBRY 24SZ","RC PETS"
"6471550","1","0","NLST","","79","40.47","RC DG DRIFT COAT BLK 26SZ","RC PETS"
"6471551","1","0","NLST","","79","40.47","RC DG DRIFT COAT GJBRY 26SZ","RC PETS"
"6471553","1","0","NLST","","84","43.04","RC DG DRIFT COAT BLK 28SZ","RC PETS"
"6471556","1","0","NLST","","88","45.08","RC DG DRIFT COAT BLK 30SZ","RC PETS"
"6471554","1","0","NLST","","84","43.04","RC DG DRIFT COAT GJBRY 28SZ","RC PETS"
"6471561","1","0","NLST","","70","35.86","RC DG DRIFT COAT BLK 20SZ","RC PETS"
"6471563","1","0","NLST","","66","33.81","RC DG DRIFT COAT BLK 18SZ","RC PETS"
"6471562","1","0","NLST","","70","35.86","RC DG DRIFT COAT GJBRY 20SZ","RC PETS"
"6471565","1","0","NLST","","54","27.67","RC DG DRIFT COAT GJBRY 8SZ","RC PETS"
"6471564","1","0","NLST","","72","36.89","RC DG DRIFT COAT BLK 22SZ","RC PETS"
"6471567","1","0","NLST","","56","28.69","RC DG DRIFT COAT BLK 10SZ","RC PETS"
"6471568","1","0","NLST","","56","28.69","RC DG DRIFT COAT GJBRY 10SZ","RC PETS"
"6471570","1","0","NLST","","58","29.71","RC DG DRIFT COAT BLK 12SZ","RC PETS"
"6471559","1","0","NLST","","66","33.81","RC DG DRIFT COAT GJBRY 18SZ","RC PETS"
"6471571","1","0","NLST","","58","29.71","RC DG DRIFT COAT GJBRY 12SZ","RC PETS"
"6471573","1","0","NLST","","60","30.74","RC DG DRIFT COAT BLK 14SZ","RC PETS"
"6471576","1","0","NLST","","64","32.79","RC DG DRIFT COAT BLK 16SZ","RC PETS"
"6471577","1","0","NLST","","64","32.79","RC DG DRIFT COAT GJBRY 16SZ","RC PETS"
"6471574","1","0","NLST","","60","30.74","RC DG DRIFT COAT GJBRY 14SZ","RC PETS"
"6744849","1","0","NLST","","9.99","5.7","SPNKY PUP DG HW26 PMPSPICE10oz","SPUNKY PUP"
"50517","1","0","SDIS","","7.99","4","RBS DG H25 COWBOY HAT BLK MDLG","RUBIES"
"50515","1","0","SDIS","","7.99","4","RBS DG H25 COWBOY HAT BLK SMMD","RUBIES"
"7041407","1","0","SDIS","","32.99","16.5","RBS DG H25 BZ LGHTYR BNDL MDLG","RUBIES"
"7041404","1","0","SDIS","","32.99","16.5","RBS DG H25 BZ LGHTYR BNDL SMMD","RUBIES"
"7205997","1","0","NLST","","10.99","5","NRTH BSC DG HW26 DRCLAC 8.4OZ","NORTHERN BISCUIT"
"7206865","1","0","NLST","","27.99","14","KONG DG H26 KNT SNAKE PUR 1LG","KONG"
"7206858","1","0","NLST","","11.99","6","KONG CT H26 TEASER CROW 1EA","KONG"
"7206863","1","0","NLST","","29.99","15","KONG DG H26 WKNT WTCH BEAR 1LG","KONG"
"7206856","1","0","NLST","","12.99","10","HH DG H26 BATILDA PLUSH BAT SM","HUGGLEHOUNDS"
"7206864","1","0","NLST","","26.99","13.5","KONG DG H26 WUB MNSTR PUR 1LG","KONG"
"7206869","1","0","NLST","","11.99","6","KONG CT H26 SKELETON MOUSE 1EA","KONG"
"7206868","1","0","NLST","","12.99","6.5","KONG CT H26 LUVS MOUSE 1EA","KONG"
"7206982","22","0","NLST","","3.99","1.9955","BOSCO DG HW26 DEAD MAN CHEW1EA","BOSCO AND ROXY'S"
"7206983","18","0","NLST","","3.99","1.9917","BOSCO DG HW26 BNE ULTIMUTTM1EA","BOSCO AND ROXY'S"
"7207163","1","0","NLST","","24.99","12.5","KONG DG H26 WUB O LANTERN 1LG","KONG"
"7216179","1","0","NLST","","9.99","5","BFF CT H26 CHARACTERS 2PK","#BFF"
"7216186","1","0","NLST","","14.99","7.5","BFF DG H26 CSMC BAT 1EA","#BFF"
"7316549","1","0","NLST","","19.99","10.14","SP DG HW26 LION HEAD LGXL","SILVER PAW"
"7316559","1","0","NLST","","29.99","14.97","SP DG HW26 LZRD COSTM XLXXL","SILVER PAW"
"7328282","1","0","NLST","","39.99","19.88","RBS H26 LAMB CHOP 1XL","RUBIES"
"7327978","1","0","NLST","","39.99","19.88","RBS H26 LAMB CHOP 1SM","RUBIES"
"7328283","1","0","NLST","","32.99","15.72","RBS H26 WOODY TOY BNDL 1SMMD","RUBIES"
"7300585","1","0","NLST","","7.99","4","SP DG HW26 HLWN BWTIE BLK 1EA","SILVER PAW"
"7216187","1","0","NLST","","9.99","5","BFF DG H26 CSMC MUMMY 1EA","#BFF"
"7216184","1","0","NLST","","8.99","4.5","BFF DG H26 CSMC PUMPKIN 1EA","#BFF"
"7216178","1","0","NLST","","12.99","6.5","BFF CT H26 SPDR PMKN GHST 5PK","#BFF"
"7041433","1","0","SDIS","","7.99","4","RBS DG H25 COWBOY HAT PNK MDLG","RUBIES"
"7206985","18","0","NLST","","3.99","1.9917","BOSCO DG HW26 HNTED HNDOUT","BOSCO AND ROXY'S"
"7034844","1","0","SDIS","","24.99","14.75","SB DG H26 BULLY STKS 5-7IN 6PK","SILVER BONE"
"7206001","1","0","NLST","","8.99","5.35","INB CT CHURU HW26 8PK","INABA"
"6764968","1","0","NLST","","13.99","7","CC DG H26 CLGN BEEF RIBS 3PK","COLLACHEWS"
"7316558","1","0","NLST","","29.99","14.97","SP DG HW26 LZRD COSTM LGXL","SILVER PAW"
"7316555","1","0","NLST","","29.99","14.97","SP DG HW26 BAT COSTM XLXXL","SILVER PAW"
"7328288","1","0","NLST","","39.99","19.09","RBS H26 DIET COKE 1XL","RUBIES"
"7316551","1","0","NLST","","19.99","10.14","SP DG HW26 WOLF HEAD LGXL","SILVER PAW"
"7216180","1","0","NLST","","8.99","4.5","BFF CT H26 SPIDER TEASER 1EA","#BFF"
"7206861","1","0","NLST","","18.99","9.5","KONG DG H26 WUB BAT PUR 1SM","KONG"
"7206859","1","0","NLST","","11.99","6","KONG DG H26 SNUZ MINI ASST XS","KONG"
"7206984","16","0","NLST","","4.49","2.2406","BOSCO DG HW26 SKULL CRSHR 1EA","BOSCO AND ROXY'S"
"7041422","1","0","SDIS","","17.5","17.5","RBS DG H25 LED CLLR SUPMN 1SM","RUBIES"
"7041425","1","0","SDIS","","17.5","17.5","RBS DG H25 LED CLLR SUPMN 1XL","RUBIES"
"7164737","1","0","NLST","","11.99","6","MLPT DG H26 Lmbchp WT ASST 6IN","MULTIPET"
"7316550","1","0","NLST","","19.99","10.14","SP DG HW26 WOLF HEAD SMMD","SILVER PAW"
"7328285","1","0","NLST","","39.99","19.06","RBS H26 DIET COKE 1SM","RUBIES"
"7216185","1","0","NLST","","24.99","12.5","BFF DG H26 CSMC GHOST 1EA","#BFF"
"6971675","1","0","NLST","","13.99","7","CC DG H26 CLGN DRUM TRKY 3PK","COLLACHEWS"
"7206713","1","0","NLST","","26.99","4","HH DG H26 GHOST RUFF BALL SM","HUGGLEHOUNDS"
"7206855","1","0","NLST","","19.99","6.5","HH DG H26 GHOST RUFF BALL LG","HUGGLEHOUNDS"
"6764966","1","0","NLST","","13.99","7","CC DG H26 CLGN PMKNS STK 12PK","COLLACHEWS"
"7316556","1","0","NLST","","9.99","14.97","SP DG HW26 LZRD COSTM XSSM","SILVER PAW"
"7316557","1","0","NLST","","29.99","14.97","SP DG HW26 LZRD COSTM MDLG","SILVER PAW"
"7328284","1","0","NLST","","32.99","15.72","RBS H26 WOODY TOY BNDL 1MDLG","RUBIES"
"7216182","1","0","NLST","","16.99","8.5","BFF DG H26 CSMC 2IN1 BAT 1EA","#BFF"
"7216177","1","0","NLST","","8.99","4.5","BFF CT H26 FRANKENSTEIN 3PK","#BFF"
"7206981","36","0","NLST","","2.79","1.395","BOSCO DG HW26 ZOM-BAE BITES","BOSCO AND ROXY'S"
"7216183","1","0","NLST","","16.99","8.5","BFF DG H26 CSMC MONSTER 1EA","#BFF"
"7041432","1","0","SDIS","","7.99","4","RBS DG H25 COWBOY HAT PNK SMMD","RUBIES"
"7041423","1","0","SDIS","","17.5","17.5","RBS DG H25 LED CLLR SUPMN 1MD","RUBIES"
"7206867","1","0","NLST","","18.99","9.5","KONG DG H26 SNUZLES GP ASST SM","KONG"
"7206862","1","0","NLST","","19.99","10","KONG DG H26 WKNT WTCH BEAR 1SM","KONG"
"7041424","1","0","SDIS","","17.5","17.5","RBS DG H25 LED CLLR SUPMN 1LG","RUBIES"
"7328286","1","0","NLST","","39.99","19.06","RBS H26 DIET COKE 1MD","RUBIES"
"7161473","1","0","NLST","","17.99","9","MLPT DG H26 LMBCHP WTCH 10.5IN","MULTIPET"
"6252393","1","0","SDIS","","11.99","6","WHMZ DG H26 DNTL CHW S6.3OZ","WHIMZEES"
"6252394","1","0","SDIS","","11.99","6","WHMZ DG H26 DNTL CHW M6.3OZ","WHIMZEES"
"7328281","1","0","NLST","","39.99","19.88","RBS H26 LAMB CHOP 1LG","RUBIES"
"7316548","1","0","NLST","","19.99","10.14","SP DG HW26 LION HEAD SMMD","SILVER PAW"
"7316553","1","0","NLST","","29.99","14.97","SP DG HW26 BAT COSTM MDLG","SILVER PAW"
"7275264","1","0","NLST","","8.99","4.5","KONG CT H26 SNUZZLES GHST 1EA","KONG"
"7216181","1","0","NLST","","12.99","6.5","BFF DG H26 CSMC SKLTN 1EA","#BFF"
"7206857","1","0","NLST","","7.99","13.5","HH DG H26 BATILDA PLUSH BAT LG","HUGGLEHOUNDS"
"6447249","12","0","NLST","","14.99","7.3458","LRD J DG H26 PMPKIN SPC 6OZ","LORD JAMESON"
"7316552","1","0","NLST","","29.99","14.97","SP DG HW26 BAT COSTM XSSM","SILVER PAW"
"7316554","1","0","NLST","","29.99","14.97","SP DG HW26 BAT COSTM LGXL","SILVER PAW"
"7328287","1","0","NLST","","39.99","19.06","RBS H26 DIET COKE 1LG","RUBIES"
"7207380","1","0","NLST","","26.99","13.5","KONG DG H26 SNUZZLE BB ASST MD","KONG"
"7328280","1","0","NLST","","39.99","19.88","RBS H26 LAMB CHOP 1MD","RUBIES"
"6764967","1","0","NLST","","13.99","7","CC DG H26 CLGN PNTB RLS M 3PK","COLLACHEWS"
"1000100","1","0","LST","39005","2.49","0.05","PERF ULT CT CK&R SMP 4OZ","PERFORMATRIN ULTRA"
"1000104","1","0","LST","39001","2.49","0.05","PERF ULT CT GF SMP 4OZ","PERFORMATRIN ULTRA"
"1000112","1","0","LST","39015","2.49","0.05","PERF ULT CT HWGT SMP 4OZ","PERFORMATRIN ULTRA"
"1000116","1","0","LST","39011","2.49","0.05","PERF ULT CT L&R SMP 4OZ","PERFORMATRIN ULTRA"
"1000124","1","0","LST","39006","2.49","0.05","PERF ULT CT LID SL SMP 4OZ","PERFORMATRIN ULTRA"
"1000128","1","0","LST","39014","2.49","0.05","PERF ULT CT LID CK&SP SMP 4OZ","PERFORMATRIN ULTRA"
"1000132","1","0","LST","39003","2.49","0.05","PERF ULT CT LID TURKEY SMP 4OZ","PERFORMATRIN ULTRA"
"1000134","1","0","LST","39017","2.49","0.05","PERF ULT CT GF KIT SMP 4OZ","PERFORMATRIN ULTRA"
"1000193","1","0","LST","38109","1.49","0.05","PERF ULT DG LID CK&SP SMP 4oz","PERFORMATRIN ULTRA"
"1000199","1","0","LST","38110","1.49","0.05","PERF ULT DG CKN&R SMP 4OZ","PERFORMATRIN ULTRA"
"1000203","1","0","LST","38106","1.49","0.05","PERF ULT DG GF FTHL SMP 4oz","PERFORMATRIN ULTRA"
"1000206","1","0","LST","38124","1.49","0.05","PERF ULT DG GF FTHL SB SMP 4oz","PERFORMATRIN ULTRA"
"1000211","1","0","LST","38101","1.49","0.05","PERF ULT DG GF SMP 4oz","PERFORMATRIN ULTRA"
"1000213","1","0","LST","38102","1.49","0.05","PERF ULT DG GF SMBT SMP 4oz","PERFORMATRIN ULTRA"
"1000217","1","0","LST","38115","1.49","0.05","PERF ULT DG GF HWGT SMP 4oz","PERFORMATRIN ULTRA"
"1000221","1","0","LST","38105","1.49","0.05","PERF ULT DG L&R SMP 4OZ","PERFORMATRIN ULTRA"
"1000228","1","0","LST","38125","1.49","0.05","PERF ULT DG LID DUCK SMP 4oz","PERFORMATRIN ULTRA"
"1000232","1","0","LST","38116","1.49","0.05","PERF ULT DG LID SP&FSH SMP 4OZ","PERFORMATRIN ULTRA"
"1000244","1","0","LST","38114","1.49","0.05","PERF ULT DG LID VEN SMP 4oz","PERFORMATRIN ULTRA"
"1000247","1","0","LST","38108","1.49","0.05","PERF ULT DG GF OCN SMP 4oz","PERFORMATRIN ULTRA"
"1000250","1","0","LST","38111","1.49","0.05","PERF ULT DG GF PRR SMP 4oz","PERFORMATRIN ULTRA"
"1000255","1","0","LST","38119","1.49","0.05","PERF ULT DG GF LGBR PUP SMP4OZ","PERFORMATRIN ULTRA"
"1000257","1","0","LST","37149","1.49","0.05","PERF ULT DG HWGT SMBT SMP 4oz","PERFORMATRIN ULTRA"
"1000261","1","0","LST","38112","1.49","0.05","PERF ULT DG CK&R PUP SMP 4oz","PERFORMATRIN ULTRA"
"1000265","1","0","LST","38118","1.49","0.05","PERF ULT DG GF PUP SMP 4oz","PERFORMATRIN ULTRA"
"1000268","1","0","LST","38107","1.49","0.05","PERF ULT DG L&R PUP SMP 4oz","PERFORMATRIN ULTRA"
"1000287","1","0","LST","","2.49","0.05","PERF ULT CT GF OCN SMP 4OZ","PERFORMATRIN ULTRA"
"1000307","1","0","LST","","11.99","7.91","BRKS DG CHK PUP 5lb","BARKER'S"
"1000310","1","0.5","LST","","11.99","7.91","BRKS DG SMBRCHKN AD 5LB","BARKER'S"
"1000311","1","0","LST","","21.99","14.96","BRKS DG SMBR CHKN AD 15lb","BARKER'S"
"1000312","1","0","LST","","11.99","7.91","BRKS DG BF AD 5lb","BARKER'S"
"1000313","1","0","LST","","21.99","14.96","BRKS DG BF AD 15lb","BARKER'S"
"1000314","1","0","LST","","49.99","34.99","BRKS DG BF AD 40lb","BARKER'S"
"1000315","1","0","LST","","11.99","7.91","BRKS DG CHK AD 5lb","BARKER'S"
"1000316","1","0","LST","","21.99","14.96","BRKS DG CHK AD 15lb","BARKER'S"
"1000317","1","0","LST","","49.99","34.99","BRKS DG CHK AD 40lb","BARKER'S"
"1002231","1","0","LST","","1.49","0.05","PERF ULT DG SB CK&R SMP 4oz","PERFORMATRIN ULTRA"
"1002234","1","0","LST","","1.49","0.05","PERF ULT DG SB SNR SMP 4oz","PERFORMATRIN ULTRA"
"1002294","1","0","LST","","1.49","0.05","PERF ULT DG SB LMB&R SMP 4OZ","PERFORMATRIN ULTRA"
"1002297","1","0","LST","","1.49","0.05","PERF ULT DG SB LID FSH SMP 4oz","PERFORMATRIN ULTRA"
"1050017","1","0.5","LST","","12.99","5.88","PERF ULT DG OB BCN&APL SM 16OZ","PERFORMATRIN ULTRA"
"1050019","1","0.25","LST","","12.99","5.88","PERF ULT DG OB DK&BLR SM 16OZ","PERFORMATRIN ULTRA"
"1050021","1","1.25","LST","","12.99","5.88","PERF ULT DG OB PB SM 16OZ","PERFORMATRIN ULTRA"
"1050023","1","1","LST","","12.99","5.88","PERF ULT DG OB BCN&APL LG 16OZ","PERFORMATRIN ULTRA"
"1050025","1","0.25","LST","","12.99","5.88","PERF ULT DG OB DK&BLR LG 16OZ","PERFORMATRIN ULTRA"
"1050027","1","1","LST","","12.99","5.88","PERF ULT DG OB PB LG 16OZ","PERFORMATRIN ULTRA"
"1050674","1","0.75","LST","1100801","101.99","68.79","GO! DG SENS LID GF TKY 22LB","GO! SOLUTIONS"
"10876","24","1.75","LST","","3.49","2.5196","BLU CT AD WILD MCD CK&TK5.5OZ","BLUE BUFFALO"
"10877","24","1.25","LST","","3.49","2.2146","BLU CT AD WILD WD CK&TT 5.5OZ","BLUE BUFFALO"
"10878","24","0","LST","","3.49","2.5196","BLU CT AD WILD FLK CK&TT5.5OZ","BLUE BUFFALO"
"10880","24","0","LST","","3.49","1.9346","BLU CT MATURE WILD CHK 5.5OZ","BLUE BUFFALO"
"10881","24","0.25","LST","","2.79","1.7083","BLU CT AD TF INDR CHK 5.5OZ","BLUE BUFFALO"
"10883","24","0.25","LST","","2.89","1.6458","BLU CT KIT WILD CHK 3OZ","BLUE BUFFALO"
"10884","24","0.5","LST","","2.89","1.6517","BLU CT KIT WILD SL CF 3OZ","BLUE BUFFALO"
"1100001","1","0.25","LST","","74.99","46.2","BLU CT AD WILD INDR CHK 11LB","BLUE BUFFALO"
"1100005","150","0.5","LST","","1.99","0.7465","WHMZ DG VEGGIE SAU SM 1ea","WHIMZEES"
"1100006","50","0","LST","","5.29","2.7334","WHMZ DG VEGGIE SAU LG 1ea","WHIMZEES"
"1100010","1","0.25","LST","","26.99","15.13","WHMZ DG STIX CHW MD 14pc","WHIMZEES"
"1100038","1","0.25","LST","6409258","125.99","82.27","RCBHN DG LABR RTRVR AD 30LB","ROYAL CANIN"
"1100046","1","0.25","LST","","68.99","47.25","LT DG GF CHK 25LB","LIFETIME"
"1100047","1","0","LST","","77.99","53.46","LT DG GF FSH 25LB","LIFETIME"
"1100066","1","0.25","LST","","76.99","49.8","SD CT AD PRFCT WGT 7LB","HILL'S SCIENCE DIET"
"1100069","1","0","LST","","45.99","29.98","SD DG AD SS SM BRD 4LB","HILL'S SCIENCE DIET"
"1100075","24","0","LST","","3.49","2.1883","SD CT AD HC CHK&R 2.8OZ","HILL'S SCIENCE DIET"
"1100085","1","0","LST","29924","13.99","8","WEL DG GF CHK&VEN 6oz","WELLNESS"
"1100100","1","0","LST","","21.99","14.86","S&C DG FD BF 5.5OZ","STELLA & CHEWY'S"
"1100101","1","0","LST","","49.99","33.78","S&C DG FD BF 14OZ","STELLA & CHEWY'S"
"1100102","1","0","LST","","20.99","14.18","S&C DG FD CHK 5.5OZ","STELLA & CHEWY'S"
"1100103","1","0","LST","","49.99","33.78","S&C DG FD CHK 14OZ","STELLA & CHEWY'S"
"1100105","1","0","LST","","55.99","37.83","S&C DG FD DUCK&GSE 14OZ","STELLA & CHEWY'S"
"1100107","1","0","LST","","49.99","33.78","S&C DG FD LMB 14OZ","STELLA & CHEWY'S"
"1100116","1","0.25","LST","","16.99","10.8","S&C DG FD BF MXER 3.5OZ","STELLA & CHEWY'S"
"1100117","1","0","LST","","35.99","22.97","S&C DG FD BF MXER 8OZ","STELLA & CHEWY'S"
"1100118","1","0","LST","","62.99","42.56","S&C DG FD BF MXER 18OZ","STELLA & CHEWY'S"
"1100119","1","0.25","LST","","16.99","10.8","S&C DG FD CHK MXER 3.5OZ","STELLA & CHEWY'S"
"1100120","1","0","LST","","35.99","22.97","S&C DG FD CHK MXER 8OZ","STELLA & CHEWY'S"
"1100121","1","0","LST","","61.99","41.89","S&C DG FD CHK MXER 18OZ","STELLA & CHEWY'S"
"1100125","1","0","LST","","16.99","11.25","S&C DG FD TKY MXER 3.5OZ","STELLA & CHEWY'S"
"1100127","1","0","LST","","62.99","42.56","S&C DG FD TKY MXER 18OZ","STELLA & CHEWY'S"
"1100152","1","0","LST","","28.99","20.3","BLU DG AD SB LPF LMB&BR6LB","BLUE BUFFALO"
"1100205","12","0","LST","","2.39","1.555","BLU DG DLGHTS GRL CK 3.5OZ","BLUE BUFFALO"
"1100281","1","0.25","LST","11598","123.99","92.67","SD DG AD LB RECIPE 35LB","HILL'S SCIENCE DIET"
"1100324","1","0","LST","","33.99","22.1","OPFM CT GF TKY&CHK 4LB","OPEN FARM"
"1100325","1","0","LST","","35.99","23.44","OPFM CT GF WHTFSH 4LB","OPEN FARM"
"1100376","1","0","LST","","33.99","24.74","MRK DG GF LIL CHK&SP 4LB","MERRICK"
"1100382","12","0","LST","","3.99","2.8875","MRK DG GF LIL THNKS DNR 3.5OZ","MERRICK"
"1100384","12","0","LST","","3.99","2.8875","MRK DG GF LIL PT PIE 3.5OZ","MERRICK"
"1100385","12","0","LST","","3.99","2.8875","MRK DG GF LIL LMB STEW 3.5OZ","MERRICK"
"1100425","1","0","LST","","19.99","13.44","PRIML DG PRK FRMLA 5.5OZ","PRIMAL"
"1100426","1","0","LST","","49.99","34.25","PRIML CT PRK FRMLA 14OZ","PRIMAL"
"1100427","1","0","LST","","48.99","33.22","PRIML DG PRK FRMLA 14OZ","PRIMAL"
"1100428","1","0","LST","","25.99","17.48","PRIML DG VEN FRMLA 5.5OZ","PRIMAL"
"1100430","1","0","LST","","63.99","43.07","PRIML DG VEN FRMLA 14OZ","PRIMAL"
"1100447","1","1.5","LST","18021","26.99","22.13","IAMS CT AD PH CHK ORIG 7LB","IAMS"
"1100448","1","0.25","LST","18017","26.99","22.13","IAMS CT AD PH HB CARE 7lb","IAMS"
"1100451","1","0.5","LST","18018","26.99","22.13","IAMS CT AD INDR WGT&HB 7lb","IAMS"
"1100509","1","0","LST","","16.99","8.6","PB DG CHK JRKY 5.5OZ","PUREBITES"
"1100580","24","12.75","LST","","3.19","1.85","RCBHN DG YORKIE AD 3OZ","ROYAL CANIN"
"1100581","24","2.5","LST","","3.19","1.85","RCBHN DG CHIHUAHUA AD 3OZ","ROYAL CANIN"
"1100605","24","0","ROS","","3.29","2.2325","MRK CT BC DK CUTS 3OZ","MERRICK"
"1100613","24","0.75","LST","","3.99","2.64","MRK CT PB RBT PATE 5.5OZ","MERRICK"
"1100644","1","0","LST","","120.99","86.5","SD CT AD URINARY HB 15.5LB","HILL'S SCIENCE DIET"
"1100645","24","6.25","LST","","4.49","2.6421","SD CT AD URINARY HB 5.5OZ","HILL'S SCIENCE DIET"
"1100656","12","0","LST","","5.29","3.2175","RCCHN DG LOAF PUP 13.5OZ","ROYAL CANIN"
"1100657","12","18","LST","","5.29","3.2175","RCCHN DG LOAF AD 13.5OZ","ROYAL CANIN"
"1100659","12","0.5","LST","","5.29","3.2175","RCCHN DG MTR AD LOAF 13.5OZ","ROYAL CANIN"
"1100679","30","0.25","LST","","22.99","11.6667","OPN RNG DG WATER BUF LG 9in","OPEN RANGE"
"1100682","25","1.25","LST","","5.29","2.37","OPN RNG DG BULL TAIL MD 6in","OPEN RANGE"
"1100683","25","0.25","LST","","10.99","5.08","OPN RNG DG BF TRACHEA LG 12in","OPEN RANGE"
"1100684","45","0.5","LST","","5.29","2.4444","OPN RNG DG BF TRACHEA MD 6in","OPEN RANGE"
"1100775","1","0","LST","56389","26.99","15.13","WHMZ DG BRUSHZ CHW XS 48pc","WHIMZEES"
"1100776","1","0","LST","56409","26.99","15.13","WHMZ DG BRUSHZ CHW SM 24pc","WHIMZEES"
"1100778","1","0","LST","56411","26.99","15.13","WHMZ DG BRUSHZ CHW LG 6pc","WHIMZEES"
"1100779","1","0.25","LST","56394","26.99","15.13","WHMZ DG ALLIG CHW SM 24pc","WHIMZEES"
"1100782","1","0.5","LST","56405","26.99","15.13","WHMZ DG STIX CHW SM 28pc","WHIMZEES"
"1100786","1","0.5","LST","","19.99","10.2","CRMP DG SP FRIES 9.9oz","CRUMPS' NATURALS"
"1100795","1","0","LST","","109.99","74.19","GATHER DG AD VALLEY 16LB","GATHER"
"1100833","1","0","LST","","33.99","22.97","S&C CT FD CHK 8OZ","STELLA & CHEWY'S"
"1100834","1","0","LST","","65.99","44.59","S&C CT FD CHK 18OZ","STELLA & CHEWY'S"
"1100836","1","0","LST","","33.99","22.97","S&C CT FD DUCK&GSE 8OZ","STELLA & CHEWY'S"
"1100837","1","0","LST","","65.99","46.45","S&C CT FD DUCK&GSE 18OZ","STELLA & CHEWY'S"
"1100872","1","0.25","LST","","13.99","7.29","GT NKD DG DIG HLTH STX SM6.2oz","GET NAKED"
"1100893","1","0.75","LST","","15.99","8.2","ERTHAN DG CK CHW 7IN1EA","EARTH ANIMAL"
"1100894","1","0.75","LST","","15.99","8.2","ERTHAN DG BF CHW 7in1ea","EARTH ANIMAL"
"1100895","1","0","LST","","15.99","8.2","ERTHAN DG SL CHW 7in1ea","EARTH ANIMAL"
"1100896","1","0","LST","","9.49","4.63","ERTHAN DG CK CHW 4in1ea","EARTH ANIMAL"
"1100897","1","1.75","LST","","9.49","4.63","ERTHAN DG BF CHW 4in1ea","EARTH ANIMAL"
"1100898","1","0","LST","","9.49","4.63","ERTHAN DG SL CHW 4in1ea","EARTH ANIMAL"
"1100899","1","0.25","LST","","22.99","11.96","ERTHAN DG CK CHW 11in1ea","EARTH ANIMAL"
"1100900","1","0.25","LST","","22.99","11.96","ERTHAN DG BF CHW 11IN1EA","EARTH ANIMAL"
"1100901","1","0.75","LST","","22.99","11.96","ERTHAN DG SL CHW 11in1ea","EARTH ANIMAL"
"1100906","1","0.5","LST","","5.29","3.08","FRTBL CT WLD NAT CHK 2.5oz","FRUITABLES"
"1100907","1","1.25","LST","","5.29","3.08","FRTBL CT WLD NAT SL 2.5oz","FRUITABLES"
"1100908","1","0.75","LST","","5.29","3.08","FRTBL CT WLD NAT TUNA 2.5oz","FRUITABLES"
"1100963","1","0.25","LST","","26.99","15.13","WHMZ DG VEGGIE SAU SM 28pc","WHIMZEES"
"1100965","1","0.25","LST","","26.99","15.13","WHMZ DG VEGGIE STRIP MD 14pc","WHIMZEES"
"1100978","1","0","ROS","","35.99","22.97","S&C DG RW CTD PUP CHK 3.5LB","STELLA & CHEWY'S"
"1100996","1","0","LST","","44.99","28.37","S&C DG RW BLND REDMEAT 3.5LB","STELLA & CHEWY'S"
"1100997","1","0","ROS","","43.99","27.7","S&C DG RW BLND CG FREE 3.5LB","STELLA & CHEWY'S"
"1101002","1","0","LST","","35.99","22.97","S&C DG RW CTD CHK 3.5LB","STELLA & CHEWY'S"
"1101003","1","0","LST","","36.99","23.64","S&C DG RW CTD BF 3.5LB","STELLA & CHEWY'S"
"1101295","1","0.25","LST","","12.99","8.75","PB CT CHK BREAST TRT 2.32OZ","PUREBITES"
"1101296","12","0","LST","","2.49","1.6417","PB CT TUNA MIXER 1.76OZ","PUREBITES"
"1101297","12","0","LST","","2.49","1.6417","PB CT CHK BREAST MIXER 1.76OZ","PUREBITES"
"1101298","12","0","LST","","2.49","1.6417","PB CT TUNA&SL MIXR 1.76OZ","PUREBITES"
"1101406","24","3.5","LST","","1.79","1.1721","WHISK CT PP CHK 2.65oz","WHISKAS"
"1101408","24","1","LST","","1.79","1.1721","WHISK CT PP BF 2.65oz","WHISKAS"
"1101454","100","0","LST","","3.69","1.7638","RB DG COW EARS 1ea","REDBARN"
"1101455","75","0.25","LST","","3.29","1.4735","RB DG HOOVES 1EA","REDBARN"
"1101456","1","0","LST","","19.49","11.18","RB DG CHOPPERS 9OZ","REDBARN"
"1101499","1","0","OOS","","23.99","11.55","SBONE DG CHK STCK 10pc","SMARTBONES"
"1101500","1","0","OOS","","31.99","14.7","SBONE DG PB CHWS MINI 24pc","SMARTBONES"
"1101502","1","0","LST","","24.99","12.13","SBONE DG PB MD 4pc","SMARTBONES"
"1101503","1","0","OOS","","24.99","12.13","SBONE DG PB CHWS LG 3pc","SMARTBONES"
"1101505","1","0","LST","","23.99","11.55","SBONE DG PB STCK 10pc","SMARTBONES"
"1101669","1","1","LST","13618","74.99","59.78","PPLN DG SPEC SS&S S&R 16LB","PURINA PRO PLAN"
"1101670","1","0.75","LST","11219","109.99","83.24","PPLN DG SPEC SS&S SL&R 30LB","PURINA PRO PLAN"
"1101671","12","0","OOS","","5.99","3.9667","NB DG LID VEN&SP 13oz","NATURAL BALANCE"
"1101681","1","0.25","OOS","","16.99","9.07","MRK DG FK BOT XS 6OZ","MERRICK"
"1101686","1","0","LST","","28.99","13.34","MRK DG FK BOT SM 9.5OZ","MERRICK"
"1101687","1","0","LST","","28.99","13.34","MRK DG FK BOT MD 10OZ","MERRICK"
"1101689","1","0","LST","","54.99","26","MRK DG FK BOT XS VBOX 24OZ","MERRICK"
"1101690","1","0","OOS","","54.99","26","MRK DG FK BOT SM VBOX 23OZ","MERRICK"
"1101691","1","0","LST","","54.99","26","MRK DG FK BOT MD VBOX 23OZ","MERRICK"
"1101692","1","0","LST","","54.99","26","MRK DG FK BOT LG VBOX 27OZ","MERRICK"
"1101693","1","0","LST","","16.99","9.07","MRK DG FK MINT XS 6OZ","MERRICK"
"1101698","1","0","LST","","28.99","13.07","MRK DG FK MINT SM 9.5OZ","MERRICK"
"1101699","1","0","LST","","28.99","13.07","MRK DG FK MINT MD 10OZ","MERRICK"
"1101701","1","0","LST","","54.99","26","MRK DG FK MNT XS VBOX 24OZ","MERRICK"
"1101702","1","0","LST","","54.99","26","MRK DG FK MNT SM VBOX 23OZ","MERRICK"
"1101703","1","0","LST","","54.99","26","MRK DG FK MNT MD VBOX 23OZ","MERRICK"
"1101704","1","0","LST","","54.99","26","MRK DG FK MNT LG VBOX 27OZ","MERRICK"
"1101706","35","0","LST","","4.19","1.8397","OPN RNG DG COW EARS LG 1ea","OPEN RANGE"
"1101709","60","1.75","LST","","6.29","2.7","OPN RNG DG BF CHMPR STCK 12in","OPEN RANGE"
"1101710","60","2.5","LST","","6.29","2.7","OPN RNG DG BF CHOMPER 11to12in","OPEN RANGE"
"1101711","35","1","LST","","12.99","6.8","OPN RNG DG WATER BUF 6to7in","OPEN RANGE"
"1101716","1","0","LST","","11.99","6.76","CRMP DG NAT PB ORIG 10PC","CRUMPS' NATURALS"
"1101717","1","0.5","LST","","11.99","6.76","CRMP DG NAT PB BCN 10pc","CRUMPS' NATURALS"
"1101751","1","0.25","LST","","25.99","17.66","PRIML CT RBT FRMLA 5.5OZ","PRIMAL"
"1101752","1","0","LST","","63.99","43.07","PRIML DG RBT FRMLA 14OZ","PRIMAL"
"1101755","1","0","LST","","5.99","3.82","PET GREENS CT TK&DK 3oz","PET GREENS"
"1101756","1","0","LST","","8.49","4.91","PET GREENS DG BCN CHR 6oz","PET GREENS"
"1101757","1","0","LST","","6.49","4.1","PET GREENS CT SLF GRW 3oz","PET GREENS"
"1101937","2","0.5","LST","","21.99","15.975","WHISK CT PP BF&CK 12pc","WHISKAS"
"1101938","2","0.5","LST","","21.99","16.3","WHISK CT PP CK&SL 12pc","WHISKAS"
"1102097","1","0","LST","","22.99","14.54","ZIGNATURE DG LID CATFISH 4lb","ZIGNATURE"
"1102099","1","0","LST","","102.99","69.83","ZIGNATURE DG LID CATFISH 25LB","ZIGNATURE"
"1102104","12","0.25","LST","","7.99","4.8417","ZIGNATURE DG LID DUCK 13OZ","ZIGNATURE"
"1102112","1","0","LST","","29.99","19.38","ZIGNATURE DG LID KANGA 4lb","ZIGNATURE"
"1102114","1","0","LST","","141.99","97.77","ZIGNATURE DG LID KANGA 25LB","ZIGNATURE"
"1102115","12","0","LST","","7.99","4.8417","ZIGNATURE DG LID KANGA 13oz","ZIGNATURE"
"1102120","1","0","LST","","21.99","13.56","ZIGNATURE DG LID PRK 4lb","ZIGNATURE"
"1102122","1","0","LST","","96.99","65.84","ZIGNATURE DG LID PRK 25LB","ZIGNATURE"
"1102123","12","0","LST","","6.29","3.8617","ZIGNATURE DG LID PRK 13oz","ZIGNATURE"
"1102128","1","0","LST","","26.99","16.48","ZIGNATURE DG LID TR&SL 4lb","ZIGNATURE"
"1102130","1","0","LST","","118.99","79.81","ZIGNATURE DG LID TR&SL 25LB","ZIGNATURE"
"1102131","12","0","LST","","5.99","3.8617","ZIGNATURE DG LID TR&SL 13oz","ZIGNATURE"
"1102134","1","0","LST","","107.99","69.85","ZIGNATURE DG LID TURKEY 25LB","ZIGNATURE"
"1102287","1","0","LST","","15.99","7.5","PERF ULT DG FD LMB LVR 3.1OZ","PERFORMATRIN ULTRA"
"1102357","1","0","LST","","166.99","113.93","ORIJEN DG TUNDRA 25LB","ORIJEN"
"1102359","1","0","LST","","16.49","9.69","ORIJEN DG ORIG FD TRT 3.25OZ","ORIJEN"
"1102363","1","0.5","LST","","18.49","10.87","ORIJEN DG REGIONAL RED 3.25OZ","ORIJEN"
"1102367","1","0","LST","","9.49","5.58","ORIJEN CT 6 FSH TRT 1.25OZ","ORIJEN"
"1102368","1","0.5","LST","","9.49","5.58","ORIJEN CT REGIONAL RED 1.25OZ","ORIJEN"
"1102369","1","0","LST","","11.49","6.75","ORIJEN CT TUNDRA FD TRT 1.25OZ","ORIJEN"
"1102379","1","0","LST","","12.99","10.5","PED DG DNTSTX SM&M 19.5oz 35pc","PEDIGREE"
"1102380","1","0.5","LST","","12.99","10.5","PED DG DNTSTX MD 21.4oz 25pc","PEDIGREE"
"1102408","1","0","LST","","44.99","28.37","S&C DG RW BLND FREE RNG 3.5LB","STELLA & CHEWY'S"
"1102410","1","0.25","LST","","44.99","28.37","S&C DG RW BLND SB RDMT 3.5LB","STELLA & CHEWY'S"
"1102411","1","0","LST","","83.99","54.05","S&C DG RW BLND REDMEAT SB 10LB","STELLA & CHEWY'S"
"1102522","1","0.5","LST","","28.99","14.79","ERTHAN DG CHK CHW 7in2pk","EARTH ANIMAL"
"1102523","1","0.5","LST","","28.99","14.79","ERTHAN DG BEEF CHW 7in2pk","EARTH ANIMAL"
"1102524","1","0","OOS","","28.99","14.79","ERTHAN DG SAL CHW 7in2pk","EARTH ANIMAL"
"1102525","1","0.25","LST","","28.99","14.79","ERTHAN DG PRK CHW 7IN2PK","EARTH ANIMAL"
"1102526","1","0.75","LST","","16.99","8.3","ERTHAN DG CHK CHW 4in2pk","EARTH ANIMAL"
"1102527","1","0.5","LST","","16.99","8.3","ERTHAN DG BEEF CHW 4in2pk","EARTH ANIMAL"
"1102528","1","0","LST","","16.99","8.3","ERTHAN DG SAL CHW 4in2pk","EARTH ANIMAL"
"1102529","1","0","LST","","16.99","8.3","ERTHAN DG PRK CHW 4IN2PK","EARTH ANIMAL"
"1102530","1","0.25","LST","","19.99","9.78","ERTHAN DG CHK CHW STK10pk","EARTH ANIMAL"
"1102531","1","0","LST","","19.99","9.78","ERTHAN DG BF CHW STK 10pk","EARTH ANIMAL"
"1102532","1","0.25","LST","","19.99","9.78","ERTHAN DG SAL CHW STK10pk","EARTH ANIMAL"
"1102533","1","0.5","LST","","19.99","9.78","ERTHAN DG PRK CHW STK10pk","EARTH ANIMAL"
"1102536","1","0","LST","","22.99","11.96","ERTHAN DG PRK CHW 11IN 1EA","EARTH ANIMAL"
"1102540","12","0","LST","21182","6.49","4.43","MRK DG GF GRM POT PIE 12.7oz","MERRICK"
"1102542","12","0","OOS","21196","6.49","4.43","MRK DG GF TURDUCKEN 12.7OZ","MERRICK"
"1102546","12","1","LST","21184","6.49","4.43","MRK DG GF THNKS DNR 12.7OZ","MERRICK"
"1102554","1","0","LST","","11.99","9.81","PUR DG BSTRP BACON&CHEESE 25oz","PURINA"
"1102555","1","0.25","LST","57672","11.99","9.81","PUR DG BSTRP BACON 25oz","PURINA"
"1102625","1","0","LST","1100929","55.99","38.26","LT DG CHK&OAT 25LB","LIFETIME"
"1102626","1","0.25","LST","14701","19.99","13.15","LT DG CHK&OAT 5LB","LIFETIME"
"1102627","1","0.5","LST","1100930","61.99","42.08","LT DG FSH&OAT 25LB","LIFETIME"
"1102629","1","0.25","LST","14526","61.99","42.08","LT DG LMB&OAT 25LB","LIFETIME"
"1102633","1","0.25","LST","14522","61.99","42.08","LT DG LB 25LB","LIFETIME"
"1102636","1","0","LST","14704","43.99","29.54","LT CT CHK TKY OAT 14.3LB","LIFETIME"
"1102686","1","1","LST","","5.99","4.05","S&C DG GF REDMEAT STEW 11OZ","STELLA & CHEWY'S"
"1102687","1","0.5","LST","","5.99","4.05","S&C DG GF CHK STEW 11OZ","STELLA & CHEWY'S"
"1102688","1","1","LST","","5.99","4.05","S&C DG GF BF STEW 11OZ","STELLA & CHEWY'S"
"1102689","1","0.75","LST","","5.99","4.05","S&C DG GF TURKEY STEW 11OZ","STELLA & CHEWY'S"
"1102691","1","0.75","LST","","5.99","4.05","S&C DG GRSFD BF BROTH 11OZ","STELLA & CHEWY'S"
"1102692","1","0.25","ROS","","5.99","4.05","S&C DG CHK BRTH 11OZ","STELLA & CHEWY'S"
"1102697","12","3","LST","","9.99","4.5358","TB DG BF TRT 3.5OZ","TILTED BARN PET CO."
"1102698","12","3.5","LST","","9.99","4.5358","TB DG CANADIAN BCN 3.5OZ","TILTED BARN PET CO."
"1102754","1","0.75","LST","","8.19","5.3","GRAN CT SARDINE TRT 1.76oz","GRANVILLE ISLAND PET TREATERY"
"1102755","1","0.5","LST","","8.19","5.3","GRAN CT TUNA FLAKES 0.53oz","GRANVILLE ISLAND PET TREATERY"
"1102782","12","2","LST","","3.49","2.1775","RCFHN CT AD CHNK GVY 3OZ PCH","ROYAL CANIN"
"1102783","12","0","LST","","3.49","2.1775","RCFHN CT ULT LT CHNK 3OZ PCH","ROYAL CANIN"
"1102784","12","2.75","LST","","3.49","2.1775","RCFHN CT DGST SS GVY 3OZ PCH","ROYAL CANIN"
"1102785","12","0","LST","","3.49","2.1775","RCFHN CT BTY GVY 3OZ PCH","ROYAL CANIN"
"1102810","6","0","LST","","3.29","1.7967","INABA CT TUNA FILLET CRB 0.5oz","INABA"
"1102811","6","0.5","LST","","3.29","1.7967","INABA CT TUNA FILLET 0.5oz","INABA"
"1102812","6","0","LST","","3.29","1.7967","INABA CT GRLL CHK FILLET 0.9oz","INABA"
"1102813","6","0","LST","","3.29","1.7967","INABA CT CHK FILLET SCLP 0.9oz","INABA"
"1102814","6","1.5","LST","","4.99","2.995","INABA CT CHURU TUNA 2oz","INABA"
"1102815","6","5.75","LST","","4.99","2.995","INABA CT CHURU CHK 2oz","INABA"
"1102816","6","0.25","LST","","4.99","2.995","INABA CT CHURU TUNA SCLP 2oz","INABA"
"1102817","6","1.25","LST","","4.99","2.995","INABA CT CHURU CHK SCLP 2oz","INABA"
"1102990","1","0.25","LST","25422","20.99","14.16","GO! DG S&C WG CHK 3.5lb","GO! SOLUTIONS"
"1102991","1","0","LST","25423","52.99","35.74","GO! DG S&C WG CHK 12LB","GO! SOLUTIONS"
"1102994","1","0.25","LST","25402","23.99","16.18","GO! DG S&C WG SL 3.5lb","GO! SOLUTIONS"
"1102995","1","0.25","LST","25403","61.99","41.81","GO! DG S&C WG SL 12LB","GO! SOLUTIONS"
"1102998","1","0","LST","11248","23.99","16.18","GO! DG S&C WG LMB 3.5lb","GO! SOLUTIONS"
"1103006","1","0","LST","18645","23.99","16.18","GO! CT S&C CHK 3LB","GO! SOLUTIONS"
"1103007","1","0.25","LST","18651","49.99","33.72","GO! CT S&C CHK 8LB","GO! SOLUTIONS"
"1103032","1","0.25","LST","","21.99","12.09","S&C DG WLDW BF 3.25oz","STELLA & CHEWY'S"
"1103035","1","0","LST","","21.99","12.09","S&C DG WLDW LMB 3.25oz","STELLA & CHEWY'S"
"1103044","1","0.5","LST","","11.99","6.76","CRMP DG PB PMP SPICE 10PC","CRUMPS' NATURALS"
"1103129","1","0.25","LST","19005","23.99","16.18","GO! AD CNV GF CK TK&DK 3.5LB","GO! SOLUTIONS"
"1103130","1","0.25","LST","19006","62.99","42.48","GO! AD CNV GF CK TK&DK 12LB","GO! SOLUTIONS"
"1103131","1","0.25","LST","19007","94.99","64.07","GO! AD CNV GF CK TK&DK 22LB","GO! SOLUTIONS"
"1103133","1","0.25","LST","19009","24.99","16.86","GO! SNR CNV GF CK TK&DK 3.5LB","GO! SOLUTIONS"
"1103135","1","0.75","LST","19011","96.99","65.42","GO! SNR CNV GF CK TK&DK 22LB","GO! SOLUTIONS"
"1103137","1","0.25","LST","18665","27.99","18.88","GO! CT CNV GF CHK TKY&DK 3LB","GO! SOLUTIONS"
"1103138","1","0","LST","18671","58.99","39.79","GO! CT CNV GF CHK TKY&DK 8LB","GO! SOLUTIONS"
"1103140","1","0","LST","26609","27.99","18.88","GO! DG SENS LID GF DUCK 3.5LB","GO! SOLUTIONS"
"1103141","1","0","OOS","","28.99","14.79","ERTHAN DG VNS CHW 7in2pk","EARTH ANIMAL"
"1103142","1","0","OOS","","16.99","8.3","ERTHAN DG VNS CHW 4in2pk","EARTH ANIMAL"
"1103143","1","0","OOS","","19.99","9.78","ERTHAN DG VNS CHW STK10pk","EARTH ANIMAL"
"1103144","1","0","OOS","","15.99","8.2","ERTHAN DG VNS CHW 7in1ea","EARTH ANIMAL"
"1103145","1","0","OOS","","9.49","4.63","ERTHAN DG VNS CHW 4in1ea","EARTH ANIMAL"
"1103146","1","0","OOS","","22.99","11.96","ERTHAN DG VNS CHW 11in1ea","EARTH ANIMAL"
"1103163","1","0","LST","13656","64.99","42.05","TOTW DG HI PR B&VN FRMLA 14LB","TASTE OF THE WILD"
"1103164","1","0","LST","11356","102.99","67.52","TOTW DG HI PR FRMLA 28LB","TASTE OF THE WILD"
"1103165","1","0","LST","13654","64.99","42.05","TOTW DG PACIFIC SL FRMLA 14lb","TASTE OF THE WILD"
"1103166","1","0","LST","11354","102.99","67.52","TOTW DG PACIFIC SL FRMLA 28lb","TASTE OF THE WILD"
"1103172","1","0","LST","11358","102.99","67.52","TOTW DG HI PR BSN&VEN PUP 28LB","TASTE OF THE WILD"
"1103175","1","0","LST","18857","67.99","46.31","TOTW CT CANYN TR&SL FRMLA 14LB","TASTE OF THE WILD"
"1103199","1","0.25","LST","26614","112.99","76.21","GO! DG SENS LID GF DUCK 22LB","GO! SOLUTIONS"
"1103248","1","0","LST","14086","83.99","59.21","SD DG AD SMBT CHK 15LB","HILL'S SCIENCE DIET"
"1103285","1","0","LST","","83.99","56.75","S&C DG FD CHK DNR 25OZ","STELLA & CHEWY'S"
"1103286","1","0","LST","","83.99","56.75","S&C DG FD BF DNR 25OZ","STELLA & CHEWY'S"
"1103287","1","0","LST","","83.99","56.75","S&C DG FD LMB DNR 25OZ","STELLA & CHEWY'S"
"1103291","1","0","LST","26616","25.99","17.53","GO! DG SENS LID GF SL 3.5LB","GO! SOLUTIONS"
"1103292","1","0.75","LST","26617","104.99","70.81","GO! DG SENS LID GF SL 22LB","GO! SOLUTIONS"
"1103335","1","0.25","LST","1101995","113.99","76.88","GO! DG SENS LID GF LMB 22LB","GO! SOLUTIONS"
"1103339","1","0","LST","26619","29.99","20.23","GO! CT SENS LID GF DUCK 3LB","GO! SOLUTIONS"
"1103371","1","0","LST","26611","61.99","41.81","GO! CT SENS LID GF DUCK 8LB","GO! SOLUTIONS"
"1103382","1","0.25","LST","","3.49","2.86","FRISK PARTY MIX CT OCEAN 170g","FRISKIES"
"1103383","1","0.5","LST","","3.49","2.86","FRISK PARTY MIX CT GOURMET170g","FRISKIES"
"1103385","1","0","LST","","3.49","2.86","FRISK PARTY MIX CT CK&GRVY170g","FRISKIES"
"1103386","1","0.25","LST","","3.49","2.86","FRISK PARTY MIX CT SEASIDE170g","FRISKIES"
"1103390","20","0","LST","","16.99","8.8495","OPN RNG DG BF CHMPR BKSTRP 1ea","OPEN RANGE"
"1103455","1","0.25","LST","","28.99","14.79","ERTHAN DG PB CHW 7in2pk","EARTH ANIMAL"
"1103456","1","0","LST","","16.99","8.3","ERTHAN DG PB CHW 4in2pk","EARTH ANIMAL"
"1103457","1","0","LST","","19.99","9.78","ERTHAN DG PB CHW STK10pk","EARTH ANIMAL"
"1103461","1","0","LST","","22.99","11.96","ERTHAN DG PB CHW 11in 1ea","EARTH ANIMAL"
"1103466","1","0","LST","","35.99","23.45","ACANA CT RGNL PACIFICA 4LB","ACANA"
"1103469","1","0.5","LST","","35.99","23.45","ACANA CT RGNL WILD PR 4LB","ACANA"
"1103472","1","0.25","LST","","35.99","23.45","ACANA CT RGNL GRASSLANDS 4LB","ACANA"
"1103478","1","0.75","LST","","40.99","26.72","ORIJEN ORIGINAL CAT 4LB","ORIJEN"
"1103480","1","0.5","LST","","85.99","57.74","ORIJEN ORIGINAL CAT 12LB","ORIJEN"
"1103481","1","0.25","LST","","40.99","26.72","ORIJEN CT 6 FSH 4LB","ORIJEN"
"1103483","1","0","LST","","90.99","61.07","ORIJEN CT 6 FSH 12LB","ORIJEN"
"1103484","1","0.25","LST","","45.99","29.97","ORIJEN CT RGNL RED 4LB","ORIJEN"
"1103489","1","0","LST","","85.99","57.72","ORIJEN CT FIT&TRIM 12LB","ORIJEN"
"1103490","1","0","LST","","90.99","62.46","ACANA DG PUP 25LB","ACANA"
"1103491","1","0","LST","","29.99","19.54","ACANA DG PUP 4.4LB","ACANA"
"1103493","1","0","LST","","58.99","39.61","ACANA DG PUP 13.2LB","ACANA"
"1103494","1","0.25","LST","","29.99","19.54","ACANA DG SB AD 4.4LB","ACANA"
"1103496","1","0.5","LST","","60.99","40.95","ACANA DG SB AD 13.2LB","ACANA"
"1103497","1","0","LST","","94.99","65.21","ACANA DG AD 25LB","ACANA"
"1103498","1","1.25","LST","","29.99","19.54","ACANA DG AD 4.4LB","ACANA"
"11035","1","0","LST","14506","31.99","21.87","MRK DG GF CK&SP 4LB","MERRICK"
"1103500","1","0.25","LST","","61.99","41.63","ACANA DG AD 13.2LB","ACANA"
"1103501","1","0","LST","","90.99","62.46","ACANA DG LB PUP 25LB","ACANA"
"1103503","1","0.75","LST","","121.99","83.73","ACANA DG LB AD 37.5LB","ACANA"
"1103504","1","1","LST","","95.99","65.9","ACANA DG LITE & FIT 25LB","ACANA"
"1103505","1","0.75","LST","","29.99","19.54","ACANA DG LITE & FIT 4.4LB","ACANA"
"1103507","1","0.25","LST","","61.99","41.63","ACANA DG LITE & FIT 13.2LB","ACANA"
"1103508","1","0.25","LST","","95.99","65.9","ACANA DG SNR 25LB","ACANA"
"1103509","1","0.5","LST","","29.99","19.54","ACANA DG SNR 4.4LB","ACANA"
"1103512","1","0","LST","","29.99","19.54","ACANA DG SB PUP 4.4LB","ACANA"
"1103516","1","0","LST","","110.99","76.19","ACANA DG HI PRTN WILD PR 25LB","ACANA"
"1103517","1","0.25","LST","","34.99","22.81","ACANA DG HI PRTN WILD PR 4.4LB","ACANA"
"1103519","1","0","LST","","68.99","46.3","ACANA DG HI PRTN WLD PR 13.2LB","ACANA"
"1103520","1","0","LST","","110.99","76.17","ACANA DG HI PRTN GRSLNDS 25LB","ACANA"
"1103521","1","0","LST","","34.99","22.79","ACANA DG HI PRTN GRSLNDS 4.4LB","ACANA"
"1103523","1","0","LST","","73.99","49.68","ACANA DG HI PRT GRSLND 13.2LB","ACANA"
"1103539","1","0.5","LST","","110.99","76.17","ACANA DG HI PRTN PACIFICA 25LB","ACANA"
"1103540","1","0","LST","","34.99","22.79","ACANA DG HI PRTN PACIFICA4.4LB","ACANA"
"1103542","1","0","LST","","73.99","49.68","ACANA DG HI PRTN PCIFCA 13.2LB","ACANA"
"1103543","1","0.25","LST","","110.99","76.17","ACANA DG HI PRTN RNCHLNDS 25LB","ACANA"
"1103544","1","0.25","LST","","34.99","22.79","ACANA DG HI PRTN RNCHLNDS4.4LB","ACANA"
"1103546","1","0.25","LST","","73.99","49.68","ACANA DG HI PRTN RNCHLD 13.2LB","ACANA"
"1103563","1","0.25","LST","","115.99","79.61","ORIJEN DG PUP 25LB","ORIJEN"
"1103564","1","0","LST","","35.99","23.45","ORIJEN DG PUP 4.4LB","ORIJEN"
"1103566","1","0.25","LST","","70.99","47.65","ORIJEN DG PUP 13.2LB","ORIJEN"
"1103567","1","0.75","LST","","110.99","76.19","ORIJEN DG ORIG 25LB","ORIJEN"
"1103568","1","0","LST","","35.99","23.45","ORIJEN DG ORIG 4.4LB","ORIJEN"
"1103570","1","0.25","LST","","70.99","47.66","ORIJEN DG ORIG 13.2LB","ORIJEN"
"1103571","1","0.25","LST","","110.99","76.18","ORIJEN DG SNR 25LB","ORIJEN"
"1103575","1","0","LST","","115.99","79.61","ORIJEN DG LB PUP 25LB","ORIJEN"
"1103578","1","0.5","LST","","126.99","86.47","ORIJEN DG 6 FSH 25LB","ORIJEN"
"1103579","1","0","LST","","40.99","26.71","ORIJEN DG 6 FSH 4.4LB","ORIJEN"
"1103581","1","0","LST","","80.99","53.68","ORIJEN DG 6 FSH 13.2LB","ORIJEN"
"1103582","1","1.25","LST","","126.99","86.47","ORIJEN DG RGNL RED 25LB","ORIJEN"
"1103583","1","0.5","LST","","40.99","26.71","ORIJEN DG RGNL RED 4.4LB","ORIJEN"
"1103585","1","1","LST","","80.99","53.7","ORIJEN DG RGNL RED 13.2LB","ORIJEN"
"1103586","1","0.75","LST","","115.99","79.6","ORIJEN DG FIT & TRIM 25LB","ORIJEN"
"1103643","1","0.5","LST","","23.99","14.86","SC CT RW CTD CHK 2.5LB","STELLA & CHEWY'S"
"1103645","1","0","LST","","31.99","19.59","SC CT RW BLN CG FR PLTRY 2.5LB","STELLA & CHEWY'S"
"1103646","1","0","LST","","41.99","26.34","SC CT RW CTD CHK 5LB","STELLA & CHEWY'S"
"1103648","1","0","LST","","54.99","35.13","SC CT RW BLN CG FR PLTRY 5LB","STELLA & CHEWY'S"
"1103676","12","0","LST","","5.99","4.04","GO! DG CNV GF SHR LMB&BR12.5oz","GO! SOLUTIONS"
"1103677","12","0","LST","","5.99","4.04","GO! DG CNV GF CH TK&DK 12.5oz","GO! SOLUTIONS"
"1103678","12","0","LST","","6.49","4.3775","GO! DG SEN LID GF DK PT 12.5oz","GO! SOLUTIONS"
"1103679","12","0","LST","","5.99","4.04","GO! DG SEN LID GF SHR TK12.5oz","GO! SOLUTIONS"
"1103680","12","0","LST","","5.99","4.04","GO! DG S&C PLK PT 12.5oz","GO! SOLUTIONS"
"1103681","12","0","LST","","5.99","4.04","GO! DG S&C SHRD CHK 12.5oz","GO! SOLUTIONS"
"1103682","12","0.25","LST","","5.99","4.04","GO! DG S&C TK &SL PT 12.5oz","GO! SOLUTIONS"
"1103683","24","0.25","LST","","4.29","2.8938","GO! CT CNV GF CH TK&DK 6.4OZ","GO! SOLUTIONS"
"1103684","24","0.25","LST","","4.29","2.8938","GO! CT CNV GF MNCD LMB&BR6.4OZ","GO! SOLUTIONS"
"1103685","24","0.25","LST","","4.29","2.8938","GO! CT CNV GF SL&CD PT 6.4OZ","GO! SOLUTIONS"
"1103686","24","0.5","LST","","4.49","3.0283","GO! CT SEN LID GF DK PT 6.4OZ","GO! SOLUTIONS"
"1103688","24","0","LST","","4.29","2.8938","GO! CT S&C MNCD CHK 6.4OZ","GO! SOLUTIONS"
"1103689","24","0","LST","","4.29","2.8938","GO! CT S&C SLM PT 6.4OZ","GO! SOLUTIONS"
"1103709","1","0","LST","","117.99","75.85","PRB DG FD CK BREAST 1.75LB","PUREBITES"
"1103755","1","0","LST","","6.79","3.25","PERF ULT CT FD WHTFSH 0.6oz","PERFORMATRIN ULTRA"
"1103756","1","0.25","LST","","15.99","7.5","PERF ULT DG FD TURKEY 2.3OZ","PERFORMATRIN ULTRA"
"1103757","1","0","LST","","6.79","3.35","PERF ULT CT FD TURKEY 0.81oz","PERFORMATRIN ULTRA"
"1103815","30","0.75","LST","","5.99","2.5527","PERF ULT DG TRTR BSTR BONE1EA","PERFORMATRIN ULTRA"
"1103816","25","4.25","LST","","10.29","4.998","PERF ULT DG BCKSTP TENDON12in","PERFORMATRIN ULTRA"
"1103818","60","6.25","LST","","6.29","2.5608","PERF ULT DG REG BULL STCK6in","PERFORMATRIN ULTRA"
"1103819","50","2","LST","","12.49","5.342","PERF ULT DG REG BULL STCK12IN","PERFORMATRIN ULTRA"
"1103820","25","6.5","LST","","18.99","9.3744","PERF ULT DG SUPR BULL STCK12in","PERFORMATRIN ULTRA"
"1103821","15","0.75","LST","","22.99","11.5","PERF ULT DG BULLY BRAID12in","PERFORMATRIN ULTRA"
"1103823","75","5","LST","","3.29","1.1567","PERF ULT DG ESOPHAGUS STCK6IN","PERFORMATRIN ULTRA"
"1103829","1","0.25","LST","","18.49","10.87","ORIJEN DG RCH RSD BF TRT3.25OZ","ORIJEN"
"1103831","1","0","LST","","18.49","10.87","ORIJEN DG GRSFD LAMB TRT3.25OZ","ORIJEN"
"1103833","1","0.25","LST","","18.49","10.87","ORIJEN DG FREERN DCK TRT3.25OZ","ORIJEN"
"1103850","24","0","LST","","4.29","2.0417","ETTA DG PORK YUMM STK 0.75OZ","ETTA SAYS!"
"1103851","24","0","LST","","4.29","2.0417","ETTA DG TURKEY YUMM STK 0.75OZ","ETTA SAYS!"
"1103852","24","0","LST","","4.29","2.0417","ETTA DG BEEF YUMM STK 0.75OZ","ETTA SAYS!"
"1103853","24","8.75","LST","","4.29","2.0417","ETTA DG CHKN YUMM STK 0.75OZ","ETTA SAYS!"
"1103894","1","0","ROS","","35.99","22.97","SC DG RW CTD GR CHK 3.5LB","STELLA & CHEWY'S"
"1103993","1","0","LST","","16.99","8.6","PB DG BEEF JERKY7.5OZ","PUREBITES"
"11237","1","0.25","OOS","","31.99","23.82","MRK DG GF BF&SP 4LB","MERRICK"
"11265","1","0","LST","","10.99","8.79","PUR DG CHOW PUP 4.41lb","PURINA"
"11468","35","1","LST","","19.99","10","OPN RNG DG BLLY STCK SUPR 12IN","OPEN RANGE"
"11481","1","0","LST","","12.99","5.33","NB DG SMBR LIT VEN&SP 8OZ","NATURAL BALANCE"
"11488","1","0","LST","","12.99","4.8","NB DG SMBR LIT FSH&SP 8oz","NATURAL BALANCE"
"1150642","24","6.75","LST","","3.19","1.85","RCBHN DG SHIH TZU AD 3OZ","ROYAL CANIN"
"1150647","24","0.25","LST","","3.49","2.1775","RCFHN CT URINARY SLC GVY 3OZ","ROYAL CANIN"
"11507","1","0","LST","","19.99","13.42","DN DG GF BF&SP 5LB","DIAMOND NATURALS"
"11508","1","0","OOS","","47.99","31.84","DN DG GF BF&SP 14LB","DIAMOND NATURALS"
"11509","1","0","LST","","76.99","53.65","DN DG GF BF&SP 28LB","DIAMOND NATURALS"
"1151009","24","0.5","LST","","3.49","2.2375","SD CT AD SS CHK&VG 2.9OZ","HILL'S SCIENCE DIET"
"11511","1","1","LST","","19.99","13.42","DN DG GF CHK&SP 5LB","DIAMOND NATURALS"
"11515","1","0","LST","","47.99","31.84","DN DG GF CHK&SP 14LB","DIAMOND NATURALS"
"11516","1","0","LST","","76.99","53.65","DN DG GF CHK&SP 28LB","DIAMOND NATURALS"
"11518","1","0","LST","","47.99","31.84","DN DG GF WHT FSH SP 14LB","DIAMOND NATURALS"
"1152893","1","0","LST","","66.99","49.62","BLU DG AD LB LPF HW CHK 26LB","BLUE BUFFALO"
"1152894","1","0.5","LST","26542","66.99","47.45","BLU DG AD LPF CK&BR 26LB","BLUE BUFFALO"
"1152896","1","0.25","LST","26544","66.99","49.62","BLU DG AD LB LPF CK&BR26LB","BLUE BUFFALO"
"1152898","1","0.5","LST","26546","66.99","50.61","BLU DG AD LPF LMB&BR 26LB","BLUE BUFFALO"
"11635","1","0","LST","11681","123.99","92.67","SD DG AD CHK&R BAR 7PLUS 33LB","HILL'S SCIENCE DIET"
"11885","1","0","LST","17382","116.99","83.11","SD CT AD 16LB","HILL'S SCIENCE DIET"
"11895","1","0","LST","","5.19","2.46","WEL CT KITTLES SL&CRNBR 2oz","WELLNESS"
"12163","1","0","LST","","54.99","35.8","HD SNGBRD MIX 30lb","HEALTH DIET"
"12177","1","0.25","LST","","9.99","4.76","JAYS DG MY MGHTY WLF PORK5.3oz","JAY'S"
"12183","1","0.25","LST","","4.79","2.8","MIGHTY CT CHCKN 2.6oz","JAY'S"
"12243","1","0","LST","","29.99","19.52","HD SNGBRD MIX 15lb","HEALTH DIET"
"12353","1","0.25","LST","12354","19.99","13.01","HD SNGBRD MIX 7lb","HEALTH DIET"
"12411","1","0.25","LST","","27.99","17.29","F4L ECO PAPER SOFT LTR 15LB","FRESH 4 LIFE"
"12413","1","0.75","LST","12412","28.99","19.41","F4L ECO PAPER PELLET LTR 26LB","FRESH 4 LIFE"
"12537","1","1.5","LST","","21.99","14.07","A&H CLUMP&SEAL MC 9.1kg","ARM & HAMMER"
"12541","1","1.5","LST","","18.99","10.34","F4L ECO PINE PELLET LTR 22LB","FRESH 4 LIFE"
"12543","1","0","LST","","26.99","17.94","FEL FRSH CLMP PINE 17LB","FELINE FRESH"
"12544","1","0","LST","","49.99","33.19","FEL FRSH CLMP PINE 34lb","FELINE FRESH"
"12572","1","0","LST","","21.99","14.72","A&H MULTI CAT LTR 12.7kg","ARM & HAMMER"
"12574","1","0.5","LST","","21.99","14.72","A&H DBL DUTY CT LTR12.7kg","ARM & HAMMER"
"12748","1","2.5","LST","","14.99","10.37","F4L CLMP UNSCNT LTR 40LB","FRESH 4 LIFE"
"12749","1","4.75","LST","","14.99","10.37","F4L CLMP MC LTR 40LB","FRESH 4 LIFE"
"12763","1","0.75","LST","12743","12.99","8.82","F4L CLMP UNSCNT LTR 22LB","FRESH 4 LIFE"
"12765","1","0","LST","12746","12.99","8.82","F4L CLMP MC LTR 22LB","FRESH 4 LIFE"
"12771","1","0","LST","","15.99","9.15","F4L CLMP ODOR DESTR LTR 18LB","FRESH 4 LIFE"
"12773","1","4.5","LST","","23.99","13.93","F4L CLMP ODOR DESTR LTR 40LB","FRESH 4 LIFE"
"12783","3","0.25","LST","","10.99","6.9233","F4L CLMP UNSCNT LTR 14LB","FRESH 4 LIFE"
"12784","3","0","LST","","10.99","6.9233","F4L CLMP MC LTR 14LB","FRESH 4 LIFE"
"12839","1","0.25","LST","12833","53.99","42","WBCL UNSCNT CLMP 28LB","WORLD'S BEST"
"12845","1","0.25","LST","12844","53.99","42","WBCL MC UNSCNT CLMP 28LB","WORLD'S BEST"
"12860","1","0","LST","","27.99","18.87","DR ELSEY CT ATTRACT LTR 20lb","DR. ELSEY'S"
"12863","1","0","LST","","22.99","15.18","DR ELSEY ULT LTR ATTRCTNT 20oz","DR. ELSEY'S"
"12865","1","0","LST","","43.99","30.36","DR ELSEY CT ATTRACT LTR 40lbs","DR. ELSEY'S"
"12907","1","1","LST","","27.99","22.43","DR ELSEY ULT CLMP 40LB","DR. ELSEY'S"
"13210","1","0","LST","","29.99","24.58","PUR DG CHOW 17.64LB","PURINA"
"13444","1","0","LST","","31.99","19.08","RCSHN DG PUP XS 3LB","ROYAL CANIN"
"13469","1","0","LST","13459","88.99","56.38","RCBHN DG CHIHUAHUA AD 10LB","ROYAL CANIN"
"13912","1","0","LST","","91.99","63.99","SD DG AD ORAL CARE 15LB","HILL'S SCIENCE DIET"
"14144","1","0","LST","","84.99","63.67","BLU DG AD WILD GF CHK 24LB","BLUE BUFFALO"
"14148","1","0.25","LST","","84.99","65.92","BLU DG AD WILD GF SLMN 24LB","BLUE BUFFALO"
"14459","1","0","LST","14454","37.99","22.76","RCBHN DG CHIHUAHUA AD 2.5LB","ROYAL CANIN"
"14464","1","0.5","LST","","37.99","22.76","RCBHN DG YORKIE AD 2.5LB","ROYAL CANIN"
"1500237","1","0","LST","","64.99","36.8","PCHPD INDOOR TURF PAD 1ea","POOCH PAD"
"1500238","1","0","LST","","29.99","16.9","PCHPD INDOOR REPL GRASS 1ea","POOCH PAD"
"1500250","1","0","LST","31633","29.99","12.16","HARI TRPCN LFTM CKTL GRAN 4LB","TROPICAN"
"1500259","1","0","LST","","39.99","19.45","HARI TRPMX LG PRT 4LB","TROPICAN"
"1500266","1","0.5","LST","1504983","24.99","16.53","LITTERLOCKER DESIGN RFL 3pk","LITTERLOCKER"
"1500267","1","0.5","LST","","22.99","12.9","DOG ROCKS 7.1oz","DOG ROCKS"
"1500376","1","0","LST","","21.99","10.98","KURGO GO STUFF IT BAG BLU 1ea","KURGO"
"1500377","1","0","LST","","19.99","9.99","KURGO MUD DOG TRVL SHOWER 1ea","KURGO"
"1500449","1","0","LST","","25.99","13","LIQVET DG JOINT ROAST 8OZ","LIQUID-VET"
"1500450","1","0.75","LST","","48.99","24.5","LIQVET DG JOINT CHCK 32oz","LIQUID-VET"
"1500451","1","0","LST","","48.99","24.5","LIQVET DG JOINT ROAST 32oz","LIQUID-VET"
"1500457","1","0.5","LST","","13.99","6.98","TRPCLN EAR WASH 4oz","TROPICLEAN"
"1500470","1","0","LST","","28.99","14.96","ZODIAC INFESTOP CT UNDR4kg 1ea","ZODIAC"
"1500471","1","0","LST","","28.99","14.96","ZODIAC INFESTOP CT OVER 4kg","ZODIAC"
"1500526","1","0","LST","","34.99","16.53","SC ULTMT LITTR MT 36x24in","SMARTCAT"
"1500597","1","0","LST","","84.99","45.73","BB DG CABLE PLW GR 1EA","BAILEY & BELLA"
"1500598","1","0.25","ROS","","84.99","45.73","BB DG CABLE PLW BR 1EA","BAILEY & BELLA"
"1500668","1","0","ROS","","149.99","90","JMP COCO TREE 43IN","JUMP"
"1500708","1","0.25","OOS","45691","9.99","4.77","ESN TRAINING PAD 10PK","ESSENTIALS"
"1500709","1","0","LST","45692","29.99","17.63","ESN TRAINING PAD 50PK","ESSENTIALS"
"1500710","1","0.75","LST","45693","49.99","29.09","ESN TRAINING PAD 100PK","ESSENTIALS"
"1500711","1","0","LST","","84.99","47.7","ESN TRAINING PAD XL 100PK","ESSENTIALS"
"1500712","1","0.75","LST","45694","52.99","28.6","ESN TRAINING PAD XL 50PK","ESSENTIALS"
"1500714","1","0","LST","","13.99","6.24","PS PETITE ORKA COMBO 2PK","PETSTAGES"
"1500727","1","0","LST","","23.99","13","OH TOUGHSEAMZ SNAKE 3SQ 1SM","OUTWARD HOUND"
"1500728","1","0","OOS","","26.99","15.58","OH TOUGHSEAMZ SNAKE 6SQ 1LG","OUTWARD HOUND"
"1500803","1","0","LST","","7.99","3.75","FLK CRCKT QCHR 16OZ","FLUKERS"
"1500804","1","0","LST","","16.99","8.75","FLK CRCKT ORG CUB DIET 12OZ","FLUKERS"
"1501047","1","0","LST","","129.99","77.07","ESN CRATE DOUBLE DOOR 36IN","ESSENTIALS"
"1501049","1","0","LST","76353","199.99","114.64","ESN CRATE DOUBLE DOOR 48IN","ESSENTIALS"
"1501050","1","0","LST","","69.99","35.46","ESN CRATE SINGLE DOOR 24IN","ESSENTIALS"
"1501051","1","0","LST","76356","84.99","43.5","ESN CRATE SINGLE DOOR 30IN","ESSENTIALS"
"1501052","1","0","LST","6233565","109.99","65.74","ESN CRATE SINGLE DOOR 36IN","ESSENTIALS"
"1501053","1","0.25","LST","","139.99","75.59","ESN CRATE SINGLE DOOR 42IN","ESSENTIALS"
"1501054","1","0","LST","","169.99","92.98","ESN CRATE SINGLE DOOR 48IN","ESSENTIALS"
"1501123","1","0","LST","","24.99","12.5","NYLA DURA CHEW BONE PB 1EA","NYLABONE"
"1501125","1","0","LST","","18.99","9.07","NYLA DURA CHEW BCN CHK 2MD","NYLABONE"
"1501126","1","0","LST","","27.99","13.99","NYLA DURA CHEW BCN CHK 2LG","NYLABONE"
"1501155","1","0","LST","","14.99","7.36","NM JFC ORG OXY 709ML","NATURE'S MIRACLE"
"1501158","1","0.5","LST","","19.99","10.06","NM LAVENDER SCNT S&O 946ml","NATURE'S MIRACLE"
"1501160","1","0","LST","","19.99","11.04","NM ORG OXY S&O 946ml","NATURE'S MIRACLE"
"1501162","1","0.25","LST","","19.99","11.28","NM JFC ADV S&O 946ML","NATURE'S MIRACLE"
"1501356","1","0","LST","","12.99","6.18","KONG PUPPY BINKIE 1SM","KONG"
"1501363","1","0.25","LST","","24.99","12.56","KONG GYRO 1LG","KONG"
"1501372","1","0","LST","","26.99","12.86","KONG EXTREME GOODIE BONE 1LG","KONG"
"1501375","1","0.5","LST","","27.99","15.29","KONG JUMBLER BALL 1LG","KONG"
"1501376","1","0.25","LST","","9.99","4.84","KONG WILDKNOTS BEAR 1XS","KONG"
"1501386","1","0.5","LST","","14.99","6.65","KONG EASY TREAT BCN&CHS 8OZ","KONG"
"1501388","1","0","LST","","22.99","8.41","KONG EXTREME TIRES 1MD","KONG"
"1501406","42","0.5","LST","","7.99","4.1376","YEOWWW! LADYBUG JUG 1EA","YEOWWW!"
"1501633","1","0","LST","","9.99","3.9","TRCL FINGER BRUSH 2pc","TROPICLEAN"
"1501635","1","0.25","LST","","15.99","7.71","TRCL ORL CARE GEL 2oz","TROPICLEAN"
"1501637","1","0","LST","","15.99","7.71","TRCL ORL CARE GEL PB 2oz","TROPICLEAN"
"1501640","1","0","LST","","24.99","10.15","TRCL WTR ADTV WHTNG 473ml","TROPICLEAN"
"1501793","1","0","LST","","17.99","9.38","OH SCRUFFLES MOOSE SM","OUTWARD HOUND"
"1501795","1","0","LST","","25.99","13.52","OH SCRUFFLES MOOSE LG","OUTWARD HOUND"
"1501799","1","0","OOS","","28.99","15.42","OH THUNDER TUGGERZ ","OUTWARD HOUND"
"1501820","1","0","LST","","34.99","17.23","CSTL CT ADJ HRN&LSH RED 1EA","COASTAL PET PRODUCTS"
"1501827","1","0","LST","","14.99","7.45","GODG JFM ROOSTER BRN 1XS","GO DOG"
"1501829","1","0","LST","","74.99","42.26","SV NESTOR JUMBO GREY 1ea","SAVIC"
"1501830","1","0","LST","","44.99","25","SV NESTOR GREY 1EA","SAVIC"
"1501834","1","0","LST","","55.99","31.25","SV HOPIN MOCCA 1EA","SAVIC"
"1501835","1","0","OOS","","7.99","4.04","SV FILTER FOR NESTORS 1EA","SAVIC"
"1501837","1","0.25","LST","","99.99","66.67","PETSF SCOOPFREE REPL 3pk","PETSAFE"
"1501843","1","0","LST","","11.99","5.84","KONG CT KICKEROO CUDDLE 1EA","KONG"
"1501855","1","0","LST","","41.99","20.8","DGS SLEEPER MAT BRN 15X20IN","DOG GONE SMART"
"1501856","1","0","LST","","51.99","25.99","DGS SLEEPER MAT BRN 19X24IN","DOG GONE SMART"
"1501857","1","0","LST","","62.99","31.19","DGS SLEEPER MAT BRN 21X30IN","DOG GONE SMART"
"1501858","1","0","LST","","72.99","40","DGS SLEEPER MAT BRN 23X36IN","DOG GONE SMART"
"1501859","1","0","LST","","93.99","51.44","DGS SLEEPER MAT BRN 28X42IN","DOG GONE SMART"
"1501860","1","0","LST","","103.99","57.16","DGS SLEEPER MAT BRN 30X48IN","DOG GONE SMART"
"1501861","1","0","LST","","41.99","20.8","DGS SLEEPER MAT GRY 15X20IN","DOG GONE SMART"
"1501863","1","0","LST","","62.99","31.19","DGS SLEEPER MAT GRY 21X30IN","DOG GONE SMART"
"1501864","1","0","LST","","72.99","40","DGS SLEEPER MAT GRY 23X36IN","DOG GONE SMART"
"1501865","1","0","LST","","93.99","51.44","DGS SLEEPER MAT GRY 28X42IN","DOG GONE SMART"
"1501866","1","0","LST","","103.99","57.16","DGS SLEEPER MAT GRY 30X48IN","DOG GONE SMART"
"1501949","1","0","LST","","44.99","23.26","VL COMP FRRT FOOD 5.5LB","VERSELE-LAGA"
"1502038","1","0.5","LST","","11.49","5.5","CHARLEE DG CHK PMP APL TRT 8oz","CHARLEE BEAR"
"1502039","1","0","LST","","11.49","5.5","CHARLEE DG BCN BLR 8oz","CHARLEE BEAR"
"1502040","1","0.25","LST","","11.49","5.5","CHARLEE DG TKY SP CRN 8oz","CHARLEE BEAR"
"1502091","1","0","LST","","79.99","43.99","JMP 3 POST 3 SRFC 18IN","JUMP"
"1502166","24","0.25","LST","","10.99","5.1654","SPOT WANDS ASST 1EA","SPOT"
"1502183","1","0.5","LST","","9.49","4.8","KET CRFT DG BCN SML 6oz","KETTLE CRAFT"
"1502184","1","0","LST","","17.99","9.2","KET CRFT DG BCN LRG 12oz","KETTLE CRAFT"
"1502185","1","0","LST","","9.49","4.8","KET CRFT DG VEN SML 6oz","KETTLE CRAFT"
"1502187","1","0","LST","","9.49","4.8","KET CRFT DG SLM SML 6oz","KETTLE CRAFT"
"1502210","1","0","ROS","","109.99","60.49","JMP MARLEY TREE 26.5IN","JUMP"
"1502220","1","0","LST","","15.99","7.99","FFIT SPIKER TREAT BALL 5IN","FOUFIT"
"1502267","1","0","LST","","14.99","9.3","CHUCKIT BREATHE RIGHT BALL 2SM","CHUCKIT"
"1502285","1","0","LST","","207.99","140.31","ESN TRANSP CARRIER 35IN","ESSENTIALS"
"1502689","1","0","LST","","89.99","47","ESBILAC MILK POWDER 28OZ","PETAG"
"1502871","1","0","LST","","45.99","27.52","PP LIZ LNGR 1LG","PENN-PLAX"
"1502873","1","0","LST","","72.99","37.1","ESN MUDMAT RUNNER BRN 1EA","ESSENTIALS"
"1502874","1","0","LST","","41.99","18.9","ESN MUDMAT DOORMAT BRN 1LG","ESSENTIALS"
"1502875","1","0","LST","","36.99","15.75","ESN MUDMAT DOORMAT BRN 1MD","ESSENTIALS"
"1502876","1","0","LST","","72.99","37.1","ESN MUDMAT RUNNER GRY 1EA","ESSENTIALS"
"1502877","1","0","LST","","41.99","18.9","ESN MUDMAT DOORMAT GRY 1LG","ESSENTIALS"
"1502878","1","0","LST","","36.99","15.75","ESN MUDMAT DOORMAT GRY 1MD","ESSENTIALS"
"1502881","1","0","LST","","21.99","13","ZPRM PFUN SM BRD 2LB","ZUPREEM"
"1502882","1","0","LST","","25.99","15.03","ZPRM PFUN MD BRD 2LB","ZUPREEM"
"1502928","1","0","LST","","59.99","30","MDN CILV CAT CARRIER 1ea","MODERNA"
"1502954","1","0.25","LST","","5.99","4.65","A&H DD LTR DEODRZR 850gr","ARM & HAMMER"
"1502955","1","1","LST","","28.99","21.26","A&H SLIDE MC 12.7kg","ARM & HAMMER"
"1502971","1","0","LST","","19.99","9.8","ER POOPBAG REFILL SCNT 315pc","EARTH RATED"
"1502972","1","0.5","LST","","19.99","9.8","ER POOPBAG REFILL UNSCNT 315pc","EARTH RATED"
"1503055","1","0.25","LST","","18.99","9.6","KONG CORESTRENGTH BONE 1MD","KONG"
"1503076","1","0","LST","","21.99","10.25","KONG PHATZ PIG 1MD","KONG"
"1503326","1","0","LST","","11.99","5.8","PM KENNEL CUP 21oz","PETMATE"
"1503379","1","0.25","LST","","29.99","14.39","NOK OUT SKUNK KIT 1ea","NOK OUT"
"1503452","1","0","LST","","38.99","22","DR MAGGIE DG SKN&CT 8.1floz","DR. MAGGIE"
"1503453","1","0","LST","","70.99","37.17","DR MAGGIE DG SKN&CT 16.2floz","DR. MAGGIE"
"1503454","1","0","LST","79206","32.99","17.6","DR MAGGIE D&C PAWPROTECT 7.1oz","DR. MAGGIE"
"1503455","1","0","LST","43697","22.99","12.4","DR MAGGIE D&C OINTMENT 1.1oz","DR. MAGGIE"
"1503546","6","0","LST","","10.99","6.0183","PTRGS CT BUBBLE FSH SAUCER 5IN","PETRAGEOUS"
"1503562","1","0","LST","","50.99","27.3","NATURPET URINE CARE 100ml","NATURPET"
"1503708","1","0","LST","","8.29","4.15","FFIT SPIKER TREAT BALL 3IN","FOUFIT"
"1503868","1","0","LST","","16.99","7.25","TTR TPRO GLDFSH CRSP 3OZ","TETRA"
"1503934","1","0","LST","75794","24.99","12.5","KONG DG SS H2O BTL BLK 25OZ","KONG"
"1503952","1","0.25","LST","","11.99","6.89","NM CT URINE DESTR ARSL 17.5oz","NATURE'S MIRACLE"
"1503954","1","0","LST","","15.99","7.4","TTR TF RPM FOOD STCK 3.2OZ","TETRA"
"1504000","1","0","ROS","","21.99","11","ESN DG ELVTD DINER GRY 1SM","ESSENTIALS"
"1504037","1","0","ROS","","36.99","20.12","FLEXI DG NEON TAPE MD 16FT","FLEXI"
"1504038","1","0","LST","","39.99","18.85","FLEXI DG NEON TAPE LG 16FT","FLEXI"
"1504039","1","0","LST","","34.99","16.84","FLEXI DG CLASSIC RED MD 16FT","FLEXI"
"1504044","1","0","LST","12925","22.99","14.71","NATFRESH QUICK CLMP 14LB","NATURALLY FRESH"
"1504045","1","-0.25","LST","12928","22.99","15.36","NATFRESH MULTICAT CLMP 14LB","NATURALLY FRESH"
"1504050","1","0.5","LST","50961","34.99","24.09","NATFRESH QUICK CLMP 26LB","NATURALLY FRESH"
"1504051","1","0.5","LST","12929","34.99","24.54","NATFRESH MULTICAT CLMP 26LB","NATURALLY FRESH"
"1504055","1","0.25","LST","","34.99","16.84","FLEXI DG CLASSIC BLK MD 16FT","FLEXI"
"1504056","1","0","LST","","37.99","19.98","FLEXI DG CLASSIC RED LG 16FT","FLEXI"
"1504058","1","0","LST","","37.99","19.98","FLEXI DG CLASSIC BLK LG 16FT","FLEXI"
"1504184","1","0","LST","","23.99","12","TRIACTA REG SM DG&CT 60g","TRI-ACTA"
"1504185","1","0","LST","","39.99","19.81","TRIACTA REG MED DOG 140G","TRI-ACTA"
"1504186","1","0","LST","","64.99","32.55","TRIACTA REG LRG DOG 300g","TRI-ACTA"
"1504187","1","0.25","LST","","27.99","14","TRIACTA HA MAX SMDG&CT60g","TRI-ACTA"
"1504188","1","0","LST","","49.99","24.8","TRIACTA H.A MAX MD DG140G","TRI-ACTA"
"1504189","1","0.25","LST","","79.99","39.85","TRIACTA H.A MAX LG DG300g","TRI-ACTA"
"1504217","1","0.25","LST","","9.99","5.12","CAT DANCER RAINBOW CHARMER 1EA","CAT DANCER"
"1504218","1","0","LST","","10.99","5.45","CAT DANCER CHASERS 6PC","CAT DANCER"
"1504540","3","1","LST","","10.99","6.9233","F4L CLMP OCEAN BREEZE LTR 14LB","FRESH 4 LIFE"
"1504541","1","1","LST","","14.99","10.37","F4L CLMP OCEAN BREEZE LTR 40LB","FRESH 4 LIFE"
"1504542","1","0.25","LST","","12.99","8.82","F4L CLMP OCEAN BREEZE LTR 22LB","FRESH 4 LIFE"
"1504544","1","0.25","LST","","7.29","4.15","F4L CLMP OCEAN BREEZE DEO 32OZ","FRESH 4 LIFE"
"1504565","1","0","LST","","26.99","13.01","ESN SHERPA MAT NTRL 18X24IN","ESSENTIALS"
"1504566","1","0.25","LST","","32.99","15.7","ESN SHERPA MAT NTRL 21X30IN","ESSENTIALS"
"1504567","1","0","LST","","36.99","18.19","ESN SHERPA MAT NTRL 24X36IN","ESSENTIALS"
"1504568","1","0","LST","","41.99","20.79","ESN SHERPA MAT NTRL 28X42IN","ESSENTIALS"
"1504569","1","0","LST","","46.99","23.38","ESN SHERPA MAT NTRL 29X49IN","ESSENTIALS"
"1504570","1","0","LST","","26.99","13.01","ESN SHERPA MAT GRY 18X24IN","ESSENTIALS"
"1504571","1","0","LST","","32.99","15.7","ESN SHERPA MAT GRY 21X30IN","ESSENTIALS"
"1504572","1","0","LST","","36.99","18.19","ESN SHERPA MAT GRY 24X36IN","ESSENTIALS"
"1504573","1","0","LST","","41.99","20.79","ESN SHERPA MAT GRY 28X42IN","ESSENTIALS"
"1504574","1","0","LST","","46.99","23.38","ESN SHERPA MAT GRY 29X49IN","ESSENTIALS"
"1504662","1","0","LST","","3.99","1.5","MRN EZ CATCH NET 3X2.5IN","MARINA"
"1504663","1","0.25","LST","","5.99","2","MRN EZ CATCH NET 5IN","MARINA"
"1504669","1","0","LST","","51.99","29.3","FURM LH MD DOG 1ea","FURMINATOR"
"1504673","1","0","LST","","49.99","29.43","FURM LH SM DOG 1ea","FURMINATOR"
"1504674","1","0","LST","","51.99","29.3","FURM SH MD DOG 1ea","FURMINATOR"
"1504675","1","0","LST","","54.99","32.46","FURM LH LG DOG 1ea","FURMINATOR"
"1504680","1","0","LST","","22.99","14.22","FURM DUAL BRUSH 1ea","FURMINATOR"
"1504772","1","0","LST","","19.99","10","JMP RND BED GRY 1EA","JUMP"
"1504773","1","0","LST","","19.99","10","JMP RND BED CML 1EA","JUMP"
"1504774","1","0","LST","","19.99","10","JMP RND BED BLU 1EA","JUMP"
"1504781","1","0.25","LST","1500525","41.99","19.42","HT SCOOT STOP DOG 60pc","HEAD TO TAIL"
"1504782","1","1.25","LST","44691","13.99","6.17","HT CALMING FOR CATS 30pc","HEAD TO TAIL"
"1504783","1","0.25","LST","44692","12.99","5.53","HT CALMING SM DOG 30pc","HEAD TO TAIL"
"1504784","1","0.25","LST","44693","18.99","7.71","HT CALMING LG DOG 30pc","HEAD TO TAIL"
"1504785","1","1","LST","44694","21.99","10.19","HT CALMING XL DOG 30pc","HEAD TO TAIL"
"1504786","1","0","LST","44695","19.99","9.6","HT HIP&JOINT CATS 60pc","HEAD TO TAIL"
"1504787","1","0","LST","44696","23.99","10.3","HT HIP&JOINT SM DOG 60pc","HEAD TO TAIL"
"1504788","1","0.25","LST","44697","44.99","22.5","HT HIP&JOINT LG DOG 60pc","HEAD TO TAIL"
"1504789","1","0.5","LST","44698","45.99","22.76","HT HIP&JOINT XL DOG 60pc","HEAD TO TAIL"
"1504797","1","0.25","LST","44708","13.99","6.17","HT HAIRBALL FOR CATS 30pc","HEAD TO TAIL"
"1504798","1","0","LST","44709","24.99","11.1","HT HAIRBALL FOR CATS 90pc","HEAD TO TAIL"
"1504801","1","0","LST","44713","15.99","7.54","HT L LYSINE CAT 60pc","HEAD TO TAIL"
"1504802","1","0","LST","44714","19.99","9.25","HT UT SUPPORT CAT 60pc","HEAD TO TAIL"
"1504803","1","0","LST","50977","17.99","8.37","HT LAWN+ FOR DOG 60pc","HEAD TO TAIL"
"1504883","1","0","LST","","89.99","49.49","JMP MAGGIE TREE 25IN","JUMP"
"1504885","1","0","LST","","189.99","114","JMP FELIX TREE 53IN","JUMP"
"1504907","1","0","LST","","13.99","6.55","F4L NTRL PAPER BDNG 14L","FRESH 4 LIFE"
"1504908","1","0","LST","","21.99","11","F4L NTRL PAPER BDNG 30L","FRESH 4 LIFE"
"1504909","1","0","LST","","34.99","19.24","F4L NTRL PAPER BDNG 60L","FRESH 4 LIFE"
"1504926","1","0","LST","","18.99","9.5","HD P&B SEED 5LB","HEALTH DIET"
"1504927","1","0","LST","","18.99","9.5","HD PRT SEED 4LB","HEALTH DIET"
"1504928","1","0","LST","","11.99","6","HD CKTL SEED 2.2LB","HEALTH DIET"
"1504929","1","0","LST","","18.99","9.5","HD CKTL SEED 5LB","HEALTH DIET"
"1504937","1","0.25","LST","","21.99","10.6","KONG WUBBA FINZ BLUE 1LG","KONG"
"1504940","1","0.25","LST","","14.99","6.65","KONG SHAKERS LUVS ELPHNT 1SM","KONG"
"1504941","1","0","LST","","18.99","8.88","KONG SHAKERS LUVS GIRAFFE 1LG","KONG"
"1504978","3","0.5","LST","12774","21.99","13.1333","F4L LW CLMP UNSCNT LTR 10LB","FRESH 4 LIFE"
"1504982","1","0","LST","","169.99","93","ESN EXTD SOFT CRATE BLU 24IN","ESSENTIALS"
"1505003","1","1.75","LST","12582","22.99","14.3","ODOURBUSTER LITTER 30.8lb","ODOUR BUSTER"
"1505004","1","1","LST","12751","14.99","10.16","F4L NON-CLMP UNSCNT LTR 40LB","FRESH 4 LIFE"
"1505027","1","0","LST","","291.99","174.62","JMP MILO TREE 102IN","JUMP"
"1505029","1","0","LST","","299.99","187.08","JMP BELLA TREE 69IN","JUMP"
"1505033","1","0.25","LST","","99.99","55","KURGO CARGO CAPE CHAR 1ea","KURGO"
"1505034","1","0","LST","","19.99","10.5","KURGO COLLAPS BOWL RED 1ea","KURGO"
"1505035","1","0","LST","","19.99","10","KURGO SEAT TETHR BLU 1ea","KURGO"
"1505044","1","0","LST","","22.99","12","KURGO SPSH FR BWL BLU 1ea","KURGO"
"1505046","1","0","LST","","21.99","9.5","PAWZ BOOT BLK 1XXXS","PAWZ"
"15052","1","0.25","LST","","29.99","18.29","TOTW DG WTLND QUAIL TK&DK 5LB","TASTE OF THE WILD"
"1505204","1","0.25","LST","","22.99","14.6","ODOURBUSTER MC LITTER 26.4lb","ODOUR BUSTER"
"1505299","1","0.25","LST","","34.99","22.75","F4L LW CLMP UNSCNT LTR 17.5LB","FRESH 4 LIFE"
"15054","1","0","LST","","29.99","18.29","TOTW DG PACFC STRM SL 5lb","TASTE OF THE WILD"
"1505460","1","0","LST","","14.99","7.27","INFINITY DUBLE RING TWIST 1EA","INFINITY"
"1505461","1","0","LST","","12.99","6.23","INFINITY TWIST RPE TUG 1SM","INFINITY"
"1505462","1","0","LST","","17.99","8.83","INFINITY TWIST RPE TUG 1LG","INFINITY"
"1505517","1","0","LST","","129.99","79","PETSF RECHRG BARK LT CTL 1ea","PETSAFE"
"15056","1","0","LST","","29.99","18.29","TOTW DG HI PR BSN&VEN 5lb","TASTE OF THE WILD"
"1505770","1","0","LST","","29.99","11","ESN TIEOUT LARGE W/SPG 20FT","ESSENTIALS"
"1505771","1","0.25","LST","48490","14.99","5.7","ESN TIEOUT SMALL 12'","ESSENTIALS"
"1505772","1","0","LST","48506","29.99","11.4","ESN TIEOUT MEDIUM 30FT","ESSENTIALS"
"1505773","1","0","LST","","39.99","15.5","ESN TIEOUT XX LARGE 20FT","ESSENTIALS"
"1505774","1","0","LST","1505811","24.99","9.5","ESN TIEOUT MEDIUM 20FT","ESSENTIALS"
"1505787","1","0","LST","48512","32.99","12.5","ESN TIEOUT LARGE W/SPG 30FT","ESSENTIALS"
"1505788","1","0","LST","48504","34.99","13.5","ESN TIEOUT XLG W/SPG 20FT","ESSENTIALS"
"1505789","1","0","LST","","49.99","19","ESN TIEOUT TROLLEY SYS 70FT","ESSENTIALS"
"1505791","1","0","LST","","29.99","11.4","ESN TIEOUT TWIST CHAIN MD 20FT","ESSENTIALS"
"1505806","1","0","LST","","42.99","20.75","DGS DRTY DG DOORMT BLK 1MD","DOG GONE SMART"
"1505807","1","0","LST","","51.99","29.24","DGS DRTY DG DOORMT BLK 1LG","DOG GONE SMART"
"1505808","1","0","LST","","114.99","68.59","DGS DRTY DG RUNNER BLK 1EA","DOG GONE SMART"
"1505880","1","0","LST","","6.99","2.95","FL BGB TROP SM&M GRAN1.6OZ","FLUVAL"
"1505882","1","0","LST","","13.99","7","FL BGB TROP M&L GRAN 4.4OZ","FLUVAL"
"1505883","1","0","LST","","6.99","2.95","FL BGB CICH SM&M GRAN 1.6OZ","FLUVAL"
"1505885","1","0","LST","","6.99","2.95","FL BGB GLDFSH SM&M GRAN 1.6OZ","FLUVAL"
"1505886","1","0","LST","","12.99","6.25","FL BGB GLDFSH M&L PLT 3.5OZ","FLUVAL"
"1505933","1","0","LST","","18.99","9.21","NYLA PUPPY FREEZER BONE 1SM","NYLABONE"
"1505941","1","0","LST","","16.99","7.75","NYLA STRNG CHW WOOD MPL BCN1MD","NYLABONE"
"1506011","1","0.25","LST","","91.99","56","PETSAFE STATIC BARK COLLAR","PETSAFE"
"1506012","1","0","LST","","124.99","70","PETSAFE SPRAY BARK COLLAR","PETSAFE"
"1506013","1","0","LST","","23.99","15","PETSAFE SPY RFL CTRNLA","PETSAFE"
"1506014","1","0","LST","","23.99","15","PETSAFE SPY RFL UNSCNTD","PETSAFE"
"1506027","1","0","LST","","32.99","16.5","DRYMATE DEBOSSED LTR MT 1EA","DRYMATE"
"1506074","1","0","LST","","84.99","45.72","B&B BRW PLAID PLW 1EA","BAILEY & BELLA"
"1506117","1","0","LST","","56.99","31.44","JMP CATNAP SOFA SCRTCH 1EA","JUMP"
"1506118","1","0","LST","","39.99","22.86","JMP ROUND LOUNGE SCRTCH 1EA","JUMP"
"1506748","1","0","LST","","24.99","14","CATIT SENSES 2.0 DIGGER 1EA","CATIT"
"1506750","1","0.5","LST","","8.99","4.13","CATIT SENSES 2.0 GROOMER 1EA","CATIT"
"1506751","1","0","LST","","23.99","12","CATIT SENSES 2.0 CIRCUIT 1EA","CATIT"
"1506752","1","0","LST","","29.99","17.51","CATIT SENSES 2.0 GRS PLNTR 1EA","CATIT"
"1506753","1","0","LST","","14.99","8.07","CATIT SENSES 2.0 GRASS KIT 6PC","CATIT"
"1506755","1","0","LST","","29.99","17.51","CATIT 2.0 MN FLWR FTAN 1.5L","CATIT"
"1506756","1","0.5","LST","","4.99","2.43","CATIT 2.0 MN FLWR FTAN FLTR3PC","CATIT"
"1506757","1","0","LST","","41.99","23.34","CATIT 2.0 FLWR FTAN 3L","CATIT"
"1506758","1","0","LST","","9.99","4.45","CATIT 2.0 3ACTION FTAN FLTR2PC","CATIT"
"1506773","1","0.5","LST","","59.99","28.5","MDN MAASAI TRENDY RUNNER","MODERNA"
"1506825","1","0","LST","","7.99","3.6","BR EE OPN CLM WITH PRL 2.25IN","BLUE RIBBON"
"1506847","1","0","LST","","25.99","13","GODG SQUIRREL FLATZ 1LG","GO DOG"
"1506876","1","0","LST","","9.99","3.2","OXB SMR SA BKD TRT APL&BNA 3OZ","OXBOW"
"1506877","1","0","LST","","9.99","3.2","OXB SMR SA BKD TRT CRNBR 3OZ","OXBOW"
"1506878","1","0","LST","","9.99","3.2","OXB SMR SA BKD TRT CRT&DILL3OZ","OXBOW"
"1506881","1","0","LST","","7.99","4","WW ACBT BIO AQUEOUS SLTN 1L","ACTIV-BETTA"
"1506891","1","0","LST","","11.99","4.88","KONG CT CRACKLES CATICORN 1EA","KONG"
"1506919","1","0","LST","","7.99","2.25","FL BGB BTA 1OZ","FLUVAL"
"1506929","1","0.25","LST","","13.99","7","KONG SIGNATURE BALLS MD 2PC","KONG"
"1506932","1","0","LST","","17.99","7.53","KONG SOFTSEA TURTLE 1SM","KONG"
"1506933","1","0","LST","","26.99","12.14","KONG SOFTSEA TURTLE 1LG","KONG"
"1506934","1","0","LST","","17.99","7.53","KONG SOFTSEA OCTOPUS 1SM","KONG"
"1506935","1","0","LST","","26.99","12.14","KONG SOFTSEA OCTOPUS 1LG","KONG"
"1506936","1","0.5","LST","","21.99","9.63","KONG LOW STUFF SCRUFFS 1LG","KONG"
"1506938","1","0.25","LST","","14.99","7.38","KONG REWARDS TENNIS 1LG","KONG"
"1506940","1","0.25","LST","","18.99","8.88","KONG SHAKERS LUVS ELPHNT 1LG","KONG"
"1506941","1","0.25","LST","","14.99","6.65","KONG SHAKERS LUVS GIRAFFE 1SM","KONG"
"1506964","3","1.25","LST","","14.99","12.29","TIDY CAT LW 4IN1 6LB","TIDY CATS"
"1506965","3","1","LST","","14.99","12.29","TIDY CAT LW GLADE CLR SPRG 6LB","TIDY CATS"
"1506966","1","0.25","LST","","24.99","20.49","TIDY CAT LW 24/7 12LB","TIDY CATS"
"1506991","1","0","LST","","209.99","126","JMP BAILEY TREE 56IN","JUMP"
"1506992","1","0","LST","","179.99","108","JMP DAISY TREE 45IN","JUMP"
"1507029","12","0","LST","","15.99","7.0333","COA DG PET CORRECTOR 0.95OZ","COMPANY OF ANIMALS"
"1507188","1","0","OOS","1500700","4.99","2.34","ESN POOPBG UNSC ROLL 60pc","ESSENTIALS"
"1507190","1","0.25","LST","1500702","8.49","3.7","ESN POOPBG UNSC ROLL120pc","ESSENTIALS"
"1507195","1","0","OOS","","19.99","9.67","ESN POOPBG SC ROLL 375 pc","ESSENTIALS"
"1507196","1","0.25","LST","","19.99","9.66","ESN POOPBG UNSC ROLL 375 pc","ESSENTIALS"
"1507212","1","0","LST","","37.99","21","MRN EZCR PL BTA KIT BLU 1.3GAL","MARINA"
"1507213","1","0","LST","","18.99","9","YEOWWW!-OLA CRAYONS 3PK","YEOWWW!"
"1507258","1","0","LST","","9.99","4.04","OXB ENLF APL STCK DANGLY 1EA","OXBOW"
"1507534","1","0","LST","","24.99","13.32","PQWK BRKBN DINO BCN CHEW 1LG","PET QWERKS"
"1507535","1","0.25","OOS","","18.99","9.5","PQWK BRKBN DINO BCN CHEW 1MD","PET QWERKS"
"1507536","1","0","OOS","","15.99","7.29","PQWK BRKBN DINO BCN CHEW 1SM","PET QWERKS"
"1507537","1","0","LST","","29.99","14.7","PQWK BRKBN RWHD BCN CHEW 1XL","PET QWERKS"
"1507545","1","0.25","LST","","17.99","8.25","NYLA FLEXI CHEW 3PACK 3PC","NYLABONE"
"1507547","1","0","LST","","32.99","17.72","BBONE WISHBONE BCN 1XL","BENEBONE"
"1507548","1","0.75","LST","","21.99","10.77","BBONE PUPPY WB&DC BCN 2PC","BENEBONE"
"1507549","1","0","LST","","16.99","7.98","BBONE PUPPY WISHBONE BCN 1EA","BENEBONE"
"1510005","1","0","ROS","","14.99","5.57","B&B COL GREEK KEY GR 1SM","BAILEY & BELLA"
"1510019","1","0","ROS","","14.99","5.57","B&B COL DIAMND PAW BL 1SM","BAILEY & BELLA"
"1510031","1","0","ROS","","14.99","5.57","B&B COL BONES BL 1XS","BAILEY & BELLA"
"1510033","1","0","ROS","","14.99","5.57","B&B COL BONES PK 1SM","BAILEY & BELLA"
"1510045","1","0","ROS","","14.99","5.57","B&B COL CIRCLE PAW PK 1XS","BAILEY & BELLA"
"1510046","1","0","ROS","","14.99","5.57","B&B COL CIRCLE PAW BL 1XS","BAILEY & BELLA"
"1510072","1","0","ROS","","179.99","108","JMP HARLEY TREE 50IN","JUMP"
"1510084","1","0","LST","","27.99","17.05","BLSTM ALL DNTL WIPES CA 1ea","BLUESTEM"
"1510120","1","0","RLST","","31.99","15.47","NV DG HEMP QUIET MOMENT 60ct","NATURVET"
"1510150","1","0","LST","","22.99","11.48","ZEN PET CONE RCVRY COL 1sm","ZEN PET"
"1510151","1","0","LST","","28.99","15.1","ZEN PET CONE RCVRY COL 1md","ZEN PET"
"1510152","1","0","LST","","32.99","16.33","ZEN PET CONE RCVRY COL 1lg","ZEN PET"
"1510153","1","0","LST","","39.99","19.04","ZEN PET CONE RCVRY COL 1xl","ZEN PET"
"1510165","1","0","LST","","39.99","25","NATURPET INTESTICARE 165G","NATURPET"
"1510166","1","0","LST","","21.99","13","NATURPET EARDROPS 10ml","NATURPET"
"1510170","1","0","LST","","14.99","9.29","CITROBUG CA 1EA","CITROBUG"
"1510184","1","0","LST","","68.99","44.2","ADVNTG II KIT 4mo","ADVANTAGE"
"1510185","1","0.75","LST","","112.99","73.71","ADVNTG II CT SM 6mo","ADVANTAGE"
"1510186","1","0","LST","","112.99","73.71","ADVNTG II CT LG 6mo","ADVANTAGE"
"1510187","1","0","LST","","77.99","50.18","ADVNTG II CT SM 4mo","ADVANTAGE"
"1510188","1","0.5","LST","","77.99","50.18","ADVNTG II CT LG 4mo","ADVANTAGE"
"1510189","1","0","LST","","112.99","78.16","ADVNTG II DG SM 6mo","ADVANTAGE"
"1510190","1","0","LST","","112.99","78.16","ADVNTG II DG MD 6mo","ADVANTAGE"
"1510191","1","0","LST","","127.99","88.5","ADVNTG II DG LG 6mo","ADVANTAGE"
"1510192","1","0","LST","","127.99","88.5","ADVNTG II DG XL 6mo","ADVANTAGE"
"1510193","1","0","LST","","77.99","54.13","ADVNTG II DG SM 4mo","ADVANTAGE"
"1510194","1","0","LST","","77.99","54.13","ADVNTG II DG MD 4mo","ADVANTAGE"
"1510195","1","0.25","LST","","88.99","61.83","ADVNTG II DG LG 4mo","ADVANTAGE"
"1510196","1","0","LST","","88.99","61.83","ADVNTG II DG XL 4mo","ADVANTAGE"
"1510197","1","0.25","LST","","96.99","66.61","K9 ADVNTX DG MD 4mo","K9 ADVANTIX"
"1510198","1","0.25","LST","","141.99","97.47","K9 ADVNTX DG MD 6mo","K9 ADVANTIX"
"1510199","1","0","LST","","108.99","74.95","K9 ADVNTX DG LG 4mo","K9 ADVANTIX"
"1510200","1","0","LST","","160.99","111.3","K9 ADVNTX DG LG 6pk","K9 ADVANTIX"
"1510201","1","0.25","LST","","96.99","66.61","K9 ADVNTX DG SM 4pk","K9 ADVANTIX"
"1510202","1","0","LST","","141.99","97.48","K9 ADVNTX DG SM 6pk","K9 ADVANTIX"
"1510203","1","0.5","LST","","108.99","74.95","K9 ADVNTX DG XL 4pk","K9 ADVANTIX"
"1510204","1","0.25","LST","","160.99","111.3","K9 ADVNTX DG XL 6mo","K9 ADVANTIX"
"1510205","1","0","LST","","44.99","26.11","ADTL DG STR KIT CA 1ea","ADAPTIL"
"1510206","1","0","LST","","36.99","23","ADTL DG 30DAY REF CA 1ea","ADAPTIL"
"1510207","1","0","LST","","44.99","26.11","FELIWAY CT CLSC STR KIT CA 1ea","FELIWAY"
"1510208","1","0","LST","","36.99","22.15","FELIWAY CT CLSC REF CA 1ea","FELIWAY"
"1510209","1","0","LST","","44.99","26.11","FELIWAY CT FRD STR KIT CA 1ea","FELIWAY"
"1510210","1","0","LST","","36.99","22.15","FELIWAY CT FRD REF CA 1ea","FELIWAY"
"1510228","1","0","LST","","15.99","6.35","NAT AID SKIN GEL 4oz","NATURE'S AID"
"15307","1","0","LST","15483","38.99","24.65","SD DG PUP SMBT CK 4.5LB","HILL'S SCIENCE DIET"
"15402","1","0.5","LST","","43.99","28.65","SD DG AD ORAL CARE 4LB","HILL'S SCIENCE DIET"
"15408","1","0.5","LST","15403","38.99","24.65","SD DG AD SMBT CHK 5LB","HILL'S SCIENCE DIET"
"15423","1","0.25","LST","","38.99","24.65","SD DG AD 7+ SMBT CHK 5LB","HILL'S SCIENCE DIET"
"1550000","1","0","LST","","16.99","7.06","ESN SLICKER BRUSH 1SM","ESSENTIALS"
"1550001","1","0","LST","","19.99","8","ESN SLICKER BRUSH 1MD","ESSENTIALS"
"1550002","1","0.5","LST","","21.99","8","ESN SLICKER BRUSH 1LG","ESSENTIALS"
"1550003","1","0","LST","","17.99","7.1","ESN PIN&BRISTLE BRUSH 1SM","ESSENTIALS"
"1550004","1","0","LST","","21.99","7.7","ESN PIN&BRISTLE BRUSH 1LG","ESSENTIALS"
"1550005","1","0","LST","","14.99","5.95","ESN BRISTLE BRUSH 1SM","ESSENTIALS"
"1550006","1","0.25","LST","","17.99","6.84","ESN BRISTLE BRUSH 1LG","ESSENTIALS"
"1550007","1","0","LST","","13.99","6.02","ESN PIN BRUSH 1SM","ESSENTIALS"
"1550008","1","0.25","LST","","17.99","7.1","ESN PIN BRUSH 1LG","ESSENTIALS"
"1550009","1","0","LST","","12.99","5.2","ESN PALM BRISTLE BRUSH 1EA","ESSENTIALS"
"1550010","1","0","LST","","13.99","5.6","ESN FLEA COMB 1EA","ESSENTIALS"
"1550011","1","0","LST","","16.99","6.8","ESN UNDERCOAT COMB 1EA","ESSENTIALS"
"1550012","1","0","LST","","16.99","6.64","ESN GROOMING COMB 1EA","ESSENTIALS"
"1550013","1","0","LST","","16.99","6.65","ESN GROOMING RAKE 1EA","ESSENTIALS"
"1550014","1","0","LST","","22.99","9.98","ESN DEMATTING TOOL 1EA","ESSENTIALS"
"1550015","1","0","LST","","19.99","7.91","ESN DESHEDDING BLADE 1SM","ESSENTIALS"
"1550016","1","0","LST","","21.99","8.57","ESN DESHEDDING BLADE 1LG","ESSENTIALS"
"1550017","1","0.25","LST","","22.99","7.99","ESN GUILLOTINE CLIPPER 1EA","ESSENTIALS"
"1550018","1","0.25","LST","","9.99","5.19","ESN CT NAIL CLIPPER 1XS","ESSENTIALS"
"1550019","1","0","LST","","17.99","7.95","ESN NAIL CLIP W/GUARD 1SM","ESSENTIALS"
"1550020","1","0.25","LST","","21.99","8.79","ESN NAIL CLIP W/GUARD 1LG","ESSENTIALS"
"1550021","1","0.25","LST","","18.99","8.31","ESN GROOMING MITT 1EA","ESSENTIALS"
"1550022","1","0.25","LST","","12.99","7.17","ESN CURRY BRUSH 1EA","ESSENTIALS"
"1550023","1","0","LST","","13.99","5.41","ESN DBL SIDE COMB 1XS","ESSENTIALS"
"1550024","1","0.5","LST","","14.99","5.81","ESN SLICKER BRUSH 1XS","ESSENTIALS"
"1550025","1","0","LST","","13.99","4.73","ESN BRISTLE BRUSH 1XS","ESSENTIALS"
"1550026","1","0","LST","","13.99","5.41","ESN PIN BRUSH 1XS","ESSENTIALS"
"1551000","1","0.25","LST","","10.99","3.85","JMP DG NYL CLR BLK 1XS","JUMP"
"1551001","1","0","LST","","12.99","4.55","JMP DG NYL CLR BLK 1SM","JUMP"
"1551002","1","0","LST","","14.99","5.25","JMP DG NYL CLR BLK 1MD","JUMP"
"1551003","1","0","LST","","16.99","5.95","JMP DG NYL CLR BLK 1LG","JUMP"
"1551004","1","0","LST","","10.99","3.85","JMP DG NYL CLR BLU 1XS","JUMP"
"1551005","1","0.25","LST","","12.99","4.55","JMP DG NYL CLR BLU 1SM","JUMP"
"1551006","1","0","LST","","14.99","5.25","JMP DG NYL CLR BLU 1MD","JUMP"
"1551007","1","0","LST","","16.99","5.95","JMP DG NYL CLR BLU 1LG","JUMP"
"1551008","1","0","LST","","10.99","3.85","JMP DG NYL CLR RED 1XS","JUMP"
"1551009","1","0","LST","","12.99","4.55","JMP DG NYL CLR RED 1SM","JUMP"
"1551010","1","0","LST","","14.99","5.25","JMP DG NYL CLR RED 1MD","JUMP"
"1551011","1","0","LST","","16.99","5.95","JMP DG NYL CLR RED 1LG","JUMP"
"1551012","1","0","LST","","10.99","3.85","JMP DG NYL CLR PRPL 1XS","JUMP"
"1551013","1","0","LST","","12.99","4.55","JMP DG NYL CLR PRPL 1SM","JUMP"
"1551014","1","0","LST","","14.99","5.25","JMP DG NYL CLR PRPL 1MD","JUMP"
"1551015","1","0","LST","","16.99","5.95","JMP DG NYL CLR PRPL 1LG","JUMP"
"1551016","1","0","LST","","10.99","3.85","JMP DG NYL CLR PNK 1XS","JUMP"
"1551017","1","0","LST","","12.99","4.55","JMP DG NYL CLR PNK 1SM","JUMP"
"1551018","1","0","LST","","14.99","5.25","JMP DG NYL CLR PNK 1MD","JUMP"
"1551019","1","0","LST","","16.99","5.95","JMP DG NYL CLR PNK 1LG","JUMP"
"1551020","1","0","LST","","10.99","3.85","JMP DG NYL CLR DRK GRN 1XS","JUMP"
"1551021","1","0.25","LST","","12.99","4.55","JMP DG NYL CLR DRK GRN 1SM","JUMP"
"1551022","1","0","LST","","14.99","5.25","JMP DG NYL CLR DRK GRN 1MD","JUMP"
"1551023","1","0","LST","","16.99","5.95","JMP DG NYL CLR DRK GRN 1LG","JUMP"
"1551036","1","0","LST","","21.99","8.8","JMP DG NYL HRN BLK 1XS","JUMP"
"1551037","1","0","LST","","22.99","9.2","JMP DG NYL HRN BLK 1SM","JUMP"
"1551038","1","0","LST","","22.99","9.2","JMP DG NYL HRN BLK 1MD","JUMP"
"1551039","1","0","LST","","24.99","10","JMP DG NYL HRN BLK 1LG","JUMP"
"1551040","1","0","LST","","21.99","8.8","JMP DG NYL HRN BLU 1XS","JUMP"
"1551041","1","0","LST","","22.99","9.2","JMP DG NYL HRN BLU 1SM","JUMP"
"1551042","1","0","LST","","22.99","9.2","JMP DG NYL HRN BLU 1MD","JUMP"
"1551043","1","0","LST","","24.99","10","JMP DG NYL HRN BLU 1LG","JUMP"
"1551044","1","0","LST","","21.99","8.8","JMP DG NYL HRN RED 1XS","JUMP"
"1551045","1","0","LST","","22.99","9.2","JMP DG NYL HRN RED 1SM","JUMP"
"1551046","1","0","LST","","22.99","9.2","JMP DG NYL HRN RED 1MD","JUMP"
"1551047","1","0","LST","","24.99","10","JMP DG NYL HRN RED 1LG","JUMP"
"1551048","1","0","LST","","21.99","8.8","JMP DG NYL HRN PRPL 1XS","JUMP"
"1551049","1","0","LST","","22.99","9.2","JMP DG NYL HRN PRPL 1SM","JUMP"
"1551050","1","0","LST","","22.99","9.2","JMP DG NYL HRN PRPL 1MD","JUMP"
"1551051","1","0","LST","","24.99","10","JMP DG NYL HRN PRPL 1LG","JUMP"
"1551052","1","0.25","LST","","21.99","8.8","JMP DG NYL HRN PNK 1XS","JUMP"
"1551053","1","0","LST","","22.99","9.2","JMP DG NYL HRN PNK 1SM","JUMP"
"1551054","1","0","LST","","22.99","9.2","JMP DG NYL HRN PNK 1MD","JUMP"
"1551055","1","0","LST","","24.99","10","JMP DG NYL HRN PNK 1LG","JUMP"
"1551072","1","0.25","LST","","13.99","4.2","JMP NYL LSH 3/8 BLK 6FT","JUMP"
"1551073","1","0","LST","","15.99","6.4","JMP NYL LSH 5/8 BLK 6FT","JUMP"
"1551074","1","0","LST","","21.99","8.8","JMP NYL LSH 1 BLK 6FT","JUMP"
"1551075","1","0.25","LST","","12.99","3.9","JMP NYL LSH 3/8 BLK 4FT","JUMP"
"1551076","1","0","LST","","14.99","6","JMP NYL LSH 5/8 BLK 4FT","JUMP"
"1551077","1","0","LST","","20.99","8.4","JMP NYL LSH 1 BLK 4FT","JUMP"
"1551078","1","0.25","LST","","13.99","4.2","JMP NYL LSH 3/8 BLUE 6FT","JUMP"
"1551079","1","0","LST","","15.99","6.4","JMP NYL LSH 5/8 BLUE 6FT","JUMP"
"1551080","1","0","LST","","21.99","8.8","JMP NYL LSH 1 BLUE 6FT","JUMP"
"1551081","1","0","LST","","12.99","3.9","JMP NYL LSH 3/8 BLUE 4FT","JUMP"
"1551082","1","0","LST","","14.99","6","JMP NYL LSH 5/8 BLUE 4FT","JUMP"
"1551083","1","0","LST","","20.99","8.4","JMP NYL LSH 1 BLUE 4FT","JUMP"
"1551084","1","0","LST","","13.99","4.2","JMP NYL LSH 3/8 RED 6FT","JUMP"
"1551085","1","0","LST","","15.99","6.4","JMP NYL LSH 5/8 RED 6FT","JUMP"
"1551086","1","0","LST","","21.99","8.8","JMP NYL LSH 1 RED 6FT","JUMP"
"1551087","1","0","LST","","12.99","3.9","JMP NYL LSH 3/8 RED 4FT","JUMP"
"1551088","1","0","LST","","14.99","6","JMP NYL LSH 5/8 RED 4FT","JUMP"
"1551089","1","0","LST","","20.99","8.4","JMP NYL LSH 1 RED 4FT","JUMP"
"1551090","1","0","LST","","13.99","4.2","JMP NYL LSH 3/8 PRPL 6FT","JUMP"
"1551091","1","0","LST","","15.99","6.4","JMP NYL LSH 5/8 PRPL 6FT","JUMP"
"1551092","1","0","LST","","13.99","4.2","JMP NYL LSH 3/8 PINK 6FT","JUMP"
"1551093","1","0","LST","","15.99","6.4","JMP NYL LSH 5/8 PINK 6FT","JUMP"
"1551094","1","0.25","LST","","13.99","4.2","JMP NY LSH 3/8 DKGR 6FT","JUMP"
"1551098","1","0","LST","","13.99","4.96","JMP NY LSH 3/8 LMGR 6FT","JUMP"
"1551111","1","0","LST","","21.99","8.8","JMP DG NYLN LSH PRPL 6FT","JUMP"
"1551112","1","0","LST","","21.99","8.8","JMP DG NYLN LSH PNK 6FT","JUMP"
"1551113","1","0","LST","","21.99","8.8","JMP DG NYLN LSH DRK GRN 6FT","JUMP"
"16000","24","0.75","LST","","2.69","1.5467","WER CT CITK TWO TU TANGO 3.2OZ","WERUVA"
"16001","24","0.75","LST","","2.69","1.5467","WER CT CITK ISLA BONITA 3.2OZ","WERUVA"
"16002","24","0.25","LST","","2.69","1.5467","WER CT CITK GOLDIE LOX 3.2OZ","WERUVA"
"16003","24","0.75","LST","","2.69","1.5467","WER CT CITK KITTY WILD 3.2OZ","WERUVA"
"16004","24","15.75","LST","","2.69","1.5467","WER CT CITK FUNK TRUNK 3.2OZ","WERUVA"
"16005","24","0.25","LST","","2.69","1.5467","WER CT CITK FOWL BALL 3.2OZ","WERUVA"
"16006","24","0","LST","","2.69","1.5467","WER CT CITK SPLASH DANCE 3.2OZ","WERUVA"
"16007","24","0.25","LST","","2.69","1.5467","WER CT CITK LMB BURGER 3.2OZ","WERUVA"
"16008","24","0","LST","","2.69","1.5467","WER CT CITK CHK FRICK 3.2OZ","WERUVA"
"16009","24","0.75","LST","","2.69","1.5467","WER CT CITK DBL DIP 3.2OZ","WERUVA"
"16010","24","0","LST","","3.59","2.28","WER CT CITK TWO TU TANGO 6OZ","WERUVA"
"16011","24","0","LST","","3.59","2.28","WER CT CITK ISLA BONITA 6OZ","WERUVA"
"16012","24","0","LST","","3.59","2.28","WER CT CITK GOLDIE LOX 6OZ","WERUVA"
"16013","24","0","LST","","3.59","2.28","WER CT CITK KITTY WILD 6OZ","WERUVA"
"16014","24","1.75","LST","","3.59","2.28","WER CT CITK FUNK TRUNK 6OZ","WERUVA"
"16015","24","0","LST","","3.59","2.28","WER CT CITK FOWL BALL 6OZ","WERUVA"
"16016","24","0","LST","","3.59","2.28","WER CT CITK SPLASH DANCE 6OZ","WERUVA"
"16017","24","0.25","LST","","3.59","2.28","WER CT CITK LMB BURGER 6OZ","WERUVA"
"16018","24","0","LST","","3.59","2.28","WER CT CITK CHK FRICK 6OZ","WERUVA"
"16019","24","0","LST","","3.59","2.28","WER CT CITK DBL DIP 6OZ","WERUVA"
"16020","24","0","LST","","2.89","1.7346","WER CT AMAZON LIVIN 3OZ","WERUVA"
"16022","24","0","LST","","2.89","1.7346","WER CT MARBELLA PAELLA 3OZ","WERUVA"
"16023","24","0","LST","","2.89","1.7346","WER CT MEOW LUAU 3OZ","WERUVA"
"16025","24","0.5","LST","","3.89","2.3992","WER CT OUTBACK GRILL 5.5OZ","WERUVA"
"16026","24","0.75","LST","","3.89","2.3992","WER CT MARBELLA PAELLA 5.5OZ","WERUVA"
"16027","24","1","LST","","3.89","2.3992","WER CT MEOW LUAU 5.5OZ","WERUVA"
"16028","24","0","LST","","3.89","2.3992","WER CT POLYN BBQ 5.5OZ","WERUVA"
"16029","24","1","LST","","3.89","2.3992","WER CT AMAZON LIVIN 5.5OZ","WERUVA"
"16031","12","0","LST","","6.29","4.0108","WER CT MACK&JACK 10OZ","WERUVA"
"16032","12","0.5","LST","","6.29","4.0108","WER CT MIDEAST FEAST 10OZ","WERUVA"
"16034","12","7.5","LST","","6.29","4.0108","WER CT PW LICKN CHK 10OZ","WERUVA"
"16050","12","2","LST","","4.29","2.6917","BFF CT TN&SL SLMATES CF 10OZ","B.F.F."
"16051","12","2.75","LST","","4.29","2.6917","BFF CT TN&PMP VLNTE CF 10OZ","B.F.F."
"16052","12","0","LST","","4.29","2.6917","BFF CT TN&CHK 4EVA CF 10OZ","B.F.F."
"17040","1","0.25","LST","","29.99","24.58","PUR CT CHOW 17.64lb","PURINA"
"17172","1","0","LST","17170","89.99","72.06","PPLN CT IND HAIRBALL TK&R 16LB","PURINA PRO PLAN"
"17264","1","0","LST","","120.99","86.5","SD CT AD ORAL CARE 15.5LB","HILL'S SCIENCE DIET"
"17458","1","0","LST","17453","69.99","45.53","SD CT AD INDR 7LB","HILL'S SCIENCE DIET"
"17465","1","0.5","LST","17745","69.99","45.53","SD CT HILLS AD 7LB","HILL'S SCIENCE DIET"
"17498","1","0.25","LST","17493","76.99","49.8","SD CT AD ORAL CARE 7LB","HILL'S SCIENCE DIET"
"17591","1","0","LST","","42.99","28.41","SD CT AD INDR 3.5LB","HILL'S SCIENCE DIET"
"17617","1","0.25","LST","17612","42.99","28.41","SD CT AD 4LB","HILL'S SCIENCE DIET"
"17636","1","0.25","LST","17630","42.99","28.41","SD CT AD LIGHT 4LB","HILL'S SCIENCE DIET"
"17643","1","0","LST","","44.99","28.31","SD CT AD SS&S 3.5LB","HILL'S SCIENCE DIET"
"17644","1","0","LST","","44.99","28.31","SD CT AD ORAL CARE 3.5LB","HILL'S SCIENCE DIET"
"17698","1","0","LST","17662","42.99","28.41","SD CT KIT HLTHY DVP 3.5LB","HILL'S SCIENCE DIET"
"17707","1","0","LST","17702","76.99","49.8","SD CT AD SS&S 7LB","HILL'S SCIENCE DIET"
"17752","1","0","LST","17784","34.99","25.53","PPLN CT IND HAIRBALL TK&R3.5LB","PURINA PRO PLAN"
"17753","1","0.5","LST","17792","33.99","23.65","PPLN CT ESNTL CK&R 3.5LB","PURINA PRO PLAN"
"17800","1","0.25","LST","","12.99","9.5","WHISK CT SL DRY SFD 4.41lb","WHISKAS"
"17810","1","0.25","LST","","12.99","9.5","WHISK CT MS CHK DRY ORIG 4.4lb","WHISKAS"
"17812","1","0.5","LST","","22.99","18.13","WHISK CT MS DRY ORIG 8.8lb","WHISKAS"
"18413","1","0","LST","","72.99","45.53","RCFHN CT DGST CARE AD 6LB","ROYAL CANIN"
"18414","1","0.25","LST","","72.99","45.53","RCFHN CT INDR HB CARE 6LB","ROYAL CANIN"
"18434","1","0.5","LST","","66.99","40.24","RCFHN CT INDR AD 7LB","ROYAL CANIN"
"18476","1","0.25","LST","18464","72.99","45.53","RCFHN CT APPT CTRL 6LB","ROYAL CANIN"
"18487","24","2","LST","","3.49","2.1775","RCFHN CT SPY&NEUT SLC 3OZ","ROYAL CANIN"
"18668","1","0","LST","","37.99","22.73","BLU CT TF AD INDRH CK&BR 7LB","BLUE BUFFALO"
"18688","1","0","LST","","74.99","46.2","BLU CT AD WILD CHK 12LB","BLUE BUFFALO"
"18735","1","0","LST","18677","59.99","40.46","NOW CT AD GF TK SL&DK 8LB","NOW FRESH"
"18739","1","0","LST","18679","59.99","40.46","NOW CT SNR GF TK SL&DK 8LB","NOW FRESH"
"18761","1","0","LST","","34.99","21.68","NB CT FAT CAT CK SL GBEAN 6LB","NATURAL BALANCE"
"18762","1","0","LST","","69.99","42.72","NB CT FAT CAT CK SL GBEAN 15LB","NATURAL BALANCE"
"18792","1","0.25","LST","","33.99","21.08","MRK CT PB GF CHK 4LB","MERRICK"
"18793","1","0","LST","","33.99","21.08","MRK CT PB GF SL 4LB","MERRICK"
"18796","1","0","LST","","77.99","50.26","MRK CT PB GF CHK 12LB","MERRICK"
"19015","1","0","LST","","127.99","86.33","NOW PUP LGBR GF TK SL&DK 25LB","NOW FRESH"
"19019","1","0.25","LST","","124.99","84.3","NOW DG LGBR GF TK SL&DK 25LB","NOW FRESH"
"20404","1","0.5","LST","35109","119.99","75.91","RCSHN DG AD MD 30LB","ROYAL CANIN"
"20451","1","0","LST","6409256","125.99","82.27","RCBHN DG GMN SHEP AD 30LB","ROYAL CANIN"
"20557","12","0","LST","","5.99","3.5333","NB DG LID FSH&SP 13oz","NATURAL BALANCE"
"20722","12","0","LST","","4.89","3.0033","BLU DG LBRD AD CHK DNR 12.5OZ","BLUE BUFFALO"
"20724","12","0.25","LST","","4.89","2.965","BLU DG AD FSH&POT DNR 12.5OZ","BLUE BUFFALO"
"20762","12","0.5","LST","","4.99","3.2567","BLU DG AD WILD CK&SL GRL12.5OZ","BLUE BUFFALO"
"20763","12","0.25","LST","","4.99","3.1917","BLU DG AD WILD CK&TK GRL12.5OZ","BLUE BUFFALO"
"20764","12","0.75","LST","","4.89","2.965","BLU DG AD CHK DNR CF 12.5OZ","BLUE BUFFALO"
"20767","12","0.25","LST","","4.89","2.965","BLU DG AD TKY MTLF DNR 12.5OZ","BLUE BUFFALO"
"20768","12","1","LST","","4.89","2.965","BLU DG AD LMB DNR CF 12.5OZ","BLUE BUFFALO"
"20773","12","0","LST","","5.29","3.5342","BLU DG AD CHK STEW 12.5OZ","BLUE BUFFALO"
"20774","12","0","LST","","5.29","3.5342","BLU DG AD HUNTERS STEW 12.5OZ","BLUE BUFFALO"
"20778","12","0","LST","","4.99","3.1917","BLU DG AD WILD DK&CK GRL12.5OZ","BLUE BUFFALO"
"20779","12","0","LST","","4.99","3.1917","BLU DG AD WILD BF&CK GRL12.5OZ","BLUE BUFFALO"
"20784","12","0","LST","","5.99","3.5333","NB DG LID CHK&SP 13oz","NATURAL BALANCE"
"20998","12","1","LST","","1.69","0.8792","WER PMKN PATCH 1.05oz","WERUVA"
"20999","12","3","LST","","2.49","1.34","WER PMKN PATCH 2.8oz","WERUVA"
"21297","1","0.75","LST","","44.99","28.31","SD CT AD URI HB CNTRL 3.5LB","HILL'S SCIENCE DIET"
"21298","1","1.25","LST","","76.99","49.8","SD CT AD URI HB CNTRL 7LB","HILL'S SCIENCE DIET"
"21324","12","0","LST","","5.99","4.1958","WEL DG PUP 12.5oz","WELLNESS"
"21327","12","12","LST","","5.99","4.1958","WEL DG TK&SP 12.5oz","WELLNESS"
"21328","12","0","LST","","5.99","4.1958","WEL DG CK&SP 12.5oz 12pc","WELLNESS"
"21332","12","0","LST","","5.99","4.1958","WEL DG SNR 12.5oz","WELLNESS"
"21342","12","0","LST","","5.99","4.5125","WEL DG 95 BF 13.2oz","WELLNESS"
"21344","12","1","LST","","5.99","4.5125","WEL DG 95 CHK 13.2oz","WELLNESS"
"21346","12","1","LST","","5.99","4.4583","WEL DG 95 TURKEY 13.2oz","WELLNESS"
"21554","24","0","LST","","1.99","1.6083","CESAR DG CHK GRLLD 3.5oz","CESAR"
"21574","24","0","LST","","1.99","1.6083","CESAR DG STK ENT 3.5oz","CESAR"
"21592","1","0","LST","","23.99","18.95","CESAR DG VP 12pc","CESAR"
"21809","12","1.5","LST","","6.19","4.285","WER DG GRNDMA CHK SOUP 14oz","WERUVA"
"21811","12","1.25","LST","","6.19","4.285","WER DG GRN EGG&CK 14oz","WERUVA"
"21815","12","0.25","LST","","6.99","4.8675","WER DG PEKING DUCKEN 14oz","WERUVA"
"21828","12","2.25","LST","","6.99","4.8442","WER DG HOT DAYAM 14oz","WERUVA"
"21848","12","0","LST","","6.99","4.8442","WER DG THATS MY JAM 14oz","WERUVA"
"21881","12","0","LST","","5.99","4.3833","WEL DG BF STW 12.5oz ","WELLNESS"
"21882","12","0","LST","","5.99","4.3833","WEL DG CHKN STEW 12.5oz","WELLNESS"
"21883","12","0","LST","","5.99","4.3833","WEL DG TSTW 12.5oz","WELLNESS"
"21884","12","0","LST","","5.99","4.3833","WEL DG TK& DK STW 12.5oz","WELLNESS"
"21885","12","0","LST","","5.99","4.3833","WEL DG LMB&BF STW 12.5oz","WELLNESS"
"21886","12","0","LST","","5.99","4.3833","WEL DG VEN&SL STW 12.5oz","WELLNESS"
"22450","12","0","LST","","6.49","4.6175","WEL CT TK&SL 12.5OZ","WELLNESS"
"22452","12","3.75","LST","","6.49","4.6175","WEL CT CHK&HRG 12.5OZ","WELLNESS"
"22453","12","0","LST","","6.49","4.6175","WEL CT BF&CK 12.5OZ","WELLNESS"
"22454","12","0","LST","","6.49","4.6175","WEL CT CHK 12.5OZ","WELLNESS"
"22456","12","1.5","OOS","","6.49","4.6175","WEL CT TURKEY 12.5OZ","WELLNESS"
"22720","24","0.5","LST","","3.89","2.8879","WEL CT CMPL TK&SL 5.5OZ","WELLNESS"
"22722","24","0.25","LST","","3.89","2.8879","WEL CT CHK&HRG 5.5OZ","WELLNESS"
"22723","24","6.25","LST","","3.89","2.8879","WEL CT CMPL HLTH TKY 5.5OZ","WELLNESS"
"22726","24","2.5","LST","","3.89","2.8879","WEL CT CMPL HLTH CHK 5.5OZ","WELLNESS"
"22728","24","0.5","LST","","3.89","2.8879","WEL CT CHK&LOB 5.5OZ","WELLNESS"
"22741","24","1.25","LST","22739","2.79","1.7083","BLU CT AD TF INDR SL 5.5OZ","BLUE BUFFALO"
"22743","24","0","LST","22735","2.79","1.7083","BLU CT AD TF FSH&TUNA 5.5OZ","BLUE BUFFALO"
"22758","24","0","LST","","2.79","1.76","BLU CT AD TF FLK TUNA 5.5OZ","BLUE BUFFALO"
"22762","24","0.25","LST","","3.49","1.9346","BLU CT AD WILD CHK 5.5OZ","BLUE BUFFALO"
"22763","24","0.75","LST","","3.49","1.9346","BLU CT AD WILD TKY 5.5OZ","BLUE BUFFALO"
"22764","24","1.75","LST","","3.49","1.9346","BLU CT AD WILD SL 5.5OZ","BLUE BUFFALO"
"22815","24","0","LST","25106","1.99","1.3263","BLU CT TF TKY&CHK PATE 3OZ","BLUE BUFFALO"
"23071","24","6.75","LST","23228","3.99","2.64","MRK CT PB GF CHK PATE 5.5OZ","MERRICK"
"23073","24","0.75","LST","23222","3.99","2.64","MRK CT PB GF TUNA PATE 5.5OZ","MERRICK"
"23074","24","0","OOS","","3.99","2.64","MRK CT PB GF TKY PATE 5.5OZ","MERRICK"
"23075","24","0.25","OOS","","3.99","2.64","MRK CT PB GF DK PATE 5.5OZ","MERRICK"
"23332","24","1","LST","","1.09","0.8938","FRISK CT TKY&CHS DNR GVY 5.5oz","FRISKIES"
"23353","24","4.75","LST","","1.09","0.8938","FRISK CT CHK DNR 5.5oz","FRISKIES"
"23400","24","9.25","LST","","1.09","0.8938","FRISK CT CHEFS DNR 5.5oz","FRISKIES"
"23410","24","20.25","LST","","1.09","0.8938","FRISK CT SL 5.5oz","FRISKIES"
"23639","24","0.5","LST","","3.89","2.3992","WER CT ASIAN FUSION 5.5OZ","WERUVA"
"23641","24","3","LST","","3.19","1.8104","BFF CT TUNA 2COOL CF 5.5OZ","B.F.F."
"23642","24","0.5","LST","","3.89","2.3992","WER CT PW LICKN CHK 5.5OZ","WERUVA"
"23643","24","0.5","LST","","3.89","2.3992","WER CT MIDEAST FEAST 5.5OZ","WERUVA"
"23645","24","1.75","LST","","3.19","1.8104","BFF CT TN&SHP SWTHRTS CF 5.5OZ","B.F.F."
"23646","24","1","LST","","3.89","2.3992","WER CT MACK&JACK 5.5OZ","WERUVA"
"23647","24","0","LST","","3.89","2.3992","WER CT GRNDMA CHKN SOUP 5.5OZ","WERUVA"
"23648","24","1.25","LST","","3.89","2.3992","WER CT FUNKY CHNKY 5.5OZ","WERUVA"
"23649","24","0","LST","","3.19","1.8104","BFF CT TN&SL SLMATES CF 5.5OZ","B.F.F."
"23651","24","1.25","LST","","3.19","1.8104","BFF CT TN&BNTO BEMINE CF 5.5OZ","B.F.F."
"23655","24","1.5","LST","","3.19","1.8104","BFF CT TN&TLP CF 5.5OZ","B.F.F."
"23656","24","7.25","LST","","3.19","1.8104","BFF CT TN&PMP VLNTE CF 5.5OZ","B.F.F."
"23657","24","8.25","LST","","3.19","1.8104","BFF CT TN&CHK 4EVA CF 5.5OZ","B.F.F."
"23658","24","1.25","LST","","3.19","1.8104","BFF CT TN&CHK CHKLS CF 5.5OZ","B.F.F."
"24172","24","0","LST","","2.79","1.8925","WEL CT CHK&HRG 3OZ ","WELLNESS"
"24173","24","0","LST","","2.79","1.8925","WEL CT CMPL HLTH TK&SL 3OZ","WELLNESS"
"24174","24","3","LST","","2.79","1.8925","WEL CT CHK 3OZ ","WELLNESS"
"24176","24","0","LST","","2.79","1.8925","WEL CT CMPL HLTH BF&CK 3OZ","WELLNESS"
"24177","24","1","LST","","2.79","1.8925","WEL CT CMPL HLTH TKY 3OZ ","WELLNESS"
"24183","24","2","LST","","2.79","1.8925","WEL CT CMPL HLTH KIT 3OZ","WELLNESS"
"24623","24","2.75","LST","","1.09","0.8938","FF CT EM CHK FLORENTINE 3oz","FANCY FEAST"
"24624","24","2","LST","","1.09","0.8938","FF CT EM SL FLORENTINE 3oz","FANCY FEAST"
"24642","24","0.5","LST","","1.09","0.8938","FF CT EM TUNA FLORENTINE 3oz","FANCY FEAST"
"24643","24","2.75","LST","","1.09","0.8938","FF CT EM SHREDDED CHK 3oz","FANCY FEAST"
"24670","24","4","LST","","1.09","0.8938","FF CT CLSC COD SOLE SHP 3OZ","FANCY FEAST"
"24674","24","1.5","LST","24673","1.09","0.8938","FF CT GRILLD TUNA 3oz","FANCY FEAST"
"24680","24","1.75","LST","","1.09","0.8938","FF CT CLSC SL PATE 3OZ","FANCY FEAST"
"24683","24","1.75","LST","","1.09","0.8938","FF CT GRLLD SL 3oz","FANCY FEAST"
"24704","24","1.75","LST","","1.09","0.8938","FF CT FLAKED TUNA 3oz","FANCY FEAST"
"24708","2","0","LST","","12.99","10.645","FF CT GRLLD VP 12PC","FANCY FEAST"
"24712","24","0.5","LST","","1.09","0.8938","FF CT GRLLD TKY 3oz","FANCY FEAST"
"24714","24","1.25","LST","","1.09","0.8938","FF CT CHK FEAST 3oz","FANCY FEAST"
"24717","24","0.75","LST","","1.09","0.8938","FF CT BF PATE 3oz","FANCY FEAST"
"24720","24","3.5","LST","","1.09","0.8938","FF CT SFD FEAST 3oz","FANCY FEAST"
"24730","24","0.75","LST","","1.09","0.8938","FF CT CLSC TKY&GIB PATE 3OZ","FANCY FEAST"
"24735","1","0","LST","11178","109.99","80.63","PPLN DG SPT CK&R 27/17 37.5LB","PURINA PRO PLAN"
"24740","24","1.5","LST","","1.09","0.8938","FF CT CLSC OCN WHTFSH TUNA 3OZ","FANCY FEAST"
"24750","24","83.75","LST","","1.09","0.8938","FF CT CLSC LVR&CHK PATE 3OZ","FANCY FEAST"
"24753","10","1","LST","","1.99","1.307","FF CT HD WHITE MEAT CHK 2oz","FANCY FEAST"
"24754","10","0.5","LST","","1.99","1.307","FF CT HD WLD ALSKN SLMN 2OZ","FANCY FEAST"
"24757","10","0","LST","","1.99","1.307","FF CT HD CHICKEN & BEEF 2OZ","FANCY FEAST"
"24758","10","0","LST","","1.99","1.307","FF CT HD FLAKED TUNA 2OZ","FANCY FEAST"
"24981","12","0.75","LST","","2.49","1.3883","BFF CT TN&CHK CHME 3OZ PCH","B.F.F."
"24982","12","4","LST","","2.49","1.3883","BFF CT TN&BF BABYC 3OZ PCH","B.F.F."
"24983","12","8.25","LST","","2.49","1.3883","BFF CT TN&SL SWCHKS 3OZ PCH","B.F.F."
"24984","12","5.5","LST","","2.49","1.3883","BFF CT TN&LMB LUVYAS 3OZ PCH","B.F.F."
"24985","12","6.25","LST","","2.49","1.3883","BFF CT TN&TK TICKLES 3OZ PCH","B.F.F."
"24987","12","7","LST","","2.49","1.3883","BFF CT TN&DK DEVRME 3OZ PCH","B.F.F."
"24992","24","0","LST","","2.89","1.7346","WER CT PW LICKN CHK 3OZ","WERUVA"
"24995","24","3.5","LST","","2.39","1.3754","BFF CT TN&SHP SWTHRTS CF 3OZ","B.F.F."
"24996","24","0.25","LST","","2.89","1.7346","WER CT MACK&JACK 3OZ","WERUVA"
"25002","24","0","ROS","","2.89","1.7346","WER CT ASIAN FUSION 3OZ","WERUVA"
"25004","24","2.5","ROS","","2.39","1.3754","BFF CT TN&SL SLMATES CF 3OZ","B.F.F."
"25012","12","0.75","LST","","2.79","1.7475","WER CT CITK GF SL&MK 3OZ PCH","WERUVA"
"25013","12","0","LST","","2.79","1.7475","WER CT CITK GF CHK&PMP 3OZ PCH","WERUVA"
"25014","12","0","OOS","","2.79","1.7475","WER CT CITK GF CK&MK 3OZ PCH","WERUVA"
"25015","12","1.5","LST","","2.79","1.7475","WER CT CITK GF CK&DK 3OZ PCH","WERUVA"
"25024","12","0","LST","","2.79","1.7475","WER CT CITK GF TU&BF 3OZ PCH","WERUVA"
"25025","12","3.75","LST","","2.79","1.7475","WER CT CITK GF TU&PMP 3OZ PCH","WERUVA"
"25031","36","1","LST","","2.19","1.0706","ETTA DG NAT DK CHEW 4.5in","ETTA SAYS!"
"25035","24","4","LST","","2.39","1.3754","BFF CT TN&PMP VLNTE CF 3OZ","B.F.F."
"25037","24","0.75","LST","","2.39","1.3754","BFF CT TN&CHK 4EVA CF 3OZ","B.F.F."
"25041","36","1.25","LST","","2.19","1.0706","ETTA DG NAT DEER CHEW 4.5in","ETTA SAYS!"
"25047","24","0.5","LST","","2.99","1.85","MRK CT PB GF TUNA PATE 3OZ","MERRICK"
"25048","24","0.25","LST","","2.99","1.85","MRK CT PB GF TKY PATE 3OZ","MERRICK"
"25104","24","0","LST","","1.99","1.3263","BLU CT AD TF FLK TUNA CF 3OZ","BLUE BUFFALO"
"25123","12","3.75","LST","","4.39","3","PPLN DG SAVOR CK&R AD 13OZ","PURINA PRO PLAN"
"25126","12","3.5","LST","","4.99","3.3292","PPLN DG SN SK&ST SL&R 13OZ","PURINA PRO PLAN"
"25161","12","0","LST","","2.79","1.6908","WER DG DITK LV ME TND PCH2.8oz","WERUVA"
"25162","12","0","LST","","2.79","1.6908","WER DG DITK FOWL BALL PCH2.8oz","WERUVA"
"25163","12","0","LST","","2.79","1.6908","WER DG DITK FNK TRNK PCH 2.8oz","WERUVA"
"25164","12","0","LST","","2.79","1.6908","WER DG DITK GOLDIELOX PCH2.8oz","WERUVA"
"25165","12","0","LST","","2.79","1.6908","WER DG DITK LAMBINI PCH 2.8oz","WERUVA"
"25166","12","0","LST","","2.79","1.6908","WER DG DITK DBL DIP PCH 2.8oz","WERUVA"
"25169","12","0","LST","","5.39","3.5817","WER DG DITK FNK TRNK 10oz","WERUVA"
"25173","12","0","LST","","5.39","3.5817","WER DG DITK LAMBINI 10oz","WERUVA"
"25174","12","0","LST","","5.39","3.5817","WER DG DITK DBL DIP 10oz","WERUVA"
"25352","1","0","LST","","31.99","22.86","MRK DG GF SL&SP 4LB","MERRICK"
"25503","1","0","LST","","28.99","18.75","BLU DG AD LPF CK&BR 6LB","BLUE BUFFALO"
"25504","1","0","LST","","28.99","18.75","BLU DG SNR LPF CK&BR 6LB","BLUE BUFFALO"
"25523","1","0","LST","","37.99","23.03","BLU CT TF AD HELIV CK&BR 7LB","BLUE BUFFALO"
"25525","1","0.25","LST","","37.99","22.73","BLU CT TF AD INDR SL&BR 7LB","BLUE BUFFALO"
"25526","1","0.5","LST","","37.99","22.73","BLU CT TF AD WT CTRL CK&BR 7LB","BLUE BUFFALO"
"25528","1","0","LST","","33.99","21.09","BLU DG AD WILD GF CHK 4.5LB","BLUE BUFFALO"
"25537","1","0","LST","","33.99","23.07","BLU DG AD WILD GF SLMN 4.5LB","BLUE BUFFALO"
"25576","1","0","LST","","28.99","19.6","BLU PUP SB LPF CK&O CH 6LB","BLUE BUFFALO"
"25612","1","0","LST","","37.99","22.73","BLU CT TF AD SENST CHK 7LB","BLUE BUFFALO"
"25613","1","0.25","LST","","71.99","46.92","BLU CT TF AD SENST CHK 15LB","BLUE BUFFALO"
"25615","1","0","LST","","37.99","22.73","BLU CT TF MTRE HEAG CK&BR 7LB","BLUE BUFFALO"
"25616","1","0","LST","","44.99","25.62","BLU KIT WILD CHK 5LB","BLUE BUFFALO"
"25625","1","0","LST","","44.99","25.62","BLU CT AD WILD INDR CHK 5LB","BLUE BUFFALO"
"26111","1","0","LST","26121","37.99","24.1","RCSHN DG AD SM 4.4LB","ROYAL CANIN"
"26127","1","0.25","LST","26126","88.99","56.38","RCBHN DG YORKIE AD 10LB","ROYAL CANIN"
"26166","1","1.5","LST","26123","84.99","50.47","RCSHN DG AD SM 14LB","ROYAL CANIN"
"26525","1","0","LST","","72.99","49.23","NOW DG AD GF TK SL&DK 12LB","NOW FRESH"
"26529","1","0","LST","","73.99","49.9","NOW DG SNR GF TK SL&DK 12LB","NOW FRESH"
"26564","1","0.25","LST","26541","72.99","49.23","NOW DG SMBR GF TK SL&DK 12LB","NOW FRESH"
"26567","1","0","LST","","73.99","49.9","NOW DG SNR SMBR GFTK SL&DK12LB","NOW FRESH"
"26585","1","0","LST","","59.99","40.46","NOW CT AD GF TROUT SL&HRG 8LB","NOW FRESH"
"26818","1","0","LST","","57.99","33.99","BLU DG AD LPF CK&BR 15LB","BLUE BUFFALO"
"26858","1","0","LST","","57.99","35.11","BLU DG AD SB LPF CK&BR15LB","BLUE BUFFALO"
"26859","1","0","LST","","28.99","20.01","BLU DG AD SB LPF CK&BR 6LB","BLUE BUFFALO"
"28164","1","0","LST","28170","11.49","9.42","PUR CT CHOW KIT 4lb","PURINA"
"28324","1","0","LST","28334","53.99","37.35","PPLN CT INDR HAIRBALL TK&R 7LB","PURINA PRO PLAN"
"28493","1","0","LST","28573","75.99","47.13","RCFHN CT KIT 7LB","ROYAL CANIN"
"28617","25","0.25","LST","","13.99","6.1896","PC DG NO ODOR CURLY PIZZLE7in","PET CENTER"
"28625","50","3.75","LST","","4.49","2.4402","PC DG STEER PIZL 6in","PET CENTER"
"28628","25","0","LST","","11.99","4.9956","PC DG STEER PIZL 12IN","PET CENTER"
"28646","1","0","OOS","","76.99","46.49","RCFBN CT PERSIAN 7LB","ROYAL CANIN"
"28661","1","0.25","LST","","51.99","24.59","PC DG LMB CRUNCHYS 16oz","PET CENTER"
"28674","1","0.25","LST","28944","17.99","8.58","NRTH BSC DG FSH&BLR 17.6OZ","NORTHERN BISCUIT"
"28750","1","0.5","LST","","17.99","8.58","NRTH BSC DG VEG PMP PIE 17.6oz","NORTHERN BISCUIT"
"28762","1","0","LST","","17.99","8.58","NRTH BSC DG PB CRUNCH 17.6oz","NORTHERN BISCUIT"
"28788","1","0","LST","28792","9.79","5.92","OMH DG CLSC BNC BISC SM 20OZ","OLD MOTHER HUBBARD"
"28789","1","0","LST","","9.79","5.92","OMH DG CLSC ASST BISC MIN 20OZ","OLD MOTHER HUBBARD"
"28796","1","0.75","LST","28793","9.79","5.92","OMH DG CLSC PNUTTR BISC SM20OZ","OLD MOTHER HUBBARD"
"28902","1","0.5","LST","","17.99","8.58","NRTH BSC DG BCN BLR 17.6oz","NORTHERN BISCUIT"
"28953","1","0.5","LST","","17.99","8.58","NRTH BSC DG LMB 17.6oz","NORTHERN BISCUIT"
"29060","1","0.25","LST","","5.49","4.2","MLKBN DG BSC ORIG MD 2lb","MILK-BONE"
"29155","1","0","LST","","14.99","8.05","RLLVR DG ORIG MINI BITES 9.9OZ","ROLLOVER"
"29196","1","0","LST","29192","19.99","11.84","OMH DG CLSC ORIG BISC SM 3.5lb","OLD MOTHER HUBBARD"
"29198","1","0","LST","29190","19.99","11.84","OMH DG CLSC ORG BISC MIN 3.8lb","OLD MOTHER HUBBARD"
"29200","1","0.25","LST","","9.49","7.45","MLKBN DG BSC ORIG LG 4.4LB","MILK-BONE"
"29210","1","0.5","LST","","9.49","7.45","MLKBN DG FLVR SNK 4.4LB","MILK-BONE"
"29237","24","4","LST","","1.79","0.9333","NA DG GS PB CAROB 4in","NATURE'S ANIMALS"
"29250","24","1.75","LST","","1.79","0.9333","NA DG LMB&R BSC 4in","NATURE'S ANIMALS"
"29256","24","0.5","LST","","3.59","2.1933","NA DG LMB&R BIG BITE 8in","NATURE'S ANIMALS"
"29298","1","0.25","LST","29294","19.99","11.84","OMH DG CLSC PNUTTR LG 3.3LB","OLD MOTHER HUBBARD"
"29385","5","0","LST","29379","8.99","6.266","HD DG BIG BITES BISC 4lb","HEALTH DIET"
"29395","5","1.25","LST","29389","8.99","6.266","HD DG SMALL BITES BISC 4lb","HEALTH DIET"
"29407","5","0.75","OOS","","8.99","6.266","HD DG MINI BITES BISC 4lb","HEALTH DIET"
"29502","1","0","LST","","17.99","8.58","NRTH BSC DG LVR 17.6oz","NORTHERN BISCUIT"
"29653","1","0","LST","","9.29","4.57","FRTBL DG CRSPY BCN APL TRT 7OZ","FRUITABLES"
"29664","1","0.5","LST","","9.29","4.57","FRTBL DG PMP BLR TRT 7OZ","FRUITABLES"
"29667","1","0.25","LST","","11.99","6.11","FRTBL DG SKNY MINI APL BCN5oz","FRUITABLES"
"29668","1","0.5","LST","","11.99","6.11","FRTBL DG SKNY MINI PMP BLR5oz","FRUITABLES"
"29669","1","0","LST","","11.99","6.11","FRTBL DG SKNY MINI PMP MNGO5oz","FRUITABLES"
"30001","1","0.25","LST","","23.99","12.46","PERF ULT DG FD BF LVR 6.7oz","PERFORMATRIN ULTRA"
"30002","1","0","LST","","14.99","7.07","PERF ULT DG FD BF LVR 3.52oz","PERFORMATRIN ULTRA"
"30003","1","0","LST","","24.99","12.96","PERF ULT DG CH LVR TRT 5.93oz","PERFORMATRIN ULTRA"
"30004","1","0","LST","","15.99","8","PERF ULT DG CH LVR TRT 3.1oz","PERFORMATRIN ULTRA"
"30005","1","0","LST","","6.79","3.66","PERF ULT CT CK LVR TRT 1.05OZ","PERFORMATRIN ULTRA"
"30025","1","0.5","LST","","38.99","22.93","PERF ULT DG FD BF LVR 14.46oz","PERFORMATRIN ULTRA"
"30026","1","0","LST","","38.99","22.76","PERF ULT DG CH LVR TRT 11.64oz","PERFORMATRIN ULTRA"
"30027","1","0.75","LST","","7.99","3.67","PERF ULT DG FD BF LVR 1.55oz","PERFORMATRIN ULTRA"
"30028","1","0.25","LST","","7.99","3.77","PERF ULT DG CH LVR TRT 1.26oz","PERFORMATRIN ULTRA"
"30279","1","0.5","LST","","11.99","5.27","B BUL DG LVR&APL TRT 2.1oz","BENNY BULLY'S"
"30281","1","0","LST","","11.99","5.27","B BUL DG LVR&BNA TRT 2.1oz","BENNY BULLY'S"
"30475","1","0","LST","","5.99","3.82","PET GREENS CT CHK 3oz","PET GREENS"
"30476","1","0","LST","","5.99","3.82","PET GREENS CT TUNA 3oz","PET GREENS"
"30477","1","0","LST","","5.99","3.82","PET GREENS CT SL 3oz","PET GREENS"
"30481","1","0","LST","","6.49","4.1","PET GREENS CT GRDN GRW 3oz","PET GREENS"
"30485","1","0","LST","","11.99","6.02","TRICKY TRNR CHWY CHED 5oz","TRICKY TRAINERS"
"30486","1","0","LST","","11.99","6.02","TRICKY TRNR CHWY LVR 5oz","TRICKY TRAINERS"
"30487","1","0","LST","","11.99","6.02","TRICKY TRNR CHWY SL 5oz","TRICKY TRAINERS"
"30531","1","0","LST","","21.99","7.89","OXB ESN YNG GP FOOD 5LB","OXBOW"
"30539","1","0","LST","","28.99","11.39","OXB TC TMTHY TNL 1EA","OXBOW"
"30540","1","0.25","LST","","34.99","17.69","OXB TC TMTHY BNGLW 1MD","OXBOW"
"30563","45","0.25","LST","","13.99","6.5313","OPN RNG DG WATER BUF 11to12in","OPEN RANGE"
"30565","50","1.25","LST","","3.29","1.38","OPN RNG DG BF CHMPR FLAT 1md","OPEN RANGE"
"30569","60","1.5","LST","","6.29","2.6","OPN RNG DG BF CHOMPER MD 1ea","OPEN RANGE"
"30755","1","0","LST","","17.99","8.9","LFBR PRT NTRIBR TROP FRT 10OZ","LAFEBER"
"30783","1","0","LST","","13.99","7.91","MRTN LF R&M FOOD 2.2LB","MARTIN"
"30790","1","0.25","LST","","17.99","9.4","MRTN LF RBT TMTHY FOOD 4.4LB","MARTIN"
"30793","1","0","LST","","29.99","18.7","MRTN LF RBT TMTHY FOOD 11LB","MARTIN"
"30794","1","0","LST","","16.99","9.35","MRTN LF GP FOOD 4.4LB","MARTIN"
"30796","1","0.25","LST","","29.99","18.3","MRTN LF GP FOOD 11LB","MARTIN"
"30798","1","0","LST","","17.99","10.2","MRTN LF GP TMTHY FOOD 4.4LB","MARTIN"
"30802","1","0.25","LST","","14.99","8.2","MRTN LF RBT FOOD 4.4LB","MARTIN"
"30813","1","0","LST","","26.99","16.35","MRTN LF RBT FOOD 11LB","MARTIN"
"31350","1","0","LST","","19.99","13.46","AS EP PNT HALVES 4.4LB","ARMSTRONG"
"31353","1","0","LST","","19.99","11.63","AS EP PNT IN SHL 3LB","ARMSTRONG"
"31354","1","0","LST","","54.99","39.6","AS EP PNT IN SHL 10LB","ARMSTRONG"
"31432","1","0.25","LST","","19.99","15.49","AS EP BLK OIL SNFLWR 8LB","ARMSTRONG"
"31455","1","0.75","ROS","","19.99","13.12","AS EP SFFLWR 4LB","ARMSTRONG"
"31551","20","0","LST","","38.99","19.628","OPN RNG DG OC BULL STK32TO36IN","OPEN RANGE"
"31556","45","0.75","LST","","6.49","3.1129","OPN RNG DG BULLY STCK 6in","OPEN RANGE"
"31557","50","0","LST","","13.99","6.4484","OPN RNG DG BULLY STCK 12in","OPEN RANGE"
"31644","1","0","LST","","11.49","5.75","HGN GP FD 2.27KG","HAGEN"
"31646","1","0","LST","","11.49","5.75","HGN RBT PLT 2.26KG","HAGEN"
"31733","1","0","LST","","16.99","8.6","PB DG LMB TRT 3.35oz","PUREBITES"
"31736","1","0","LST","","6.99","4.45","PB CT CK&DK 1.13oz","PUREBITES"
"31756","1","0","LST","","102.99","67.52","TOTW DG PINE FRST VN&LEGMS28lb","TASTE OF THE WILD"
"33001","1","0.5","LST","","48.99","33.22","PRIML DG CHK FRMLA 14OZ","PRIMAL"
"33002","1","0","LST","","48.99","33.22","PRIML DG BF FRMLA 14OZ","PRIMAL"
"33003","1","0","LST","","49.99","34.58","PRIML DG LMB FRMLA 14OZ","PRIMAL"
"33005","1","0","LST","","48.99","33.22","PRIML DG TURKEY&SRD 14OZ","PRIMAL"
"33007","1","0.25","LST","","19.99","13.44","PRIML DG CHK FRMLA 5.5OZ","PRIMAL"
"33008","1","0","LST","","19.99","13.44","PRIML DG BF FRMLA 5.5OZ","PRIMAL"
"33009","1","0","LST","","19.99","14.12","PRIML DG LMB FRMLA 5.5OZ","PRIMAL"
"33010","1","0","LST","","19.99","13.44","PRIML DG TURKEY&SRD 5.5OZ","PRIMAL"
"33501","1","0","LST","","49.99","34.25","PRIML CT CK&SL FRMLA 14OZ","PRIMAL"
"33503","1","0","LST","","49.99","34.25","PRIML CT TKY FRMLA 14OZ","PRIMAL"
"33504","1","0","LST","","19.99","14.26","PRIML CT CK&SL FRMLA 5.5OZ","PRIMAL"
"33506","1","0","LST","","19.99","14.26","PRIML CT TKY FRMLA 5.5OZ","PRIMAL"
"35016","20","0.75","LST","","3.49","1.6","ETTA DG CRUNCHY DK CHEW 7IN","ETTA SAYS!"
"35112","24","4","LST","","1.09","0.8938","FRISK CT TKY&GIB DNR 5.5oz","FRISKIES"
"35279","1","0.25","LST","","19.99","10.74","FN PAPER LTR 10L","FRESH NEWS"
"35285","1","0","LST","35276","27.99","16.98","CF BLUE BDNG 23L","CAREFRESH"
"35286","1","0","LST","35277","27.99","16.98","CF CONFETTI BDNG 23L","CAREFRESH"
"35295","1","0","LST","35271","15.99","7.99","CF CONFETTI BDNG 10L","CAREFRESH"
"35576","1","0","LST","","49.99","35.41","AS EP BLK OIL SNFLWR 35.2LB","ARMSTRONG"
"36061","1","0.25","LST","","44.99","28.31","SD CT AD PRFCT WGT 3LB","HILL'S SCIENCE DIET"
"36062","1","0","LST","","120.99","86.5","SD CT PRFCT WGT FOOD 15LB","HILL'S SCIENCE DIET"
"36065","1","0","LST","","43.99","28.65","SD DG AD PRFCT WGT CHK 4LB","HILL'S SCIENCE DIET"
"38104","1","0","LST","","1.49","0.05","PERF ULT DG GF SNR SMP 4oz","PERFORMATRIN ULTRA"
"39002","1","0","LST","","2.49","0.05","PERF ULT CT GF SNR SMP 4OZ","PERFORMATRIN ULTRA"
"40136","1","0.25","LST","","7.99","3.81","TTR TMIN TROP FLKS 1OZ","TETRA"
"40146","1","0","LST","","12.99","6.02","TTR TMIN TROP FLKS 2.2OZ","TETRA"
"40150","1","0","LST","","8.49","3.25","NF AQPL WTR COND 4OZ","NUTRAFIN"
"40185","1","0","LST","","14.99","7.75","NF MAX TROP FLKS 2.7OZ","NUTRAFIN"
"40187","1","0","LST","","13.99","6.75","NF MAX GLDFSH FLKS 2.7OZ","NUTRAFIN"
"40189","1","0","LST","","11.99","4.38","NF AQPL WTR COND 8.4OZ","NUTRAFIN"
"40191","1","0","LST","","12.99","5.59","NF WST CNTRL BIO AQRM CLNR 4OZ","NUTRAFIN"
"40210","1","0.25","LST","","25.99","10.41","TTR GLDFSH FLKS VTM C 7.06OZ","TETRA"
"40253","1","0","LST","","12.49","4.59","NRFN VEG FRMLA 2MM 3.5OZ","NORTHFIN"
"40255","1","0","LST","","12.49","4.62","NRFN CMNTY FRMLA 1MM 3.5OZ","NORTHFIN"
"40258","1","0","LST","","12.49","4.62","NRFN GLDFSH FRMLA 2MM 3.5OZ","NORTHFIN"
"40263","1","0","LST","","6.49","1.8","NRFN CMNTY FRMLA 0.5MM 0.7OZ","NORTHFIN"
"40264","1","0","LST","","6.49","2.07","NRFN BTA BITS FRMLA 1MM 0.7 OZ","NORTHFIN"
"40362","1","0","LST","","6.99","2.38","TTR BTAMIN FLK MDLY 0.81OZ","TETRA"
"40684","1","0","LST","","11.99","5","MRN ALG SCRBR 1EA","MARINA"
"40720","1","0","LST","","4.99","1.75","MRN BTA GRVL TRI-COL BLU 1.1LB","MARINA"
"40723","1","0","LST","","4.99","1.75","MRN BTA GRVL BLK 1.1LB","MARINA"
"40724","1","0","LST","","21.99","12","MRN EZCR BTA AQRM BLK 0.7GAL","MARINA"
"40725","1","0","LST","","21.99","12","MRN EZCR BTA AQRM BLU 0.7GAL","MARINA"
"40726","1","0","LST","","9.99","4","MRN FLTNG BREDNG TRAP 3IN1 1EA","MARINA"
"40789","1","0","LST","","13.99","6.5","MRN ALG MAGN 1SM","MARINA"
"40854","1","0","LST","","25.99","12","ELT UNWTR FLTR MN 3GAL","ELITE"
"40876","1","0","LST","","5.99","2.92","MRN LCD AQRM THRMTR 3IN","MARINA"
"40879","1","0","LST","","29.99","12","FL EV GRVL CLNR SM 10IN","FLUVAL"
"40882","1","0","LST","","4.99","1.75","MRN AQRM GRVL RBW 1LB","MARINA"
"40885","1","0","LST","","39.99","15","FL EV GRVL CLNR LG 24IN","FLUVAL"
"40897","1","0","LST","","8.99","3","MRN I25 INTRNL CRTG 2PK","MARINA"
"40912","1","0","LST","","16.99","7.29","NF AQPL WTR COND 16.9OZ","NUTRAFIN"
"40913","1","0","LST","","9.99","3.89","NF CLEAR FAST WTR CLRFR 4OZ","NUTRAFIN"
"40918","1","0","LST","","6.99","2.11","ZM BTA BED LEAF HMMCK 1EA","ZOO MED"
"40924","1","0","LST","","8.99","3","ET COCO HSK SBSTRT 8QT","EXO TERRA"
"40928","1","0","LST","","18.99","7.4","ZM REPTI BASK SPT LMP 50W","ZOO MED"
"41035","1","0","LST","","7.29","2.63","TTR WSP BIO-BAG CRTG MD 1PK","TETRA"
"41095","1","0","LST","","14.99","5.82","TTR POND KOI VBRNC STCK 4.94OZ","TETRA"
"41112","1","0","OOS","","4.99","2.19","LW MNL STN CRT1.1OZ","LIVING WORLD"
"41113","1","0","LST","","4.99","2.25","LW BRD MNL BEAK BLCK ORG 1.5OZ","LIVING WORLD"
"41337","1","0","LST","","19.99","10","ZMX CTTN PYRMD 4IN","ZOO-MAX"
"41824","1","0.25","LST","","10.99","6.22","AS RJ 4 SEASON VP 3PK","ARMSTRONG"
"41826","1","0.5","LST","","10.99","6.22","AS RJ BRY N NUT SUET CP 3PK","ARMSTRONG"
"41827","1","0.25","LST","","10.99","6.22","AS RJ PNT SLCT SUET 3PK","ARMSTRONG"
"42115","1","0","OOS","","4.99","2.2","LW NBLR SLC LFH CHWS 2PK","LIVING WORLD"
"42172","1","0","LST","","6.99","3.1","LW TRHSE REAL WOOD LOGS 1SM","LIVING WORLD"
"42174","1","0","LST","","10.99","5","LW TRHSE REAL WOOD LOGS 1MD","LIVING WORLD"
"42176","1","0","LST","","25.99","10.75","LW TRHSE REAL WOOD LOGS 1LG","LIVING WORLD"
"42785","1","0","LST","","4.99","2.43","CATIT MEGA SILLY SPRINGS 10PC","CATIT"
"42812","1","0.25","LST","","26.99","13.5","TUFFY ULTIMATE RING RED 1EA","TUFFY"
"42844","1","0.25","LST","","11.99","6.03","JWP HOLEE ROLLER 1SM","JW PET"
"42997","1","0","LST","","19.99","9.82","PS DURABLE STICK 1MD","PETSTAGES"
"43216","1","0","LST","","11.99","5.58","KONG CT WUBBA MOUSE 1EA","KONG"
"43333","1","0.25","LST","","9.49","4.35","OURPETS CSMC CATNIP SPR 2oz","OURPETS"
"43334","1","0","LST","","9.99","4.67","OURPETS CSMC CATNIP BUBL 5oz","OURPETS"
"43335","1","0","LST","","13.99","6.4","OURPETS CSMC CATNIP 2.25oz","OURPETS"
"43350","1","0.25","LST","","5.99","2.8","CAT DANCER ORIGINAL TOY 1EA","CAT DANCER"
"43607","1","0.25","LST","","49.99","29","NV DG H&J 2 120tb","NUTRI-VET"
"43628","1","0.25","LST","","12.99","7.5","NV DG EYE CLEANSE 4oz","NUTRI-VET"
"43629","1","0","LST","","20.99","10.05","HP FELINE HOST NO MORE 15ml","HOMEOPET"
"43644","1","0.25","LST","","21.99","11.5","FIRM UP DG PUMPKIN 4OZ","DIGGIN' YOUR DOG"
"43648","1","0.5","LST","","13.99","6.66","GRIZZLY CT PLS SLMN OIL 4OZ","GRIZZLY"
"43649","1","0.25","LST","","22.99","12.13","GRIZZLY DG PLS SLMN OIL 8OZ","GRIZZLY"
"43785","1","0","LST","","13.99","10.65","VBST HOT SPOT SPRAY 8oz","VETS BEST"
"43786","1","0.25","LST","","14.99","7.27","NV DG EAR CLEANER 8oz","NUTRI-VET"
"43797","1","0","LST","","31.99","16.64","VBST EAR WASH&DRY 4oz","VETS BEST"
"43799","1","0","LST","","18.99","11.81","VBST ACHES&PAINS 50's","VETS BEST"
"43801","1","0","LST","","17.99","13.51","VBST ALLERGY 60PC","VETS BEST"
"43824","1","0","LST","","22.99","12.41","TOMLYN CT NUTRI-CAL 4.25OZ","TOMLYN"
"43864","1","0.5","LST","43821","11.99","4.68","NV DG BITTER BANDAGE 1ea","NUTRI-VET"
"43912","1","0","LST","","16.99","11.95","PEE POST 1ea","SIMPLE SOLUTION"
"43918","1","0.25","LST","","17.99","9.45","NV CT HAIRBALL GEL SL 3oz","NUTRI-VET"
"43933","1","0.25","LST","","9.99","6.66","VBST BITTER CHERRY 7.5oz","VETS BEST"
"44135","1","0","LST","","15.99","8.8","BURTS HOTSPOT SPRAY 10oz","BURT'S BEES"
"44137","1","0","LST","","12.99","6.4","BURTS EAR CLEANER 4oz","BURT'S BEES"
"44139","1","0.25","LST","","12.99","6.4","BURTS TEAR STAIN REM 4oz","BURT'S BEES"
"44348","1","0","LST","","49.99","30.95","NM JFC ADV S&O 3.78L","NATURE'S MIRACLE"
"44381","1","0.5","LST","","19.99","12.4","NM ADV S&O 946ml","NATURE'S MIRACLE"
"44411","1","1","LST","","8.99","4.41","ER POOPBAG ROLL SCNT 120pc","EARTH RATED"
"44416","1","0.5","LST","","8.99","4.41","ER POOPBAG HANDLE SCNT 120pc","EARTH RATED"
"44419","1","0","LST","","16.99","8.33","ER POOPBAG BULKROLL 300pc","EARTH RATED"
"44424","1","1.25","LST","","8.99","4.41","ER POOPBAG ROLL UNSCNT 120pc","EARTH RATED"
"44447","1","0","LST","76058","41.99","22.38","PM CR RAKE&PAN 1sm","PETMATE"
"44448","1","0.25","LST","76059","46.99","23.9","PM CR RAKE&PAN 1lg","PETMATE"
"44451","1","0","LST","","16.99","8.33","ER POOPBAG BLKRL UNSCNT 300pc","EARTH RATED"
"44452","1","0.25","LST","","8.99","4.41","ER POOPBAG HNDL UNSCNT 120pc","EARTH RATED"
"44545","1","0.5","LST","","11.99","5.76","NOK OUT 236ml","NOK OUT"
"44546","1","0.25","LST","","19.99","9.6","NOK OUT 473ml","NOK OUT"
"44547","1","0","LST","","29.99","14.5","NOK OUT 950ml","NOK OUT"
"44548","1","0","LST","","79.99","38.4","NOK OUT 3.80l","NOK OUT"
"44549","1","0","LST","","12.99","6.24","NOK OUT SHMP 236ML","NOK OUT"
"44813","1","0.25","LST","43895","9.99","6.12","NYLA DG DNTL TPSTE E 2.5oz","NYLABONE"
"44903","1","0","LST","","26.99","13.8","TRPCLN FB TEETH GEL 4oz","TROPICLEAN"
"44905","1","0","LST","","20.99","10.66","TRPCLN FB WATER ADD 16oz","TROPICLEAN"
"44931","1","0","LST","","33.99","14.9","TRPCLN FB WATER ADD 1L","TROPICLEAN"
"44933","1","0","LST","","18.99","9.5","TROPCLN FB CAT GEL 2OZ","TROPICLEAN"
"44935","1","0","LST","","22.49","11.62","TRPCLN FB ORAL KIT LG","TROPICLEAN"
"44953","1","0.25","LST","","22.49","11.62","TRPCL FB PUP ORAL KIT 1ea","TROPICLEAN"
"45172","1","0.25","LST","","25.99","12.99","ZOD PREMPLUS F&T SP 710ml","ZODIAC"
"45201","1","0","LST","","22.99","10.37","ZOD CAT F&T SPRAY 236ML","ZODIAC"
"45280","1","0.25","LST","","13.99","6.41","ZOD F&T SHAMPOO 240ml","ZODIAC"
"45326","1","0","LST","","38.99","20.51","ZOD PREM 2000 F&T AE 454g","ZODIAC"
"45327","1","0","LST","","21.99","10.55","ZOD DBL ACT F&T SHMP 355ml","ZODIAC"
"45328","1","0","LST","","19.99","9.5","ZOD PET F&T SPRAY 236ml","ZODIAC"
"45330","1","0","LST","","25.99","13.94","ZOD PET F&T SPRAY 475ml","ZODIAC"
"45373","1","0","LST","","25.99","12.61","ZOD PWRSPOT SM.DG 4mo","ZODIAC"
"47258","1","0","ROS","","10.99","4.47","CPP LIL COL DAISY 5/16IN 1XS","COASTAL PET PRODUCTS"
"47344","1","0","LST","","12.99","6.32","CATIT HRNSS BLUE 1SM","CATIT"
"47348","1","0","LST","","13.99","6.81","CATIT HRNSS BLUE 1MD","CATIT"
"47352","1","0","LST","","15.99","7.78","CATIT HRNSS BLUE 1LG","CATIT"
"48151","24","0","LST","","2.59","1.7017","NB CT ULTRA PREMIUM SL 5.5OZ","NATURAL BALANCE"
"48152","24","0","LST","","2.59","1.7017","NB CT ULTRA TUNA&SHP 5.5OZ","NATURAL BALANCE"
"48153","24","0","OOS","","2.59","1.7017","NB CT ULTRA CHK&LVR PATE 5.5OZ","NATURAL BALANCE"
"48154","24","0","LST","","2.59","1.7017","NB CT ULTRA INDR CHK 5.5OZ","NATURAL BALANCE"
"48155","24","0","LST","","2.59","1.7017","NB CT ULTRA OCN FSH 5.5OZ","NATURAL BALANCE"
"48158","24","0","OOS","","3.59","2.3554","NB CT LID DK&GPEA 5.5OZ","NATURAL BALANCE"
"48408","1","0.25","LST","","18.99","8.8","STICKY PAW FURN PROT24pc","STICKY PAW"
"48693","1","0","LST","","26.99","13.5","TUFFY ULTIMATE BONE RED 1EA","TUFFY"
"48736","1","0","LST","","23.99","14.21","JOLLY DG TUG&TOSS BALL BLU 6IN","JOLLY PETS"
"48741","1","0","LST","","29.99","18","JOLLY DG TUG&TOSS BALL RED 8IN","JOLLY PETS"
"48844","1","0","LST","","19.99","10.85","JOLLY DG EGG RED 8IN","JOLLY PETS"
"48845","1","0","LST","","29.99","16.53","JOLLY DG RED EGG 12IN","JOLLY PETS"
"48897","1","0","LST","","15.99","7.99","OMEGA PAW TRICKY TRT BALL 1LG","OMEGA PAW"
"49094","1","0","LST","","13.99","8.33","CHUCKIT ULTRA BALL 2SM","CHUCKIT"
"49095","1","0","LST","","13.99","8.33","CHUCKIT ULTRA BALL 1LG","CHUCKIT"
"49097","1","0","LST","","16.99","8.59","CHUCKIT WHISTLER BALL MD 2PK","CHUCKIT"
"49181","1","0.25","LST","","15.99","8.78","CHUCKIT LAUNCHER JR 18M","CHUCKIT"
"49184","1","0","LST","","15.99","11.03","CHUCKIT LAUNCHER MD 26M","CHUCKIT"
"49192","1","0.25","LST","","15.99","10.33","CHUCKIT ULTRA BALLS 2MD","CHUCKIT"
"49206","1","0","LST","","15.99","8.21","CHUCKIT LAUNCHER MINI 14S","CHUCKIT"
"49207","1","0","LST","","22.99","12.14","CHUCKIT LAUNCHER MEGA 26L","CHUCKIT"
"49237","1","0","LST","","19.99","10.78","CHUCKIT ZIPFLIGHT RING 1MD","CHUCKIT"
"49469","1","0","LST","","8.99","4.79","OH HOMER HEDGEHOG JR 1SM","OUTWARD HOUND"
"49829","12","0.5","LST","","7.99","3.15","KONG AIR SQK 1XS","KONG"
"49946","1","0.25","LST","","7.99","3.99","KONG SQUEAK AIR BALLS SM 3PC","KONG"
"49947","1","0","LST","","11.99","5.61","KONG SQUEAK AIR BALLS LG 2PC","KONG"
"50030","1","0","LST","50023","4.49","1.7","NF BASIX TRTL COND 0.5OZ","NUTRAFIN"
"50066","1","0","OOS","","9.99","4.45","ZM RPTSF WTR COND 4.25OZ","ZOO MED"
"50129","1","0","LST","43925","32.99","14.65","ZEN PRO COLLAR 1sm","ZEN PET"
"50139","1","0","LST","","7.99","3.1","VKFT SLIMS SA ALF STCK 1.76OZ","VITAKRAFT"
"50155","1","0","LST","","7.99","3.1","VKFT SLIMS SA CRT STCK 1.76OZ","VITAKRAFT"
"50194","1","0","LST","","7.99","4.15","TICK TORNADO 1ea","ZEN PET"
"50241","1","0","LST","","8.99","4.5","BRN TRC SA HIGH C TRT 2.25OZ","BROWNS"
"50243","1","0","LST","","9.99","5","BRN TRC SA FFRSH FIXINS 10OZ","BROWNS"
"50245","1","0","LST","50235","8.99","4.5","BRN TRC SA FRT & NUT TRT 8OZ","BROWNS"
"50302","1","0","LST","","19.99","10.25","LW XTRD HMS FOOD 3.3LB","LIVING WORLD"
"50531","1","0","LST","","18.99","9.5","BRN TRC PLY BARN WITH HAY 8OZ","BROWNS"
"50598","1","0","LST","","39.99","24.45","PRPT HMBRD COPR GLS FDR 12OZ","PERKY-PET"
"50611","1","0","LST","","17.99","6.32","ZM ASPN SNK BDING 8QT","ZOO MED"
"50669","1","0","LST","","14.99","8.23","KONG SAFESTIX 1SM","KONG"
"50671","1","0.25","LST","","8.79","4.21","OXB SA ORGC BRL BISC 2.65OZ","OXBOW"
"50702","1","0","LST","","11.99","5.91","MRTN LF HMS & GER FOOD 17.6OZ","MARTIN"
"50850","1","0","LST","","10.99","4.65","VKFT SA RAVIOLOS VEG 5OZ","VITAKRAFT"
"51011","1","0","LST","","23.99","13","BLSTM ALL WTR ADD ORG CA 500ml","BLUESTEM"
"51043","1","0","LST","","33.99","18.85","GRIZZLY DG JOINT AID 16oz","GRIZZLY"
"51044","1","0","LST","","58.99","32","GRIZZLY DG JOINT AID 32oz","GRIZZLY"
"51230","1","0","LST","","39.99","21","NEATER FEEDER DG EXPRESS 1SM","NEATER PET BRANDS"
"51231","1","0","LST","","69.99","37","NEATER FEEDER DG EXPRESS 1MDLG","NEATER PET BRANDS"
"51232","1","0","LST","","24.99","13.56","NEATER SCOOPER GREEN 1ea","NEATER PET BRANDS"
"51233","1","0","LST","","9.99","5.18","NEATER SCOOPER BAGS 3pk","NEATER PET BRANDS"
"51343","1","0","LST","","19.99","9.99","MM DLX MICROF TOWEL 1ea","MESSY MUTTS"
"51345","1","0","LST","","9.99","4.95","MM CHEN GROOM MITT 1ea","MESSY MUTTS"
"51347","1","0","LST","","17.99","8.99","MM SILICONE GROOM GLV 1ea","MESSY MUTTS"
"51429","1","0","LST","","24.99","9.65","JMP DG LSH PRPL 1LG","JUMP"
"51431","1","0","LST","","22.99","8.82","JMP DG LSH PNK 1SM","JUMP"
"51432","1","0","LST","","24.99","9.65","JMP DG LSH PNK 1LG","JUMP"
"51433","1","0","LST","","22.99","8.82","JMP DG LSH BLU 1SM","JUMP"
"51434","1","0","LST","","24.99","9.65","JMP DG LSH BLU 1LG","JUMP"
"51435","1","0","LST","","22.99","8.82","JMP DG LSH PRPL 1SM","JUMP"
"51644","1","0","LST","","7.99","3.51","VL COMP SA CROCK APL TRT 1.8OZ","VERSELE-LAGA"
"51645","1","0","LST","","7.99","3.51","VL COMP SA CROCK CRT TRT 1.8OZ","VERSELE-LAGA"
"51647","1","0","LST","","7.99","3.51","VL COMP SA CROCK BRY TRT 1.8OZ","VERSELE-LAGA"
"51664","1","0","LST","","8.99","3.75","VL CRSP HRBVR STCK 3PK 5.8OZ","VERSELE-LAGA"
"51665","1","0","LST","","8.99","3.75","VL CRSP OMNVR STCK 3PK 5.6OZ","VERSELE-LAGA"
"51675","1","0","LST","","15.99","8.01","VL PRS LRPRQ AFR PRKT 2.2LB","VERSELE-LAGA"
"51677","1","0","LST","","7.99","3.25","VL PRS CNRY TRT STCK 3PK 3.1OZ","VERSELE-LAGA"
"51679","1","0.25","LST","","29.99","15.75","VL PRS BRD MILLET GLD 2.2LB","VERSELE-LAGA"
"51727","1","0.5","LST","","2.49","1.35","PV TUFF TENNIS BALL 1.8in","PET VALU"
"51850","1","0","LST","","4.99","1.68","VN AIR FILTER 1ea","VAN NESS"
"51885","1","0","LST","51940","12.99","6.5","VN SIFTING LTR PAN LINER 10pc","VAN NESS"
"51961","1","0","LST","","18.99","10.71","VN DRWSTR LNR-XG VP 15PC","VAN NESS"
"51981","1","0","LST","","18.99","10.71","VN DRWSTR LNR-LG VP 20 PC","VAN NESS"
"52060","1","0","LST","","13.99","6.36","KONG CT ZOOM GRM 1ea","KONG"
"52328","12","1","LST","","8.99","4.495","KRAZY KITTY CATTAIL 1EA","KRAZY KITTY"
"52329","12","0","LST","","5.99","2.995","KRAZY KITTY FLEECE MICE 1EA","KRAZY KITTY"
"52330","12","0.25","LST","","5.99","2.995","KRAZY KITTY DOUBLE WHAMMY 1EA","KRAZY KITTY"
"52385","1","0","LST","","24.99","12.5","TUFFY JR 3WAY TUG OF WAR 1EA","TUFFY"
"52457","1","0.25","LST","","7.99","4.35","YEOWWW! CATNIP 1OZ","YEOWWW!"
"52465","51","1.25","LST","","5.99","2.7973","YEOWWW! BOWL OF STINKIES 1EA","YEOWWW!"
"52468","1","0.25","LST","","22.99","12.5","YEOWWW! MY CAT BALLS 3PC","YEOWWW!"
"52470","1","0.25","LST","","9.99","4.76","VN CROCK HVYWT BOWL 52OZ","VAN NESS"
"52484","50","0","LST","","3.49","1.6","YEOWWW! MINI CTNIP 50PK","YEOWWW!"
"52536","1","0","LST","","24.99","14.99","OH HIDE A SQUIRREL 1EA","OUTWARD HOUND"
"52538","1","0","LST","","14.99","7.79","OH SQUIRREL REPLACEMENT 3PC","OUTWARD HOUND"
"52550","1","0.5","LST","","9.99","4.5","MLPT LAMBCHOP PLUSH 6IN","MULTIPET"
"52553","1","0.5","LST","","14.99","7.5","MLPT LAMBCHOP PLUSH 10.5IN","MULTIPET"
"52578","1","0","LST","52623","19.99","13.33","WEST PAW JIVE 1SM","WEST PAW"
"52579","1","0","LST","52624","24.99","18","WEST PAW JIVE 1LG","WEST PAW"
"52621","1","0","LST","","19.99","13.33","WEST PAW HURLEY 1SM","WEST PAW"
"52622","1","0","LST","","24.99","17","WEST PAW HURLEY 1LG","WEST PAW"
"52625","1","0","OOS","","26.99","18","WEST PAW ZISC 8.5IN","WEST PAW"
"52638","1","0.25","LST","","14.99","11","WEST PAW HURLEY 1XS","WEST PAW"
"52639","1","0","LST","","19.99","14","WEST PAW ZISC 6.5IN","WEST PAW"
"52747","1","0","LST","","16.99","8.5","TUFFY NO STUFF ULT RING RD 1EA","TUFFY"
"52906","1","0","LST","","14.99","6.65","KONG WUBBA 1SM","KONG"
"52960","1","0","LST","","10.99","5.56","KONG CLASSIC 1SM","KONG"
"52961","1","0","LST","","6.99","3.31","JWP HOLEE ROLLER MINI 1XS","JW PET"
"52964","1","0","LST","","12.99","7.09","JWP HOLEE ROLLER 1MD","JW PET"
"52970","1","0.5","LST","","15.99","8.01","KONG CLASSIC 1MD","KONG"
"52980","1","0.5","LST","","19.99","9.93","KONG CLASSIC 1LG","KONG"
"52981","1","0.25","LST","","19.99","10.04","BBONE WISHBONE BCN 1MD","BENEBONE"
"53061","1","0","LST","","9.99","5.21","KONG SQUEAK AIR BALLS MD 3PC","KONG"
"53101","1","0.75","LST","","2.99","1.6","PV TUFF TENNIS BALL 2.5in","PET VALU"
"53102","1","0.5","LST","","16.99","7.98","BBONE WISHBONE BCN 1SM","BENEBONE"
"53124","1","0","LST","","41.99","26.19","CHUCKIT KICK FETCH 1LG","CHUCKIT"
"53126","1","0","LST","52401","6.99","4.3","CHUCKIT TENNIS BALL 2MD","CHUCKIT"
"53127","1","0","LST","","9.99","5.19","CHUCKIT TENNIS BALL 2LG","CHUCKIT"
"53134","1","0","LST","","39.99","22.87","CHUCKIT KICK FETCH 1SM","CHUCKIT"
"53144","1","0","LST","","9.99","4.89","KONG PUPPY CLASSIC 1SM","KONG"
"53145","1","0","LST","","14.99","7.23","KONG PUPPY CLASSIC 1MD","KONG"
"53146","1","0","LST","","17.99","8.55","KONG PUPPY CLASSIC 1LG","KONG"
"53171","1","0","LST","","10.99","5.58","KONG CLASSIC 1XS","KONG"
"53172","1","0.25","LST","","11.99","5.85","KONG PUPPY GOODIE BONE 1SM","KONG"
"53379","1","0","LST","","17.99","10.09","CHUCKIT ULTRA BALL 1XL","CHUCKIT"
"53390","1","0","LST","","19.99","9.53","KONG CLASSIC EXTREME 1LG","KONG"
"53429","1","0","LST","","19.99","9.99","KRAZY KITTY SNGL STK 1EA","KRAZY KITTY"
"53495","1","0","LST","","21.99","14.34","CHUCKIT PARAFLIGHT 1LG","CHUCKIT"
"53501","1","0.25","LST","","19.99","10.04","BBONE WISHBONE CHKN 1MD","BENEBONE"
"53903","1","0.25","LST","","2.99","1.81","PM PUP TOP CAN COVER 1EA","PETMATE"
"54004","295","17.5","LST","","0.79","0.4178","BFD DG CHK PARS 1ea","BARNSDALE FARMS"
"54089","1","0","LST","","20.99","12.14","RLLVR DG BF STFD BF BONE 8in","ROLLOVER"
"54093","1","0","LST","","20.99","12.14","RLLVR DG CHK STFD BF BONE 8in","ROLLOVER"
"54557","1","0","LST","","3.99","2.2","BFD DG PRK ROLLS LG 5to11in","BARNSDALE FARMS"
"54942","1","0.25","LST","","6.99","4.45","PB CT OCN WHTFSH TRT 0.71oz","PUREBITES"
"55201","1","1","LST","","16.99","8.6","PB DG BF LVR TRT 4.2oz","PUREBITES"
"55204","1","0.5","LST","","16.99","8.6","PB DG CHK BREAST TRT 3OZ","PUREBITES"
"55205","1","0.25","LST","","16.99","8.6","PB DG DUCK TRT 2.6OZ","PUREBITES"
"55267","25","0.25","LST","","6.59","3.1132","PC DG BULL PIZL 6in","PET CENTER"
"55268","25","0","LST","","13.99","6.2364","PC DG BULL PIZL 12in","PET CENTER"
"55380","1","1.25","LST","","8.99","4.45","PB DG BF LVR TRT 2oz","PUREBITES"
"55384","1","0.5","LST","","30.99","17.9","PB DG BF LVR TRT 8.8oz","PUREBITES"
"55396","1","0.25","LST","","6.99","4.45","PB CT SALMON TRT 0.92OZ","PUREBITES"
"55397","1","0.25","LST","","50.99","31","PB DG CHK BREAST TRT 11.6oz","PUREBITES"
"55521","75","3","LST","55520","2.99","1.3935","BFD DG PIG EARS 1ea","BARNSDALE FARMS"
"55882","1","0","LST","","9.99","4","ES PRGLO AQRM GRVL LVN 5LB","CLIFFORD W. ESTES"
"55932","1","0","LST","","9.99","4","ES AQRM GRVL SPCL BLU 5LB","CLIFFORD W. ESTES"
"55942","1","0","LST","","9.99","4","ES AQRM GRVL SPCL GRN 5LB","CLIFFORD W. ESTES"
"56003","1","0.25","LST","","14.99","7.97","T&T DG DEER ANT SM 1pc","THIS & THAT"
"56107","1","0.25","LST","55533","29.99","16.66","BFD DG PIG EARS 12PC","BARNSDALE FARMS"
"56149","1","0","LST","54007","9.99","4.99","BFD DG STEAK CUTS 3PC","BARNSDALE FARMS"
"56151","1","0","LST","54014","10.99","5.77","BFD DG MBONE LG 5 to 7in","BARNSDALE FARMS"
"56156","1","0","LST","55808","9.99","4.9","BFD DG TARTAR OFF BONE 2pc","BARNSDALE FARMS"
"56281","1","0.25","LST","","19.99","11.48","T&T DG DEER ANT SM 2pc","THIS & THAT"
"56282","1","0","LST","","19.99","11.48","T&T DG DEER ANT MD 1pc","THIS & THAT"
"56283","1","0","LST","","33.99","20","T&T DG DEER ANT LG 1pc","THIS & THAT"
"56285","1","0","LST","","44.99","26.29","T&T DG DEER ANT XL 1pc","THIS & THAT"
"56286","1","0","LST","","59.99","35.6","T&T DG DEER ANT XXL 1pc","THIS & THAT"
"56302","1","0.25","LST","","8.99","4.39","T&T EVEREST CHS CHEW SM 1.5oz","THIS & THAT"
"56303","1","0.25","LST","","11.99","6.3","T&T EVEREST CHS CHEW MD 2.5oz","THIS & THAT"
"56304","1","0","LST","","15.99","8.45","T&T EVEREST CHS CHEW LG 3.5oz","THIS & THAT"
"56306","1","1","LST","","20.99","11","T&T EVEREST CHS CHEW XL 5oz","THIS & THAT"
"56309","1","0","LST","","36.99","20.6","T&T DG STF ANT CHW BF LG 1ea","THIS & THAT"
"56313","30","0","LST","","5.29","3.047","WHMZ DG ALLIG CHW LG 1ea","WHIMZEES"
"56317","75","0","LST","","4.29","1.496","WHMZ DG BRUSHZ CHW MD 1ea","WHIMZEES"
"56366","1","0","LST","","12.99","6.32","CATIT FRESH&CLEAR FOAM FLTR3PC","CATIT"
"56379","150","1","LST","","1.99","0.7881","WHMZ DG STIX CHW SM 1ea","WHIMZEES"
"56386","76","0","LST","","4.29","1.5155","WHMZ DG STIX CHW MD 1ea","WHIMZEES"
"56387","40","0.25","LST","","5.29","2.6238","WHMZ DG STIX CHW LG 1ea","WHIMZEES"
"56388","30","0","LST","","9.99","5.0847","WHMZ DG STIX CHW XL 1ea","WHIMZEES"
"56407","1","0","LST","","26.99","14.84","WHMZ DG STIX CHW LG 7pc","WHIMZEES"
"56618","1","0.25","LST","","24.99","10.11","TC DG PJC CHK TENDERS 12oz","TRUE CHEWS"
"57433","1","1","LST","","3.29","2.69","WHISK CT TEMP CHK 6.3oz","TEMPTATIONS"
"57434","1","1.25","LST","","3.29","2.69","WHISK CT TEMP SL 6.3oz","TEMPTATIONS"
"57435","1","1.25","LST","","3.29","2.69","WHISK CT TEMP TUNA 6.3oz","TEMPTATIONS"
"57436","1","0.5","LST","","3.29","2.69","WHISK CT TEMP SFD MDLY 6.3oz","TEMPTATIONS"
"57438","1","0.5","LST","","3.29","2.69","WHISK CT TEMP BF 6.3oz","TEMPTATIONS"
"57464","1","0","LST","57454","1.99","1.42","WHISK CT TEMP CHK 3oz","TEMPTATIONS"
"57722","1","1.25","LST","","51.99","33.5","B BUL DG LVR CHOPS 17.64oz","BENNY BULLY'S"
"57724","1","1.75","LST","","14.49","6.69","B BUL DG LVR CHOPS 2.82oz","BENNY BULLY'S"
"57730","1","1.25","LST","","7.99","3.4","B BUL DG BF LVR CHOPS 1.4oz","BENNY BULLY'S"
"57739","1","0.5","LST","","109.99","78.75","B BUL DG LVR CHOPS 3.3lb","BENNY BULLY'S"
"57753","6","2","LST","","31.99","15.5017","B BUL DG LVR CHOPS SMBT 9.17oz","BENNY BULLY'S"
"57772","1","0.5","LST","","11.49","5.5","CHARLEE DG CHS&EGG TRT 16OZ","CHARLEE BEAR"
"57774","1","0.5","LST","","11.49","5.5","CHARLEE DG LVR TRT 16oz","CHARLEE BEAR"
"57783","1","1","LST","","11.49","5.5","CHARLEE DG TKY LVR CRN TRT16OZ","CHARLEE BEAR"
"57875","1","1","LST","","9.99","5.16","CRMP DG NAT SP FILLETS 5.6OZ","CRUMPS' NATURALS"
"57876","1","1.5","LST","","17.49","9.82","CRMP DG NAT SP FILLETS 11.6OZ","CRUMPS' NATURALS"
"57882","1","0","LST","","20.49","10.57","CRMP DG LMB CHOPS3.9oz","CRUMPS' NATURALS"
"57947","1","0.75","LST","","11.99","5.58","B BUL DG NUTRIMIX TRT 2.1oz","BENNY BULLY'S"
"57948","1","0.25","LST","","11.99","5.58","B BUL DG SWT POTATO 2.1oz","BENNY BULLY'S"
"57949","1","0.5","LST","","11.99","5.58","B BUL DG BF LVR PMP TRT 2.1oz","BENNY BULLY'S"
"58026","18","0","LST","","5.99","2.4933","PACFC 21 DG SL SKIN BNS 1ea","PACIFIC 21"
"58027","8","0","OOS","","15.99","8.2","PACFC 21 DG SL JMBO 2.29oz","PACIFIC 21"
"58224","1","0","LST","","34.99","21.68","VN CAT STARTER KIT 1EA","VAN NESS"
"58290","1","0","LST","","37.99","23.61","VN SIFTING PAN CP5 1lg","VAN NESS"
"58864","1","0","LST","","19.99","10.25","KURGO SEATBELT TETHER 1ea","KURGO"
"59332","1","0","LST","","7.99","3.63","TRIPLE CROWN QUICK CLICK 1EA","TRIPLE CROWN"
"59404","1","0","LST","","18.99","11","PETSF 3VOLT LITH BATTERY 1ea","PETSAFE"
"59421","1","0.25","OOS","","12.99","4.66","R&R DG PET BOT E COLLAR 1sm","REMEDY+RECOVERY"
"59422","1","0","OOS","52073","16.99","5.96","R&R DG PET BOT E COLLAR 1md","REMEDY+RECOVERY"
"59423","1","0","LST","52004","19.99","6.65","R&R DG PET BOT E COLLAR 1lg","REMEDY+RECOVERY"
"59424","1","0","LST","52075","22.99","8.64","R&R DG PET BOT E COLLAR 1xl","REMEDY+RECOVERY"
"59425","1","0","LST","52006","28.99","11.26","R&R DG PET BOT E COLLAR 1xxl","REMEDY+RECOVERY"
"59453","1","0","LST","","329.99","210","PETSF DLX RADIO FENCE KIT 1ea","PETSAFE"
"59455","1","0","LST","","479.99","380","PETSF STAY&PLAY FENCE 1ea","PETSAFE"
"59471","1","0","LST","","21.99","9.73","COA DG PET CORRECTOR 1.58OZ","COMPANY OF ANIMALS"
"59484","1","0","LST","","11.99","6","PETSF 3V LITH BATTERY 2pc","PETSAFE"
"59488","1","0","LST","","14.99","8.5","PETSF 6V BATTERY MODULE 2pc","PETSAFE"
"59498","1","0","LST","","39.99","17.66","COA DG PET CORRECTOR 6.35OZ","COMPANY OF ANIMALS"
"59515","1","0","LST","","16.99","8.6","PB DG CHD CHS 4.2OZ","PUREBITES"
"59951","1","0","LST","","9.99","5.47","JWP DG SKID STOP SLO BOWL 1MD","JW PET"
"59952","1","0","LST","","12.99","7.28","JWP DG SKID STOP SLO BOWL 1LG","JW PET"
"59996","1","0","OOS","","91.99","50.08","PP CT SS RAINDROP FTAN 1EA","PIONEER PET"
"59997","1","0","LST","","93.99","52.76","PP DG SS BIG MAX FTAN 1EA","PIONEER PET"
"59998","1","0","LST","","18.99","8.8","PP CT SS&CERM FLTR 3PC","PIONEER PET"
"63800","1","0","ROS","","55.99","27","LXT HP RETRACTABLE TIE OUT 1sm","LIXIT"
"63874","1","0","LST","","22.99","10.81","GODG CHK FAT ROOSTER 1SM","GO DOG"
"63926","1","0.25","ROS","","19.99","9.99","KONG DG BALL W/ HOLE 1MD/LG","KONG"
"63927","1","0.25","LST","","19.99","9.62","KONG FLYER 1LG","KONG"
"63928","1","0","LST","","17.99","8.79","KONG CLASSIC EXTREME 1MD","KONG"
"63981","1","0.25","LST","","49.99","35.47","GREENIE DG DNT TRT TEENIE 36OZ","GREENIES"
"63982","1","0","LST","","49.99","35.47","GREENIE DG DNTL TRT PETIT 36oz","GREENIES"
"64429","1","0.25","LST","","12.99","6.19","GREENIE DG PP PB CAP 7.9oz","GREENIES"
"64443","1","0.25","LST","","19.99","12.43","GREENIE DG DNTL TRT PETIT 12OZ","GREENIES"
"64444","1","0","LST","","19.99","12.43","GREENIE DG DNTL TRT REG 12OZ","GREENIES"
"64445","1","0","LST","","19.99","12.43","GREENIE DG DNTL TRT LG 12OZ","GREENIES"
"64449","1","0.5","LST","","12.99","6.19","GREENIE DG HICK PP CAPS 7.9oz","GREENIES"
"64492","1","0","LST","","28.99","16.19","BBONE WISHBONE BCN 1LG","BENEBONE"
"64504","1","0.5","LST","","21.99","13.65","GREENIE DG PP CHK VALUE 15.8OZ","GREENIES"
"64751","1","0","LST","","18.99","9.74","MW SNAPPY FIT SS BWL 20OZ","MIDWEST"
"65051","1","0","LST","65121","41.99","24.13","ESN PORTABLE CRATE 19IN","ESSENTIALS"
"65053","1","0","LST","65123","114.99","63.76","ESN PORTABLE CRATE 26IN","ESSENTIALS"
"65054","1","0","LST","65124","134.99","77.89","ESN PORTABLE CRATE 32IN","ESSENTIALS"
"65055","1","0","LST","65125","176.99","103.08","ESN PORTABLE CRATE 36IN","ESSENTIALS"
"65056","1","0","LST","65126","207.99","124.73","ESN PORTABLE CRATE 40IN","ESSENTIALS"
"65062","1","0","LST","","129.99","57.95","ESN SOFT CRATE 30IN","ESSENTIALS"
"65063","1","0","LST","","174.99","98.43","ESN SOFT CRATE 36IN","ESSENTIALS"
"65064","1","0","LST","","209.99","123.52","ESN SOFT CRATE 42IN","ESSENTIALS"
"65217","1","0","LST","","175.99","128.04","GEN7 NATURAL RAMP 1ea","GEN7PETS"
"65433","1","0","LST","","46.99","23.39","OH PUPPAK CARRIER GRY 1sm ","OUTWARD HOUND"
"65518","1","0","LST","","5.99","2","WARE CRT SALT LICK 1EA","CRITTERWARE"
"66474","1","0","LST","","38.99","19.75","ZM BASK SPT & INFRD HTLMP 75W","ZOO MED"
"66489","1","0","LST","","21.99","8.55","ZM REPTI SND RED 10LB","ZOO MED"
"66750","1","0","LST","","20.99","10.34","ZM NCTRNL INFRD HTLMP 50W","ZOO MED"
"66753","1","0","LST","","23.99","10.6","ZM NCTRNL INFRD HTLMP 75W","ZOO MED"
"66754","1","0","LST","","27.99","13.23","ZM NCTRNL INFRD HTLMP 100W","ZOO MED"
"66772","1","0","LST","","19.99","7.4","ZM REPTI BASK SPT LMP 75W","ZOO MED"
"66773","1","0","LST","","22.99","8.38","ZM REPTI BASK SPT LMP 100W","ZOO MED"
"66782","1","0","OOS","","19.99","8.33","ZM NGTLT RED BLB 60W","ZOO MED"
"66783","1","0","LST","","21.99","9.41","ZM NGTLT RED BLB 100W","ZOO MED"
"66794","1","0","LST","","18.99","6.85","ZM DAYLT BLU BLB 60W","ZOO MED"
"66795","1","0","LST","","17.99","6.27","ZM DAYLT BLU BLB 100W","ZOO MED"
"66808","1","0","LST","","6.49","2.5","LW RBT HNY STCK 2PK 4OZ","LIVING WORLD"
"66818","1","0","LST","","18.99","8.5","ET JNGL VINE 6FT 1SM","EXO TERRA"
"66820","1","0","LST","","5.49","2.5","MRN BTA WST RMVR 11IN","MARINA"
"66821","1","0","LST","","5.99","2.43","LW BDG HNY STCK 2PK 2OZ","LIVING WORLD"
"66824","1","0","LST","","5.99","2.43","LW CNRY HNY STCK 2PK 2OZ","LIVING WORLD"
"66825","1","0","LST","","5.99","2.43","LW CNRY FRT STCK 2PK 2OZ","LIVING WORLD"
"66826","1","0","LST","","5.99","2.43","LW FNCH HNY STCK 2PK 2OZ","LIVING WORLD"
"66835","1","0","LST","","11.99","3.97","ZM ECO CRPT 10GAL 10X20IN","ZOO MED"
"66836","1","0","LST","","12.99","5.4","ZM ECO CRPT 15-20GAL 12X24IN","ZOO MED"
"66862","1","0","LST","","9.99","4","MRN 360 SPLSH CRTG 4PK","MARINA"
"69650","1","0","LST","","21.99","12.5","PAWZ BOOT LT GREEN 1XXXS","PAWZ"
"69651","1","0","LST","","21.99","13","PAWZ BOOT YLW 1XXS","PAWZ"
"69652","1","0","LST","","21.99","13.5","PAWZ BOOT ORNG 1XS","PAWZ"
"69653","1","0","LST","","21.99","12.9","PAWZ BOOT RED 1SM","PAWZ"
"69654","1","0","LST","","23.99","13.7","PAWZ BOOT BLUE 1MD","PAWZ"
"69655","1","0","LST","","23.99","13.75","PAWZ BOOT PRPL 1LG","PAWZ"
"70021","1","0","LST","","7.99","3.4","TTR WSP BIO-BAG CRTG SM 1PK","TETRA"
"70220","1","0","LST","","25.99","13.51","AH GLS DRUM FSH BWL 1GAL","ANCHOR HOCKING"
"70338","1","0","LST","","6.49","3","MRN PLSTC CHCK VLV 1EA","MARINA"
"70339","1","0","LST","","5.99","2.43","MRN FLTNG THRMTR 1EA","MARINA"
"70425","1","0","LST","70508","4.99","1.9","MRN CLR AIRLNE TBNG 6.5FT","MARINA"
"70581","1","0","LST","","9.99","4","ES AQRM GRVL SPCL BLU JEAN 5LB","CLIFFORD W. ESTES"
"70941","1","0","LST","","27.99","13.21","TTR WSP BIO-BAG CRTG LG 8PK","TETRA"
"70995","1","0","LST","","4.99","1.95","MRN AIR STN RECT 6IN","MARINA"
"71011","1","0","LST","","5.49","3","MRN DECO RCK ORN 1SM","MARINA"
"71013","1","0","LST","","6.99","3","MRN DECO WOOD ORN 1SM","MARINA"
"73303","1","0","LST","","25.99","15.93","CST 2 HND LSH BLK 1IN6FT","COASTAL PET PRODUCTS"
"73318","1","0","LST","","14.99","6.85","LB DG LUXE CLR BRN 14IN","LEATHER BROTHERS"
"73331","1","0","LST","","24.99","11.31","LB DG LUXE CLR BLK 22IN","LEATHER BROTHERS"
"73332","1","0.25","LST","","24.99","11.31","LB DG LUXE CLR BRN 22IN","LEATHER BROTHERS"
"73333","1","0","LST","","24.99","11.31","LB DG LUXE CLR RED 22IN","LEATHER BROTHERS"
"73338","1","0","LST","","24.99","11.31","LB DG LUXE CLR BRN 26IN","LEATHER BROTHERS"
"73347","1","0","LST","","30.99","15.53","LB DG LUXE LEASH BLK 6'x0.5","LEATHER BROTHERS"
"73354","1","0","LST","","34.99","16.92","LB DG LUXE LEASH BLK 6'x3/4","LEATHER BROTHERS"
"73355","1","0","LST","","34.99","16.92","LB DG LUXE LEASH BRN 6'x3/4","LEATHER BROTHERS"
"73453","1","0","LST","","18.99","8.9","LB DG ROPE LEASH BLK 6FT","LEATHER BROTHERS"
"73454","1","0","LST","","18.99","8.9","LB DG ROPE LEASH RED 6FT","LEATHER BROTHERS"
"73564","1","0","LST","","18.99","9.18","LB DG LUXE CLR BLK 18IN","LEATHER BROTHERS"
"73572","1","0","LST","","18.99","8.9","LB DG ROPE LEASH BLU 6FT","LEATHER BROTHERS"
"74284","1","0","LST","","19.99","10.15","MRSHL FRRT FURO-VITE VTM 3.5oz","MARSHALL"
"74295","1","0","LST","","32.99","15.75","LW TRHSE REAL WOOD CABIN 1MD","LIVING WORLD"
"74296","1","0","LST","","47.99","23","LW TRHSE REAL WOOD CABIN 1LG","LIVING WORLD"
"74314","1","0","LST","","15.99","9.59","MRSHL FOAM WTRLS SHMP 5OZ","MARSHALL"
"74365","1","0","LST","","9.99","4.55","WARE MEGA MUNCH STCK 1EA","CRITTERWARE"
"74422","1","0","LST","","14.99","7.5","WARE NATR BALL 3PC","CRITTERWARE"
"74423","4","0","LST","","4.99","2.45","WARE HMLYN SALT 1EA","CRITTERWARE"
"74424","1","0","LST","","6.99","3.45","WARE MN ALFA KARROTS 3PC","CRITTERWARE"
"74432","1","0","LST","","3.99","1.95","WARE LAVA STN STAR 1EA","CRITTERWARE"
"75131","1","0","LST","45619","14.99","7.79","ESN DG SS FOOD SCOOP 1EA","ESSENTIALS"
"75148","1","0","LST","45612","38.99","21.24","ESN DG SS ADJUST DBL BOWL 2QT","ESSENTIALS"
"75149","1","0","LST","45622","41.99","22.99","ESN DG SS ADJUST DBL BOWL 3QT","ESSENTIALS"
"75157","1","0","LST","","3.09","1.57","PV SS HMS DSH 1EA","PET VALU"
"75468","12","0.5","LST","","7.79","3.8142","FFD DG PET FOUSTICKS 12pk","FOU FOU DOG"
"75491","1","0.25","LST","","29.99","16.49","JMP 3 SURFACE POST 18IN","JUMP"
"76274","1","0","LST","","31.99","16.82","KMR MILK POWDER 6OZ","PETAG"
"76794","1","0","LST","","26.99","13.66","KONG CLASSIC 1XL","KONG"
"76804","1","0","LST","","27.99","14.64","KONG CLASSIC EXTREME 1XL","KONG"
"76813","1","0","LST","","10.99","5.3","KONG CT CRINKLE FISH 2PC","KONG"
"76828","1","0","LST","","8.99","4.04","KONG CT CLASSIC KITTY KONG 1EA","KONG"
"76834","1","0","LST","","12.99","6.5","KONG CT TWISTED BOA TEASER 1EA","KONG"
"76836","1","0","LST","","7.99","3.21","KONG CT ACTIVE TENNIS BALL 3PC","KONG"
"76837","1","0","LST","","12.99","6.42","KONG CT CONNECTS WINDOW TSR1EA","KONG"
"78944","1","0","LST","","36.99","22.65","ESBILAC MILK POWDER 12OZ","PETAG"
"78955","1","0.25","LST","","29.99","14.93","CRANIMALS ORIGINAL 120g","CRANIMALS"
"78964","1","0","LST","","16.99","7.45","PETAG NURSING KIT CARDED 2OZ","PETAG"
"79027","150","0.5","LST","","1.99","0.6889","WHMZ DG BRUSHZ CHW SM 1ea","WHIMZEES"
"79028","30","0.25","LST","","6.99","3.3273","WHMZ DG BRUSHZ CHW LG 1ea","WHIMZEES"
"79121","1","0","LST","","15.99","8.5","DRINKWELL CARBON FLTR 4PC","DRINKWELL"
"79511","1","0","LST","","14.99","7.15","NYLA SM DG VALU PACK 3PC","NYLABONE"
"79651","1","0","LST","","9.99","5","DRINKWELL FOAM FLTR 2PC","DRINKWELL"
"79751","1","0","LST","","18.99","11.23","NYLA DG HE BF PETITE 8pc","NYLABONE"
"79753","1","0","OOS","","10.99","5.16","NYLA DG HE BF MD 2pc","NYLABONE"
"81624","1","0","LST","","15.99","6.68","JMP DG MESH CLR PNK 1SM","JUMP"
"81625","1","0.25","LST","","16.99","7.06","JMP DG MESH CLR BLK 1MD","JUMP"
"81626","1","0","LST","","16.99","7.06","JMP DG MESH CLR BLU 1MD","JUMP"
"81631","1","0","LST","","17.99","8.16","JMP DG MESH CLR BLU 1LG","JUMP"
"81633","1","0","LST","","17.99","8.16","JMP DG MESH CLR PNK 1LG","JUMP"
"81634","1","0","LST","","19.99","9.25","JMP DG MESH CLR BLK 1XL","JUMP"
"81635","1","0","LST","","19.99","9.25","JMP DG MESH CLR BLU 1XL","JUMP"
"81637","1","0","LST","","19.99","9.25","JMP DG MESH CLR PNK 1XL","JUMP"
"81643","1","0","LST","","28.99","13.22","JMP DG STEP IN HRN BLK 1SM","JUMP"
"81645","1","0","LST","","28.99","13.22","JMP DG STEP IN HRN RED 1SM","JUMP"
"81646","1","0","LST","","28.99","13.22","JMP DG STEP IN HRN PNK 1SM","JUMP"
"81649","1","0","LST","","29.99","13.22","JMP DG STEP IN HRN RED 1MD","JUMP"
"81651","1","0","LST","","29.99","13.22","JMP DG STEP IN HRN PNK 1MD","JUMP"
"81652","1","0","LST","","31.99","14.33","JMP DG STEP IN HRN BLK 1LG","JUMP"
"81653","1","0","LST","","31.99","14.33","JMP DG STEP IN HRN BLU 1LG","JUMP"
"81654","1","0","LST","","31.99","14.33","JMP DG STEP IN HRN RED 1LG","JUMP"
"81655","1","0","LST","","31.99","14.33","JMP DG STEP IN HRN PNK 1LG","JUMP"
"81656","1","0","LST","","33.99","14.56","JMP DG STEP IN HRN BLK 1XL","JUMP"
"81657","1","0","LST","","33.99","14.56","JMP DG STEP IN HRN BLU 1XL","JUMP"
"81658","1","0","LST","","33.99","14.56","JMP DG STEP IN HRN RED 1XL","JUMP"
"81659","1","0.25","LST","","33.99","14.56","JMP DG STEP IN HRN PNK 1XL","JUMP"
"81665","1","0","LST","88901","28.99","12.17","JMP DG AIR MESH HRN PNK 1XXS","JUMP"
"81669","1","0","LST","88902","29.99","12.69","JMP DG AIR MESH HRN PNK 1XS","JUMP"
"81671","1","0","LST","69122","29.99","13.12","JMP DG AIR MESH HRN BLK 1SM","JUMP"
"81672","1","0","LST","88907","29.99","13.12","JMP DG AIR MESH HRN BLU 1SM","JUMP"
"81673","1","0","LST","69128","29.99","13.12","JMP DG AIR MESH HRN RED 1SM","JUMP"
"81674","1","0","LST","88903","29.99","13.12","JMP DG AIR MESH HRN PNK 1SM","JUMP"
"81675","1","0","LST","69125","30.99","13.64","JMP DG AIR MESH HRN BLK 1MD","JUMP"
"81676","1","0","LST","88908","30.99","13.64","JMP DG AIR MESH HRN BLU 1MD","JUMP"
"81677","1","0.25","LST","69129","30.99","13.64","JMP DG AIR MESH HRN RED 1MD","JUMP"
"81678","1","0","LST","88904","30.99","13.64","JMP DG AIR MESH HRN PNK 1MD","JUMP"
"81679","1","0","LST","73291","32.99","14.62","JMP DG AIR MESH HRN BLK 1LG","JUMP"
"81682","1","0","LST","73302","32.99","14.62","JMP DG AIR MESH HRN RED 1LG","JUMP"
"81683","1","0","LST","73301","32.99","14.62","JMP DG AIR MESH HRN PNK 1LG","JUMP"
"81684","1","0","LST","","22.99","9.28","JMP DG BUNGEE LSH GRN 1SM","JUMP"
"81686","1","0","LST","","22.99","9.28","JMP DG BUNGEE LSH BLK 1SM","JUMP"
"81687","1","0","LST","","22.99","9.28","JMP DG BUNGEE LSH ORG 1SM","JUMP"
"81688","1","0","LST","","24.99","10.26","JMP DG BUNGEE LSH GRN 1LG","JUMP"
"81692","1","0","LST","","24.99","10.26","JMP DG BUNGEE LSH ORG 1LG","JUMP"
"81714","1","0","LST","","24.99","12.5","UH PLAY COL BLU 1IN X 20IN","ULTRAHUND"
"81717","1","0","LST","","24.99","12.5","UH PLAY COL BLU 1IN X 22IN","ULTRAHUND"
"81718","1","0","LST","","24.99","12.5","UH PLAY COL RED 1IN X 22IN","ULTRAHUND"
"81756","1","0","LST","","31.99","15.9","UH BOSS LSH PNK 3/4IN 6FT","ULTRAHUND"
"81759","1","0","LST","","28.99","14.8","UH BOSS LSH ORG 5/8IN 6FT","ULTRAHUND"
"81761","1","0","LST","","28.99","14.8","UH BOSS LSH BLU 5/8IN 6FT","ULTRAHUND"
"81764","1","0","LST","","28.99","14.8","UH BOSS LSH PINK 5/8IN 6FT","ULTRAHUND"
"81768","1","0","LST","","22.99","11.71","UH PLAY COL ORG 3/4X14IN","ULTRAHUND"
"81769","1","0","LST","","24.99","13.3","UH PLAY COL PNK 1IN X 18IN","ULTRAHUND"
"81771","1","0","LST","","24.99","13.3","UH PLAY COL ORG 1IN X 18IN","ULTRAHUND"
"81772","1","0","LST","","24.99","13.3","UH PLAY COL PNK 1IN X 20IN","ULTRAHUND"
"81773","1","0","LST","","24.99","13.3","UH PLAY COL ORG 1IN X 20IN","ULTRAHUND"
"81774","1","0","LST","","24.99","13.3","UH PLAY COL PNK 1IN X 22IN","ULTRAHUND"
"81775","1","0","LST","","24.99","13.3","UH PLAY COL ORG 1IN X 22IN","ULTRAHUND"
"81782","1","0","LST","","23.99","10.46","JMP DG MESH LSH BLK 6FT","JUMP"
"81783","1","0","LST","","23.99","10.46","JMP DG MESH LSH RED 6FT","JUMP"
"81784","1","0","LST","","23.99","10.46","JMP DG MESH LSH PNK 6FT","JUMP"
"81785","1","0","LST","","23.99","10.46","JMP DG MESH LSH BLU 6FT","JUMP"
"84073","1","0","LST","","34.99","16.32","PETSF DG EZ WALK HRN 1SM","PETSAFE"
"84074","1","0.25","LST","","34.99","16.32","PETSF DG EZ WALK HRN 1MD","PETSAFE"
"84075","1","0","LST","","34.99","16.32","PETSF DG EZ WALK HRN 1LG","PETSAFE"
"84076","1","0","LST","","34.99","16.32","PETSF DG EZ WALK HRN 1XL","PETSAFE"
"84141","1","0","LST","","18.99","11.87","FLEXI DG CLSC CORD BLU XS 10FT","FLEXI"
"84179","1","0","LST","47112","29.99","18.05","FLEXI DG CLSC TAPE RED SM 16FT","FLEXI"
"84251","1","0","LST","","13.99","7.25","FLEXI VAR MULTI BOX 1EA","FLEXI"
"89995","1","0","LST","","21.99","10.65","OH DG SLO BOWL PRP 1SM","OUTWARD HOUND"
"89996","1","0.25","LST","","21.99","10.65","OH DG SLO BOWL TEAL 1SM","OUTWARD HOUND"
"92164","1","0","LST","","24.99","12.99","OH DG SLO BOWL PRP 1LG","OUTWARD HOUND"
"92165","1","0.25","LST","","24.99","12.99","OH DG SLO BOWL TEAL 1LG","OUTWARD HOUND"
"93213","1","0","LST","","29.99","14.94","PETSF DG E WLK HCLR BLK 1MD","PETSAFE"
"93243","1","0","LST","","25.99","12.95","PETSF DG E WLK HCLR BLK 1SM","PETSAFE"
"93802","1","0.25","LST","","29.99","14.94","PETSF DG E WLK HCLR BLK 1LG","PETSAFE"
"9503791","1","0","LST","","7.99","2.8","ESN COMP WTR COND 4OZ","ESSENTIALS"
"9503792","1","0","LST","","11.99","4.2","ESN COMP WTR COND 8OZ","ESSENTIALS"
"9503797","1","0","LST","","9.99","3.5","ESN BIO BOOST 4OZ","ESSENTIALS"
"9504885","1","0","LST","","11.99","5.67","PM FRESH FLOW FLTR 2PC","PETMATE"
"95088","15","0","LST","","13.99","6.6307","OPN RNG DG CURED KNCKLE LG 1ea","OPEN RANGE"
"95096","1","0","LST","","31.99","16.5","OPN RNG DG DINO BONE 1ea","OPEN RANGE"
"1000224","1","0","LST","38103","1.49","0.05","PERF ULT DG GF LRGB SMP 4OZ","PERFORMATRIN ULTRA"
"1000236","1","0","LST","38122","1.49","0.05","PERF ULT DG LID SL SMP 4oz","PERFORMATRIN ULTRA"
"1000240","1","0","LST","38120","1.49","0.05","PERF ULT DG LID TURKEY SMP 4oz","PERFORMATRIN ULTRA"
"1000376","1","0","LST","","17.99","9.79","PERF NTRL DG GF CHK SMBR AD4LB","PERFORMATRIN NATURALS"
"1000384","1","0.25","LST","","42.99","24.92","PERF NTRL DG GF CHK AD 12LB","PERFORMATRIN NATURALS"
"1000387","1","0","LST","","42.99","24.92","PERF NTRL DG GF CK SMBR AD12LB","PERFORMATRIN NATURALS"
"1000431","1","0","LST","","1.49","0.05","PERF NTRL DG GF CHK AD SMP 4OZ","PERFORMATRIN NATURALS"
"1000432","1","0","LST","","1.49","0.05","PERF NTRL DG GF CHK SBADSMP4OZ","PERFORMATRIN NATURALS"
"1000433","1","0","LST","","1.49","0.05","PERF NTRL DG GF SLM AD SMP 4OZ","PERFORMATRIN NATURALS"
"1000435","1","0","LST","","1.49","0.05","PERF NTRL DG GF BF AD SMP 4OZ","PERFORMATRIN NATURALS"
"1050350","1","0","LST","18424","117.99","71.69","RCFHN CT INDR AD 15LB","ROYAL CANIN"
"1050673","1","0","LST","1100800","24.99","16.86","GO! DG SENS LID GF TKY 3.5LB","GO! SOLUTIONS"
"1050675","1","0.5","LST","26606","36.99","24.95","GO! DG SENS LID GF VEN 3.5LB","GO! SOLUTIONS"
"1050676","1","0","LST","26607","144.99","97.79","GO! DG SENS LID GF VEN 22LB","GO! SOLUTIONS"
"10879","24","0","LST","","3.49","2.5196","BLU CT AD WILD FLK CK&TK5.5OZ","BLUE BUFFALO"
"1100007","30","0","LST","","9.99","5.4533","WHMZ DG VEGGIE SAU XL 1ea","WHIMZEES"
"1100065","1","0","LST","","120.99","86.5","SD CT AD SS&S 15.5LB","HILL'S SCIENCE DIET"
"1100070","12","1.25","LST","","5.79","3.6975","SD DG AD SS&S 12.8OZ","HILL'S SCIENCE DIET"
"1100073","12","1","LST","","5.79","3.6975","SD DG AD PRFCT WGT CHK 12.5OZ","HILL'S SCIENCE DIET"
"1100082","1","0","LST","29923","13.99","8","WEL DG GF LMB&SL 6oz","WELLNESS"
"1100084","1","0.25","LST","29922","13.99","8","WEL DG GF TK&DK 6oz","WELLNESS"
"1100086","1","0","LST","29928","13.99","8","WEL DG GF CHK&LMB 6oz","WELLNESS"
"1100199","12","0","LST","","2.39","1.555","BLU DG DLGHTS PRMRIB 3.5OZ","BLUE BUFFALO"
"1100246","1","0","LST","","10.99","5.45","WMBL DG SFTCHW BN&CH&APL 6OZ","WAG MORE BARK LESS"
"1100249","1","0","LST","","10.99","5.45","WMBL DG SFTCHW PB 6OZ","WAG MORE BARK LESS"
"1100283","1","0.25","LST","11595","123.99","92.67","SD DG AD CHK BAR 35LB","HILL'S SCIENCE DIET"
"1100794","1","0","LST","","49.99","33.72","GATHER DG AD VALLEY 6lb","GATHER"
"1100874","1","0.25","LST","64269","13.99","7.29","GT NKD DG JH DNT CHEW SM 6.2oz","GET NAKED"
"1100876","1","0","LST","64263","13.99","7.29","GT NKD PUP HLTH STX SM 6.2oz","GET NAKED"
"1100877","1","0","LST","64232","13.99","7.29","GT NKD DG SUPER ANTIOX SM6.2oz","GET NAKED"
"1100879","1","0","LST","64238","13.99","7.29","GT NKD DG WGT MNGMNT SM 6.2oz","GET NAKED"
"1101000","1","0","LST","","159.99","103.37","S&C DG RW BLND REDMEAT 22LB","STELLA & CHEWY'S"
"1101009","1","0","ROS","","132.99","85.13","S&C DG RW CTD CHK 22LB","STELLA & CHEWY'S"
"1101010","1","0","OOS","","146.99","94.59","S&C DG RW CTD BF 22LB","STELLA & CHEWY'S"
"1101029","1","0.25","LST","28483","72.99","45.53","RCFHN CT WGT CARE AD 6LB","ROYAL CANIN"
"1101132","1","0","LST","","83.99","51.45","DC DG SENS SKIN 25LB","DIAMOND CARE"
"1101133","1","0","LST","","32.99","21.04","DC DG SENS SKIN 8LB","DIAMOND CARE"
"1101134","1","0","OOS","","93.99","57.69","DC DG SENS STMCH 25LB","DIAMOND CARE"
"1101135","1","0","LST","","37.99","24.15","DC DG SENS STMCH 8LB","DIAMOND CARE"
"1101136","1","0","LST","","85.99","53.01","DC DG WGT MNGMNT 25LB","DIAMOND CARE"
"1101137","1","0","LST","","32.99","21.04","DC DG WGT MNGMNT 8LB","DIAMOND CARE"
"1101426","1","0","LST","","12.99","5.76","BLU DG AD WILD DK BSC 10oz","BLUE BUFFALO"
"1101427","1","0","LST","","12.99","5.76","BLU DG AD WILD SL BSC 10oz","BLUE BUFFALO"
"1101754","1","0.75","LST","","64.99","44.19","PRIML CT RBT FRMLA 14OZ","PRIMAL"
"1102550","12","0","LST","20132","6.49","4.43","MRK DG GF CHK 12.7OZ","MERRICK"
"1102628","1","0","LST","14702","19.99","13.43","LT DG FSH&OAT 5LB","LIFETIME"
"1102630","1","0","LST","14703","19.99","13.19","LT DG LMB&OAT 5LB","LIFETIME"
"1102631","1","0","LST","14523","61.99","42.08","LT DG PERFORMANCE 25LB","LIFETIME"
"1102634","1","0","LST","14536","48.99","32.94","LT CT SL&OAT 14.3LB","LIFETIME"
"1102635","1","0","LST","14535","21.99","14.46","LT CT SL&OAT 5LB","LIFETIME"
"1102637","1","0.25","LST","14529","19.99","13.47","LT CT CHK TKY OAT 5LB","LIFETIME"
"1102999","1","0","LST","11249","61.99","41.81","GO! DG S&C WG LMB 12LB","GO! SOLUTIONS"
"1103125","1","0","LST","19001","24.99","16.86","GO! PUP CNV GF CK TK&DK 3.5LB","GO! SOLUTIONS"
"1103126","1","0","LST","19002","63.99","43.16","GO! PUP CNV GF CK TK&DK 12LB","GO! SOLUTIONS"
"1103127","1","0","LST","19003","96.99","65.42","GO! PUP CNV GF CK TK&DK 22LB","GO! SOLUTIONS"
"1103134","1","0.25","LST","19010","63.99","43.16","GO! SNR CNV GF CK TK&DK 12LB","GO! SOLUTIONS"
"1103168","1","0","LST","11352","102.99","67.52","TOTW DG WETLANDS WFOWL 28LB","TASTE OF THE WILD"
"1103170","1","0","LST","11353","102.99","67.52","TOTW DG SIERRA MNT LMB 28lb","TASTE OF THE WILD"
"1103176","1","0","LST","18858","64.99","44.23","TOTW CT RM VEN&SL FRMLA 14LB","TASTE OF THE WILD"
"1103486","1","0","LST","","90.99","61.07","ORIJEN CT RGNL RED 12LB","ORIJEN"
"1103487","1","0","LST","","40.99","26.71","ORIJEN CT FIT&TRIM 4LB","ORIJEN"
"1103511","1","0","LST","","61.99","41.63","ACANA DG SNR 13.2LB","ACANA"
"1103515","1","0","LST","","95.99","65.9","ACANA DG SPORT 25LB","ACANA"
"1103524","1","0","LST","","73.99","52.56","ACANA DG CLS PR POL 21.3LB","ACANA"
"1103525","1","0.25","LST","","94.99","66.11","ACANA DG CLS PR POL 31.9LB","ACANA"
"1103530","1","0","LST","","115.99","80.72","ACANA DG CLS WILD COAST 31.9LB","ACANA"
"1103534","1","0","LST","","83.99","59.69","ACANA DG CLS RED 21.3LB","ACANA"
"1103535","1","0.75","LST","","105.99","73.78","ACANA DG CLS RED 31.9LB","ACANA"
"1103536","1","0.5","LST","","25.99","17.18","ACANA DG CLS RED 4.4LB","ACANA"
"1104015","1","0","LST","11058","109.99","85.15","MRK GF DG CK&SP 22LB","MERRICK"
"1104018","1","0","LST","11239","109.99","88.69","MRK GF DG BF&SP 22LB","MERRICK"
"1104036","1","0","LST","25358","109.99","88.69","MRK GF DG SL&SP 22LB","MERRICK"
"11187","1","0.25","LST","24745","108.99","79.9","PPLN DG SPEC LB CK&R AD 34LB","PURINA PRO PLAN"
"11329","1","0","LST","","12.99","7.51","OMH DG MS CRUNCHY H&J 20oz","OLD MOTHER HUBBARD"
"11391","1","0","LST","","142.99","102.52","HK DG GF CHK 10LB","THE HONEST KITCHEN"
"11404","1","0","LST","","94.99","68.09","HK DG GF FRUIT VEG 7LB","THE HONEST KITCHEN"
"11405","1","0","LST","","47.99","34.42","HK DG GF FRUIT & VEG 3LB","THE HONEST KITCHEN"
"11471","1","0","LST","","19.99","10.33","NB DG LIT CHK&SP 14oz","NATURAL BALANCE"
"11479","1","0","OOS","","19.99","10.33","NB DG LIT VEN&SP 14oz","NATURAL BALANCE"
"11495","1","0","LST","","12.99","4.8","NB DG SMBR LIT POT&DK 8OZ","NATURAL BALANCE"
"1150996","1","0.5","LST","","39.99","25.51","RCCCN DG FUSSY SM 3.5LB","ROYAL CANIN"
"11517","1","0","LST","","19.99","13.42","DN DG GF WHT FSH SP 5LB","DIAMOND NATURALS"
"11519","1","0.25","LST","","76.99","53.65","DN DG GF WHT FSH SP 28LB","DIAMOND NATURALS"
"1152895","1","0","LST","26543","66.99","50.61","BLU DG AD LPF FSH&BR 26LB","BLUE BUFFALO"
"1152897","1","0.5","LST","26545","66.99","47.45","BLU DG SNR LPF CK&BR 26LB","BLUE BUFFALO"
"1152899","1","0","LST","26547","66.99","49.62","BLU PUP LG BRD LPF CK&BR 26LB","BLUE BUFFALO"
"1152900","1","0","OOS","","66.99","47.45","BLU DG AD LPF HW CK&BR 26LB","BLUE BUFFALO"
"1152901","1","0","LST","25531","66.99","47.45","BLU PUP LPF CK&BR 26LB","BLUE BUFFALO"
"1153720","12","0","LST","","2.59","1.5992","BFF CT CK DNR GV 3OZ PCH","B.F.F."
"11615","1","0.25","LST","","123.99","92.67","SD DG AD LMB&BR 33LB","HILL'S SCIENCE DIET"
"11631","1","0","LST","11670","125.99","95.22","SD DG AD ORAL CARE 28.5LB","HILL'S SCIENCE DIET"
"11649","1","0.5","LST","11643","125.99","95.22","SD DG AD SS CHK 30LB","HILL'S SCIENCE DIET"
"11678","1","0","LST","","125.99","95.22","SD DG AD LB HLTHY MOB 30LB","HILL'S SCIENCE DIET"
"11896","1","0.25","LST","","5.19","2.46","WEL CT KITTLES CK&CR 2oz","WELLNESS"
"11897","1","0.25","LST","","5.19","2.46","WEL CT KITTLES TU&CR 2oz","WELLNESS"
"12179","1","0.75","LST","","9.99","4.76","JAYS DG MY MGHTY WLF SLMN5.3oz","JAY'S"
"12181","1","0.25","LST","","4.79","2.8","MIGHTY CT SLMN 2.6oz","JAY'S"
"12184","1","0","LST","","4.79","2.8","MIGHTY CT TUNA 2.6oz","JAY'S"
"12592","1","0","LST","","14.49","8.55","ODOURBUSTER LITTER 13.2lb","ODOUR BUSTER"
"12738","1","1","LST","","23.99","15.25","F4L CLMP ECO GRASS LTR 10LB","FRESH 4 LIFE"
"12739","1","1","LST","","43.99","28.57","F4L CLMP ECO GRASS LTR 20LB","FRESH 4 LIFE"
"12864","1","0.5","LST","","27.99","20.21","DR ELSEY RESP RELIEF LTR 20lbs","DR. ELSEY'S"
"13486","1","0.25","LST","26100","125.99","82.27","RCBHN DG BULLDOG AD 30LB","ROYAL CANIN"
"13619","1","0","LST","26860","74.99","59.78","PPLN DG SPEC WMGT AD 18LB","PURINA PRO PLAN"
"13958","1","0","LST","13892","83.99","59.21","SD DG PUP CK&BR 15.5LB","HILL'S SCIENCE DIET"
"14340","1","0","LST","","88.99","56.38","RCBHN DG PUG AD 10LB","ROYAL CANIN"
"14432","1","0","LST","","88.99","56.38","RCBHN DG POODLE AD 10LB","ROYAL CANIN"
"14449","1","0","LST","14444","88.99","56.38","RCBHN DG SHIH TZU AD 10LB","ROYAL CANIN"
"14532","1","0","LST","","88.99","56.38","RCBHN DG SCHNAUZER AD 10LB","ROYAL CANIN"
"14628","1","0","LST","24747","37.99","24.6","PPLN DG SPEC SB AD 6LB","PURINA PRO PLAN"
"1500251","1","0","LST","31634","29.99","12.16","HARI TRPCN LFTM PRT GRAN 4LB","TROPICAN"
"1500258","1","0","LST","","29.99","17","HARI TRPMX SM PRT 4LB","TROPICAN"
"1500468","1","0","LST","","25.99","16.37","WEST PAW TOPPL 1SM","WEST PAW"
"1500469","1","0","LST","","32.99","20.38","WEST PAW TOPPL 1LG","WEST PAW"
"1500695","1","0","LST","","12.99","5.3","KT BOTTLE HOLDER 16oz","KAYTEE"
"1500792","1","0","ROS","","39.99","21.15","FLK PRM HEAT MAT 1SM 7W","FLUKERS"
"1500810","1","0","LST","","9.99","4.75","FLK REPTA RNSE EYE RNSE 2OZ","FLUKERS"
"1500858","1","0","LST","","29.99","15","ZL HOOD CVR SLID 30X12IN","ZILLA"
"1500859","1","0","LST","","32.99","16.5","ZL HOOD CVR SLID 36X12IN","ZILLA"
"1501042","1","0","LST","","17.99","7.06","OXB ESN CHNCHL FOOD 3LB","OXBOW"
"1501043","1","0.5","LST","","9.99","5.7","JMP CARDBOARD RFL 2PK","JUMP"
"1501045","1","0","LST","6233568","79.99","36.87","ESN CRATE DOUBLE DOOR 24IN","ESSENTIALS"
"1501046","1","0","LST","","94.99","51.6","ESN CRATE DOUBLE DOOR 30IN","ESSENTIALS"
"1501048","1","0","LST","76352","169.99","94.18","ESN CRATE DOUBLE DOOR 42IN","ESSENTIALS"
"1501410","1","0.25","LST","","34.99","19.41","GRIZZLY DG PLS SLMN OIL 16OZ","GRIZZLY"
"1502186","1","0.25","LST","","17.99","9.2","KET CRFT DG VEN LRG 12oz","KETTLE CRAFT"
"1502188","1","0.25","LST","","17.99","9.2","KET CRFT DG SLM LRG 12oz","KETTLE CRAFT"
"1502951","1","0","LST","","24.99","18.47","A&H DBL DUTY CT LTR 18KG","ARM & HAMMER"
"1502987","1","0","INOT","","415.99","249.35","PAWSCOUT SMRT TAG DIS 20PC 1EA","PAWSCOUT"
"1503252","1","0","LST","","53.99","42","WBCL MC LVNDR CLMP 28LB","WORLD'S BEST"
"1503464","1","0","LST","","7.99","4.59","YEOWWW! BUTTERFLY PRPL 1EA","YEOWWW!"
"1503466","1","0","LST","","7.99","4.31","YEOWWW! CHUBBY MOUSE 1EA","YEOWWW!"
"1504021","1","0","LST","","363.99","249.47","ESN PORTABLE CRATE 48IN","ESSENTIALS"
"1504665","1","0","LST","","3.49","1.35","MRN NYLN NET 4IN","MARINA"
"1504668","1","0.25","LST","","54.99","31.17","FURM SH LG DOG 1ea","FURMINATOR"
"1504670","1","0","LST","","49.99","29.43","FURM SH SM DOG 1ea","FURMINATOR"
"1504790","1","0","LST","44699","15.99","7.14","HT VITAMIN CAT 60pc","HEAD TO TAIL"
"1504791","1","0","LST","44701","15.99","7.14","HT VITAMIN SM DOG 60pc","HEAD TO TAIL"
"1504792","1","0","LST","44703","23.99","10.8","HT VITAMIN LG DOG 30pc","HEAD TO TAIL"
"1504793","1","0","LST","44704","13.99","6.4","HT SKIN & COAT CATS 30pc","HEAD TO TAIL"
"1504794","1","0","LST","44705","9.99","4.56","HT SKIN & COAT SM DG 30pc","HEAD TO TAIL"
"1504795","1","0","LST","44706","18.99","8.45","HT SKIN & COAT LG DG 30pc","HEAD TO TAIL"
"1504796","1","0","LST","44707","22.99","9.83","HT SKIN & COAT XL DG 30pc","HEAD TO TAIL"
"1504971","1","0","LST","","2","1.54","BYOB PET VALU BAG 1EA","BRING YOUR OWN BAG"
"1505005","1","0","LST","12755","10.99","6.98","F4L NON-CLMP UNSCNT LTR 22LB","FRESH 4 LIFE"
"15053","1","0","LST","","29.99","18.29","TOTW DG SIERRA MNT LMB 5lb","TASTE OF THE WILD"
"15055","1","0","LST","","29.99","18.29","TOTW PUP HI PR BSN&VEN 5lb","TASTE OF THE WILD"
"1505513","1","0","OOS","51656","14.99","6.01","VL NATR HMS FOOD 1.5LB","VERSELE-LAGA"
"15057","1","0","LST","","29.99","18.29","TOTW PUP PACFC STRM SL 5lb","TASTE OF THE WILD"
"1505768","1","0","LST","48392","14.99","5.7","ESN TIEOUT DOME STKE 21IN","ESSENTIALS"
"1505769","1","0.25","LST","48404","9.99","3.8","ESN TIEOUT SPRL STKE 18IN","ESSENTIALS"
"1505790","1","0","LST","48530","29.99","11.4","ESN TIEOUT MD STK/COMBO 20FT","ESSENTIALS"
"1505887","1","0","LST","","6.99","2.95","FL BGB BTM FRD SM&M GRAN 1.6OZ","FLUVAL"
"1505898","4","0.25","LST","","14.99","7.495","SV SPUTNIK HSE XL 11IN","SAVIC"
"1505977","1","0","LST","","29.99","16.39","KONG HPOD LAUNCH 1EA","KONG"
"1506830","1","0","LST","","13.99","7.27","BR LOST TRSRE REEF 2.75IN","BLUE RIBBON"
"1506856","1","0","LST","","31.99","16","MM DG SS 3 BOWLS W LIDS 1.5CP","MESSY MUTTS"
"1506857","1","0","LST","","39.99","20","MM DG SS 3 BOWLS W LIDS 3CP","MESSY MUTTS"
"1506858","1","0","LST","","56.99","28.5","MM DG SS 3 BOWLS W LIDS 6CP","MESSY MUTTS"
"1506860","1","0","LST","","34.99","17.5","MM DG SS TRV H2O BTL BLU 24OZ","MESSY MUTTS"
"1506861","1","0","LST","","34.99","17.5","MM DG SS TRV H2O BTL GRY 24OZ","MESSY MUTTS"
"1506926","1","0","LST","","10.99","5.82","ENVIRO CHEW PREVENT","ENVIRO FRESH"
"1506971","1","0","LST","","15.99","8.56","ESN CRATE DIVDR PANEL 24IN","ESSENTIALS"
"1506972","1","0","LST","","16.99","9.14","ESN CRATE DIVDR PANEL 30IN","ESSENTIALS"
"1506973","1","0","LST","","18.99","10.27","ESN CRATE DIVDR PANEL 36IN","ESSENTIALS"
"1506974","1","0","LST","","29.99","17.14","ESN CRATE DIVDR PANEL 42IN","ESSENTIALS"
"1506975","1","0","LST","","36.99","19.99","ESN CRATE DIVDR PANEL 48IN","ESSENTIALS"
"1506976","1","0","LST","","26.99","12.99","ESN CRATE RPLCMNT PAN 24IN","ESSENTIALS"
"1506977","1","0","LST","","32.99","17.34","ESN CRATE RPLCMNT PAN 30IN","ESSENTIALS"
"1506978","1","0","LST","","43.99","23.28","ESN CRATE RPLCMNT PAN 36IN","ESSENTIALS"
"1506979","1","0","LST","","54.99","26.79","ESN CRATE RPLCMNT PAN 42IN","ESSENTIALS"
"1506980","1","0","OOS","","69.99","34.38","ESN CRATE RPLCMNT PAN 48IN","ESSENTIALS"
"1507082","1","0","LST","","9.99","4.5","BR CBF NGT FNGR LEAF 8.5IN","BLUE RIBBON"
"1507083","1","0","LST","","9.99","4.5","BR CBF TROP FNA RED 8.5IN","BLUE RIBBON"
"1507084","1","0","LST","","19.99","10","BR CBF PCFCA PLNT BLK PRP 1EA","BLUE RIBBON"
"1507085","1","0","LST","","14.99","7.5","BR CBF JRSC FRN GRN 1EA","BLUE RIBBON"
"1507186","24","2.25","LST","1503601","1.69","0.6417","ESN POOPBG SC ROLL 15CNT","ESSENTIALS"
"1507187","1","0","OOS","1500701","4.99","2.34","ESN POOPBG SC ROLL 60PC","ESSENTIALS"
"1507189","1","0.5","LST","1500703","8.49","3.7","ESN POOPBG SC ROLL 120PC","ESSENTIALS"
"1507191","1","0","LST","1500707","15.99","7.6","ESN POOPBG SC BOX 300PC","ESSENTIALS"
"1507192","1","0","LST","1500706","15.99","7.6","ESN POOPBG UNSC BOX 300pc","ESSENTIALS"
"1507193","1","0","LST","1500705","8.99","3.95","ESN POOPBG SC HAND 120PC","ESSENTIALS"
"1507194","1","0.5","LST","1500704","8.99","3.95","ESN POOPBG UNSC HAND120PC","ESSENTIALS"
"1507234","1","0.25","LST","","13.99","6.8","PT ZN BRDMBSTR INDULGE ORG 1SM","PET ZONE"
"1507236","1","0","LST","","21.99","10.71","PT ZN BRDMBSTR INDULGE ORG 1LG","PET ZONE"
"1507738","1","0","LST","","47.99","25.61","OXB ENLF PLY TBL 1EA","OXBOW"
"1510162","1","0","LST","","21.99","11.12","ZEN PET ORTHOWRPS LIGAMENT 1sm","ZEN PET"
"1510163","1","0","LST","","25.99","13.12","ZEN PET ORTHOWRPS LIGAMENT 1md","ZEN PET"
"1510164","1","0","LST","","25.99","13.12","ZEN PET ORTHOWRPS LIGAMENT 1lg","ZEN PET"
"1510243","1","0","LST","","26.99","14.75","NITE DG HOWL CLR DISCO 1EA","NITE IZE"
"15337","1","0.5","LST","15342","40.99","27","SD DG AD SM PAW CHK&R 4.5LB","HILL'S SCIENCE DIET"
"15339","1","0","LST","15343","40.99","27","SD DG AD SM PAW 7PLUS 4.5LB","HILL'S SCIENCE DIET"
"1551102","1","0","LST","","7.99","2.87","JMP CT NYL CLR BLK 1EA","JUMP"
"1551103","1","0","LST","","7.99","2.87","JMP CT NYL CLR BLU 1EA","JUMP"
"1551104","1","0","LST","","7.99","2.87","JMP CT NYL CLR RED 1EA","JUMP"
"1551106","1","0","LST","","7.99","2.87","JMP CT NYL CLR PNK 1EA","JUMP"
"17024","1","0","LST","6409259","117.99","76.7","RCFHN CT ORAL CARE AD 14LB","ROYAL CANIN"
"17173","1","0","LST","27440","85.99","59.1","PPLN CT COMP ESNTL CHK&R 16LB","PURINA PRO PLAN"
"17210","1","0","LST","","45.99","37.21","WHISK CT MS CHK DRY ORG 19.8lb","WHISKAS"
"17227","1","0","LST","","71.99","46.92","BLU CT TF AD INDRH CK&BR 15LB","BLUE BUFFALO"
"17228","1","0","LST","","71.99","46.92","BLU CT TF AD HELIV CK&BR 15LB","BLUE BUFFALO"
"17475","1","0","LST","17751","69.99","45.53","SD CT AD LIGHT 7LB","HILL'S SCIENCE DIET"
"17592","1","0.5","LST","","42.99","28.41","SD CT AD INDR 7PLUS 3.5LB","HILL'S SCIENCE DIET"
"17713","1","0","LST","","69.99","45.53","SD CT AD 11+ 7LB","HILL'S SCIENCE DIET"
"17781","1","0.5","LST","","53.99","40.7","PPLN CT INDR HAIRBALL SL&R 7LB","PURINA PRO PLAN"
"18131","1","0.25","LST","","66.99","39.58","RCFHN CT AGE 12PL 6LB","ROYAL CANIN"
"18392","1","0.5","LST","18422","117.99","76.7","RCFCN CT WGT CARE 14LB","ROYAL CANIN"
"18405","24","0","LST","","3.49","2.1775","RCFCN CT DGST SS LOAF 3OZ","ROYAL CANIN"
"18412","1","0","LST","","117.99","72.95","RCFHN CT INDR 7PL 13LB","ROYAL CANIN"
"18474","1","0.5","LST","","38.99","22.9","RCFHN CT KIT SPY&NEUT 2.5LB","ROYAL CANIN"
"18481","24","0","LST","24023","3.49","2.1775","RCFHN CT KIT SLC GVY 3OZ","ROYAL CANIN"
"18482","24","7","LST","24024","3.49","2.1775","RCFHN CT AD SLC GVY 3OZ","ROYAL CANIN"
"18483","24","0","LST","24027","3.49","2.1775","RCFHN CT ULT LT SLC GVY 3OZ","ROYAL CANIN"
"18484","24","0","LST","24028","3.49","2.1775","RCFHN CT BTY GVY SLC 3OZ","ROYAL CANIN"
"18485","24","0","LST","24029","3.49","2.1775","RCFHN CT SNR 7PL SLC 3OZ","ROYAL CANIN"
"18486","24","3","LST","","3.49","2.1775","RCFHN CT DGST SS SLC GVY 3OZ","ROYAL CANIN"
"18488","24","0","LST","","3.49","2.1775","RCFHN CT SNR 12PL SLC 3OZ","ROYAL CANIN"
"18666","1","0","LST","","44.99","25.62","BLU CT AD WILD CHK 6LB","BLUE BUFFALO"
"18687","1","0","OOS","","74.99","46.2","BLU CT AD WILD DK 11LB","BLUE BUFFALO"
"18727","1","0","LST","18678","59.99","40.46","NOW KIT GF TK SL&DK 8LB","NOW FRESH"
"18736","1","0","LST","","99.99","67.44","NOW CT AD GF TK SL&DK 16LB","NOW FRESH"
"18741","1","0","LST","","99.99","67.44","NOW CT SNR GF TK SL&DK 16LB","NOW FRESH"
"18847","1","0","LST","","28.99","18.53","TOTW CT CANYN RVR TROUT&SL 5LB","TASTE OF THE WILD"
"18848","1","0","LST","","28.99","18.04","TOTW CT RCKY MNTN VEN&SL 5LB","TASTE OF THE WILD"
"19014","1","0","LST","","74.99","50.58","NOW PUP LGBR GF TK SL&DK 12LB","NOW FRESH"
"19023","1","0","LST","","127.99","86.33","NOW DG SNR LB GF TK SL&DK25lb","NOW FRESH"
"20400","1","0.5","LST","35108","126.99","82.2","RCSHN DG PUP MD 30LB","ROYAL CANIN"
"20405","1","0","LST","","144.99","98.03","RCCHN DG SS MD 30LB","ROYAL CANIN"
"20434","1","0.75","LST","6409257","125.99","82.27","RCBHN DG GOLDN RTRVR AD 30LB","ROYAL CANIN"
"20653","12","0","LST","20652","5.59","3.5175","SD DG PUP CHK&BAR 13OZ","HILL'S SCIENCE DIET"
"20657","12","0.5","LST","20654","5.59","3.5175","SD DG AD 7+ CHK&BAR 13OZ","HILL'S SCIENCE DIET"
"20664","12","0.25","LST","20663","5.59","3.5175","SD DG AD 7+ BF&BAR 13OZ","HILL'S SCIENCE DIET"
"20686","12","0.25","LST","20697","5.59","3.5175","SD DG AD CHK&BARLEY 13OZ","HILL'S SCIENCE DIET"
"20694","12","0","LST","20674","5.59","3.5175","SD DG AD BF&BAR 13OZ","HILL'S SCIENCE DIET"
"20748","12","0","LST","","5.99","3.9667","NB DG LID DK&POT 13.2oz","NATURAL BALANCE"
"21002","12","1.5","LST","","6.19","4.285","WER DG FUNKY CHUNKY 14oz","WERUVA"
"21003","12","3.25","LST","","6.19","4.285","WER DG PW LICKN CHK 14oz","WERUVA"
"21004","12","0.75","LST","","6.19","4.285","WER DG JAMMIN SL 14oz","WERUVA"
"21005","12","3.5","LST","","6.19","4.285","WER DG AMAZON LIVER 14oz","WERUVA"
"21008","12","5.25","LST","","7.29","4.5275","WER DG WOK THE DOG 14oz","WERUVA"
"21009","12","2.25","LST","","7.29","5.6142","WER DG STEAK FRITE 14oz","WERUVA"
"21301","24","7.5","LST","","3.49","2.2375","SD CT AD URI HB CNTRL 2.9OZ","HILL'S SCIENCE DIET"
"21399","12","0","LST","","5.99","3.2417","NB DG VEG 13oz","NATURAL BALANCE"
"21563","24","0","LST","","1.99","1.6083","CESAR DG FIL MIGNON 3.5OZ","CESAR"
"21570","24","0","LST","","1.99","1.6083","CESAR DG BF ENT 3.5oz","CESAR"
"22012","24","0","LST","","3.89","2.8879","WEL CT GF MNCD TURKEY 5.5OZ","WELLNESS"
"22013","24","0","LST","","3.89","2.8879","WEL CT GF MNCD TK&SL 5.5OZ","WELLNESS"
"22016","24","1.5","LST","","3.89","2.8879","WEL CT GF SLC CHK 5.5OZ","WELLNESS"
"22724","24","0.5","LST","","3.89","2.8879","WEL CT CMPL HLTH BF&CK 5.5OZ","WELLNESS"
"22742","24","0","LST","22738","2.79","1.76","BLU CT AD TF TK&CK PATE5.5OZ","BLUE BUFFALO"
"22759","24","0","LST","","2.79","1.7083","BLU CT AD TF FLK CHK 5.5OZ","BLUE BUFFALO"
"22765","24","0","LST","","3.49","1.9592","BLU CT AD FRDM INDR CHK 5.5OZ","BLUE BUFFALO"
"23659","1","0","LST","","24.99","14.57","BFF CT VRTY PK 8PC 5.5OZ","B.F.F."
"24179","24","0","LST","","2.79","1.8925","WEL CT CHK&LOB 3OZ","WELLNESS"
"24293","24","0","LST","","4.49","2.6421","SD CT AD HB SVRY CHK 5.5OZ","HILL'S SCIENCE DIET"
"24300","24","0","LST","","4.49","2.5913","SD CT AD LIGHT CHK&LVR 5.5OZ","HILL'S SCIENCE DIET"
"24312","24","0.5","LST","","4.49","2.5913","SD CT AD SAVORY TKY ENT 5.5OZ","HILL'S SCIENCE DIET"
"24320","24","0","LST","","4.49","2.5913","SD CT KIT CK&LVR 5.5OZ","HILL'S SCIENCE DIET"
"24332","24","0","LST","","4.49","2.5913","SD CT AD INDR CHK ENT 5.5OZ","HILL'S SCIENCE DIET"
"24722","24","0","LST","","2.69","1.6333","PPLN CT KITTEN CHK&LVR 3OZ","PURINA PRO PLAN"
"24723","24","0","LST","","2.49","1.46","PPLN CT COMP ESNTL SL&R 3OZ","PURINA PRO PLAN"
"24724","24","1","LST","","2.69","1.6333","PPLN CT URINARY TRACT CHK 3OZ ","PURINA PRO PLAN"
"24726","1","0","LST","13628","74.99","59.78","PPLN DG SPT SB L&R 27/17 18LB","PURINA PRO PLAN"
"24729","1","0.75","LST","11229","108.99","77.04","PPLN DG ESNTL SH CK&R 35LB","PURINA PRO PLAN"
"24731","1","0","LST","11175","109.99","80.63","PPLN DG SPT SB L&R27/17 37.5LB","PURINA PRO PLAN"
"24741","1","0.25","LST","11220","108.99","77.04","PPLN DG ESNTL SH BF&R 35 LB","PURINA PRO PLAN"
"24749","1","0","LST","13624","74.99","59.78","PPLN DG CK&R PUP 18LB","PURINA PRO PLAN"
"24751","1","0","LST","11181","109.99","83.24","PPLN DG CK&R PUP 34LB","PURINA PRO PLAN"
"24759","1","0.5","LST","13623","74.99","59.78","PPLN DG LB CK&R PUP 18LB","PURINA PRO PLAN"
"24762","24","0","LST","","2.49","1.4604","PPLN CT COMP ESNTL CK&R 3OZ","PURINA PRO PLAN"
"24783","1","0","LST","11199","109.99","83.24","PPLN DG SPEC LB WMGT AD 34LB","PURINA PRO PLAN"
"24988","1","0","LST","","27.99","16.48","BFF CT VRTY PK 12PC 3OZ","B.F.F."
"24993","24","0","LST","","2.89","1.7346","WER CT MIDEAST FEAST 3OZ","WERUVA"
"24997","24","0","LST","","2.89","1.7346","WER CT GRNDMA CHKN SOUP 3OZ","WERUVA"
"25021","18","0","LST","","10.99","5.3333","ETTA DG NAT DK CHEW 3ft","ETTA SAYS!"
"25029","36","1.5","LST","","2.19","1.0706","ETTA DG BF CHEW 4.5in","ETTA SAYS!"
"25039","24","0.25","ROS","","2.39","1.3754","BFF CT TN&CHK CHKLS CF 3OZ","B.F.F."
"25043","18","0","LST","","10.99","5.3333","ETTA DG NAT DEER CHEW 3ft","ETTA SAYS!"
"25045","24","0.25","LST","","2.99","1.85","MRK CT PB GF CHK PATE 3OZ","MERRICK"
"25103","24","0","LST","","1.99","1.3263","BLU CT AD TF FLK CHK 3OZ","BLUE BUFFALO"
"25117","24","0","LST","","2.89","1.6458","BLU CT AD WILD DUCK 3OZ","BLUE BUFFALO"
"25186","1","0","LST","","54.99","37.43","HK DG WG CHK 4LB","THE HONEST KITCHEN"
"25413","1","0.75","LST","","61.99","41.81","GO! DG S&C WG DUCK 12LB","GO! SOLUTIONS"
"25502","1","0","LST","","28.99","18.75","BLU PUP LPF CK&BR 6LB","BLUE BUFFALO"
"25505","1","0","OOS","","28.99","18.75","BLU DG AD LPF HW CK&BR 6LB","BLUE BUFFALO"
"25527","1","0","OOS","","37.99","22.73","BLU KIT TF HG CK&BR 7LB","BLUE BUFFALO"
"25545","1","0","LST","","33.99","21.09","BLU PUP WILD GF CHK 4.5LB","BLUE BUFFALO"
"25547","1","0","LST","","84.99","63.67","BLU PUP WILD GF CHK 24LB","BLUE BUFFALO"
"25548","1","0","LST","","84.99","63.67","BLU DG AD LB WILD GF CHK 24LB","BLUE BUFFALO"
"25614","1","0","LST","","71.99","46.92","BLU CT TF AD INDR SLMN 15LB","BLUE BUFFALO"
"25618","1","0","LST","","44.99","25.62","BLU CT AD WILD SL 5LB","BLUE BUFFALO"
"25624","1","0","LST","","44.99","25.62","BLU CT WILD WT CTRL CHK 5LB","BLUE BUFFALO"
"25826","1","0","LST","","131.99","87.09","RCBHN DG GMN SHEP PUP 30LB","ROYAL CANIN"
"26074","1","0","LST","","129.99","82.85","RCSHN DG AD 5PL LG 30LB","ROYAL CANIN"
"26134","1","0","LST","35107","125.99","82.27","RCBHN DG BOXER AD 30LB","ROYAL CANIN"
"26186","1","0","LST","24808","108.99","82.48","PPLN DG SPEC LB SH CK&R 34LB","PURINA PRO PLAN"
"26392","1","0","LST","","10.99","6.84","RLLVR DG CHK 28.22OZ","ROLLOVER"
"26413","1","0","LST","","8.99","5.43","RLLVR DG BF 28.2OZ","ROLLOVER"
"26423","1","0","LST","","14.99","10.9","RLLVR DG BF 4.4LB","ROLLOVER"
"26442","1","0","LST","","10.99","7.71","RLLVR DG L&R 28.2OZ","ROLLOVER"
"26817","1","0","LST","","57.99","34.43","BLU PUP LPF CK&BR 15LB","BLUE BUFFALO"
"27347","1","0.5","LST","13622","38.99","27.69","PPLN DG CK&R PUP 6LB","PURINA PRO PLAN"
"28303","1","0","LST","28332","55.99","38.73","PPLN CT WEIGHT MGT CK&R 7LB","PURINA PRO PLAN"
"28318","1","0","LST","28383","53.99","37.76","PPLN CT COMP ESNTL CHK&R 7 LB","PURINA PRO PLAN"
"28351","1","0","LST","","55.99","38.73","PPLN CT URINARY TRACT CK&R 7LB","PURINA PRO PLAN"
"28473","1","0","LST","28553","66.99","40.24","RCFHN CT SS DGST AD 7LB","ROYAL CANIN"
"28584","1","0","LST","","112.99","71.69","RCFHN CT SS DGST 15LB","ROYAL CANIN"
"28651","1","0.25","LST","","32.99","16.5","PC DG LMB CRUNCHYS 8oz","PET CENTER"
"28659","1","0","LST","","117.99","76.7","RCFHN CT DGST CARE AD 14LB","ROYAL CANIN"
"28797","1","0.25","LST","28794","9.79","5.92","OMH DG CLSC LVR CRUNC BSC 20OZ","OLD MOTHER HUBBARD"
"28912","1","0","LST","28914","25.99","20.42","MLKBN DG FLVR SNK MD 14.3lb","MILK-BONE"
"28920","1","0.5","LST","","3.29","2.26","MLKBN DG BSC SM 1lb","MILK-BONE"
"29070","1","0","LST","29072","5.49","4.2","MLKBN DG FLVR SNK SM 1.76lb","MILK-BONE"
"29654","1","0","LST","","11.99","6.11","FRTBL DG SKNY MINI ROTI CHK5oz","FRUITABLES"
"29655","1","0","LST","","11.99","6.11","FRTBL DG SKNY MINI GRLD BSN5oz","FRUITABLES"
"29662","1","0.25","LST","","9.29","4.57","FRTBL DG PMP APL TRT 7OZ","FRUITABLES"
"29663","1","0.25","LST","","9.29","4.57","FRTBL DG PMP BAN TRT 7OZ","FRUITABLES"
"29665","1","0","LST","","9.29","4.57","FRTBL DG PMP CRN TRT 7OZ","FRUITABLES"
"29927","1","0","LST","","7.69","4.21","WEL DG CMPL HLTH LB&SL PUP 3oz","WELLNESS"
"30422","1","0","OOS","","7.49","4.22","BLU DG AD HBR BCN&EG&CS TR16oz","BLUE BUFFALO"
"30423","1","0","OOS","","7.49","4.22","BLU DG AD HBR APL&YOG TRT 16oz","BLUE BUFFALO"
"30426","1","0","LST","","6.99","3.93","BB DG SOFT TASTY CHKN BITS 4OZ","BLUE BUFFALO"
"30427","1","0","LST","","6.99","3.93","BB DG SFT TMPTNG TURKY BITS 4O","BLUE BUFFALO"
"30441","1","0","OOS","","7.49","4.22","BLU DG AD HBR BNA&YOG TRT 16oz","BLUE BUFFALO"
"30449","1","0.25","LST","","6.99","3.69","BLU DG STIX LMB TRT 6OZ","BLUE BUFFALO"
"30507","1","0","LST","","8.49","4.91","PET GREENS DG CHK 6oz","PET GREENS"
"30508","1","0","LST","","8.49","4.91","PET GREENS DG LMB 6oz","PET GREENS"
"30509","1","0","LST","","8.49","4.91","PET GREENS DG SL 6oz","PET GREENS"
"30513","1","0","LST","","44.99","27.89","MRSHL FRRT DIET 4lb","MARSHALL"
"30514","1","0","LST","","9.99","5","MRSHL FRRT BANDIT TRT CHK 3oz","MARSHALL"
"30516","1","0","LST","","9.99","5","MRSHL FRRT BANDIT TRT PB 3oz","MARSHALL"
"30518","1","0","LST","","9.99","5","MRSHL FRRT BANDIT TRT BNA 3oz","MARSHALL"
"30522","1","0","LST","","9.49","4.5","OXB ORGRS HAY 15OZ","OXBOW"
"30524","1","0","LST","","9.49","4.5","OXB OAT HAY 15OZ","OXBOW"
"30525","1","0","LST","","9.49","4.81","OXB BTNCL HAY 15OZ","OXBOW"
"30534","1","0","LST","","9.99","4.98","OXB SMR SA BKD TRT SBRY 0.5OZ","OXBOW"
"30535","1","0","LST","","9.99","4.98","OXB SMR SA BKD TRT BNA 1OZ","OXBOW"
"30536","1","0","LST","","9.99","3.75","OXB SMR SA BKD TRT VEG 3OZ","OXBOW"
"30542","1","0","LST","","15.99","7.97","OXB TC TMTHY MAT 1LG","OXBOW"
"30543","1","0","LST","","9.99","3.32","OXB TC TMTHY TWST 1EA","OXBOW"
"30753","1","0","LST","","56.99","36.25","LFBR PRT NTRIBR CLSC 3.25LB","LAFEBER"
"30754","1","0","LST","","17.99","8.9","LFBR SB NTRIBR TROP FRT 10OZ","LAFEBER"
"30756","1","0","LST","","56.99","36.05","LFBR PRT NTRIBR TROP FRT 3LB","LAFEBER"
"30757","1","0","LST","","12.99","5.7","LFBR PRT NTRIBR GRMT PCRN 4OZ","LAFEBER"
"30761","1","0","LST","","13.99","6.65","LFBR SB AVI CAKES 8OZ","LAFEBER"
"30762","1","0","LST","","16.99","8.35","LFBR PRT AVI CAKES 12OZ","LAFEBER"
"30799","1","0","LST","","31.99","19.6","MRTN LF GP TMTHY FOOD 11LB","MARTIN"
"31072","1","0","LST","","16.99","7.54","HARI TRPCN LFTM CKTL GRAN1.8LB","TROPICAN"
"31092","1","0","LST","","18.99","7.54","HARI TRPCN LFTM PRT GRAN 1.8LB","TROPICAN"
"31216","1","0","LST","","22.99","13","ZPRM FRT BLND SM BRD 2LB","ZUPREEM"
"31217","1","0","LST","","22.99","13.76","ZPRM FRT BLND MD BRD2LB","ZUPREEM"
"31218","1","0","LST","","34.99","20.37","ZPRM FRT BLND M&L BRD 3.5LB","ZUPREEM"
"31219","1","0","LST","","34.99","20.37","ZPRM FRT BLND LG BRD 3.5LB","ZUPREEM"
"31220","1","0","LST","","23.99","13.51","ZPRM TR HRVST SM BRD 2.25LB","ZUPREEM"
"31221","1","0","LST","","26.99","14.26","ZPRM NTRL MD BRD 2.5LB","ZUPREEM"
"31222","1","0","LST","","29.99","17.83","ZPRM NTRL M&L BRD 3LB","ZUPREEM"
"31227","1","0","LST","","18.99","10.7","ZPRM SMRTSEL SM BRD 2LB","ZUPREEM"
"31228","1","0","LST","","22.99","13.76","ZPRM SMRTSEL MD BRD 2.5LB","ZUPREEM"
"31231","1","0","LST","","41.99","23.94","ZPRM SMRTSEL M&L BRD 4LB","ZUPREEM"
"31362","1","0","LST","","64.99","47.52","AS EP PNT HALVES 20LB","ARMSTRONG"
"31391","1","0","LST","","21.99","13.12","AS EP SNFLWR CHIPS 4LB","ARMSTRONG"
"31552","25","0","LST","","26.99","13.6976","OPN RNG DG OC BULL STK22TO24IN","OPEN RANGE"
"31635","1","0","LST","","13.99","5.88","HGN BDG SEED 3LB","HAGEN"
"31636","1","0","LST","","19.99","9.5","HGN BDG SEED 6LB","HAGEN"
"31637","1","0","LST","","14.99","6.37","HGN CNRY SEED 3LB","HAGEN"
"31639","1","0","LST","","13.99","5.88","HGN CKTL SEED 2.5LB","HAGEN"
"31640","1","0","LST","","19.99","9.31","HGN CKTL SEED 5LB","HAGEN"
"31667","1","0","LST","","12.99","7.42","MRK DG PB CHK 6OZ","MERRICK"
"31671","1","0.25","LST","","12.99","7.42","MRK DG PB SL 6OZ","MERRICK"
"35032","20","1.5","LST","","3.49","1.6","ETTA DG CRUNCHY RBT CHEW 7IN","ETTA SAYS!"
"35039","20","1.5","LST","","3.49","1.6","ETTA DG CRUNCHY DEER CHEW 7IN","ETTA SAYS!"
"35100","1","0","LST","","131.99","87.09","RCBHN DG GOLDN RTRVR PUP 30LB","ROYAL CANIN"
"35143","24","0.25","LST","","3.49","2.1775","RCFHN CT KIT LOAF 3OZ","ROYAL CANIN"
"35284","1","0","LST","35246","23.99","14.87","CF WHITE BDNG 23L","CAREFRESH"
"35288","1","0","LST","35247","39.99","24.76","CF WHITE BDNG 50L","CAREFRESH"
"35563","1","0","LST","","19.99","13.17","AS EP STRPD SNFLWR 6.6LB","ARMSTRONG"
"36075","1","0.5","LST","","45.99","29.98","SD DG AD SM BRD PRFCT WGT 4LB","HILL'S SCIENCE DIET"
"36757","1","0","OOS","","1.29","0.09","TOTW DG HI PR PUP SMP 6OZ","TASTE OF THE WILD"
"40166","1","0","LST","","19.99","9.5","TTR TMIN TROP FLKS XL 2.82OZ","TETRA"
"40184","1","0","LST","","11.99","5.11","NF CYCLE BIO AQRM SUPPL 4OZ","NUTRAFIN"
"40186","1","0","LST","","11.99","4.75","NF MAX TROP FLKS 1.34OZ","NUTRAFIN"
"40188","1","0","LST","","8.99","4.25","NF MAX GLDFSH FLKS 1.34OZ","NUTRAFIN"
"40197","1","0","LST","","6.99","2.21","TTR GLDFSH FLKS VTM C 1OZ","TETRA"
"40243","1","0.5","LST","","123.99","92.67","SD DG AD LG BRD LMB&R 33lb","HILL'S SCIENCE DIET"
"40250","1","0.5","LST","","12.49","4.62","NRFN CICH FRMLA 1MM 3.5OZ","NORTHFIN"
"40262","1","0","LST","","13.99","5.52","NRFN KRILL GLD FRMLA 2MM 2.8OZ","NORTHFIN"
"40265","1","0","LST","","6.99","2.53","NRFN KRILL GLD FRMLA 1MM 0.7OZ","NORTHFIN"
"40607","1","0","LST","","11.49","4.9","TTR EASY BLNC PL 3.38OZ","TETRA"
"40675","1","0","OOS","","11.99","6","API ACCU-CLEAR WTR CLRFR 4OZ","API"
"40727","1","0","LST","","9.99","4","MRN FSH NET BREDR 1EA","MARINA"
"40793","1","0","LST","","2.49","0.97","MRN AIR STN CYLNDRCL 1.5IN","MARINA"
"40794","1","0","LST","","4.49","1.95","MRN AIR STN CYLNDRCL 1.5IN 4PK","MARINA"
"40826","1","0","LST","","25.99","12.85","ZM FLTNG AQRM LOG SM 6X3.2IN","ZOO MED"
"40872","1","0","LST","","2.49","0.8","MRN T AIRLNE CONNECTOR 1EA","MARINA"
"40873","1","0","LST","","2.49","0.8","MRN PLSTC 2WAY CNTRL VLV 1EA","MARINA"
"40884","1","0","LST","","32.99","13","FL EV GRVL CLNR MD 15IN","FLUVAL"
"40889","1","0","ROS","","6.99","2.66","FL CHI FOAM PAD 2PK","FLUVAL"
"40907","1","0","LST","","29.99","12.5","ET REP DGTL THRMTR 1EA","EXO TERRA"
"40911","1","0","LST","","33.99","15.07","NF CYCLE BIO AQRM SUPPL 16.9OZ","NUTRAFIN"
"40919","1","0","LST","","11.99","5","ZM SINK CERM BTA LOG 4.25IN","ZOO MED"
"40925","1","0","LST","","49.99","22.5","ET TRTL BANK 1MD","EXO TERRA"
"40931","1","0","LST","","12.99","5","ET SEPIA BONE SUPPL 2PC","EXO TERRA"
"40935","1","0","LST","","21.99","11.09","ET CRCKT PEN 1SM","EXO TERRA"
"40978","1","0","LST","","24.99","11","ET FREST BARK SBSTRT 8QT","EXO TERRA"
"40979","1","0","LST","","24.99","11","ET JNGL EARTH SBSTRT 8QT","EXO TERRA"
"41067","1","0","LST","","8.29","3.03","TTR WSP BIO-BAG CRTG LG 1PK","TETRA"
"41091","1","0","LST","","13.99","5.34","TTR POND STCK 3.5OZ","TETRA"
"41870","1","0","LST","","17.99","9.66","PRPT HMBRD PINCH WST FDR 8OZ","PERKY-PET"
"42457","1","0.25","LST","","14.99","6.32","CSTL CT COL SOY-ROSE 1EA","COASTAL PET PRODUCTS"
"43113","1","0","OOS","","16.99","9.52","OH SQK&FTCH FIREHOSE 1LG","OUTWARD HOUND"
"43285","1","0","LST","","18.99","9.5","GO CAT DA BIRD WAND 36IN","GO CAT"
"43511","1","0","LST","","21.99","10.62","NV DG NASTY HABITS 60tb","NUTRI-VET"
"43616","1","0","LST","","19.99","10.25","HP HOST NO MORE 15ml","HOMEOPET"
"43622","1","0","LST","","18.99","11.35","HP D-STRESS 15ml","HOMEOPET"
"43624","1","0","LST","","18.99","11.35","HP TRAVEL ANXIETY 15ml","HOMEOPET"
"43626","1","0","LST","","20.99","10.05","HP FELINE D-STRESS 15ml","HOMEOPET"
"43645","1","0","LST","","21.99","11.5","FIRM UP DG PUMPKIN CRNBR 4OZ","DIGGIN' YOUR DOG"
"43651","1","0.25","LST","","59.99","28.99","GRIZZLY DG PLS SLMN OIL 32OZ","GRIZZLY"
"43795","1","0","LST","","22.99","12.04","VBST URINARY SUPPORT 60's","VETS BEST"
"43812","1","0.25","LST","","19.99","9.57","VBST HAIRBALL RELIEF 60's","VETS BEST"
"43857","1","0","LST","","17.99","9.05","R7 WOUND SPRAY 4OZ","MIRACLE CARE"
"43873","1","0","LST","","51.99","30","NV DG H&J 3 90tb","NUTRI-VET"
"43919","1","0","LST","","14.99","7.27","NV CT EYE RNSE 4oz","NUTRI-VET"
"44002","1","0.25","LST","","20.99","10.05","HP UT 15ml","HOMEOPET"
"44138","1","0.25","LST","","12.99","6.4","BURTS EYE WASH 4oz","BURT'S BEES"
"44392","1","0","LST","","49.99","28.66","NM ADV ODOR STAIN RMVR 3.78L","NATURE'S MIRACLE"
"44449","1","0","LST","76052","39.99","22.7","PM CR SPADE&PAN 1sm","PETMATE"
"44577","1","0.75","LST","","9.99","5.09","EF ODOR OUT SKUNK 32oz","ENVIRO FRESH"
"44811","1","0","LST","43897","17.99","8.28","NYLA DG DNTL KIT PUP 1ea","NYLABONE"
"44812","1","0","LST","43896","17.99","8.43","NYLA DG DNTL KIT 1lg","NYLABONE"
"44889","1","0.25","LST","","8.99","4.7","SLURP N FRESH 400ML","SLURP N FRESH"
"44895","1","0","LST","","12.99","6.4","PD DG NTL TOOTHPASTE 2.5OZ","PETRODEX"
"44936","1","0","LST","","22.49","11.62","TRPCLN FB ORAL KIT SM","TROPICLEAN"
"44939","1","0","LST","","10.99","5.49","PD DG ENZ TOOTHPASTE CHK 2.5oz","PETRODEX"
"44942","1","0","LST","","22.99","9.75","TRPCL FB WTR+HIP&JT 16oz","TROPICLEAN"
"45237","12","0","LST","","11.99","5.8008","TICK KEY 1EA","TICK KEY"
"45374","1","0.25","LST","","25.99","12.61","ZOD PWRSPOT LG.DG 4mo","ZODIAC"
"45386","1","0.25","LST","","24.99","13.5","ZOD SPOT-ON CAT 4mo","ZODIAC"
"46522","1","0","LST","","64.99","42.68","PCHPD WASHABLE PAD 1XXL","POOCH PAD"
"46528","1","0","LST","45705","30.99","16.59","PCHPD PCHPNT WASHABLE DPR 1XS","POOCH PAD"
"46529","1","0","LST","45706","33.99","18.39","PCHPD PCHPNT WASHABLE DPR 1SM","POOCH PAD"
"46530","1","0","LST","45707","37.99","19.76","PCHPD PCHPNT WASHABLE DPR 1MD","POOCH PAD"
"46531","1","0.25","LST","45708","40.99","21.83","PCHPD PCHPNT WASHABLE DPR 1LG","POOCH PAD"
"46532","1","0","LST","45709","42.99","25.16","PCHPD PCHPNT WASHABLE DPR 1XL","POOCH PAD"
"46533","1","0","LST","75644","28.99","14.72","PCHPD PCHPNT WASH MALE WRP 1SM","POOCH PAD"
"46534","1","0","LST","75645","31.99","16.63","PCHPD PCHPNT WASH MALE WRP 1MD","POOCH PAD"
"46535","1","0","LST","75646","34.99","18.65","PCHPD PCHPNT WASH MALE WRP 1LG","POOCH PAD"
"46536","1","0","LST","","41.99","25.07","PCHPD WASHABLE MALE WRP 1XL","POOCH PAD"
"48156","24","0","OOS","","3.19","1.9288","NB CT LID CHK&GPEA 5.5OZ","NATURAL BALANCE"
"48157","24","0","OOS","","3.19","1.9288","NB CT LID SL&GPEA 5.5OZ","NATURAL BALANCE"
"48747","1","0","LST","","26.99","13.15","JOLLY DG TEASER BALL BLU 6IN","JOLLY PETS"
"48757","1","0","LST","","29.99","15.45","JOLLY DG ROMP N ROLL RED 6IN","JOLLY PETS"
"48771","1","0","LST","","33.99","19.5","JOLLY DG ROMP N ROLL BLU 8IN","JOLLY PETS"
"49465","1","0","OOS","","14.99","8.9","OH HOMER HEDGEHOG 1MD","OUTWARD HOUND"
"49475","1","0","LST","","29.99","16.21","OH HOMER HEDGEHOG JMBO 1XL","OUTWARD HOUND"
"49872","1","0","LST","","3.99","1.4","EF SAVE MY PET STCKR 2PC","ENVIRO FRESH"
"50012","1","0","OOS","","7.99","3.44","TTR TF RPM FOOD STCK 1.94OZ","TETRA"
"50033","1","0","LST","","10.99","4.9","ZM CAN O CRCKT 1.20OZ","ZOO MED"
"50034","1","0","LST","","10.99","4.9","ZM CAN O WRMS 1.20OZ","ZOO MED"
"50035","1","0","LST","","24.99","11.3","ZM GRMT AQTRTL FOOD 11OZ","ZOO MED"
"50039","1","0","LST","","12.99","5.59","ZM RPTVT REP VTM WITH D3 2OZ","ZOO MED"
"50053","1","0","LST","66910","14.49","4","ET REP ANLG THRMTR 1EA","EXO TERRA"
"50064","1","0","LST","","8.99","4.45","ZM TERR CLNR WPE OUT 4.25OZ","ZOO MED"
"50069","1","0","LST","","14.99","6.5","ZM DLX FEED TONG SS 10IN","ZOO MED"
"50097","1","0","LST","50094","13.99","4.85","ZM REPTI CLCM WITH D3 3OZ","ZOO MED"
"50128","1","0.25","LST","43924","26.99","11.88","ZEN PRO COLLAR 1xs","ZEN PET"
"50130","1","0.25","LST","43926","39.99","17.59","ZEN PRO COLLAR 1md","ZEN PET"
"50131","1","0.25","LST","43927","45.99","20.21","ZEN PRO COLLAR 1lg","ZEN PET"
"50161","1","0","LST","","8.99","4.05","VKFT CHNCHL FRT TRT4.5OZ","VITAKRAFT"
"50193","1","0","LST","43928","47.99","21.09","ZEN PRO COLLAR 1xl","ZEN PET"
"50257","1","0","LST","","8.99","4.05","BRN TRC BRD SPR MILLET MN 4OZ","BROWNS"
"50609","1","0","LST","","26.99","13.23","ZM REPTI HMMCK 27IN","ZOO MED"
"50633","1","0","LST","","24.99","10.14","ZM REPTI BASK SPT LMP 150W","ZOO MED"
"50639","1","0","LST","","32.99","17.69","ZM REPTI CARE DY NGT TIMER 1EA","ZOO MED"
"50692","1","0","LST","","9.99","4.98","KONG SPORT BALLS MD 3PC","KONG"
"50700","1","0","LST","","9.99","4.41","MRTN LF SA APL DMPL TRT 8OZ","MARTIN"
"50701","1","0","LST","","9.99","4.41","MRTN LF SA BNA MFN TRT 8OZ","MARTIN"
"50714","24","0","LST","","2.99","1.6958","MRTN LF SA APL DMPL TRT 0.9OZ","MARTIN"
"50715","24","0","LST","","2.99","1.6958","MRTN LF SA BNA MFN TRT 0.9OZ","MARTIN"
"50875","1","0","LST","","37.99","19.08","HH FLEECE BONE 2FT","HUGGLEHOUNDS"
"51329","1","0.25","LST","","31.99","24.35","AS EP BLK OIL SNFLWR 15.4LB","ARMSTRONG"
"51646","1","0","LST","","7.99","3.51","VL COMP SA CROCK HRB TRT 1.8OZ","VERSELE-LAGA"
"51674","1","0","LST","","18.99","9.51","VL PRS LRPRQ AFR PRT 2.2LB","VERSELE-LAGA"
"51676","1","0","LST","","15.99","8.01","VL PRS LRPRQ AUSTRN PRKT 2.2LB","VERSELE-LAGA"
"51702","1","0","LST","","119.99","58","COMFORT CARR BERRY 1LG","BERGAN"
"51706","1","0","LST","","86.99","42","COMFORT CARR BERMUDA 1SM","BERGAN"
"51707","1","0","LST","","86.99","42","COMFORT CARR BERRY 1SM","BERGAN"
"51708","1","0","LST","65481","119.99","58","COMFORT CARR BLK GRY 1LG","BERGAN"
"51709","1","0","LST","","119.99","58","COMFORT CARR BERMUDA 1LG","BERGAN"
"51721","1","0","LST","65471","86.99","42","COMFORT CARR BLK GRY 1SM","BERGAN"
"51798","1","0","LST","","6.49","2.67","VN FOOD SCOOP 2CP","VAN NESS"
"51851","1","0","LST","","9.49","4.18","SC BG MTH LTR SCP BL 1ea","SMARTCAT"
"52331","50","2.25","LST","","4.99","2.006","CD BARNYARD ANIMALS 1EA","CHILLY DOG"
"52450","1","0.5","LST","","12.99","6.6","YEOWWW! BANANA 7IN","YEOWWW!"
"52452","1","0","LST","","13.99","7.4","YEOWWW! RAINBOW 6IN","YEOWWW!"
"52455","1","0","LST","","12.49","6.55","YEOWWW! GREEN FISH 7IN","YEOWWW!"
"52460","1","0","LST","","5.99","2.71","VN CROCK HVYWT BOWL 20OZ","VAN NESS"
"52480","1","0","LST","","13.99","6.77","VN CROCK HVYWT BOWL 106OZ","VAN NESS"
"52495","1","0","LST","","15.99","8.94","VN DINNER MAT 1EA","VAN NESS"
"52514","1","0","LST","","16.99","9.3","YEOWWW! POLLOCK FISH 11IN","YEOWWW!"
"52581","1","0","LST","","29.99","15","MLPT LAMBCHOP PLUSH 24IN","MULTIPET"
"52627","1","0","LST","","22.99","14.5","WEST PAW BUMI 1SM","WEST PAW"
"52628","1","0","LST","","26.99","17.35","WEST PAW BUMI 1LG","WEST PAW"
"52647","1","0","LST","","42.99","24.42","PM DG REPLENDISH WATERER 1GL","PETMATE"
"52649","1","0","LST","","52.99","30.66","PM DG REPLENDISH WATERER 2.5GL","PETMATE"
"52659","1","0","LST","","14.99","8.25","PM REPLENDISH FLTR 3PC","PETMATE"
"52752","1","0.5","LST","52395","19.99","10","TUFFY JUNIOR GEAR RING RED 1EA","TUFFY"
"52902","1","0","ROS","","26.99","12.32","KONG WUBBA WET 1XL","KONG"
"52907","1","0.25","LST","","19.99","9.44","KONG WUBBA 1LG","KONG"
"52908","1","0","LST","","26.99","12.32","KONG WUBBA 1XL","KONG"
"52925","1","0","LST","","31.99","16.45","KONG WOBBLER 1LG","KONG"
"52966","1","0","LST","","22.99","12.93","JWP HOLEE ROLLER JMBO 1XL","JW PET"
"52985","1","0","LST","","19.99","10.04","BBONE WISHBONE PB 1MD","BENEBONE"
"53121","1","0","LST","","29.99","17.83","CHUCKIT LAUNCHER PRO 25M","CHUCKIT"
"53147","1","0","LST","","14.99","6.65","KONG PUPPY EASY TREAT 8OZ","KONG"
"53244","1","0","LST","","14.99","6.65","KONG EASY TREAT LIVER 8OZ","KONG"
"53400","1","0","LST","","24.99","12.15","KONG AQUA DOG TOY 1LG","KONG"
"53428","50","0","LST","","3.49","1.745","KRAZY KITTY RAVIOLI 1EA","KRAZY KITTY"
"53882","1","0.25","LST","","24.99","10.83","KONG SCRUNCH RACCOON 1LG","KONG"
"53883","1","0.25","LST","","24.99","11.15","KONG SCRUNCH SQUIRREL 1LG","KONG"
"53977","1","0.5","LST","","24.99","11.67","KONG WILDKNOTS BEAR 1MD","KONG"
"53978","1","0","LST","","16.99","7.77","KONG WILDKNOTS BEAR 1SM","KONG"
"53993","1","0","LST","","24.99","12.5","VN FOOD CTNR 10LB","VAN NESS"
"53994","1","0","LST","","39.99","20","VN FOOD CTNR 25LB","VAN NESS"
"53995","1","0","LST","","59.99","30","VN FOOD CTNR 50LB","VAN NESS"
"54024","1","0","LST","","7.99","3.6","BFD DG RBONE LG 3pc 10 to 12in","BARNSDALE FARMS"
"54176","1","0","LST","","24.99","13.04","BFD DG DYNO BONE LG 16to 20in","BARNSDALE FARMS"
"54931","1","0","LST","","16.99","8.6","PB DG TURKEY TRT 2.47oz","PUREBITES"
"54940","1","0.25","LST","","6.99","4.45","PB CT CHK BREAST TRT 1.09oz","PUREBITES"
"55387","1","0.25","LST","","50.99","32","PB DG BF LVR TRT 16.6oz","PUREBITES"
"55390","1","0.5","LST","","8.99","4.55","PB DG CHK BREAST TRT 1.4oz","PUREBITES"
"55394","1","1","LST","","30.99","17.9","PB DG CHK BREAST TRT 6.2oz","PUREBITES"
"55792","50","0","LST","","0.99","0.35","RLLVR DG CRUNCHY BF BISC 1EA","ROLLOVER"
"55793","50","0","LST","","0.99","0.385","RLLVR DG CRUNCHY LMB BISC 1EA","ROLLOVER"
"55872","1","0","LST","","9.99","4","ES PRGLO AQRM GRVL PNK 5LB","CLIFFORD W. ESTES"
"55892","1","0","LST","","9.99","4","ES NTRL AQRM GRVL NUTMEG 5LB","CLIFFORD W. ESTES"
"55893","1","0.25","LST","","31.99","17.59","ES NTRL AQRM GRVL NUTMEG 25LB","CLIFFORD W. ESTES"
"55902","1","0","LST","","9.99","4","ES SHLW CRK PBLE 5LB","CLIFFORD W. ESTES"
"55903","1","0","LST","","31.99","17.59","ES SHLW CRK PBLE 25LB","CLIFFORD W. ESTES"
"55953","1","0","LST","","31.99","17.59","ES AQRM GRVL SPCL BLK 25LB","CLIFFORD W. ESTES"
"56004","1","0","LST","","28.99","17.18","T&T DG SPLIT DEER ANT LG 1pc","THIS & THAT"
"56005","1","0.5","LST","","42.99","23.99","T&T DG SPLT DEER ANT XL 1pc","THIS & THAT"
"56109","6","0.5","LST","55687","51.99","30.0917","BFD DG PIG EARS 25PC","BARNSDALE FARMS"
"56144","1","0","LST","","10.99","5.25","BULLWRINKLE NIBBS 112g","BULLWRINKLE"
"56148","1","0","LST","54003","9.99","4.99","BFD TARTAR OFF BONE LG 1ea","BARNSDALE FARMS"
"56154","1","0","OOS","54023","11.99","6.22","BFD DG PRK EAR 1LB","BARNSDALE FARMS"
"56171","1","0","LST","56106","16.99","10.66","BFD DG PIG EARS 6PC","BARNSDALE FARMS"
"56179","1","0","LST","","7.99","4.15","BFD DG RBONE 3pc","BARNSDALE FARMS"
"56181","1","0","LST","","24.99","12.15","BULLWRINKLE 2pk 12in","BULLWRINKLE"
"56215","1","0.75","LST","","4.49","2.77","GREENIES CT SB CHKN 2.1OZ","GREENIES"
"56216","1","0.75","LST","","4.49","2.77","GREENIES CT SB TUNA 2.1OZ","GREENIES"
"56271","1","0.5","LST","","11.99","5.47","GREENIE DG PP CHK 3.2oz","GREENIES"
"56328","1","0.5","LST","","15.99","8.05","T&T DG SPLIT ANTLR CHEW SM 1EA","THIS & THAT"
"56331","1","0.25","LST","","18.99","11.48","T&T DG SPLIT ANTLR CHW MD 1ea","THIS & THAT"
"56369","18","0","LST","","5.29","2.6528","WHMZ DG VEGGIE EAR CHW LG 1ea","WHIMZEES"
"56372","50","0","LST","","3.99","2.1558","WHMZ DG RICE BONE CHW 1ea","WHIMZEES"
"56617","1","0","LST","","11.99","6.32","TC DG PJC CHK TENDERS 4oz","TRUE CHEWS"
"57057","1","0","LST","","19.99","10.33","NB DG LIT FSH&SP BSC 14oz","NATURAL BALANCE"
"57867","1","0.25","LST","","9.99","4.95","CRMP DG NAT BF TNDRSTCKS2OZ","CRUMPS' NATURALS"
"57868","1","1.5","LST","","16.99","8.27","CRMP DG NAT BF TNDRSTCKS4.9oz","CRUMPS' NATURALS"
"57997","12","1.25","OOS","","6.99","3.3508","PACFC 21 DG SL SNACKS 0.88oz","PACIFIC 21"
"58028","50","0.25","LST","","3.99","1.56","PACFC 21 DG SL SKIN ROLLS 1ea","PACIFIC 21"
"58061","1","0","ROS","","113.99","49.82","PR CG STD BLK 62IN","PREVUE"
"58062","1","0","ROS","","113.99","49.82","PR CG STD WHT 62IN","PREVUE"
"58192","1","0","LST","","12.99","7.01","VN TRACKLSS LTR MT 1ea","VAN NESS"
"58339","1","0.25","LST","","22.99","11.5","VN FOOD CTNR 4LB","VAN NESS"
"58861","1","0","LST","","38.99","22","KURGO DOOR GUARD BLK 1ea","KURGO"
"58926","1","0","LST","","39.99","24.99","MW QT MAXX CRT MAT BLK 24IN","MIDWEST"
"58927","1","0","LST","","56.99","32.47","MW QT MAXX CRT MAT BLK 30IN","MIDWEST"
"58928","1","0","LST","","69.99","38.46","MW QT MAXX CRT MAT BLK 36IN","MIDWEST"
"58929","1","0","LST","","94.99","46.76","MW QT MAXX CRT MAT BLK 42IN","MIDWEST"
"58931","1","0","LST","","104.99","51.96","MW QT MAXX CRT MAT BLK 48IN","MIDWEST"
"59372","1","0","LST","","24.99","13.5","PETSF CITRNLA SPRY RFL 70g","PETSAFE"
"59521","1","0","LST","","16.99","8.05","PB DG OCN WHTFSH TRT 1.8OZ","PUREBITES"
"6227264","1","0","LST","","14.99","7.56","KONG SQUEEZ DENTAL BALL 1MD","KONG"
"6227265","1","0","NEW","","16.99","7.9","KONG SQUEEZ DENTAL STICK 1MD","KONG"
"6227288","1","0.75","LST","","6.29","3.89","NV DG DGSTV PMPKN 15OZ","NUTRI-VET"
"6227289","1","1.25","LST","","6.29","3.89","NV DG SWTCH PMPKN 15OZ","NUTRI-VET"
"6227298","1","0","LST","","23.99","10.46","JMP DG LSH MSH CAMO 6FT","JUMP"
"6227299","1","0","LST","","23.99","10.46","JMP DG LSH MSH ORG 6FT","JUMP"
"6227304","1","0","LST","","28.99","13.22","JMP DG STEP IN HRN ORG 1SM","JUMP"
"6227305","1","0","LST","","29.99","13.22","JMP DG STEP IN HRN ORG 1MD","JUMP"
"6227306","1","0.25","LST","","31.99","14.33","JMP DG STEP IN HRN ORG 1LG","JUMP"
"6227307","1","0","LST","","33.99","14.56","JMP DG STEP IN HRN ORG 1XL","JUMP"
"6227308","1","0","LST","","28.99","12.17","JMP DG AIR MSH HRN CAMO 1XXS","JUMP"
"6227309","1","0","LST","","29.99","12.69","JMP DG AIR MSH HRN CAMO 1XS","JUMP"
"6227310","1","0","LST","","29.99","13.12","JMP DG AIR MSH HRN CAMO 1SM","JUMP"
"6227311","1","0","LST","","30.99","13.64","JMP DG AIR MSH HRN CAMO 1MD","JUMP"
"6227312","1","0","LST","","32.99","14.62","JMP DG AIR MSH HRN CAMO 1LG","JUMP"
"6227313","1","0","LST","","28.99","12.17","JMP DG AIR MESH HRN ORG 1XXS","JUMP"
"6227314","1","0","LST","","29.99","12.69","JMP DG AIR MESH HRN ORG 1XS","JUMP"
"6227315","1","0","LST","","29.99","15.08","JMP DG AIR MESH HRN ORG 1SM","JUMP"
"6227316","1","0","LST","","30.99","14.92","JMP DG AIR MESH HRN ORG 1MD","JUMP"
"6227317","1","0","LST","","32.99","14.62","JMP DG AIR MESH HRN ORG 1LG","JUMP"
"6227362","1","0.25","LST","24761","109.99","77.75","PPLN DG LB CK&R PUP 34LB","PURINA PRO PLAN"
"6227479","1","0","LST","","124.99","67.56","ESN EXERCISE PEN DOOR 30IN","ESSENTIALS"
"6227521","12","0","LST","","2.99","1.8967","TIKI CT VLVT KIT PCH 2.4OZ","TIKI CAT"
"6227522","12","0","LST","","2.99","1.8967","TIKI CT VLVT LUAU CH PCH 2.8OZ","TIKI CAT"
"6227523","12","0","LST","","2.99","1.8967","TIKI CT VLVT LUA CH&EG PCH 2.8","TIKI CAT"
"6227524","12","0.25","LST","","2.99","1.8967","TIKI CT VLVT LAU CK&S PCH 2.8O","TIKI CAT"
"6227525","12","0.25","LST","","2.99","1.8967","TIKI CT VLVT SL PCH 2.8OZ","TIKI CAT"
"6227526","12","0","LST","","2.99","1.8967","TIKI CT VLVT LUA TRCK PCH 2.8","TIKI CAT"
"6227527","12","0","LST","","2.99","1.8967","TIKI CT VLVT LUA TU&MK PCH 2.8","TIKI CAT"
"6227528","12","0","LST","","2.99","1.8967","TIKI CT VLVT LUA SN PCH 2.8OZ","TIKI CAT"
"6227529","1","0","LST","","34.99","23.85","TIKI CT VLVT LUA VP 12PCH2.8OZ","TIKI CAT"
"6227532","1","0.25","LST","","33.99","23.85","TIKI CT LUAU VRTY 12PK 2.8OZ","TIKI CAT"
"6227533","1","0","LST","","27.99","19.35","TIKI CT GRILL VRTY 12PK 2.8OZ","TIKI CAT"
"6227535","12","0.5","LST","","2.99","1.9767","TIKI CT AFTRDRK CHK 2.8OZ","TIKI CAT"
"6227536","12","0","LST","","2.99","1.9767","TIKI CT AFTRDRK CK&BF 2.8OZ","TIKI CAT"
"6227537","12","0.25","LST","","2.99","1.9767","TIKI CT AFTRDRK CK&DK 2.8OZ","TIKI CAT"
"6227538","12","0.25","LST","","2.99","1.9767","TIKI CT AFTRDRK CK&QL 2.8OZ","TIKI CAT"
"6227539","12","0.25","LST","","2.99","1.9767","TIKI CT AFTRDRK CK&LMB 2.8OZ","TIKI CAT"
"6227541","8","4.75","LST","","5.69","3.2175","TIKI CT AFTRDRK CHK 5.5OZ","TIKI CAT"
"6227542","8","3.75","LST","","5.69","3.2175","TIKI CT AFTRDRK CK&DK 5.5OZ","TIKI CAT"
"6227543","8","3.25","LST","","5.69","3.2175","TIKI CT AFTRDRK CK&QL 5.5OZ","TIKI CAT"
"6227544","8","3.5","LST","","5.69","3.2175","TIKI CT AFTRDRK CK&LMB 5.5OZ","TIKI CAT"
"6227545","12","0.75","LST","","2.89","1.9542","TIKI CT LUAU CHK 2.8OZ","TIKI CAT"
"6227546","12","0","LST","","2.89","1.9542","TIKI CT LUAU CK&EGG 2.8OZ","TIKI CAT"
"6227547","12","1.25","LST","","2.89","1.9542","TIKI CT LUAU SL 2.8OZ","TIKI CAT"
"6227548","12","0","LST","","2.89","1.9542","TIKI CT LUAU SL&CK 2.8OZ","TIKI CAT"
"6227552","12","0.5","LST","","2.39","1.58","TIKI CT GRILL TUNA 2.8OZ","TIKI CAT"
"6227553","12","1.25","LST","","2.39","1.58","TIKI CT GRILL TU&CRB 2.8OZ","TIKI CAT"
"6227556","12","2.5","LST","","2.39","1.58","TIKI CT GRILL MK&SRD 2.8OZ","TIKI CAT"
"6227557","12","2","LST","","2.39","1.58","TIKI CT GRILL SRD CTLTS 2.8OZ","TIKI CAT"
"6227558","12","0.5","LST","","2.39","1.58","TIKI CT GRILL SRD&LOB 2.8OZ","TIKI CAT"
"6227559","8","0.5","LST","","4.79","3.0225","TIKI CT LUAU CHK 6OZ","TIKI CAT"
"6227560","8","1.5","LST","","4.79","3.0225","TIKI CT LUAU CK&EGG 6OZ","TIKI CAT"
"6227561","8","0.75","LST","","4.79","3.0225","TIKI CT LUAU SL 6OZ","TIKI CAT"
"6227562","8","3.5","LST","","4.79","3.0225","TIKI CT LUAU SL&CK 6OZ","TIKI CAT"
"6227563","8","1.25","LST","","4.79","3.0225","TIKI CT LUAU TU&CK 6OZ","TIKI CAT"
"6227564","8","0","LST","","4.79","3.0225","TIKI CT LUAU TU&MK 6OZ","TIKI CAT"
"6227565","8","0","ROS","","4.79","3.0225","TIKI CT LUAU TLP 6OZ","TIKI CAT"
"6227566","8","0.5","LST","","3.29","2.0963","TIKI CT GRILL TUNA 6OZ","TIKI CAT"
"6227567","8","0.5","LST","","3.29","2.0963","TIKI CT GRILL TU&CRB 6OZ","TIKI CAT"
"6227570","8","0.5","LST","","3.29","2.0963","TIKI CT GRILL MK&SRD 6OZ","TIKI CAT"
"6227571","8","0","LST","","3.29","2.0963","TIKI CT GRILL SRD CTLTS 6OZ","TIKI CAT"
"6227573","1","0","LST","","22.99","14.75","TIKI CT BRTHS VRTY 12PCH 1.3OZ","TIKI CAT"
"6227578","12","0","LST","","1.99","1.2292","TIKI CT BRTHS TUNA PCH 1.3OZ","TIKI CAT"
"6227582","1","0","LST","","26.99","16.95","TIKI CT ALOHA VRTY 12PK 3OZ","TIKI CAT"
"6227583","12","0","LST","","2.29","1.5208","TIKI CT ALOHA TU&PMP 3OZ","TIKI CAT"
"6227584","12","0","LST","","2.29","1.5208","TIKI CT ALOHA TU&WF&PMP 3OZ","TIKI CAT"
"6227585","12","0","LST","","2.29","1.5208","TIKI CT ALOHA TU&TLP&PMP 3OZ","TIKI CAT"
"6227586","12","0","LST","","2.29","1.5208","TIKI CT ALOHA TU&SH&PMP 3OZ","TIKI CAT"
"6227598","8","0.5","LST","","3.69","2.4688","TIKI CT ALOHA TU&TLP&PMP 5.5OZ","TIKI CAT"
"6227599","8","0.25","LST","","3.69","2.4688","TIKI CT ALOHA TU&SH&PMP 5.5OZ","TIKI CAT"
"6227601","1","0","LST","","37.99","24.87","TIKI CT BRN CARN CHK&EG 2.8LB","TIKI CAT"
"6227603","1","0.25","LST","","37.99","24.87","TIKI CT BRN CARN CK&HRG 2.8LB","TIKI CAT"
"6227606","12","0","LST","","2.19","1.2842","TIKI DG TMY PMP TPR PCH 1.5OZ","TIKI DOG"
"6227610","12","0","LST","","2.19","1.2842","TIKI DG ALHA BST CHK PCH 1.5OZ","TIKI DOG"
"6227612","4","0","LST","","3.59","2.1175","TIKI DG MEATY CHK CUP 3OZ","TIKI DOG"
"6227613","4","0","LST","","3.59","2.1175","TIKI DG MEATY CK&EGG CUP 3OZ","TIKI DOG"
"6227614","4","0","LST","","3.59","2.175","TIKI DG MEATY CK&DK CUP 3OZ","TIKI DOG"
"6227615","4","4","LST","","3.59","2.1175","TIKI DG MEATY CK&BF CUP 3OZ","TIKI DOG"
"6227616","4","3.5","LST","","3.59","2.1175","TIKI DG MEATY CK&SL CUP 3OZ","TIKI DOG"
"6227617","1","0","LST","","36.99","21.7","TIKI DG MEATY VRTY 10PKCUP 3OZ","TIKI DOG"
"6227619","4","0","OOS","","2.99","1.8975","TIKI DG WRLD FRNC B&P CUP 3OZ","TIKI DOG"
"6227621","4","0","LST","","2.99","1.8975","TIKI DG WRLD GR LB&CP CUP 3OZ","TIKI DOG"
"6227623","1","0","LST","","29.99","20.48","TIKI DG WRLD VRTY 10PK 3OZ","TIKI DOG"
"6227642","1","0","LST","","44.99","25.36","ADTL DG CLR MD LG 1EA","ADAPTIL"
"6227643","1","0","OOS","","44.99","25.36","ADTL DG CLR SM 1EA","ADAPTIL"
"6227646","1","0.25","LST","","28.99","16.9","ADTL DG SPRAY 20ML","ADAPTIL"
"6227647","1","0","LST","","92.99","54","FELIWAY CT CLS REFIL 3PK","FELIWAY"
"6227649","1","0","LST","","92.99","54","FELIWAY CT FRD REFIL 3PK","FELIWAY"
"6227665","12","0","LST","","5.29","3.1533","BLU DG TRU SLTN SENSTM 12.5OZ","BLUE BUFFALO"
"6227762","20","1.5","LST","","4.39","2.35","ETTA DG DELUXE LAMB 7IN","ETTA SAYS!"
"6227763","20","1","LST","","4.39","2.35","ETTA DG DELUXE CHICKEN 7IN","ETTA SAYS!"
"6227764","20","0.75","LST","","4.39","2.35","ETTA DG DELUXE TURKEY 7IN","ETTA SAYS!"
"6227765","20","0","LST","","4.29","2.15","ETTA DG SELECT LIVER 7IN","ETTA SAYS!"
"6227766","20","0","LST","","4.29","2.15","ETTA DG SELECT SAUSAGE 7IN","ETTA SAYS!"
"6227767","20","0.5","LST","","4.29","2.15","ETTA DG SELECT BACON 7IN","ETTA SAYS!"
"6227832","1","0.25","LST","","15.99","7.72","GRAN DG CT SARDINE TRTS90G","GRANVILLE ISLAND PET TREATERY"
"6227903","1","0","LST","","134.99","81.06","MW GP HBTT PL 47X24IN","MIDWEST"
"6227976","1","0","LST","57130","9.99","5","F4L NTRL PINE BDNG 20L","FRESH 4 LIFE"
"6227977","1","0.25","LST","35270","13.99","7","F4L NTRL PINE BDNG 41L","FRESH 4 LIFE"
"6227978","1","0","LST","35190","22.99","12.56","F4L NTRL PINE BDNG 125L","FRESH 4 LIFE"
"6227979","1","0.5","LST","56067","13.99","7.69","F4L NTRL ASPN BDNG 41L","FRESH 4 LIFE"
"6227980","1","0","LST","56069","22.99","13.79","F4L NTRL ASPN BDNG 125L","FRESH 4 LIFE"
"6228221","1","0","OOS","","34.99","22.58","MRK PB CT COMPCRE HB CNTRL 4LB","MERRICK"
"6228222","1","0","LST","","34.99","22.58","MRK PB CT COMPCRE SENS STM 4LB","MERRICK"
"6229235","1","0","LST","","5.99","3","FREEZER BAG - PET VALU 1EA","PET VALU"
"6229244","1","0","LST","","79.99","40","B&B SHLDR SOFT CARRIER GR 1SM","BAILEY & BELLA"
"6229245","1","0","LST","","79.99","40","B&B SHLDR SOFT CARRIER NV 1SM","BAILEY & BELLA"
"6229246","1","0","LST","","109.99","55","B&B EXPAND SOFT CARRIER GR 1MD","BAILEY & BELLA"
"6229248","1","0","LST","","139.99","76","B&B WHEEL SOFT CARRIER GR 1EA","BAILEY & BELLA"
"6229249","1","0","LST","","109.99","55","B&B BACKPACK CARRIER GR 1EA","BAILEY & BELLA"
"6229252","1","0","LST","","5.99","3","ESN COMPOST POOP BAG 60 PK","ESSENTIALS"
"6229253","1","0.25","LST","","10.99","5.8","ESN COMPOST POOP BAG 120 PK","ESSENTIALS"
"6229525","1","0","LST","","11.99","6.17","PUP SCOOPS DGCAKE MIX BNNA 9oz","PUPPY CAKE"
"6229545","1","0","LST","","27.99","14.41","SBONE DG BC&CHS MINI CHW11.8OZ","SMARTBONES"
"6229572","1","0","LST","","109.99","62.37","ESN EXERCISE PEN DOOR 24IN","ESSENTIALS"
"6229573","1","0","LST","","139.99","77.95","ESN EXERCISE PEN DOOR 36IN","ESSENTIALS"
"6229574","1","0","LST","","154.99","88.34","ESN EXERCISE PEN DOOR 42IN","ESSENTIALS"
"6229615","1","0","LST","","51.99","31.18","ESN OPEN TOP PLASTIC CARR 1SM","ESSENTIALS"
"6229616","1","0","LST","","72.99","41.57","ESN OPEN TOP PLASTIC CARR 1MD","ESSENTIALS"
"6229619","1","0.5","LST","","7.49","4.61","GREENIES CT DNTL CATNIP 4.6OZ","GREENIES"
"6229620","1","0.25","LST","63986","4.49","2.77","GREENIES CT DNTL CATNIP 2.1OZ","GREENIES"
"6229622","1","1","LST","11211","7.49","4.61","GREENIES CT DNTL CHKN 4.6OZ","GREENIES"
"6229624","1","0.5","LST","11215","7.49","4.61","GREENIES CT DNTL SALMON 4.6OZ","GREENIES"
"6229627","1","1.25","LST","11205","4.49","2.77","GREENIES CT DNTL SALMON 2.1OZ","GREENIES"
"6229628","1","2","LST","1101910","13.99","10.37","GREENIES CT DNTL CHKN 9.75OZ","GREENIES"
"6229862","1","0","OOS","","29.99","16.71","OH DG TORNADO PUZZLE 1EA","OUTWARD HOUND"
"6229863","1","0","OOS","","31.99","17.59","OH DG BRICK PUZZLE 1EA","OUTWARD HOUND"
"6229864","1","0","OOS","","31.99","17.59","OH DG TWISTER PUZZLE 1EA","OUTWARD HOUND"
"6229946","1","0","LST","","32.99","15.7","BB PLUSH RND BED GRY 1EA","BAILEY & BELLA"
"6229953","1","0","LST","","41.99","27.1","ADVNTG II KIT 2PK","ADVANTAGE"
"6229954","1","0","LST","","46.99","30.3","ADVNTG II CT SM 2PK","ADVANTAGE"
"6229955","1","0","LST","","46.99","30.3","ADVNTG II CT LG 2PK","ADVANTAGE"
"6229956","1","0","LST","","46.99","30.3","ADVNTG II DG SM 2PK","ADVANTAGE"
"6229957","1","0","LST","","46.99","30.29","ADVNTG II DG MD 2PK","ADVANTAGE"
"6229958","1","0","LST","","51.99","33.54","ADVNTG II DG LG 2PK","ADVANTAGE"
"6229959","1","0","LST","","51.99","33.54","ADVNTG II DG XL 2PK","ADVANTAGE"
"6229960","1","0","LST","","58.99","37.36","K9 ADVNTX DG SM 2PK","K9 ADVANTIX"
"6229961","1","0","LST","","58.99","37.36","K9 ADVNTX DG MD 2PK","K9 ADVANTIX"
"6229962","1","0","OOS","","64.99","41.27","K9 ADVNTX DG LG 2PK","K9 ADVANTIX"
"6229963","1","0","LST","","64.99","41.27","K9 ADVNTX DG XL 2PK","K9 ADVANTIX"
"6229977","1","0","LST","1101145","31.99","17.92","NB DG LID LMB&BR 4LB","NATURAL BALANCE"
"6229982","1","0","LST","15919","32.99","20.81","NB DG LID DK&POT 4LB","NATURAL BALANCE"
"6229983","1","0.25","LST","15937","99.99","67.09","NB DG LID SL&SP 24LB","NATURAL BALANCE"
"6229984","1","0","LST","15935","31.99","18.04","NB DG LID SL&SP 4LB","NATURAL BALANCE"
"6229987","1","0","OOS","15936","59.99","40.18","NB DG LID SL&SP 12LB","NATURAL BALANCE"
"6230009","40","0","LST","6465318","1.79","0.5713","KM JELLY POTS FRT MIX 1EA","KOMODO"
"6230031","1","0","LST","15922","32.99","20.74","NB DG SMBR LID DK&POT 4LB","NATURAL BALANCE"
"6230032","1","0","LST","15938","31.99","18.04","NB DG SMBR LID SL&SP 4LB","NATURAL BALANCE"
"6230061","1","0","LST","","17.99","8.58","NRTH BSC DG MINI M CND B&L450G","NORTHERN BISCUIT"
"6230062","1","0","LST","","17.99","8.58","NRTH BSC DG MINI M PPK&PNT450G","NORTHERN BISCUIT"
"6230067","1","0","OOS","","27.99","15.26","PACFC 21 DG SLM JERKY VP4.93OZ","PACIFIC 21"
"6230068","1","0","OOS","","24.99","13.72","PACFC 21 DG SLM SKN CRSP7.05OZ","PACIFIC 21"
"6230073","1","0","LST","","18.99","10.46","OXB HIDE & SEEK MAT 1SM","OXBOW"
"6230171","1","0","LST","51673","12.99","6.26","VL PRM BDG 1.7LB","VERSELE-LAGA"
"6230574","1","0.25","LST","","13.99","6.5","ER WIPES UNSCNTD 100CT","EARTH RATED"
"6230575","1","0","LST","","13.99","6.5","ER WIPES LVNDR 100CT","EARTH RATED"
"6230657","1","0","LST","","5.99","2.67","LW SA CHWS PPY STALK STCK 10PC","LIVING WORLD"
"6231145","1","0","LST","43838","25.99","13.85","PET KELP JOINT& BONE CA 1EA","THE MISSING LINK"
"6231146","1","0.5","LST","43861","25.99","13.85","PET KELP PROBIOTIC CA 8OZ","THE MISSING LINK"
"6232109","1","0.25","LST","45635","21.99","9.35","ESN DISP DIAPER 12XS","ESSENTIALS"
"6232110","1","0","LST","45636","21.99","9.89","ESN DISP DIAPER 12SM","ESSENTIALS"
"6232111","1","0","LST","45637","22.99","10.38","ESN DISP DIAPER 12MED","ESSENTIALS"
"6232112","1","0","LST","45605","24.99","11.41","ESN DISP DIAPER 12LG","ESSENTIALS"
"6232113","1","0","LST","45606","25.99","12.97","ESN DISP DIAPER 12XL","ESSENTIALS"
"6232120","1","0","LST","1503375","21.99","9.32","ESN MALE DIAPER WRAP 12XS","ESSENTIALS"
"6232121","1","0","LST","1503376","21.99","9.89","ESN MALE DIAPER WRAP 12SM","ESSENTIALS"
"6232122","1","0","LST","1503377","22.99","10.38","ESN MALE DIAPER WRAP 12MD","ESSENTIALS"
"6232124","1","0.25","OOS","1503378","24.99","11.41","ESN MALE DIAPER WRAP 12LG","ESSENTIALS"
"6232294","1","0","LST","30595","33.99","18.5","NRTH BSC DG BCN BLR 1.36KG","NORTHERN BISCUIT"
"6232295","1","0","LST","1102563","33.99","18.5","NRTH BSC DG LIVER 1.36KG","NORTHERN BISCUIT"
"6232296","1","0","LST","30596","33.99","18.5","NRTH BSC DG PUMPKIN PIE 1.36KG","NORTHERN BISCUIT"
"6232297","1","0","LST","1102564","33.99","18.5","NRTH BSC DG PEANUT 1.36KG","NORTHERN BISCUIT"
"6232424","1","0.5","LST","","21.99","14.83","GO! DG S&C TKY WGRAINS 3.5LB","GO! SOLUTIONS"
"6232429","1","0","LST","","28.99","19.55","GO! DG CNV GF LMB&BR 3.5LB","GO! SOLUTIONS"
"6232430","1","0","LST","","75.99","51.25","GO! DG CNV GF LMB&BR 12LB","GO! SOLUTIONS"
"6232431","1","0","LST","","114.99","77.56","GO! DG CNV GF LMB&BR 22LB","GO! SOLUTIONS"
"6232432","1","0.5","LST","","26.99","18.21","GO! DG CNV GF SL&COD 3.5LB","GO! SOLUTIONS"
"6232433","1","0","LST","","69.99","47.21","GO! DG CNV GF SL&COD 12LB","GO! SOLUTIONS"
"6232434","1","0.5","LST","","108.99","73.51","GO! DG CNV GF SL&COD 22LB","GO! SOLUTIONS"
"6232435","1","0","LST","","73.99","49.9","GO! DG SENS LID GF DUCK 12LB","GO! SOLUTIONS"
"6232436","1","0","LST","","74.99","50.58","GO! DG SENS LID GF LMB 12LB","GO! SOLUTIONS"
"6232438","1","0","LST","","67.99","45.86","GO! DG SENS LID GF SL 12LB","GO! SOLUTIONS"
"6232441","1","0","LST","","42.99","29","GO! DG SENS LID GF SL SMBT 6LB","GO! SOLUTIONS"
"6232444","1","0","LST","","24.99","16.86","GO! CT S&C GF SL 3LB","GO! SOLUTIONS"
"6232445","1","0","LST","","51.99","35.07","GO! CT S&C GF SL 8LB","GO! SOLUTIONS"
"6232464","1","0","LST","","28.99","19.55","GO! CT CNV GF SL&COD 3LB","GO! SOLUTIONS"
"6232465","1","0","LST","","59.99","40.46","GO! CT CNV GF SL&COD 8LB","GO! SOLUTIONS"
"6232603","1","0.25","LST","","14.99","7.49","CHUCKIT ULTRA FETCH STICK 1EA","CHUCKIT"
"6232604","1","0","LST","1502268","16.99","9.12","CHUCKIT BREATHE RIGHT BALL 2MD","CHUCKIT"
"6232607","1","0","LST","89504","16.99","9.42","CHUCKIT ULTRA SQUEAKER 2MD","CHUCKIT"
"6232642","1","0","LST","","29.99","19.38","ZIGNATURE DG LID SMBT KANGA4LB","ZIGNATURE"
"6232699","1","0","LST","","14.99","6.51","KONG SIGNATURE STICK 1MD","KONG"
"6232708","1","0.25","ROS","","32.99","15.48","KONG CT PLAYSPACES CAMPER 1EA","KONG"
"6232715","6","0","LST","","5.69","3.3","TIKI CAT TUNA CRUNCHERS 2OZ","TIKI CAT"
"6232717","12","0","LST","","6.99","4.355","TIKI CAT CHKN MSSE STIX3OZ6PK","TIKI CAT"
"6232725","1","0","LST","","79.99","54.25","VN CALM CARRIER 20IN","VAN NESS"
"6232741","1","0.25","LST","","34.99","23.6","OPFM DG SL&OAT ANCNT G 4LB","OPEN FARM"
"6232745","1","0","LST","","106.99","72.68","OPFM DG ANCNT G PUP CK&SLM22LB","OPEN FARM"
"6233000","1","0.5","LST","1103471","66.99","44.29","ACANA CT RGNL WILD PR 9.9LB","ACANA"
"6233001","1","0.25","LST","1103474","66.99","44.3","ACANA CT RGNL GRASSLANDS 9.9LB","ACANA"
"6233002","1","0.25","LST","1103468","66.99","44.3","ACANA CT RGNL PACIFICA 9.9LB","ACANA"
"6233003","1","0","LST","","29.99","19.54","ACANA CT FRST FST KIT 4LB","ACANA"
"6233004","1","0.25","LST","","29.99","19.54","ACANA CT HMSTD HRVST 4LB","ACANA"
"6233005","1","0.25","LST","","55.99","37.59","ACANA CT HMSTD HRVST 9.9LB","ACANA"
"6233006","1","0","LST","","29.99","19.54","ACANA CT INDR ENTRE 4LB","ACANA"
"6233007","1","0.5","LST","","55.99","37.59","ACANA CT INDR ENTRE 9.9LB","ACANA"
"6233008","1","0","LST","","29.99","19.54","ACANA CT BNTFL CTCH 4LB","ACANA"
"6233013","1","0.25","LST","","35.99","23.45","ORIJEN DG SMBRD 4LB","ORIJEN"
"6233014","1","0.25","LST","","70.99","47.65","ORIJEN DG SMBRD 10LB","ORIJEN"
"6233652","1","0","LST","","31.99","15.65","MX&ML DG SMRTID CLR DONUT 1LG","MAX & MOLLY URBAN PETS"
"6233659","1","0","LST","","27.99","14.03","MX&ML DG SMRTID CLR DONUT 1MD","MAX & MOLLY URBAN PETS"
"6233855","1","0","LST","","20.99","10.45","MX&ML DG SMRTID CLR DONUT 1XS","MAX & MOLLY URBAN PETS"
"6233875","1","0","LST","","10.99","5.17","OXB ENLF CLBRTN CPCK 1EA","OXBOW"
"6233936","1","0","ROS","","84.99","48.6","B&B PLUSH MAT GRY 48X30","BAILEY & BELLA"
"6234144","30","0","LST","","8.29","3.55","PERF ULT HD-F CH RLL 4IN MD","PERFORMATRIN ULTRA"
"6234145","21","0","LST","","13.99","6.6667","PERF ULT HD-F CH RLL 7IN LG","PERFORMATRIN ULTRA"
"6234149","1","0.75","LST","","14.99","6.34","PERF ULT HD-F CH STK5IN3.5OZ","PERFORMATRIN ULTRA"
"6234449","1","0","LST","","12.99","6.24","TL OCTOPUS DG TOY 1SM","TUFF LOVE"
"6234450","1","0","LST","","19.99","9.87","TL OCTOPUS DG TOY 1MD","TUFF LOVE"
"6234451","1","0","LST","","25.99","12.99","TL OCTOPUS DG TOY 1LG","TUFF LOVE"
"6234452","1","0.25","LST","","9.99","4.8","TL WHALE DG TOY 1SM","TUFF LOVE"
"6234453","1","0","LST","","12.99","6.5","TL WHALE DG TOY 1MD","TUFF LOVE"
"6234454","1","0.25","LST","","19.99","10","TL WHALE DG TOY 1LG","TUFF LOVE"
"6234456","1","0","LST","","19.99","10","TL LION DG TOY 1MD","TUFF LOVE"
"6234457","1","0","LST","","25.99","13","TL LION DG TOY 1LG","TUFF LOVE"
"6234587","1","0","LST","","32.99","16.5","BB REV CUS BED PINK 22IN","BAILEY & BELLA"
"6234614","1","0","LST","","24.99","12.47","MX&ML DG SMRTID CLR DONUT 1SM","MAX & MOLLY URBAN PETS"
"6234623","1","0","LST","","7.99","3.4","HARI BRD OYSTER SHL 15OZ","HARI"
"6234670","12","0","LST","","3.49","1.6108","JAYS TA DG CHICKEN MEATBARS1oz","JAY'S"
"6234671","1","0","LST","","13.49","6.76","ARK DG BRSHLS DENTAL CHW4OZ","ARK NATURALS"
"6234673","1","0","LST","","72.99","46.15","ARK DG BRSHLS DENTAL VP 54OZMD","ARK NATURALS"
"6234855","1","0.25","LST","","4.99","2.29","ESN PPBG DSP BLK UNSC 1EA","ESSENTIALS"
"6234860","1","0.75","LST","","17.49","9.25","CRMP DG MINI TRAIN FD BF4.4oz","CRUMPS' NATURALS"
"6234861","1","0.75","LST","","17.49","9.25","CRMP DG MINI TRAIN BF10.6oz","CRUMPS' NATURALS"
"6234862","1","0.25","LST","","17.49","9.25","CRMP DG MINI TRAIN CK 10.6oz","CRUMPS' NATURALS"
"6234863","1","0","LST","","15.99","6.44","ZIGNATURE DG KANGARO ZIGGY12OZ","ZIGNATURE"
"6234864","1","0","LST","","15.99","6.44","ZIGNATURE DG LAMB ZIGGY 12OZ","ZIGNATURE"
"6234865","1","0","LST","","15.99","6.44","ZIGNATURE DG TKY ZIGGY 12OZ","ZIGNATURE"
"6234866","1","0.25","LST","","15.99","6.44","ZIGNATURE DG SLMN ZIGGY 12OZ","ZIGNATURE"
"6234875","12","0","LST","","5.79","3.6975","SD DG SEN ST&SK CK&VG 12.8OZ","HILL'S SCIENCE DIET"
"6234901","1","0","LST","","15.99","7.5","T&T DG SYDNEYS STOGIES 3PC","THIS & THAT"
"6234903","1","0","LST","","11.99","5.65","T&T DG SYDNEYS SM PLANKS 1EA","THIS & THAT"
"6234904","1","0.25","LST","","11.99","5.65","T&T DG SYDNEYS LG PLANKS 1EA","THIS & THAT"
"6234905","1","0","LST","","18.99","9.71","T&T DG SYDNEYS WOLFFISH 1EA","THIS & THAT"
"6234911","1","0","LST","","18.99","10.08","T&T DG ENHA ANT MPL BCN SM 1EA","THIS & THAT"
"6234912","1","0","LST","","26.99","14.23","T&T DG ENHA ANT MPL BCN MD 1EA","THIS & THAT"
"6234913","1","0","LST","","37.99","20.19","T&T DG ENHA ANT MPL BCN LG 1EA","THIS & THAT"
"6234915","1","0","LST","","18.99","10.08","T&T DG ENHA ANT BEEF LVR SM1EA","THIS & THAT"
"6234916","1","0","LST","","26.99","14.23","T&T DG ENHA ANT BEEF LVR MD1EA","THIS & THAT"
"6234917","1","0","LST","","35.99","19.1","T&T DG ENHA ANT BEEF LVR LG1EA","THIS & THAT"
"6234931","1","0","LST","","34.99","16.32","PETSF DG EZ WALK HRN 1M/L","PETSAFE"
"6235000","1","0.25","LST","","64.99","47.72","PPLN CT LIVECLEAR CHK RICE 7LB","PURINA PRO PLAN"
"6235003","1","0.25","LST","","74.99","59.78","PPLN DG SS&S PUP 16LB","PURINA PRO PLAN"
"6235060","35","0","LST","","17.99","10.1246","RB DG BULLY RING SM 1EA","REDBARN"
"6235061","25","0","LST","","31.99","18.0488","RB DG BULLY STICKS 24IN","REDBARN"
"6235094","6","0","LST","","3.39","1.5683","BB BURSTS FLD CAT TRTS CHKN2OZ","BLUE BUFFALO"
"6235095","6","0","LST","","3.39","1.5683","BB BURSTS FLD CAT TTS SEAFD2OZ","BLUE BUFFALO"
"6235096","6","0.25","LST","","5.99","3.23","BB BURSTS FLD CAT TRTS CHKN5OZ","BLUE BUFFALO"
"6235097","6","0.25","LST","","5.99","3.165","BB BURSTS FLD CAT TTS SEAFD5OZ","BLUE BUFFALO"
"6235115","1","0","ROS","","62.99","31.5","BB BON EMB RND BED TPE 38IN","BAILEY & BELLA"
"6235236","1","0.25","LST","","20.99","9.45","JMP DG TRN LD 20FT","JUMP"
"6235237","1","0","LST","","24.99","14","JMP DG TRN LD 30FT","JUMP"
"6235238","1","0","LST","","34.99","15.75","JMP DG TRN LD 50FT","JUMP"
"6235252","1","0.25","LST","","125.99","95.44","SD DG AD PRFT DGTV CK&BR 22LB","HILL'S SCIENCE DIET"
"6235255","1","0","OOS","","44.99","28.31","SD CT AD PRFT DGTV CK&BR 3.5LB","HILL'S SCIENCE DIET"
"6235257","1","0.25","LST","","43.99","28.65","SD DG AD PRFT DGTV CK&BR 3.5LB","HILL'S SCIENCE DIET"
"6235488","1","0","LST","","139.99","76.99","BWSR SHG DOT BED WHT 36X30 1EA","BOWSERS"
"6235489","1","0","LST","","184.99","110.99","BWSR SHG DOT BED WHT 43X34 1EA","BOWSERS"
"6235490","1","0","LST","","219.99","131.99","BWSR SHG DOT BED WHT 50X38 1EA","BOWSERS"
"6235491","1","0","LST","","139.99","76.99","BWSR LOUNGER CHAR 35X28 1EA","BOWSERS"
"6235492","1","0","LST","","184.99","110.99","BWSR LOUNGER CHAR 39X30 1EA","BOWSERS"
"6235493","1","0","LST","","219.99","131.99","BWSR LOUNGER CHAR 47X35 1EA","BOWSERS"
"6235840","1","0","ROS","","17.99","7.05","JMP DG CLR PNAPPL BLU 1LG","JUMP"
"6235884","1","0","ROS","","17.99","7.05","JMP DG CLR GINGHAM GREY 1LG","JUMP"
"6235887","1","0","ROS","","16.99","6.62","JMP DG CLR FLAMINGO GREY 1MD","JUMP"
"6235888","1","0","ROS","","17.99","7.05","JMP DG CLR FLAMINGO GREY 1LG","JUMP"
"6236000","1","0","LST","","14.99","8.57","S&C DG CB BITES BCN&PORK8.25OZ","STELLA & CHEWY'S"
"6236045","1","0","LST","","36.99","21.57","HERM DG PRNG CLR 14IN","HERM SPRENGER"
"6236046","1","0","LST","","45.99","25.98","HERM DG PRNG CLR 18IN","HERM SPRENGER"
"6236047","1","0","LST","","48.99","30","HERM DG PRNG CLR 20IN","HERM SPRENGER"
"6236048","1","0","LST","","58.99","36.72","HERM DG PRNG CLR 22IN","HERM SPRENGER"
"6236050","1","0","LST","","56.99","32.84","HERM DG QK RLSE PRNG CLR 18IN","HERM SPRENGER"
"6236051","1","0","LST","","62.99","34.61","HERM DG QK RLSE PRNG CLR 20IN","HERM SPRENGER"
"6236053","1","0.25","LST","","12.99","6.92","HERM DG PRNG LINKS 2.25MM 3PK","HERM SPRENGER"
"6236054","1","0","LST","","16.99","9.19","HERM DG PRNG LINKS 3MM 3PK","HERM SPRENGER"
"6236055","1","0","LST","","17.99","9.82","HERM DG PRNG LINKS 3.25MM 3PK","HERM SPRENGER"
"6236056","1","0","LST","","22.99","12.72","HERM DG PRNG LINKS 3.80MM 3PK","HERM SPRENGER"
"6236164","1","0","LST","46521","59.99","32.2","PCHPD REUSE POTTY PAD LG 2PK","POOCH PAD"
"6236165","1","0","LST","1500239","43.99","22.97","PCHPD INDOOR REPL PAD 2PK","POOCH PAD"
"6236365","1","0.25","LST","1103548","35.99","23.46","ACANA DG SNGLS LMB&APL 4LB","ACANA"
"6236366","1","0","LST","1103550","76.99","51.67","ACANA DG SNGLS LMB&APL 11.9LB","ACANA"
"6236367","1","0.75","LST","1103547","125.99","86.49"," ACANA DG SNGLS LMB&APL 23.8LB","ACANA"
"6236368","1","0.5","LST","1103556","35.99","23.46","ACANA DG SNGLS DK&PEAR 4LB","ACANA"
"6236369","1","0.25","LST","1103558","76.99","51.67","ACANA DG SNGLS DK&PEAR 11.9LB","ACANA"
"6236370","1","0","LST","1103555","125.99","86.49","ACANA DG SNGLS DK&PEAR 23.8LB","ACANA"
"6236372","1","0.25","LST","1103554","66.99","44.98","ACANA DG SNGLS PRK&SQSH 11.9LB","ACANA"
"6236389","1","0","INOT","","59.99","29.33","OH GRANBY SPLASH LJ ORG XL 1EA","OUTWARD HOUND"
"6236394","1","0","INOT","","59.99","29.33","OH GRANBY SPLASH LJ PNK XL1EA","OUTWARD HOUND"
"6236395","1","0","LST","","10.99","5.11","HARI CHAR 8.11OZ","HARI"
"6236444","1","0","LST","","9.99","4.86","HARI BRD CLAY-CAL SUPPL 1.27LB","HARI"
"6236496","1","0","LST","","14.99","8.57","S&C DG CB BITES BCN&DCK8.25OZ","STELLA & CHEWY'S"
"6236497","1","0","LST","","14.99","8.57","S&C DG CB BITES BCN&CHCK8.25OZ","STELLA & CHEWY'S"
"6236498","1","0","OOS","","14.99","8.57","S&C DG CB BITES BCN&BF8.25OZ","STELLA & CHEWY'S"
"6236887","1","0","INOT","","16.99","8","S21 HD PRIDE DRESS XS 1EA","HOTEL DOGGY"
"6236888","1","0","INOT","","16.99","8","S21 HD PRIDE DRESS S 1EA","HOTEL DOGGY"
"6236889","1","0","INOT","","16.99","8","S21 HD PRIDE DRESS M 1EA","HOTEL DOGGY"
"6236890","1","0","INOT","","19.99","9","S21 HD PRIDE DRESS L 1EA","HOTEL DOGGY"
"6236891","1","0","INOT","","19.99","9","S21 HD PRIDE DRESS XL 1EA","HOTEL DOGGY"
"6236892","1","0","INOT","","14.99","7","S21 HD PRIDE TANK XS 1EA","HOTEL DOGGY"
"6236893","1","0","INOT","","14.99","7","S21 HD PRIDE TANK S 1EA","HOTEL DOGGY"
"6236894","1","0","INOT","","14.99","7","S21 HD PRIDE TANK M 1EA","HOTEL DOGGY"
"6236895","1","0","INOT","","19.99","9","S21 HD PRIDE TANK L 1EA","HOTEL DOGGY"
"6236896","1","0","INOT","","19.99","9","S21 HD PRIDE TANK XL 1EA","HOTEL DOGGY"
"6236900","1","0","INOT","","19.99","9","S21 HD PRIDE TANK XXL 1EA","HOTEL DOGGY"
"6236901","1","0","INOT","","19.99","9.25","S21 HD PRIDE PAJAMAS XS 1EA","HOTEL DOGGY"
"6236902","1","0","INOT","","19.99","9.25","S21 HD PRIDE PAJAMAS S 1EA","HOTEL DOGGY"
"6236903","1","0","INOT","","19.99","9.25","S21 HD PRIDE PAJAMAS M 1EA","HOTEL DOGGY"
"6236904","1","0","INOT","","24.99","12","S21 HD PRIDE PAJAMAS L 1EA","HOTEL DOGGY"
"6236905","1","0","INOT","","24.99","12","S21 HD PRIDE PAJAMAS XL 1EA","HOTEL DOGGY"
"6236906","1","0","INOT","","24.99","12","S21 HD PRIDE PAJAMAS XXL 1EA","HOTEL DOGGY"
"6236907","1","0","INOT","","7.99","3.75","S21 HD PRIDE BAND S 1EA","HOTEL DOGGY"
"6236908","1","0","INOT","","7.99","3.75","S21 HD PRIDE BAND L 1EA","HOTEL DOGGY"
"6236909","1","0","INOT","","7.99","3.75","S21 HD PRIDE BOWTIE OS 1EA","HOTEL DOGGY"
"6236998","1","0","LST","","139.99","76.99","BWSR PLAID DNUT BED NAY M 1EA","BOWSERS"
"6236999","1","0","LST","","184.99","110.99","BWSR PLAID DNUT BED NAY L 1EA","BOWSERS"
"6237035","1","0","LST","","31.99","15.5","T&T DG EVEREST LG 2pc MLTIPK","THIS & THAT"
"6237036","1","0","LST","","33.99","17.6","T&T DG EVEREST MED 3pc MLTIPK","THIS & THAT"
"6237037","1","0.5","LST","","41.99","21.2","T&T DG EVEREST XLG 2pc MLTIPK","THIS & THAT"
"6237458","1","0","LST","","9.89","5.5","TTR FD BLDWM 0.25OZ","TETRA"
"6237480","1","0","LST","","63.99","43.26","LT DG LB FSH&OAT 25LB","LIFETIME"
"6237482","1","0","LST","","21.99","14.46","LT CT INDR CK&OAT 5LB","LIFETIME"
"6237646","1","0","ROS","","19.99","10.39","P4E OCTOPUS 1MD","PAWS4EARTH"
"6237648","1","0","ROS","","16.99","8.31","P4E GECKO TUGGER 1MD","PAWS4EARTH"
"6237660","1","0","ROS","","77.99","37.94","BB GREY PET COUCH 20X30 1EA","BAILEY & BELLA"
"6237661","1","0","LST","","99.99","49.37","BB GREY PET COUCH 30X40 1EA","BAILEY & BELLA"
"6237662","1","0","ROS","","77.99","37.94","BB NAVY PET COUCH 20X30 1EA","BAILEY & BELLA"
"6237663","1","0","LST","","99.99","49.37","BB NAVY PET COUCH 30X40 1EA","BAILEY & BELLA"
"6237672","1","0","ROS","","22.99","11.45","HH KNOTTIE LOUISE LAMB 1SM","HUGGLEHOUNDS"
"6237673","1","0","ROS","","26.99","14.72","HH KNOTTIE LOUISE LAMB 1LG","HUGGLEHOUNDS"
"6237729","1","0","ROS","","32.99","13.86","JMP DG VST HRN DOTS PNK 1LG","JUMP"
"6237736","1","0","ROS","","29.99","12.6","JMP DG VST HRN FLMNG PRPL 1XS","JUMP"
"6237741","1","0","ROS","","29.99","12.6","JMP DG VST HRN GINGHM GREY 1XS","JUMP"
"6237744","1","0","ROS","","32.99","13.86","JMP DG VST HRN GINGHM GREY 1LG","JUMP"
"6238002","1","0","ROS","","33.99","17.33","BB DG HRN PNK PLD 1XS","BAILEY & BELLA"
"6238003","1","0","ROS","","33.99","17.33","BB DG HRN PNK PLD 1SM","BAILEY & BELLA"
"6238005","1","0","ROS","","38.99","20.27","BB DG HRN PNK PLD 1LG","BAILEY & BELLA"
"6238011","1","0","ROS","","33.99","17.33","BB DG HRN GRY HRNGBNE 1SM","BAILEY & BELLA"
"6238012","1","0","ROS","","38.99","20.27","BB DG HRN GRY HRNGBNE 1MD","BAILEY & BELLA"
"6238013","1","0","ROS","","38.99","20.27","BB DG HRN GRY HRNGBNE 1LG","BAILEY & BELLA"
"6238020","1","0","ROS","","20.99","7.35","JMP CLR MRTGL FLMNGO PRP 1XS","JUMP"
"6238024","1","0","ROS","","20.99","7.35","JMP CLR MRTNGL PNAPL YLW 1XS","JUMP"
"6238025","1","0","ROS","","22.99","8.04","JMP CLR MRTNGL PNAPL YLW 1SM","JUMP"
"6238037","1","0","ROS","","22.99","8.04","JMP CLR MRTNGL PAW BLUE 1SM","JUMP"
"6238339","1","0","LST","","94.99","54.29","BLU CT TRU SLTN DGTV 15LB","BLUE BUFFALO"
"6238341","1","0","LST","","99.99","60.1","BLU DG TRU SLTN MBLTY 22LB","BLUE BUFFALO"
"6238342","1","0","LST","","39.99","23.74","BLU DG TRU SLTN MBLTY 5LB","BLUE BUFFALO"
"6238343","12","0","LST","","5.29","3.1533","BLU DG TRU SLTN MBLTY 12.5OZ","BLUE BUFFALO"
"6238399","24","0","LST","","3.49","2.1883","SD CT KIT CK TNDR PCH 2.8OZ","HILL'S SCIENCE DIET"
"6238510","1","0.5","LST","","27.99","18.24","ACANA DG HLTHY GRNS PUP 4LB","ACANA"
"6238511","1","0.25","LST","","91.99","58.97","ACANA DG HLTHY GRNS PUP 22.5LB","ACANA"
"6238512","1","0","LST","","89.99","58.31","ACANA DG HLTHY GRNS LB 22.5LB","ACANA"
"6238513","1","1","LST","","27.99","18.24","ACANA DG HLTHY GRNS RD MT 4LB","ACANA"
"6238514","1","0.75","LST","","97.99","63.49","ACANA DG HLTH GRNS RD MT22.5LB","ACANA"
"6238515","1","1","LST","","27.99","18.24","ACANA DG HLTHY GRNS POL 4LB","ACANA"
"6238516","1","0.25","LST","","89.99","58.31","ACANA DG HLTH GRNS POL 22.5LB","ACANA"
"6238999","1","0","LST","26524","29.99","20.23","NOW DG AD GF TK SL&DK 3.5LB","NOW FRESH"
"6239000","1","0","LST","26526","109.99","74.19","NOW DG AD GF TK SL&DK 22LB","NOW FRESH"
"6239002","1","0","LST","26528","30.99","20.9","NOW DG SNR GF TK SL&DK 3.5LB","NOW FRESH"
"6239003","1","0.25","LST","26531","111.99","75.53","NOW DG SNR GF TK SL&DK 22LB","NOW FRESH"
"6239009","1","0","LST","26566","33.99","22.93","NOW DG SNR SMBR GFTK SLDK3.5LB","NOW FRESH"
"6239012","1","0.75","LST","26563","32.99","22.25","NOW DG SMBR GF TK SL&DK 3.5LB","NOW FRESH"
"6239013","1","0","LST","26561","33.99","22.93","NOW PUP SMBR GF TK SL&DK 3.5LB","NOW FRESH"
"6239023","1","0.25","LST","","29.99","19.25","ACANA DG FD MORSELS BF 8OZ","ACANA"
"6239024","1","0.25","LST","","43.99","28.24","ACANA DG FD PATTIES BF 14OZ","ACANA"
"6239025","1","0","LST","","29.99","19.25","ACANA DG FD MORSELS CHK 8OZ","ACANA"
"6239026","1","0","LST","","43.99","28.24","ACANA DG FD PATTIES CHK 14OZ","ACANA"
"6239027","1","0","LST","","29.99","19.25","ACANA DG FD MORSELS DK 8OZ","ACANA"
"6239028","1","0","LST","","43.99","28.24","ACANA DG FD PATTIES DK 14OZ","ACANA"
"6239029","1","0","LST","","29.99","19.25","ACANA DG FD MORSELS TKY 8OZ","ACANA"
"6239030","1","0","OOS","","43.99","28.24","ACANA DG FD PATTIES TKY 14OZ","ACANA"
"6239043","1","0.5","LST","18738","29.99","20.23","NOW CT SNR GF TK SL&DK 3LB","NOW FRESH"
"6239046","12","0.25","LST","","1.39","1.1392","FF CT PETITES BRSD CK 2.8OZ","FANCY FEAST"
"6239047","12","1.25","LST","","1.39","1.1392","FF CT PETITES WFSH&TN 2.8OZ","FANCY FEAST"
"6239048","12","1.25","LST","","1.39","1.1392","FF CT PETITES WLD SL 2.8OZ","FANCY FEAST"
"6239049","12","2.5","LST","","1.39","1.1392","FF CT PETITES CK GRVY 2.8OZ","FANCY FEAST"
"6239125","1","0","INOT","","16.99","7.5","HD PRIDE LSH 1MD","HOTEL DOGGY"
"6239126","1","0","INOT","","16.99","7.5","HD PRIDE LSH 1LG","HOTEL DOGGY"
"6239768","30","0","LST","","8.29","3.55","PERF ULT HD-F BEEF RLL 4IN","PERFORMATRIN ULTRA"
"6239769","21","0","LST","","13.99","6.6667","PERF ULT HD-F BEEF RLL 7IN","PERFORMATRIN ULTRA"
"6239770","1","0.5","LST","","14.99","6.83","PERF ULT HD-F BEEF STX5IN3.5OZ","PERFORMATRIN ULTRA"
"6239771","1","0.75","LST","","44.99","21.83","PERF ULT HD-F CH VP RLL19.4OZ","PERFORMATRIN ULTRA"
"6239857","1","0","LST","","9.99","4","MRBD SUET FDR 1EA","MORE BIRDS"
"6239884","24","10","LST","","3.49","2.1775","RCFHN CT INDR AD MRSLS GVY 3OZ","ROYAL CANIN"
"6240076","1","0.5","LST","","125.99","95.44","SD DG AD LB PRFCT DGTV 22LB","HILL'S SCIENCE DIET"
"6240085","24","0","OOS","","2.69","1.6333","PPLN CT ADULT 7+ PP SL&TU 3OZ","PURINA PRO PLAN"
"6240271","8","0.75","LST","","9.49","6.2625","PORTLAND DG BF&R POUCH 9OZ","PORTLAND PET FOOD COMPANY"
"6240273","8","0.25","LST","","9.49","6.2625","PORTLAND DG PRK&POT POUCH 9OZ","PORTLAND PET FOOD COMPANY"
"6240289","1","0","LST","","10.99","5.55","JAYS TA BEEF DOGGY BITS 6OZ","JAY'S"
"6240291","1","0","LST","","10.99","5.55","JAYS TA DUCK DOGGY BITS 6OZ","JAY'S"
"6240292","1","0","LST","","10.99","5.55","JAYS TA TURKEY DOGGY BITS 6OZ","JAY'S"
"6240383","1","0.25","LST","","14.99","8","WEL DG SFT PUPPY BTS L&SLM8OZ","WELLNESS"
"6240501","1","0","LST","","21.99","10.38","KONG SQUEEZZ GOOMZ FTBL 1LG","KONG"
"6240503","1","0","LST","","11.99","5.95","KONG SQUEEZZ GOOMZ BALL 1LG","KONG"
"6240610","6","0","LST","","10.99","6.0183","PTRGS CT SUSHI SAUCER TEAL 5IN","PETRAGEOUS"
"6240612","4","0","LST","","15.99","8","PTRGS DG CLASSY BONES GREY 5IN","PETRAGEOUS"
"6240613","4","0","LST","","23.99","13.1475","PTRGS DG CLASSY BONES GREY 7IN","PETRAGEOUS"
"6240616","4","0","LST","","18.99","9.5","PTRGS CT MEOW BOWL GREY 5IN","PETRAGEOUS"
"6240676","1","0","LST","44417","16.99","8.33","ER UNSCNT COMPOST BAGS 120PC","EARTH RATED"
"6240810","1","0","LST","15940","32.99","19.62","NB DG LID VEN&SP 4LB","NATURAL BALANCE"
"6240811","1","0","LST","15942","109.99","76.47","NB DG LID VEN&SP 22LB","NATURAL BALANCE"
"6240886","12","0","LST","","6.99","4.5733","TIKI CAT CH DK SLMN VP STIX3OZ","TIKI CAT"
"6240909","1","0","ROS","1504040","16.99","10.75","NATFRESH QUICK CLMP 10LB","NATURALLY FRESH"
"6240980","24","0","LST","23147","4.69","2.8","RCCHN DG SB BEAUTY 5.2OZ","ROYAL CANIN"
"6240982","24","0.25","LST","35125","4.49","2.7188","RCFHN CT MTHR&BBC MOUSSE 5.1OZ","ROYAL CANIN"
"6240983","24","0","LST","35126","4.49","2.7188","RCFHN CT KIT LOAF 5.1OZ","ROYAL CANIN"
"6240985","24","5.5","OOS","18409","4.49","2.7188","RCFCN CT AGE 12PL LOAF 5.1OZ","ROYAL CANIN"
"6241039","1","0","LST","","19.99","10.39","NGAGE BUMPER ORNG 1EA","N-GAGE"
"6241050","1","0","LST","","15.99","7.79","NGAGE BUNGEE HDNLR ORNG 1EA","N-GAGE"
"6241102","12","0.5","LST","","6.19","4.1525","ACANA DG PUP PATE 12.8OZ","ACANA"
"6241103","12","2.75","LST","","6.39","4.2858","ACANA DG PORK CHUNK 12.8OZ","ACANA"
"6241104","12","1.25","LST","","6.39","4.2858","ACANA DG LAMB CHUNK 12.8OZ","ACANA"
"6241105","12","0.5","LST","","6.39","4.2858","ACANA DG DUCK CHUNK 12.8OZ","ACANA"
"6241106","12","2.25","LST","","6.39","4.2858","ACANA DG POULTRY CHUNK 12.8OZ","ACANA"
"6241107","12","2","LST","","6.39","4.2858","ACANA DG BEEF CHUNK 12.8OZ","ACANA"
"6241115","1","0.25","LST","","34.99","15","PERF ULT HD-F CH STKZ5IN10.5OZ","PERFORMATRIN ULTRA"
"6250440","8","0","LST","","9.49","6.2625","PORTLAND DG CHK&YAM POUCH 9OZ","PORTLAND PET FOOD COMPANY"
"6250441","8","0.5","LST","","9.49","6.2625","PORTLAND DG SL&R POUCH 9OZ","PORTLAND PET FOOD COMPANY"
"6250443","1","0","LST","","42.99","20.75","DGS DRTY DG DOORMAT GRY M 1EA","DOG GONE SMART"
"6250444","1","0","LST","","51.99","29.24","DGS DRTY DG DOORMAT GRY L 1EA","DOG GONE SMART"
"6250446","1","1.25","LST","","12.99","8.8","PB CT MINNOW SUPER VSIZE 2.3OZ","PUREBITES"
"6250447","1","0","LST","","6.99","4.45","PB CT SHRIMP VALUE SIZE 0.38OZ","PUREBITES"
"6250448","1","0.5","LST","","12.99","8.8","PB CT SHRIMP SUPER VSIZE0.81OZ","PUREBITES"
"6250453","1","0","LST","","6.99","3.43","ER POOPBAG DSP UNSCN 2.0 15PC","EARTH RATED"
"6250702","1","0","LST","","16.99","8.05","PB DG COD SKIN JERKY4.8OZ","PUREBITES"
"6250790","1","0","LST","","72.99","46.15","ARK DG BRSHLS DENTAL VP 54OZLG","ARK NATURALS"
"6250844","1","0","LST","","14.99","7.85","LJ DG BLUEBERRY BLISS6OZ","LORD JAMESON"
"6251652","1","0","LST","","21.99","11.75","OXB ENLF PLY GRDN PZL 1EA","OXBOW"
"6251658","1","0","LST","","27.99","14.04","MX&ML DG LSH DONUT 3/5IN 6FT","MAX & MOLLY URBAN PETS"
"6251664","1","0","LST","","33.99","17.2","MX&ML DG LSH DONUT 1IN 6FT","MAX & MOLLY URBAN PETS"
"6251685","1","0","LST","","16.99","8.5","MX&ML CT SMRTID CLR PNK LP 1EA","MAX & MOLLY URBAN PETS"
"6251688","1","0","LST","","16.99","8.5","MX&ML CT SMRTID CLR MOSAIC 1EA","MAX & MOLLY URBAN PETS"
"6251690","1","0","LST","","16.99","8.5","MX&ML CT SMRTID CLR TROPIC 1EA","MAX & MOLLY URBAN PETS"
"6252877","6","0","INOT","","16.99","8.4","LZY KTY X25 ADVNT CLDR 1EA","LAZY KITTY"
"6252937","1","0","LST","","54.99","32.99","CALMR CALM PUPPY 1EA","CALMEROOS"
"6252939","1","0","LST","","12.99","6.5","DRYMATE GREY STRIPE MAT 20IN","DRYMATE"
"63000","1","0","LST","","24.99","12.23","SOFT CLAWS KITTEN CLR 1EA","SOFT CLAWS"
"63001","1","0","LST","","24.99","12.23","SOFT CLAWS CAT SM CLR 1EA","SOFT CLAWS"
"63006","1","0","LST","","24.99","12.23","SOFT CLAWS CAT MD CLR 1EA","SOFT CLAWS"
"63013","1","0","LST","","24.99","12.23","SOFT CLAWS CAT LG CLR 1EA","SOFT CLAWS"
"63198","1","0","LST","","12.99","7.56","FURM CURRY BRUSH 1ea","FURMINATOR"
"63209","1","0","LST","","14.99","5.72","FURM NAIL GRINDER BAND 6pk","FURMINATOR"
"63929","1","0.25","LST","","9.99","4.27","KONG STUFF'N PEANUT BUTTER 5OZ","KONG"
"63983","1","0.5","LST","","49.99","35.47","GREENIE DG DNTL TRT REG 36oz","GREENIES"
"63984","1","0","LST","","49.99","35.47","GREENIE DG DNTL TRT LG 36oz","GREENIES"
"6400067","1","0","ROS","","24.99","12.74","FFIT HIDE & SEEK CUBE 1EA","FOUFIT"
"6400828","1","0","LST","","49.99","29.33","CPSTR DG CT SMALL TRTMT 6PC","CAPSTAR"
"6400829","1","0","LST","","54.99","33","CPSTR DG LARGE TRTMT 6PC","CAPSTAR"
"6402471","1","0.25","LST","","44.99","21.83","PERF ULT HD-F BF ROLL7IN19.4oz","PERFORMATRIN ULTRA"
"6402472","18","0","LST","","19.99","9.3","PERF ULT HD-F BF ROLL9IN XL","PERFORMATRIN ULTRA"
"6402473","1","0.25","LST","","34.99","15","PERF ULT HD-F BF STKZ5IN10.5oz","PERFORMATRIN ULTRA"
"6402474","21","0","LST","","13.99","6.6667","PERF ULT HD-F DK ROLL7IN LG","PERFORMATRIN ULTRA"
"6402475","21","0","LST","","13.99","6.6667","PERF ULT HD-F RBBIT ROLL7IN LG","PERFORMATRIN ULTRA"
"6402476","1","1","LST","","14.99","6.83","PERF ULT HD-F DK STKZ5IN 3.5oz","PERFORMATRIN ULTRA"
"6407619","1","0.25","LST","","14.99","9.45","S&C DG GRSFD BF BN BROTH 16OZ","STELLA & CHEWY'S"
"6407620","1","0.25","OOS","","14.99","9.45","S&C DG CG-FR CHK BN BRTH 16OZ","STELLA & CHEWY'S"
"64221","1","0","LST","","39.99","26.45","GREENIE DG DNTL TRT TEEN 27OZ","GREENIES"
"64222","1","0","LST","","39.99","26.45","GREENIE DG DNTL TRT PETIT 27OZ","GREENIES"
"64223","1","0","LST","","39.99","26.45","GREENIE DG DNTL TRT REG 27OZ","GREENIES"
"64224","1","0.25","LST","","39.99","26.45","GREENIE DG DNTL TRT LG 27OZ","GREENIES"
"64421","1","0","LST","","11.99","5.47","GREENIE DG PP PB TAB 3.2oz","GREENIES"
"64428","1","0.5","LST","","10.99","5.35","GREENIES CT PP CHKN 1.6OZ","GREENIES"
"64431","1","0.25","LST","","9.99","5.52","GREENIE DG DNTL TRT TEENIE 6OZ","GREENIES"
"64432","1","0","LST","","9.99","5.52","GREENIE DG DNTL TRT PETITE 6OZ","GREENIES"
"64433","1","0","LST","","9.99","5.52","GREENIE DG DNTL TRT REG 6OZ","GREENIES"
"64434","1","0","LST","","9.99","5.52","GREENIE DG DNTL TRT LG 6OZ","GREENIES"
"64442","1","0.75","LST","","19.99","12.43","GREENIE DG DNTL TRT TEEN 12OZ","GREENIES"
"64448","1","0","LST","","11.99","5.47","GREENIE DG HCK PILL PCKT 3.2oz","GREENIES"
"64451","1","0.25","LST","","10.99","5.35","GREENIES CT PP SALMON 1.6OZ","GREENIES"
"64463","1","0","LST","","12.99","6.19","GREENIE DG PP CHK CAP 7.9oz","GREENIES"
"64752","1","0","LST","","23.99","13.51","MW SNAPPY FIT SS BOWL 2QT","MIDWEST"
"65052","1","0","LST","65122","59.99","34.99","ESN PORTABLE CRATE 24IN","ESSENTIALS"
"65057","1","0","LST","","9.99","6.24","ESN CRATE WHEEL SET 4pc","ESSENTIALS"
"65061","1","0","LST","","109.99","58.29","ESN SOFT CRATE 24IN","ESSENTIALS"
"65072","1","0","LST","65415","109.99","56.24","ESN PLAYPEN GRY/BLK 1SM","ESSENTIALS"
"65073","1","0","LST","","134.99","79.95","ESN PLAYPEN GRY/BLK 1LG","ESSENTIALS"
"65215","1","0","LST","","199.99","124.72","GEN7 REGAL STROLLER GRY 1ea","GEN7PETS"
"65216","1","0","OOS","65865","149.99","109.13","GEN7 FEATHER LITE RAMP 1ea","GEN7PETS"
"65511","1","0","LST","","339.99","238.45","WARE INDR HTCH 4LVL 26.5X17IN","CRITTERWARE"
"65512","1","0","LST","","89.99","55.3","WARE HSH CG 24X18IN","CRITTERWARE"
"65517","1","0","LST","","7.49","4.2","WARE STCK BALL 1EA","CRITTERWARE"
"65963","1","0","LST","65962","299.99","171.51","MW SLTN SERIES DD 54IN.","MIDWEST"
"66475","1","0","LST","","64.99","42.24","ZM BASK SPT LMP&UVB5 CMBO 100W","ZOO MED"
"66478","1","0","LST","","15.99","8.38","ZM FREST FLR BDING 8QT","ZOO MED"
"66487","1","0","LST","","24.99","10.98","ZM REPTI SND WHT 10LB","ZOO MED"
"66560","1","0","LST","","14.99","7.75","ZM RPTRCK RSRVR 22OZ","ZOO MED"
"66570","1","0","LST","","10.99","3.23","ZM RPTRCK WTR DSH 1XS","ZOO MED"
"66580","1","0","LST","","12.99","5","ZM RPTRCK WTR DSH 1SM","ZOO MED"
"66590","1","0","LST","","15.99","7.6","ZM RPTRCK WTR DSH 1MD","ZOO MED"
"66703","1","0","LST","","38.99","18.47","ZM UNDR TNK HTR 5GAL 4W","ZOO MED"
"66723","1","0","LST","","49.99","19.45","ZM UNDR TNK HTR 20GAL 8W","ZOO MED"
"66733","1","0","LST","","38.99","18.75","ZM REPTI CARE RCK HTR 10W","ZOO MED"
"66802","1","0","LST","","35.99","15.75","ET REP UVB100 13W","EXO TERRA"
"66803","1","0","LST","","34.99","15.75","ET REP UVB150 13W","EXO TERRA"
"66807","1","0","ROS","","6.49","2.5","LW GP VEG STCK 2PK 4OZ","LIVING WORLD"
"66809","1","0","ROS","","6.49","2.5","LW RBT VEG STCK 2PK 4OZ","LIVING WORLD"
"66813","1","0","LST","","29.99","14.59","ET PRIMATE SKL 1EA","EXO TERRA"
"66819","1","0","LST","","26.99","12","ET JNGL VINE 6FT 1LG","EXO TERRA"
"66832","1","0","LST","","69.99","37.67","ZM NTRLSTC TERR HOOD 18IN","ZOO MED"
"66833","1","0","LST","","28.99","14.46","ZM REPTI CARE TERR TIMER 1EA","ZOO MED"
"66834","1","0","LST","","13.99","6.98","ZM REPTI SND SCPR 1EA","ZOO MED"
"66867","1","0","LST","","10.99","4.5","MRN BCRB SLIM CRBN CRTG 3PK","MARINA"
"66900","1","0","LST","","5.99","2.3","ZM HI RNG THRMTR 1EA","ZOO MED"
"67503","1","0","LST","","18.99","8.3","ML PNGN CRTG RSZ B 3PK","MARINELAND"
"67533","1","0","LST","","14.99","7.33","ML ECLPS CRTG RSZ Z 3PK","MARINELAND"
"69656","1","0","LST","","23.99","13.75","PAWZ BOOT DARK GREEN 1XL","PAWZ"
"70312","1","0","LST","","84.99","42.5","FLVL M150 ADJ SBMRSBL HTR 150W","FLUVAL"
"70313","1","0","LST","","84.99","42.5","FLVL M200 ADJ SBMRSBL HTR 200W","FLUVAL"
"70314","1","0","LST","","89.99","45","FLVL M300 ADJ SBMRSBL HTR 300W","FLUVAL"
"70585","1","0","LST","","14.99","7.09","TTR WSP BIO-BAG CRTG MD 3PK","TETRA"
"71012","1","0","LST","","8.99","4.25","MRN DECO RCK ORN 1MD","MARINA"
"71014","1","0","LST","","8.99","4.75","MRN DECO WOOD ORN 1MD","MARINA"
"71638","1","0","LST","","28.99","16.63","TTR WSP INTRNL PF 10I 10GAL","TETRA"
"71639","1","0","LST","","49.99","28.07","TTR WSP INTRNL PF 20I 20GAL","TETRA"
"71711","1","0","LST","","9.99","4","ES AQRM GRVL SPCL WHT 5LB","CLIFFORD W. ESTES"
"71725","1","0","LST","","23.99","11.48","TTR WSP CRBN CRTG MD 4PK","TETRA"
"71727","1","0","LST","","26.99","14","TTR WSP CRBN CRTG LG 4PK","TETRA"
"73305","1","0","LST","","14.99","6.85","LB DG LUXE CLR BLK 10IN","LEATHER BROTHERS"
"73306","1","0","LST","","14.99","6.85","LB DG LUXE CLR BRN 10IN","LEATHER BROTHERS"
"73311","1","0","LST","","14.99","6.85","LB DG LUXE CLR BLK 12IN","LEATHER BROTHERS"
"73312","1","0","LST","","14.99","6.85","LB DG LUXE CLR BRN 12IN","LEATHER BROTHERS"
"73313","1","0","LST","","14.99","6.85","LB DG LUXE CLR RED 12IN","LEATHER BROTHERS"
"73317","1","0","LST","","14.99","6.85","LB DG LUXE CLR BLK 14IN","LEATHER BROTHERS"
"73319","1","0","LST","","14.99","6.85","LB DG LUXE CLR RED 14IN","LEATHER BROTHERS"
"73337","1","0","LST","","24.99","11.31","LB DG LUXE CLR BLK 26IN","LEATHER BROTHERS"
"73339","1","0","LST","","24.99","11.31","LB DG LUXE CLR RED 26IN","LEATHER BROTHERS"
"73348","1","0.25","LST","","31.99","15.85","LB DG LUXE LEASH BRN 6'x0.5","LEATHER BROTHERS"
"73349","1","0","LST","","31.99","15.85","LB DG LUXE LEASH RED 6'x0.5","LEATHER BROTHERS"
"73356","1","0","LST","","34.99","16.92","LB DG LUXE LEASH RED 6'x3/4","LEATHER BROTHERS"
"73565","1","0","LST","","18.99","9.18","LB DG LUXE CLR BRN 18IN","LEATHER BROTHERS"
"73566","1","0","LST","","18.99","9.18","LB DG LUXE CLR RED 18IN","LEATHER BROTHERS"
"74131","1","0","OOS","74130","499.99","324.29","MW FRRT NTN DBL UNIT 36X25IN","MIDWEST"
"74282","1","0","LST","","139.99","90.99","MRSHL SA PLYPN 8 PNL 18IN","MARSHALL"
"74287","1","0","LST","","12.99","6.5","MRSHL WVN GRS PLY BALL 1EA","MARSHALL"
"74294","1","0","LST","","15.99","7.5","LW TRHSE REAL WOOD CABIN 1SM","LIVING WORLD"
"74297","1","0","LST","","11.99","5.4","MRSHL FRRT UJ DUK SOUP 4.5OZ","MARSHALL"
"74298","1","0","LST","","18.99","9.12","MRSHL FRRT RX 2OZ","MARSHALL"
"74299","1","0","LST","","19.99","9.6","MRSHL SA PRBT PL 1.7OZ","MARSHALL"
"74301","1","0","LST","","21.99","12.09","MRSHL FRRT HRN & LSH 48IN","MARSHALL"
"74302","1","0","LST","","48.99","28.81","MRSHL FRRT OCTO PLY 1EA","MARSHALL"
"74303","1","0","LST","","29.99","19.32","MRSHL HNG NAPSACK 1EA","MARSHALL"
"74318","1","0","LST","","194.99","111","LW DLX HBTT 1LG 30.7X19IN","LIVING WORLD"
"74363","1","0","LST","","18.99","10.5","WARE GRM KIT 1EA","CRITTERWARE"
"74377","1","0","LST","","7.49","3.6","WARE NATR BALL 1LG","CRITTERWARE"
"74417","1","0","LST","","4.99","2.15","WARE PRETZEL STCK 1OZ","CRITTERWARE"
"74419","1","0","LST","","119.99","74.71","WARE CHWPRF CG 25X12IN","CRITTERWARE"
"75171","1","0","LST","45570","6.29","3.12","ESN DG SS STANDARD BOWL 12.8OZ","ESSENTIALS"
"75172","1","0","LST","45530","9.39","4.69","ESN DG SS STANDARD BOWL 26.3OZ","ESSENTIALS"
"75173","1","0","LST","45540","12.99","6.49","ESN DG SS STANDARD BOWL 52.4OZ","ESSENTIALS"
"75174","1","0","LST","45550","14.99","7.49","ESN DG SS STANDARD BOWL 79.4OZ","ESSENTIALS"
"75181","1","0","LST","","4.69","2.36","PV SS COOP CUP WR HANG 5OZ","PET VALU"
"75182","1","0","LST","74980","9.99","5.21","PV SS COOP CUP WR HANG 10OZ","PET VALU"
"75183","1","0","LST","75010","12.99","6.49","PV SS COOP CUP WING NUT 10OZ","PET VALU"
"75184","1","0","ROS","75020","14.99","7.49","PV SS COOP CUP WING NUT 20OZ","PET VALU"
"75305","1","0","LST","","124.99","60.83","SC ULTMT SCRATCH POST 1EA","SMARTCAT"
"75536","1","0","LST","","31.99","19.91","PM KENNEL TRAVEL KIT 1ea","PETMATE"
"75932","1","0","ROS","75912","119.99","78","MW KNL 1630 LF STG DD 30in","MIDWEST"
"75994","1","0","LST","","104.99","62.36","MW 11 TUBE BARRIERIER 1EA","MIDWEST"
"76053","1","0","LST","","29.99","11.43","MW HANDY DOODY RAKE 1EA","MIDWEST"
"76081","1","0","LST","","44.99","20.5","KURGO ZIP LINE 1ea","KURGO"
"76085","1","0","LST","","19.99","10.5","KURGO COLLAPS BOWL BLU 1EA","KURGO"
"76650","1","0","ROS","","46.99","22.11","PETSF DOOR SCRN 1ea","PETSAFE"
"76800","1","0","LST","","35.99","19.14","KONG CLASSIC EXTREME 1XXL","KONG"
"76817","1","0","LST","","9.99","4.46","KONG CT REFIL BEAVER 1EA","KONG"
"76818","1","0","LST","","9.99","4.46","KONG CT REFIL FEATHER MOUSE1EA","KONG"
"77151","1","0","LST","","7.99","3.21","TTR TROP VCTN FDR 14DAY 1OZ","TETRA"
"79069","1","0","ROS","","249.99","209.2","PETSF SMART DOOR 1lg","PETSAFE"
"79352","1","0","LST","","18.99","8.75","NYLA PUPPY STARTER KIT 3PC","NYLABONE"
"79353","1","0.25","LST","","12.99","6.3","NYLA PUPPY BONE CHKN 1MD","NYLABONE"
"79522","1","0","LST","","12.99","5.62","NYLA DG HE VP REG 3pc","NYLABONE"
"79607","1","0","LST","","7.99","3.41","NYLA PUPPY RING BONE CHKN 1XS","NYLABONE"
"79652","1","0","LST","","8.99","4.5","DRINKWELL 360 FOAM FLTR 2PC","DRINKWELL"
"79655","1","0","LST","","17.99","9","DRINKWELL PREMIUM FLTR 3PC","DRINKWELL"
"81621","1","0","LST","","15.99","6.68","JMP DG MESH CLR BLK 1SM","JUMP"
"81622","1","0","LST","","15.99","6.68","JMP DG MESH CLR BLU 1SM","JUMP"
"81623","1","0","LST","","15.99","6.68","JMP DG MESH CLR RED 1SM","JUMP"
"81627","1","0","LST","","16.99","7.06","JMP DG MESH CLR RED 1MD","JUMP"
"81628","1","0","LST","","16.99","7.06","JMP DG MESH CLR PNK 1MD","JUMP"
"81629","1","0","LST","","17.99","8.16","JMP DG MESH CLR BLK 1LG","JUMP"
"81632","1","0","LST","","17.99","8.16","JMP DG MESH CLR RED 1LG","JUMP"
"81636","1","0","LST","","19.99","9.25","JMP DG MESH CLR RED 1XL","JUMP"
"81644","1","0","LST","","28.99","13.22","JMP DG STEP IN HRN BLU 1SM","JUMP"
"81647","1","0","LST","","29.99","13.22","JMP DG STEP IN HRN BLK 1MD","JUMP"
"81648","1","0","LST","","29.99","13.22","JMP DG STEP IN HRN BLU 1MD","JUMP"
"81661","1","0","LST","69120","28.99","12.17","JMP DG AIR MESH HRN BLK 1XXS","JUMP"
"81663","1","0","LST","88905","28.99","12.17","JMP DG AIR MESH HRN BLU 1XXS","JUMP"
"81664","1","0","LST","69126","28.99","12.17","JMP DG AIR MESH HRN RED 1XXS","JUMP"
"81666","1","0","LST","69121","29.99","12.69","JMP DG AIR MESH HRN BLK 1XS","JUMP"
"81667","1","0","LST","88906","29.99","12.69","JMP DG AIR MESH HRN BLU 1XS","JUMP"
"81668","1","0","LST","69127","29.99","12.69","JMP DG AIR MESH HRN RED 1XS","JUMP"
"81681","1","0","LST","73292","32.99","14.62","JMP DG AIR MESH HRN BLU 1LG","JUMP"
"81685","1","0","LST","","22.99","9.28","JMP DG BUNGEE LSH PNK 1SM","JUMP"
"81689","1","0","LST","","24.99","10.26","JMP DG BUNGEE LSH PNK 1LG","JUMP"
"81691","1","0","LST","","24.99","10.26","JMP DG BUNGEE LSH BLK 1LG","JUMP"
"81709","1","0","LST","","24.99","12.5","UH PLAY COL BLU 1IN X 18IN","ULTRAHUND"
"81711","1","0","LST","","24.99","12.5","UH PLAY COL RED 1IN X 18IN","ULTRAHUND"
"81715","1","0","LST","","24.99","12.5","UH PLAY COL RED 1IN X 20IN","ULTRAHUND"
"81754","1","0","LST","","31.99","15.9","UH BOSS LSH BLU 3/4IN 6FT","ULTRAHUND"
"81755","1","0","LST","","31.99","15.9","UH BOSS LSH RED 3/4IN 6FT","ULTRAHUND"
"81757","1","0","LST","","31.99","15.9","UH BOSS LSH ORG 3/4IN 6FT","ULTRAHUND"
"81763","1","0","LST","","28.99","14.8","UH BOSS LSH RED 5/8IN 6FT","ULTRAHUND"
"81766","1","0","LST","","22.99","11.71","UH PLAY COL ORG 3/4X12IN","ULTRAHUND"
"83692","1","0","LST","","12.99","6.07","PTRGS BONE PLACEMAT 19in","PETRAGEOUS"
"84140","1","0","LST","75292","18.99","11.87","FLEXI DG CLSC CORD RED XS 10FT","FLEXI"
"84147","1","0","LST","","18.99","11.87","FLEXI DG CLSC CORD BLK XS 10FT","FLEXI"
"84148","1","0","LST","47140","20.99","12.45","FLEXI DG CLSC CORD RED SM 16FT","FLEXI"
"84149","1","0","LST","47150","20.99","12.45","FLEXI DG CLSC CORD BLU SM 16FT","FLEXI"
"84151","1","0","LST","47160","20.99","12.45","FLEXI DG CLSC CORD BLK SM 16FT","FLEXI"
"84157","1","0.25","LST","47180","25.99","14.76","FLEXI DG CLSC CORD RED MD 16FT","FLEXI"
"84158","1","0","LST","47190","25.99","14.76","FLEXI DG CLSC CORD BLU MD 16FT","FLEXI"
"84159","1","0","LST","47200","25.99","14.76","FLEXI DG CLSC CORD BLK MD 16FT","FLEXI"
"84171","1","0","LST","47182","39.99","20.55","FLEXI DG CLSC CORD RED MD 26FT","FLEXI"
"84177","1","0","LST","47183","39.99","20.55","FLEXI DG CLSC CORD BLU MD 26FT","FLEXI"
"84178","1","0","LST","47184","39.99","20.55","FLEXI DG CLSC CORD BLK MD 26FT","FLEXI"
"84207","1","0","LST","47114","29.99","18.05","FLEXI DG CLSC TAPE BLK SM 16FT","FLEXI"
"89541","1","0","OOS","","8.99","5.08","OH INVCBL MINI DUCK 1EA","OUTWARD HOUND"
"89542","1","0","OOS","","8.99","5.08","OH INVCBL MINI PIG 1EA","OUTWARD HOUND"
"90959","1","0","LST","","21.99","10.13","NYLA PUPPY TEETH PACIFIER 1EA","NYLABONE"
"90994","1","0","LST","","5.99","2.95","RLLVR DG LMB STFD BF HOOF 1ea","ROLLOVER"
"9101315","1","0","OOS","","41.99","19.5","ARK DG BRSHLS DENTAL CHW18OZMD","ARK NATURALS"
"94962","1","0.5","LST","","12.99","6.3","RLLVR DG LMB STFD BF BONE 1sm","ROLLOVER"
"94963","1","0","LST","","12.99","6.3","RLLVR DG TURKEY STFD BONE 1sm","ROLLOVER"
"94987","1","0","LST","","55.99","36.5","NB CT LID SL&GPEA 10LB","NATURAL BALANCE"
"9503793","1","0","LST","","15.99","5.6","ESN COMP WTR COND 16OZ","ESSENTIALS"
"9503796","1","0","OOS","","52.99","23.97","ESN COMP WTR COND 1GAL","ESSENTIALS"
"9503798","1","0","OOS","","15.99","5.6","ESN BIO BOOST 8OZ","ESSENTIALS"
"9503799","1","0","OOS","","24.99","8.75","ESN BIO BOOST 16OZ","ESSENTIALS"
"95086","25","0","LST","","7.39","3.1196","OPN RNG DG BF CHMPR BRAID 6in","OPEN RANGE"
"95089","50","0.25","LST","","3.29","1.4718","OPN RNG DG BF CHOMPER STCK 6in","OPEN RANGE"
"95093","25","0","LST","","13.99","6.6284","OPN RNG DG BF CHMPR BRAID 12in","OPEN RANGE"
"95094","30","1","LST","","11.99","5.572","OPN RNG DG MBONE 6in","OPEN RANGE"
"95095","20","0","LST","","13.99","6.5875","OPN RNG DG MBONE 3in 3pc","OPEN RANGE"
"B0143","1","0.75","LST","","34.99","19.88","THRIVE JNT SPRT 300G","THRIVE"
"E5866","1","0.25","LST","","41.99","19.5","ARK DG BRSHLS DENTAL CHW18OZLG","ARK NATURALS"
"FE227","1","0","LST","","29.99","15.5","ARK DG BRSHLS DENTAL CHW12OZSM","ARK NATURALS"
"G4430","1","0","LST","","39.99","22.75","THRIVE GRN LPD MSCL 160G","THRIVE"
"G5117","1","0","LST","","29.99","17.01","THRIVE HMP SD OIL 500ML","THRIVE"
"G5469","1","0","LST","","39.99","22.75","THRIVE SLPRY ELM PWDR 80G","THRIVE"
"G5569","1","0","LST","","21.99","13.5","THRIVE SLVR SHLD 250ML","THRIVE"
"G5708","1","0","LST","","37.99","19","CP DG EVERYTHING HRN RED 1SM","CANADA POOCH"
"G5709","1","0","LST","","39.99","20","CP DG EVERYTHING HRN RED 1MD","CANADA POOCH"
"G5710","1","0","LST","","37.99","19","CP DG EVERYTHING HRN BK 1SM","CANADA POOCH"
"G5711","1","0","LST","","39.99","20","CP DG EVERYTHING HRN BK 1MD","CANADA POOCH"
"G5712","1","0","LST","","42.99","21.5","CP DG EVERYTHING HRN BK 1LG","CANADA POOCH"
"G5797","1","0","LST","","42.99","21.5","CP DG EVERYTHING HRN RED 1LG","CANADA POOCH"
"G5798","1","0","LST","","44.99","22.5","CP DG EVERYTHING HRN RED 1XL","CANADA POOCH"
"G5799","1","0","LST","","44.99","22.5","CP DG EVERYTHING HRN BK 1XL","CANADA POOCH"
"ID719","1","0","LST","","35.99","18","MRN ADJ SBMRSBL HTR 50W","MARINA"
"ID720","1","0","LST","","43.99","22","MRN ADJ SBMRSBL HTR 100W","MARINA"
"IE485","1","0","LST","","47.99","24","MRN ADJ SBMRSBL HTR 300W","MARINA"
"IE486","1","0","LST","","45.99","23","MRN ADJ SBMRSBL HTR 200W","MARINA"
"IE487","1","0","LST","","44.99","22.5","MRN ADJ SBMRSBL HTR 150W","MARINA"
"IG917","1","0","LST","","11.99","6.17","PUP SCOOPS DG CAKE MIX PB 9oz","PUPPY CAKE"
"IN958","1","0","LST","","9.99","5","SPNPP FTCH&GLW BALL 1MD","SPUNKY PUP"
"IN959","1","0","LST","","12.99","6.5","SPNPP FTCH&GLW BALL 1LG","SPUNKY PUP"
"IN960","1","0","LST","","13.99","7","SPNPP FTCH&GLW BALL 2PK","SPUNKY PUP"
"IP443","1","0.25","LST","","42.99","23.11","THRIVE HRNG OIL 1L","THRIVE"
"IP664","1","0","LST","","26.99","15.33","THRIVE HRNG OIL 500ML","THRIVE"
"IS018","1","0","LST","","19.99","11.4","THRIVE DMTACS ERTH 120G","THRIVE"
"IU266","1","0","LST","","24.99","14.25","THRIVE ACDN SEA KELP 350g","THRIVE"
"IZ970","1","0","LST","","24.99","14.33","THRIVE PMPKN PWDR 225G","THRIVE"
"J4231","1","0","LST","","19.99","9.61","CPP DG NO SP MRT COL 1X17","COASTAL PET PRODUCTS"
"J4234","1","0","LST","","13.99","6.54","CPP DG NO SP MRT COL BK 5/8X10","COASTAL PET PRODUCTS"
"J4235","1","0","LST","","15.99","7.55","CPP DG NO SP MRT COL BK 3/4X14","COASTAL PET PRODUCTS"
"J5960","1","0","LST","","13.99","6.54","CPP DG NO SP MRT COL RD 5/8X10","COASTAL PET PRODUCTS"
"J5961","1","0","LST","","15.99","7.55","CPP DG NO SP MRT COL RD 3/4X14","COASTAL PET PRODUCTS"
"J9205","1","0","LST","","19.99","9.61","CPP DG NO SP MRT COL RD 1X17","COASTAL PET PRODUCTS"
"U7294","1","0","LST","71635","23.99","11","MRN A50 AIR PUMP 15GAL","MARINA"
"X2430","12","0","LST","","5.49","3.6483","OPFM DG CHKN STEW 12.5OZ","OPEN FARM"
"X2431","12","0.25","LST","","5.49","3.6483","OPFM DG CK&SLM STEW 12.5OZ","OPEN FARM"
"X2432","12","0","LST","","5.49","3.6483","OPFM DG TURKEY STEW 12.5OZ","OPEN FARM"
"X2434","12","2.75","LST","","5.49","3.6483","OPFM DG BEEF STEW 12.5OZ","OPEN FARM"
"X2435","12","0.25","LST","","5.49","3.6483","OPFM DG SALMON STEW 12.5OZ","OPEN FARM"
"X3387","1","0.75","LST","","11.99","5.58","B BUL DG LIVER PLUS BBRY2.1OZ","BENNY BULLY'S"
"X3710","1","0","LST","","18.99","9.4","PA DG OINK BACON BISC 2LB","PETS AGREE"
"X4615","1","0","LST","","31.99","16.8","MMTH TIREBITER 2 W ROPE 1LG","MAMMOTH"
"X4617","1","0","LST","","21.99","10.85","MMTH TIREBITER 2 W ROPE 1MD","MAMMOTH"
"X4619","1","0","LST","","11.99","5.6","MMTH TIREBITER 2 W ROPE 1SM","MAMMOTH"
"X5354","1","0","LST","","45.99","26.22","THRVIE BOVINE COLOSTRM 60G","THRIVE"
"X5374","1","0.5","LST","","39.99","22.71","THRIVE PROGUT 150G","THRIVE"
"X5402","1","0","LST","","29.99","14.99","PH PAWPRINTS DESK FRM INK 1EA","PEARHEAD"
"X5405","1","0","LST","","14.99","6.75","PH HANGING KEEPSAKE 1EA","PEARHEAD"
"X8090","1","0","LST","","32.99","18.08","OMH DG ORG ASSRT OB BISC SM6LB","OLD MOTHER HUBBARD"
"X8091","1","0","LST","","11.99","5.58","B BUL DG LIVER PLUS CCNUT2.1OZ","BENNY BULLY'S"
"X8526","1","0","LST","","37.99","19","CP DG EVRYTHNG HRN SPLATER 1SM","CANADA POOCH"
"X8527","1","0","LST","","39.99","20","CP DG EVRYTHNG HRN SPLATER 1MD","CANADA POOCH"
"X8528","1","0","LST","","42.99","21.5","CP DG EVRYTHNG HRN SPLATER 1LG","CANADA POOCH"
"X8529","1","0.25","LST","","44.99","22.5","CP DG EVRYTHNG HRN SPLATER 1XL","CANADA POOCH"
"X9398","1","0.5","LST","","11.99","6.17","PUP SCOOPS DG CAKE MIX PMP 9oz","PUPPY CAKE"
"Y2092","1","0.25","LST","","76.99","49.32","SC CT RW BLN CG FR PLTRY 10LB","STELLA & CHEWY'S"
"Y2093","1","0.25","LST","","56.99","35.8","SC CT RW CTD CHK 10LB","STELLA & CHEWY'S"
"Y4589","1","0","LST","","32.99","18.08","OMH DG P-NUTT OB BISC MINI 6LB","OLD MOTHER HUBBARD"
"Y4636","1","0","LST","","39.99","22.71","THRIVE GLD LINE FORTIFY 150G","THRIVE"
"Y5419","1","0","LST","","14.99","8.95","TRU LF HP&JNT CHW 3OZ","TRUE LEAF"
"Y5430","1","0","LST","","24.99","15.55","TRU LF CLMNG CHW 7OZ","TRUE LEAF"
"Y5431","1","0","LST","","24.99","15.55","TRU LF HP&JNT CHW 7OZ","TRUE LEAF"
"Y5432","1","0","LST","","14.99","8.95","TRU LF CLMNG CHW 3OZ","TRUE LEAF"
"Y5789","1","0","LST","","54.99","37.05","TRU LF CLMNG CHW 21OZ","TRUE LEAF"
"Y5790","1","0","LST","","54.99","37.05","TRU LF HP&JNT CHW 21OZ","TRUE LEAF"
"Y5791","1","0.25","LST","","39.99","26.85","TRU LF HP&JNT OIL 8OZ","TRUE LEAF"
"Z2234","1","0","LST","","10.99","5.35","MRN NTRL FRGN SLK PLNT GRN 6IN","MARINA"
"6402520","1","0","LST","","29.99","14.99","PH PAWPRINTS DESK FRM BLK 1EA","Pearhead"
"11109","1","0","OOS","","108.99","77.04","PPLN DG ESNTL SH LMB&R 35LB","PURINA PRO PLAN"
"6234925","1","0","LST","","126.99","82.2","RCSHN DG PUP GIANT 30LB","ROYAL CANIN"
"6237647","1","0","ROS","","12.99","6.24","P4E GECKO 1SM","PAWS4EARTH"
"X8514","1","0","LST","","37.99","19","CP DG EVRYTHNG HRN GRN CMO 1SM","CANADA POOCH"
"X8515","1","0","LST","","39.99","20","CP DG EVRYTHNG HRN GRN CMO 1MD","CANADA POOCH"
"X8516","1","0","LST","","42.99","21.5","CP DG EVRYTHNG HRN GRN CMO 1LG","CANADA POOCH"
"X8517","1","0.25","LST","","44.99","22.5","CP DG EVRYTHNG HRN GRN CMO 1XL","CANADA POOCH"
"1104003","12","0.25","LST","","5.59","3.5033","SD DG 7PL SVRY ST BF&VG 12.8OZ","HILL'S SCIENCE DIET"
"1504930","1","0","LST","","11.99","6","HD C&F SEED 2.2LB","HEALTH DIET"
"1505881","1","0","LST","","6.99","2.95","FL BGB TROP M&L GRAN 1.6OZ","FLUVAL"
"1505888","1","0","LST","","9.99","4.5","FL BGB COL ENHCR SM&M GRAN 1.6","FLUVAL"
"40261","1","0","LST","","13.99","5.52","NRFN KRILL GLD FRMLA 1MM 2.8OZ","NORTHFIN"
"6234425","1","0","LST","","72.99","40.12","PP CT SWAN FTAN 1EA","PIONEER PET"
"6234869","1","0.25","LST","","125.99","95.22","SD DG AD SS SB 30LB","HILL'S SCIENCE DIET"
"6235063","10","0","LST","","12.49","6.484","RB DG PUFF BRAID ESOPGS LG 1EA","REDBARN"
"6235348","1","0.5","LST","","16.99","9.34","PP CT SWAN FLTR 3PK","PIONEER PET"
"6236049","1","0","LST","","46.99","28.72","HERM DG QK RLSE PRNG CLR 14IN","HERM SPRENGER"
"6236052","1","0","OOS","","67.99","42.39","HERM DG QK RLSE PRNG CLR 22IN","HERM SPRENGER"
"6236106","1","0.25","OOS","","16.99","8.5","PP VORTEX RND FLTR 3PK","PIONEER PET"
"6237000","1","0","LST","","219.99","131.99","BWSR PLAID DNUT BED NAY XL 1EA","BOWSERS"
"6237499","1","0","LST","","39.99","25.65","TRU LF CLMNG OIL 8OZ","TRUE LEAF"
"6238378","1","1","LST","","12.99","6.85","PB DG MINI TRAINERS BEEF3oz","PUREBITES"
"6238379","1","0","LST","","12.99","6.85","PB DG MINI TRAINERS CHKEN2.1oz","PUREBITES"
"6238380","1","0.25","LST","","12.99","6.85","PB DG MINI TRAINERS LAMB2.4oz","PUREBITES"
"6239042","1","0","LST","18726","29.99","20.23","NOW KIT GF TK SL&DK 3LB","NOW FRESH"
"6251729","1","0.5","LST","","6.29","3.11","ESN SILCN CAN COVER CHAR 1EA","ESSENTIALS"
"6251738","1","0","LST","","20.99","10.4","ESN SILCN MAT CHAR 1EA","ESSENTIALS"
"6251740","1","0.25","LST","","6.29","3.11","ESN SILCN CAN COVER WHITE 1EA","ESSENTIALS"
"6251772","1","0.75","LST","","8.99","4.5","PERF NAT DG BF LIVR SLIDERS7oz","PERFORMATRIN NATURALS"
"6251773","1","0.25","LST","","8.99","4.5","PERF NAT DG CHICKEN MTBLLS7oz","PERFORMATRIN NATURALS"
"6251774","1","0.25","LST","","8.99","4.5","PERF NAT DG PRK LIVR MTBLLS7oz","PERFORMATRIN NATURALS"
"6251775","1","0.5","LST","","8.99","4.5","PERF NAT DG TRDUCKN SLIDERS7oz","PERFORMATRIN NATURALS"
"6252940","1","0","LST","","12.99","6.5","DRYMATE INDIGO NAVY MAT 20IN","DRYMATE"
"6401741","1","0","LST","","39.99","20","PDH SPIN SLO FDR ORNG EASY 1EA","PET DREAM HOUSE"
"6401743","1","0","OOS","","39.99","20","PDH SPIN SLO FDR BLUE MED 1EA","PET DREAM HOUSE"
"6401744","1","0","OOS","","39.99","20","PDH SPIN SLO FDR GRN TRCKY 1EA","PET DREAM HOUSE"
"6402477","1","0.25","LST","","14.99","6.83","PERF ULT HD-F RBBT STK5IN3.5oz","PERFORMATRIN ULTRA"
"6402498","1","0","LST","","26.99","14.69","MMTH TIREBITER 2 BONE ROPE 1LG","MAMMOTH"
"6402517","1","0","LST","","54.99","28.9","PC DG NO ODOR STR PZZLE15pk6in","PET CENTER"
"94998","1","0.25","LST","","19.99","10.36","JAYS DG BIG BITES H&J16oz","JAY'S"
"95014","1","0.5","LST","","10.49","5.15","JAYS DG TID BITS PB 0.44lb","JAY'S"
"95064","1","0","LST","","10.49","5.15","JAYS DG TID BITS PORK 0.44LB","JAY'S"
"G0939","12","0.75","LST","","5.59","3.5175","SD DG 7PL SVRY ST CK&VG 12.8OZ","HILL'S SCIENCE DIET"
"X4088","1","0","LST","","11.99","5.76","VL DEODO APL SCENT 8.11OZ","VERSELE-LAGA"
"Z3495","1","0.25","LST","","38.99","24.65","SD DG PUP CK&BR 4.5LB","HILL'S SCIENCE DIET"
"6251769","1","0","LST","","10.99","5.5","PERF ULTRA DG DENTAL SM5.7oz","PERFORMATRIN ULTRA"
"6402445","1","0.25","LST","1000266","49.99","28.02","PERF ULT DG WG L&R PUP 12LB","PERFORMATRIN ULTRA"
"6402446","1","0","LST","1000267","24.99","14.3","PERF ULT DG WG L&R PUP 4LB","PERFORMATRIN ULTRA"
"6402302","1","0.75","LST","1000284","74.99","43.69","PERF ULT CT GF OCN 12LB","PERFORMATRIN ULTRA"
"6402769","1","0","LST","","10.99","5.5","PERF ULTRA DG DENTAL MINI5.6oz","PERFORMATRIN ULTRA"
"6402770","1","0","LST","","21.99","11.06","PERF ULTRA DG DENTAL MIN11.3oz","PERFORMATRIN ULTRA"
"6404813","1","0","OOS","","43.99","28.65","SD DG AD SB PRFT DGTV CK 3.5LB","HILL'S SCIENCE DIET"
"6402550","1","0","LST","","21.99","11.06","PERF ULTRA DG DENTAL SM11.4oz","PERFORMATRIN ULTRA"
"6402551","1","0","LST","","21.99","11.06","PERF ULTRA DG DENTAL MD12.7oz","PERFORMATRIN ULTRA"
"6402552","1","0","LST","","21.99","11.06","PERF ULTRA DG DENTAL LG12.7oz","PERFORMATRIN ULTRA"
"6409078","1","0","LST","","29.99","14.99","PH PAWPRINTS DESK FRM WHT 1EA","Pearhead"
"6447299","1","0","OOS","","18.99","9.5","API AQUA ESSENTIAL 8OZ","API"
"1104002","12","0","LST","","5.79","3.56","SD DG AD 7+ H CUIS CK 12.5OZ","HILL'S SCIENCE DIET"
"1153739","1","0","NEW","","66.99","50.61","BLU DG LB LPF L&R 26LB","BLUE BUFFALO"
"1153740","1","0","ROS","","37.99","23.81","BB CT TF ADLT IN HB CHK 7LB","BLUE BUFFALO"
"6229239","1","0","LST","","5.99","3","FREEZER BAG - TISOL 1EA","PET VALU"
"6231260","1","0","LST","","19.99","9.73","HARI PRIM VTM SUPPL 30G","HARI"
"6232743","1","1.25","LST","","103.99","70.63","OPFM DG SL&OAT ANCNT G 22LB","OPEN FARM"
"6232752","1","0.5","LST","","34.99","23.44","OPFM DG BF&OAT ANCNT G 4LB","OPEN FARM"
"6235247","1","0.5","LST","","107.99","77.9","PPLN DG SPEC LB SS&S S&R 24LB","PURINA PRO PLAN"
"6235791","6","0","LST","","6.29","4.19","HK DG BF STW 10.5OZ","THE HONEST KITCHEN"
"6235792","6","0","LST","","6.49","4.295","HK DG CHK STW 10.5OZ","THE HONEST KITCHEN"
"6400017","1","0","LST","","411.99","205.62","MX&ML DG LED RHBLE LT DPLY18PC","MAX & MOLLY URBAN PETS"
"6402303","1","0","LST","1000286","26.99","15.92","PERF ULT CT GF OCN 2.5LB","PERFORMATRIN ULTRA"
"6402342","1","0.5","LST","1002229","44.99","24.57","PERF ULT DG WG CK&R SMBT 12LB","PERFORMATRIN ULTRA"
"6402348","1","0.25","LST","1002293","24.99","14.3","PERF ULT DG WG L&R SMBT 4LB","PERFORMATRIN ULTRA"
"6402371","1","0.5","LST","1000205","29.99","16.74","PERF ULT DG GF FTHL SB 4LB","PERFORMATRIN ULTRA"
"6402385","1","0","LST","1000209","29.99","16.74","PERF ULT DG GF 4LB","PERFORMATRIN ULTRA"
"6402387","1","0","LST","1000264","29.99","16.74","PERF ULT DG GF PUP 4LB","PERFORMATRIN ULTRA"
"6402543","50","0","LST","","10.99","5.688","T&T DG RICHARD'S BULL CHWS6in","RICHARD'S ORGANICS"
"6402544","20","0","LST","","24.99","13.318","T&T DG RICHARD'S BULL CHWS12in","RICHARD'S ORGANICS"
"6406373","1","0","LST","","0.01","0.01","ETTA DG SIGN KIT CHEW DSPLY1ea","ETTA SAYS!"
"6406642","1","0.25","LST","","19.99","8.82","OXB ALF HAY 40OZ","OXBOW"
"6406676","1","0","LST","","38.99","25.3","RCFHN CT ORAL CARE AD 3LB","ROYAL CANIN"
"6406677","1","0","LST","","72.99","45.53","RCFHN CT ORAL CARE AD 6LB","ROYAL CANIN"
"6406680","1","0.5","LST","","72.99","45.53","RCFHN CT URINARY CARE 6LB","ROYAL CANIN"
"6408158","1","0","LST","","15.99","8.2","GRAN DG S&C LAMB&KELP6.17oz","GRANVILLE ISLAND PET TREATERY"
"6408159","1","0","LST","","15.99","8.2","GRAN DG S&C DCK&CRNBRRY6.17oz","GRANVILLE ISLAND PET TREATERY"
"6408910","1","0.5","LST","","24.99","16.86","GO! DG GUT HLTH WG SLM 3.5LB","GO! SOLUTIONS"
"6408912","1","1","LST","","92.99","62.72","GO! DG GUT HLTH WG SLM 22LB","GO! SOLUTIONS"
"6408913","1","0.5","LST","","28.99","19.55","GO! CT GUT HLTH SL&AGRN 3LB","GO! SOLUTIONS"
"6408916","1","0.25","LST","","24.99","16.86","GO! DG WGT&JNT GF CHK 3.5LB","GO! SOLUTIONS"
"6408918","1","0.25","LST","","92.99","62.72","GO! DG WGT&JNT GF CHK 22LB","GO! SOLUTIONS"
"6408919","1","0.25","LST","","25.99","17.53","GO! CT WGT&JNT GF 3LB","GO! SOLUTIONS"
"6408920","1","0","LST","","55.99","37.76","GO! CT WGT&JNT GF 8LB","GO! SOLUTIONS"
"6408922","1","0","LST","","1.49","0.05","GO! DG GUT HLTH WG SLM SMP","GO! SOLUTIONS"
"6408923","1","0","LST","","1.49","0.05","GO! CT GUT HLTH SL&AGRN SMP","GO! SOLUTIONS"
"6408924","1","0","LST","","1.49","0.05","GO! DG WGT&JNT GF SMP","GO! SOLUTIONS"
"6408925","1","0","LST","","1.49","0.05","GO! CT WGT&JNT GF SMP","GO! SOLUTIONS"
"6408926","1","0","LST","","62.99","36.37","GRIZZ DG ALGAL PLS OIL946ml","GRIZZLY"
"6408943","12","1.5","LST","","4.39","3","PPLN DG PUP CK&RC 13OZ","PURINA PRO PLAN"
"6408944","12","0.25","LST","","4.39","3","PPLN DG BF&RC 13OZ","PURINA PRO PLAN"
"6409065","6","0.25","LST","","6.29","4.19","HK DG TKY STW 10.5OZ","THE HONEST KITCHEN"
"6409214","1","0","LST","","169.99","110.49","SV HMS HVN MTR CG 1EA","SAVIC"
"6465508","1","0","LST","","15.99","8.2","GRAN DG S&C PORK&CHEESE6.17oz","GRANVILLE ISLAND PET TREATERY"
"6466248","1","0","LST","","2.99","1.5","HARI APL MNL BLCK 1.4OZ","HARI"
"6466252","1","0","LST","","2.99","1.5","HARI ORG MBL BLCK 1.2OZ","HARI"
"6466467","1","0","LST","","2.99","1.5","HARI BLK CUMN MNL BLCK 1.2OZ","HARI"
"6229237","1","0","LST","","5.99","3","FREEZER BAG - BOSLEY'S 1EA","PET VALU"
"6229238","1","0","LST","","5.99","3","FREEZER BAG - TOTAL PET 1EA","PET VALU"
"6232809","1","0","LST","","39.99","28.37","HK DG WF CLSTR GF CK 5LB","THE HONEST KITCHEN"
"6232810","1","0","LST","","128.99","90.21","HK DG WF CLSTR GF CK 20LB","THE HONEST KITCHEN"
"6232811","1","0","LST","","47.99","33.46","HK DG WF CLSTR GF TK 5LB","THE HONEST KITCHEN"
"6232812","1","0","LST","","142.99","99.67","HK DG WF CLSTR GF TK 20LB","THE HONEST KITCHEN"
"6232813","1","0","LST","","47.99","33.46","HK DG WF CLSTR GF BF 5LB","THE HONEST KITCHEN"
"6232814","1","0","LST","","149.99","110.18","HK DG WF CLSTR GF BF 20LB","THE HONEST KITCHEN"
"6233009","1","0.25","LST","","55.99","37.59","ACANA CT BNTFL CTCH 9.9LB","ACANA"
"6234443","1","0","LST","","21.99","14.19","SKTSHNR DG PRBTIC HTSPT HGL4oz","SKOUT'S HONOR"
"6235583","1","0","LST","","39.99","28.37","HK DG WF CLSTR GF SB CK 4LB","THE HONEST KITCHEN"
"6238082","1","0.25","LST","","36.99","24","HK DG WF CLSTR WG CK 5LB","THE HONEST KITCHEN"
"6241108","12","1.5","LST","","7.79","5.2317","ORIJEN DG RGNL RED STEW 12.8OZ","ORIJEN"
"6241111","12","0.75","LST","","7.79","5.2317","ORIJEN DG TUNDRA STEW 12.8OZ","ORIJEN"
"6241134","1","0","LST","","121.99","85.12","HK DG WF CLSTR WG CK 20LB","THE HONEST KITCHEN"
"IL733","1","0.25","LST","","129.99","82.85","RCSHN DG AD 8PL LG 30LB","ROYAL CANIN"
"6251134","1","0","LST","","18.99","7.8","ESBILAC LIQUID GOAT MILK 11OZ","PETAG"
"X5373","1","0","LST","","44.99","24.64","THRIVE DG BLADDER SUPPORT135g","THRIVE"
"6406567","1","0","LST","","40.99","26.72","ORIJEN KIT CK TK&SL 4LB","ORIJEN"
"6406568","1","1","LST","","40.99","26.71","ORIJEN CT GURDN CK SL&RB 4LB","ORIJEN"
"6406621","1","0","LST","","28.99","19.88","BLU DG AD SB LPF BEEF 6LB","BLUE BUFFALO"
"6406623","1","0","LST","","28.99","19.88","BLU DG AD LPF BEEF 6LB","BLUE BUFFALO"
"6406624","1","0.25","LST","","66.99","50.61","BLU DG AD LPF BEEF 26LB","BLUE BUFFALO"
"6406625","1","0","LST","","66.99","50.61","BLU DG AD LB LPF BEEF 26LB","BLUE BUFFALO"
"6406626","24","0","LST","","2.69","1.7471","ACANA KIT CHK TNA BNE BRTH 3OZ","ACANA"
"6406627","24","1","LST","","2.69","1.7471","ACANA CT CHK BNE BRTH 3OZ","ACANA"
"6406628","24","1.5","LST","","2.69","1.7471","ACANA CT BEEF BNE BRTH 3OZ","ACANA"
"6406629","24","1.5","LST","","2.69","1.7471","ACANA CT LAMB BNE BRTH 3OZ","ACANA"
"6406630","24","1.5","LST","","2.69","1.7471","ACANA CT SLM BNE BRTH 3OZ","ACANA"
"6406631","24","1","LST","","2.69","1.7471","ACANA CT TNA BNE BRTH 3OZ","ACANA"
"6406632","24","0","LST","","3.09","2.0013","ORIJEN KIT CHK SLM ENTREE 3OZ","ORIJEN"
"6406633","24","0","LST","","3.09","2.0013","ORIJEN CT ORIGINAL ENTREE 3OZ","ORIJEN"
"6406634","24","0","LST","","3.09","2.0013","ORIJEN CT RGNL RED ENTREE 3OZ","ORIJEN"
"6406636","24","0","LST","","3.09","2.0013","ORIJEN CT TUNA BEEF ENTREE 3OZ","ORIJEN"
"6406637","24","0.25","LST","","3.09","2.0013","ORIJEN CT DUCK CHK ENTREE 3OZ","ORIJEN"
"6408181","1","0","LST","","13.99","6.98","TRPLCN DG FB ORAL SPRAY 4oz","TROPICLEAN"
"6408182","1","0.25","LST","","37.99","19","LIQVET DG SKN&CT POT ROAST32oz","LIQUID-VET"
"6409118","1","0","LST","","22.99","11.36","KM SCCLNT YLW/GRN 3PK 1EA","KOMODO"
"6409119","1","0","LST","","22.99","11.35","KM SCCLNT BLU/GRN 3PK 1EA","KOMODO"
"6409120","1","0","LST","","15.49","7.5","KM CCTS & SCCLNT 1EA","KOMODO"
"6466620","1","0","LST","","18.99","11.9","SKTS HNR DG PRBTIC PAW SPRY8oz","SKOUT'S HONOR"
"6468242","1","0","LST","","14.99","7.85","LJ DG APPLE POPS6oz","LORD JAMESON"
"6468243","1","0","LST","","14.99","7.85","LJ DG CARROT POPS6oz","LORD JAMESON"
"6468244","1","0","LST","","14.99","7.85","LJ DG SAVORY SWEET6oz","LORD JAMESON"
"9100132","24","0.75","LST","","4.49","2.5913","SD CT AD TNDR CHK DNR 5.5OZ","HILL'S SCIENCE DIET"
"G8852","1","0","RLST","","31.99","16.42","NV DG PROBIOTICS ENZYMES168g","NATURVET"
"L0027","1","0","LST","","26.99","12.45","ESBILAC 2 STP PUP WEANG FD14oz","PETAG"
"6465784","1","0","LST","","6.99","3.25","FL BTA BLDWM 5G","FLUVAL"
"A1423","1","0","LST","","3.49","1.7","MRN BTA PLT SHKR 2.5G","MARINA"
"B0030","1","0","LST","","5.99","2.92","MRN BTA BUDDY RED 1EA","MARINA"
"A1422","1","0","LST","","4.99","2.2","MRN BTA VCTN BLCK FD 12G","MARINA"
"A5993","1","0","LST","","3.49","1.7","MRN BTA WTR COND 25ML","MARINA"
"B0031","1","0","LST","","5.99","2.92","MRN BTA BUDDY BLU 1EA","MARINA"
"G7545","1","0","LST","","7.99","3.89","MRN BTA SANDY TWISTER 1EA","MARINA"
"G7911","1","0.25","LST","","8.99","4.38","MRN BTA CIRCUS RING 1EA","MARINA"
"G7913","1","0","LST","","7.99","3.89","MRN BTA GRANITE WAVE 1EA","MARINA"
"IA995","1","0","LST","","25.99","12.5","MRN BTA SBMRSBL HTR 8W","MARINA"
"W5822","1","0","LST","","18.99","7.25","NF BTA CRPK 1EA","NUTRAFIN"
"X1216","1","0","LST","","29.99","16.36","MRN EZCR BTA AQRM BLK 1GAL","MARINA"
"Y5262","1","0","LST","","4.99","1.75","MRN IGLO GRVL GLXY 1LB","MARINA"
"6402317","1","0.75","LST","1000115","27.99","15.77","PERF ULT CT WG L&R AD 4LB","PERFORMATRIN ULTRA"
"6402432","1","0.25","LST","1000231","69.99","40.59","PERF ULT DG LID SP&FSH 12LB","PERFORMATRIN ULTRA"
"6235064","1","1.75","LST","","16.99","9.32","RB DG BF CHEEK RLLS GLZD LG1EA","REDBARN"
"1000120","1","0","LST","39012","2.49","0.05","PERF ULT CT LID GP&DK SMP 4OZ","PERFORMATRIN ULTRA"
"1000309","1","0","LST","","49.99","34.99","BRKS DG CHK PUP 40lb","BARKER'S"
"1100198","12","0","OOS","","2.39","1.555","BLU DG DLGHTS NY STRP 3.5OZ","BLUE BUFFALO"
"1050677","1","0","LST","1102210","1.49","0.05","GO! DG SENS LID GF DUCK SMP","GO! SOLUTIONS"
"1100206","12","0","LST","","2.39","1.555","BLU DG DLGHTS TK 3.5OZ","BLUE BUFFALO"
"1100377","1","0","LST","","33.99","26.13","MRK DG GF LIL SL&SP 4LB","MERRICK"
"1100511","1","0","LST","","50.99","32","PB DG CHK JRKY 21.1OZ","PUREBITES"
"1100200","12","0","LST","","2.39","1.555","BLU DG DLGHTS RST CK 3.5OZ","BLUE BUFFALO"
"1100203","12","0","LST","","2.39","1.555","BLU DG DLGHTS TOPSLN 3.5OZ","BLUE BUFFALO"
"1100793","1","0","LST","","1.49","0.05","GATHER DG VALLEY SAMPLE 3.5oz","GATHER"
"1100803","25","0","LST","28621","22.99","11.788","PC DG BULLY BRAID 12in","PET CENTER"
"1101218","18","0","LST","","10.99","5.7778","ETTA DG CRUNCHY ELK CHEW 3ft","ETTA SAYS!"
"1101314","12","1.5","LST","","3.89","2.8858","WEL CT GVY SL 5.5OZ","WELLNESS"
"1101407","24","2","LST","","1.79","1.1721","WHISK CT PP SL 2.65oz","WHISKAS"
"1101410","24","1.25","LST","","1.79","1.1721","WHISK CT PP GVY CHK 2.65oz","WHISKAS"
"1101411","24","2","LST","","1.79","1.1721","WHISK CT PP GVY SL 2.65oz","WHISKAS"
"1101019","1","0","LST","","88.99","56.35","RCSHN DG PUP MD 17LB","ROYAL CANIN"
"1101284","12","0","OOS","","2.39","1.555","BLU DG DLGHTS GVY FM 3.5OZ","BLUE BUFFALO"
"1101312","12","1.5","LST","","3.89","2.8858","WEL CT TURKEY GVY 5.5OZ","WELLNESS"
"1101409","24","1.5","LST","","1.79","1.1721","WHISK CT PP CHK&LVR 2.65oz","WHISKAS"
"1101412","24","0","LST","","1.79","1.1721","WHISK CT PP GVY TUNA 2.65oz","WHISKAS"
"1101413","24","0","LST","","1.79","1.1721","WHISK CT PP TURKEY 2.65oz","WHISKAS"
"1101655","1","0","LST","","23.99","18.95","CESAR DG CHK&LVR FIL 12pc","CESAR"
"1101658","24","0","LST","","1.99","1.6083","CESAR DG HD BF STEW 3.5oz","CESAR"
"1101660","24","0","LST","","1.99","1.6083","CESAR DG LMB ENT 3.5oz","CESAR"
"1101494","1","0","OOS","","31.99","14.7","SBONE DG CHK CHWS MINI 24pc","SMARTBONES"
"1101656","1","0","LST","","23.99","18.95","CESAR DG GRLLD CHK STK 12pc","CESAR"
"1101661","24","0","LST","","1.99","1.6083","CESAR DG NY STRIP 3.5oz","CESAR"
"1102064","1","0","LST","","57.99","38.84","OPFM CT GF TKY&CH RECIPE 7.9LB","OPEN FARM"
"1102065","1","0","LST","","59.99","40.18","OPFM CT GF WHTFSH RECIPE 7.9LB","OPEN FARM"
"1102067","1","0","LST","","61.99","41.52","OPFM CT GF SL RECIPE 7.9LB","OPEN FARM"
"1101749","1","0","LST","","25.99","17.48","PRIML DG RBT FRMLA 5.5OZ","PRIMAL"
"1102101","1","0","LST","","26.99","17.46","ZIGNATURE DG LID DUCK 4LB","ZIGNATURE"
"1102062","1","0","LST","","37.99","25.44","OPFM CT GF LMB RECIPE 4LB","OPEN FARM"
"1102063","1","0","LST","","37.99","25.44","OPFM CT GF SL RECIPE 4LB","OPEN FARM"
"1102116","1","0","LST","","25.99","16.48","ZIGNATURE DG LID LMB 4lb","ZIGNATURE"
"1102118","1","0","LST","","116.99","79.83","ZIGNATURE DG LID LMB 25LB","ZIGNATURE"
"1102119","12","0","LST","","6.29","3.8808","ZIGNATURE DG LID LMB 13oz","ZIGNATURE"
"1102103","1","0","LST","","126.99","86.8","ZIGNATURE DG LID DUCK 25LB","ZIGNATURE"
"1102217","1","0","LST","","1.49","0.05","NOW DG AD GF TK SL&DK SMP","NOW FRESH"
"1102132","1","0","LST","","22.99","14.54","ZIGNATURE DG LID TURKEY 4LB","ZIGNATURE"
"1102135","12","0","LST","","5.99","3.8617","ZIGNATURE DG LID TURKEY 13OZ","ZIGNATURE"
"1102218","1","0","LST","","1.49","0.05","NOW DGLGBR GFTK SL&DK SMP","NOW FRESH"
"1102219","1","0","LST","","1.49","0.05","NOW DG SMBR GFTK SL&DK SMP","NOW FRESH"
"1102222","1","0","LST","","1.49","0.05","NOW CT AD GF TK SL&DK SMP","NOW FRESH"
"1102392","1","0","LST","","73.99","49.9","NOWDG SMBRGF TROUT SL&HR12LB","NOW FRESH"
"1102482","1","0.5","LST","","16.99","8.6","PB DG SL TRT 2.47oz","PUREBITES"
"1102409","1","0","LST","","159.99","103.37","S&C DG RW BLND FREE RNG 22LB","STELLA & CHEWY'S"
"1102989","1","0","LST","1102205","1.49","0.05","GO! DG S&C CHK SMP","GO! SOLUTIONS"
"1102993","1","0","LST","1102207","1.49","0.05","GO! DG S&C SL SMP","GO! SOLUTIONS"
"1102997","1","0","LST","1102208","1.49","0.05","GO! DG S&C LMB SMP","GO! SOLUTIONS"
"1102848","1","0","LST","","44.99","23.57","PERF ULT DG FD LMB SMP 15.5oz","PERFORMATRIN ULTRA"
"1103005","1","0","OOS","1102213","1.49","0.05","GO! CT S&C CHK SMP","GO! SOLUTIONS"
"1103124","1","0","LST","1102203","1.49","0.05","GO! PUP CNV GF CK TK&DK SMP","GO! SOLUTIONS"
"1103128","1","0","LST","1102204","1.49","0.05","GO! AD CNV GF CK TK&DK SMP","GO! SOLUTIONS"
"1103136","1","0","LST","","1.49","0.05","GO! CT CNV GF CHK TKY&DK SMP","GO! SOLUTIONS"
"1103169","1","0","LST","13653","64.99","42.05","TOTW DG SIERRA MNT LMB 14lb","TASTE OF THE WILD"
"1103139","1","0","LST","18675","99.99","67.44","GO! CT CNV GF CHK TKY&DK 16LB","GO! SOLUTIONS"
"1103200","1","0","LST","1102211","1.49","0.05","GO! DG SENS LID GF SL SMP","GO! SOLUTIONS"
"1103247","1","0","LST","14079","83.99","59.21","SD DG AD CHK BAR 15LB","HILL'S SCIENCE DIET"
"1103288","1","0","LST","","90.99","61.48","S&C DG FD DK&GSE DNR 25OZ","STELLA & CHEWY'S"
"1103289","1","0","LST","","16.99","10.8","SC DG FD LMB MXR 3.5OZ","STELLA & CHEWY'S"
"1103290","1","0.5","LST","","62.99","42.56","SC DG FD LMB MXR 18OZ","STELLA & CHEWY'S"
"1103245","1","0","LST","11625","123.99","92.67","SD DG AD CHK BAR LIGHT 30LB","HILL'S SCIENCE DIET"
"1103293","1","0","LST","1101993","1.49","0.05","GO! DG SENS LID GF LMB SMP","GO! SOLUTIONS"
"1103329","1","0","LST","","120.99","86.5","SD CT AD SS&S GF SL&PEA 13LB","HILL'S SCIENCE DIET"
"1103296","1","0","LST","1101994","27.99","18.88","GO! DG SENS LID GF LMB 3.5LB","GO! SOLUTIONS"
"1103389","20","0","LST","","11.99","6","OPN RNG DG BF TENDON 1ea","OPEN RANGE"
"1103392","50","0","LST","","4.49","1.917","OPN RNG DG BF TRIPE TWIST 1ea","OPEN RANGE"
"1103423","12","0","ROS","","2.79","1.7833","WER CT WHTA CROCKSTW 3OZ PCH","WERUVA"
"1103429","12","0","LST","","2.99","1.7867","WER CT NEWLY FEDS 2.8OZ PCH","WERUVA"
"1103427","12","0","LST","","2.99","1.7867","WER CT LOV CONNCT 2.8OZ PCH","WERUVA"
"1103431","12","0","LST","","2.99","1.7867","WER CT SLCIS RGHT 2.8OZ PCH","WERUVA"
"1103428","12","0","LST","","2.99","1.7867","WER CT LTS MKE ML 2.8OZ PCH","WERUVA"
"1103430","12","0","LST","","2.99","1.7867","WER CT MLOF FRTNE 2.8OZ PCH","WERUVA"
"1103436","12","0","LST","","2.79","1.7475","WER CT CITK TIM FRDMNT 3OZ PCH","WERUVA"
"1103432","12","0","LST","","2.99","1.7867","WER CT FAMILY FD 2.8OZ PCH","WERUVA"
"1103434","12","0","LST","","2.79","1.7475","WER CT CITK THE BRKFST 3OZ PCH","WERUVA"
"1103435","12","0","LST","","2.79","1.7475","WER CT CITK MWIS BULER 3OZ PCH","WERUVA"
"1103437","12","0","LST","","2.79","1.7475","WER CT CITK KRTE KITY 3OZ PCH","WERUVA"
"1103438","12","0","LST","","2.79","1.7475","WER CT CITK CATYSHCK 3OZ PCH","WERUVA"
"1103502","1","0","LST","","95.99","65.9","ACANA DG LB AD 25LB","ACANA"
"1103526","1","0","LST","","25.99","17.19","ACANA DG CLS PR POL 4.4LB","ACANA"
"1103531","1","0.5","LST","","25.99","17.19","ACANA DG CLS WILD COAST 4.4LB","ACANA"
"1103514","1","0","LST","","58.99","39.61","ACANA DG SB PUP 13.2lb","ACANA"
"1103529","1","0","LST","","83.99","59.67","ACANA DG CLS WILD COAST 21.3LB","ACANA"
"1103577","1","0","LST","","75.99","51","ORIJEN DG LB PUP 13.2LB","ORIJEN"
"1103710","1","0","LST","","12.99","8.75","PB CT SALMON TRT 2OZ","PUREBITES"
"1103814","1","0","LST","","16.99","11.48","SC DG FD DK&GSE MXR 3.5OZ","STELLA & CHEWY'S"
"1103847","1","0","OOS","","0","","EARTHAN NO-HIDE DISPLAY TWR P1","EARTH ANIMAL"
"1103708","1","0","LST","","117.99","75.85","PRB DG FD BF LIVER 2.75LB","PUREBITES"
"1104027","1","0","LST","25362","109.99","88.69","MRK GF DG LMB&SP 22LB","MERRICK"
"1104265","1","0","LST","","29.99","17.75","TOTW DG ANCNT STRM SL 5LB","TASTE OF THE WILD"
"1103846","1","0","OOS","","69.99","47.29","SC DG FD DK&GSE MXR 18OZ","STELLA & CHEWY'S"
"11395","1","0","LST","","81.99","58.36","HK DG GF TKY 4LB","THE HONEST KITCHEN"
"11402","1","0.25","LST","","58.99","41.9","HK DG WG TKY 4LB","THE HONEST KITCHEN"
"1103917","1","0","LST","56002","43.99","24.52","PC DG ODR F BLL PZZLE VP6in8pc","PET CENTER"
"1103918","1","0.25","LST","56000","43.99","24.51","PC DG ODRF BLL PZZLE VP12in4pc","PET CENTER"
"1104262","1","0","LST","","29.99","18.29","TOTW DG ANCNT PRAIR BI&VN 5LB","TASTE OF THE WILD"
"1104264","1","0","LST","","102.99","67.52","TOTW DG ANCNT PRAIR BI&VN 28LB","TASTE OF THE WILD"
"1104268","1","0","LST","","102.99","67.52","TOTW DG ANCNT STRM SL 28LB","TASTE OF THE WILD"
"1152883","1","0","LST","28302","55.99","40.7","PPLN CT SS&S LMB&R 7LB ","PURINA PRO PLAN"
"11392","1","0","LST","","74.99","53.87","HK DG GF CHK 4LB","THE HONEST KITCHEN"
"11401","1","0","LST","","116.99","79.91","HK DG WG TKY 10LB","THE HONEST KITCHEN"
"11409","1","0","LST","","103.99","70.55","HK DG GF FSH 4LB","THE HONEST KITCHEN"
"1153726","12","6.25","LST","","2.49","1.4542","BFF CT DK&SLM DNR GV 3OZ PCH","B.F.F."
"1151011","24","0","LST","","3.49","2.2375","SD CT AD VEG CHK PRFCT 2.9OZ","HILL'S SCIENCE DIET"
"11884","1","0","LST","17384","116.99","83.11","SD CT AD LIGHT 16LB","HILL'S SCIENCE DIET"
"1153723","12","3.25","LST","","2.49","1.4542","BFF CT CK&SHP DNR GV 3OZ PCH","B.F.F."
"1153724","12","3.75","LST","","2.49","1.4542","BFF CT CK&TN DNR GV 3OZ PCH","B.F.F."
"1153725","12","0.75","LST","","2.49","1.4542","BFF CT CKTK&SLM GV 3OZ PCH","B.F.F."
"1153727","12","4.5","LST","","2.49","1.4542","BFF CT BF&CK DNR GV 3OZ PCH","B.F.F."
"14434","1","0","LST","","88.99","56.38","RCBHN DG DASCHND AD 10LB","ROYAL CANIN"
"1500758","1","0","LST","","259.99","155.89","KT FRRT HOME MULTI LVL 24X24IN","KAYTEE"
"1500799","1","0","LST","","10.99","5.7","FLK HRMT CRB BFFT BLND 2.4OZ","FLUKERS"
"1500800","1","0","LST","","7.99","3.35","FLK HRMT CRB SPR BTL 1EA","FLUKERS"
"1500806","1","0","LST","","18.99","9.55","FLK FD CRCKT 1.2OZ","FLUKERS"
"1500794","1","0","LST","","17.99","8.75","FLK ECO CLN WST RMVR 8OZ","FLUKERS"
"1500812","1","0","LST","","13.99","7","FLK JUVE BRD DRN BFFT BLND 4.4","FLUKERS"
"1500802","1","0","LST","","16.99","8.4","FLK AQTRTL BFFT BLND 7.5OZ","FLUKERS"
"1500805","1","0","LST","","18.99","9.75","FLK BRD DRGN MDLY TRT 1.8OZ","FLUKERS"
"1500807","1","0","LST","","18.99","9.55","FLK FD MWM 1.7OZ","FLUKERS"
"1500811","1","0","LST","","10.99","5.75","FLK AD BRD DRGN BFFT BLND 2.9O","FLUKERS"
"1500861","1","0","LST","","59.99","30","ZL HOOD CVR SLID 48X18IN","ZILLA"
"1500862","1","0","LST","","29.99","15","ZL HOOD CVR HINGED 24X12IN","ZILLA"
"1500860","1","0","LST","","44.99","22.5","ZL HOOD CVR SLID 36X18IN","ZILLA"
"1500863","1","0","LST","","34.99","17.5","ZL HOOD CVR HINGED 30X12IN","ZILLA"
"1500864","1","0","LST","","48.99","24.5","ZL HOOD CVR HINGED 48X13IN","ZILLA"
"1500882","1","0","LST","","14.99","6.8","AQUEON QF MPD CRBN 30/50 1EA","AQUEON"
"1500920","1","0","LST","","169.99","101.99","ZL CRITR CG 30X12X12IN 20GAL","ZILLA"
"1500918","1","0","LST","","369.99","258.99","ZL BRD DRGN KIT 36X18IN 40GAL","ZILLA"
"1500919","1","0","LST","","89.99","58.49","ZL CRITR CG 20X10X12IN 10GAL","ZILLA"
"1502642","1","0","LST","","49.99","29.99","MRSHL POP N PLY BALL PIT 1EA","MARSHALL"
"1502870","1","0","LST","","37.99","22.29","PP LIZ LNGR 1SM","PENN-PLAX"
"1502883","1","0","LST","","29.99","17.08","ZPRM PFUN P&C M&L BRD 2LB","ZUPREEM"
"1502885","1","0","LST","","19.99","10.7","ZPRM SENSEED SM BRD 2LB","ZUPREEM"
"1502664","1","0","LST","","21.99","8","ET REP CAVE 1MD","EXO TERRA"
"1502887","1","0","LST","","26.99","16.05","ZPRM SENSEED M&L BRD 2LB","ZUPREEM"
"1502666","1","0","LST","","39.99","17","ET REP CAVE 1XL","EXO TERRA"
"1502888","1","0","OOS","","26.99","16.05","ZPRM SENSEED LG BRD 2LB","ZUPREEM"
"1502667","1","0","LST","","64.99","27.5","ET REP CAVE 1XXL","EXO TERRA"
"1502872","1","0","LST","","52.99","31.24","PP LIZ LNGR 1XL","PENN-PLAX"
"1502884","1","0","LST","","29.99","17.08","ZPRM PFUN LG BRD 2LB","ZUPREEM"
"1502886","1","0","LST","","21.99","13","ZPRM SENSEED MD BRD 2LB","ZUPREEM"
"1502953","1","0","LST","","24.99","18.47","A&H MULTI CAT LTR 18kg","ARM & HAMMER"
"1503002","1","0","LST","","9.99","5.66","SV BAG IT UP MAXI 12PK","SAVIC"
"1503003","1","0","LST","","10.99","6.2","SV BAG IT UP JUMBO 6PK","SAVIC"
"1503532","1","0","LST","","249.99","155","PETSF RMT TRNR 600M","PETSAFE"
"1503769","1","0","OOS","","13.99","7","API TAP WTR COND 8OZ","API"
"1503705","1","0","LST","","9.39","4.68","FFIT PLUSH BALL ASST 1EA","FOUFIT"
"1503933","1","0","LST","1502101","24.99","12.5","KONG DG SS H2O BTL GRN 25OZ","KONG"
"1503930","1","0","LST","75804","18.99","9.5","KONG DG SS H2O BTL BLK 9.5OZ","KONG"
"1503932","1","0","LST","1502100","24.99","12.5","KONG DG SS H2O BTL ORN 25OZ","KONG"
"1504215","1","0","LST","","11.99","5.62","CAT DANCER DELUXE CAT TOY 1EA","CAT DANCER"
"1504676","1","0","LST","","49.99","30.23","FURM LH SM CAT 1ea","FURMINATOR"
"1504677","1","0","LST","","51.99","31.29","FURM LH MD&LG CAT 1ea","FURMINATOR"
"1504664","1","0","LST","","6.99","2.75","MRN NYLN NET 8IN","MARINA"
"1504671","1","0","LST","","51.99","31.29","FURM SH MD&LG CAT 1ea","FURMINATOR"
"1504672","1","0","LST","","49.99","30.23","FURM SH SM CAT 1ea","FURMINATOR"
"1504681","1","0","LST","","17.99","8.47","FURM RAKE 1ea","FURMINATOR"
"1504925","1","0","LST","","11.99","6","HD P&B SEED 2.2LB","HEALTH DIET"
"1504936","1","0.5","LST","","14.99","7.07","KONG WUBBA FINZ BLUE 1SM","KONG"
"1504973","1","0","LST","","2","1.54","BYOB PAULMACS BAG 1EA","BRING YOUR OWN BAG"
"1505375","1","0","LST","","39.99","20","WW SBSTRT LAKE GEMS 20LB","WORLD WIDE"
"1505509","1","0","LST","51652","29.99","14.22","VL NATR RBT CUNI FOOD 5.1LB","VERSELE-LAGA"
"1505511","1","0","LST","51654","29.99","14.22","VL NATR GP CAVIA FOOD 5.1LB","VERSELE-LAGA"
"1505515","1","0","LST","50845","14.99","6.01","VL NATR DEGU FOOD 1.5LB","VERSELE-LAGA"
"1505764","1","0","LST","","7.99","3.6","BRN TRC SA HOOPS TRT 3OZ","BROWNS"
"1505347","1","0","LST","","26.99","11.54","HH FLEECE BALL 1LG","HUGGLEHOUNDS"
"1505374","1","0","LST","","39.99","20","WW SBSTRT FLORA CORE BLK 16LB","WORLD WIDE"
"1505512","1","0","LST","51655","14.99","5.51","VL NATR CHNCHL FOOD 1.5LB","VERSELE-LAGA"
"1505514","1","0","LST","51657","14.99","6.01","VL NATR RAT FOOD 1.5LB","VERSELE-LAGA"
"1505516","1","0","LST","","159.99","92.32","PETSF RECHRG BARK CTL 1ea","PETSAFE"
"1505884","1","0","LST","","12.99","6.5","FL BGB CICH M&L PLT 3.53OZ","FLUVAL"
"1505978","1","0","LST","","11.99","6.94","KONG HPOD LAUNCH RFILL1EA","KONG"
"1506823","1","0","ROS","","19.99","10","BR EE HOLEY ROCK CAVE 4.5IN","BLUE RIBBON"
"1506914","1","0","LST","","49.99","33.95","CRLSN PLASTIC EXP GATE","CARLSON PET"
"1506916","1","0","LST","","149.99","75","CRLSN EXRTA TALL ASSEMBLY GATE","CARLSON PET"
"1506880","1","0","ROS","","64.99","28.07","OXB ESN AD RBT FOOD 25lb","OXBOW"
"1506915","1","0","LST","","139.99","71.5","CRLSN EXRTA WIDE ASSEMBLY GATE","CARLSON PET"
"1507078","1","0","OOS","","16.99","8.75","BR TG SPLT GRN LF PHLDND 7.5IN","BLUE RIBBON"
"1507143","1","0","LST","","15.49","7.7","ZMX KOOKY SM 18IN","ZOO-MAX"
"1507210","1","0","LST","","12.99","6","ET WTR DSH 1SM","EXO TERRA"
"1507018","1","0","LST","","15.99","8","PP CS CRTG MN 3PK","PENN-PLAX"
"1507079","1","0","LST","","13.99","6.25","BR TG POTHOS LEAF CLSTR 8IN","BLUE RIBBON"
"1507080","1","0","LST","","16.99","8.75","BR TG POTHOS LOTUS PLNT 9.5IN","BLUE RIBBON"
"1507204","1","0","LST","","32.99","18.67","ET CRNR WTR DSH 1LG","EXO TERRA"
"1507513","1","0","LST","","9.49","4","FL CRBN SPEC/FLEX/BTA 3PK ","FLUVAL"
"1507206","1","0","LST","","23.99","10.21","ET FREST BRNCH 1MD","EXO TERRA"
"1507514","1","0","LST","","9.49","3.25","FL BIOMAX SPEC/FLEX/BTA 1.5OZ","FLUVAL"
"1507254","1","0","LST","","9.99","4.66","OXB ENLF TIMMY POPS 3PK","OXBOW"
"1507256","1","0","LST","","9.99","4.53","OXB ENLF LOCO BALL 1EA","OXBOW"
"1507259","1","0","LST","","29.99","13.05","OXB ESN YNG RBT 10LB","OXBOW"
"1507701","1","0","LST","","61.99","34.99","ZM DEEP DME DUAL LMP FXTR5.5IN","ZOO MED"
"1507722","1","0","LST","","21.99","12.66","SSD VTPR HDGHG FOOD 1.56LB","SUN SEED"
"1507741","1","0","LST","","7.49","3.33","OXB ENLF COL PLY DANG 1EA","OXBOW"
"1507348","6","0","LST","","5.99","2.995","ACBT BTA GRVL BLK 1LB","ACTIV-BETTA"
"1507744","1","0","LST","","21.99","13.06","OXB ENLF PLY WALL 1SM","OXBOW"
"1507515","1","0","LST","","11.99","5.84","FL FOAM FLTR BLCK FOR FLX 1EA","FLUVAL"
"1507912","1","0","LST","","139.99","87.3","ML EMPRR PRO PWR FLTR 450 1EA","MARINELAND"
"1507955","1","0","LST","","9.49","4.2","ML RSBL MEDIA BAG 4PK","MARINELAND"
"1507956","1","0","ROS","","27.99","14.04","ML DEIONIZING RESIN 7.76OZ","MARINELAND"
"1507957","1","0","LST","","13.99","6.79","ML BIO FOAM & PRFLTR PNGN 1EA","MARINELAND"
"1507958","1","0","ROS","","16.99","7.9","ML PNGN MCRN FLTR RSZ C 1EA","MARINELAND"
"1507959","1","0","LST","","19.99","8.89","ML EMPRR MCRN CRTG RSZ E 1EA","MARINELAND"
"1507963","1","0","LST","","15.99","7.34","ML MGNM FLS SLVE RSZ JH 3PK","MARINELAND"
"1507967","1","0","LST","","29.99","15.15","GFSH LED RND BUBBLER 6COL","GLOFISH"
"1507772","1","0","LST","","299.99","209.99","ZM TERR DBL DOOR 36X18IN 40GAL","ZOO MED"
"1507908","1","0","LST","","44.99","28.05","ML PNGN PRO PWR FLTR 125 1EA","MARINELAND"
"1507909","1","0","LST","","55.99","34.29","ML PNGN PRO PWR FLTR 175 1EA","MARINELAND"
"1507911","1","0","LST","","99.99","62.35","ML PNGN PRO PWR FLTR 375 1EA","MARINELAND"
"1507954","1","0","LST","","49.99","27.44","ML K2 BIO MEDIA 3.3OZ","MARINELAND"
"1507960","1","0","ROS","","129.99","77.95","ML MGNM PLSHN CNSTR FLTR 97GAL","MARINELAND"
"1507961","1","0","LST","","13.99","6.79","ML BIO FOAM & PRFLTR EMP 1EA","MARINELAND"
"1507964","1","0","LST","","28.99","14.7","ML BLK DMND MEDIA CRBN 22OZ","MARINELAND"
"1510158","1","0","LST","","44.99","22.94","ZEN PET ORTHOWRPS ELBOW 1xl","ZEN PET"
"1510159","1","0","LST","","25.99","13.12","ZEN PET ORTHOWRPS HOCK 1sm","ZEN PET"
"1510160","1","0","LST","","33.99","17.41","ZEN PET ORTHOWRPS HOCK 1md","ZEN PET"
"1510157","1","0","LST","","44.99","22.94","ZEN PET ORTHOWRPS ELBOW 1lg","ZEN PET"
"1510161","1","0","LST","","33.99","17.41","ZEN PET ORTHOWRPS HOCK 1lg","ZEN PET"
"1510169","1","0","INOT","","766.99","390.2","ZEN PET ORTHOWRP PWR PNL 1ea","ZEN PET"
"1510244","1","0","LST","","26.99","13.8","NITE DG SPOTLIT XL DISCO 1EA","NITE IZE"
"17485","1","0","LST","17755","69.99","45.53","SD CT AD 7+ 7LB","HILL'S SCIENCE DIET"
"17646","1","0","LST","17640","42.99","28.41","SD CT AD 7+ 4LB","HILL'S SCIENCE DIET"
"17719","1","0","LST","40247","69.99","45.53","SD CT KIT HLTHY DVP 7LB","HILL'S SCIENCE DIET"
"18480","24","0","LST","24022","3.49","2.1775","RCFHN CT MTHR&BBC MOUSSE 3OZ","ROYAL CANIN"
"18513","1","0","LST","","55.99","39.25","NB CT LID GPEA&DK 10LB","NATURAL BALANCE"
"18684","1","0","OOS","","74.99","46.2","BLU CT AD WILD SL 11LB","BLUE BUFFALO"
"21692","24","0","LST","","3.49","1.9325","BLU DG SM BRD AD CHK DNR 5.5OZ","BLUE BUFFALO"
"22817","24","0.5","LST","25111","1.99","1.3263","BLU CT AD TF FSH&TUNA 3OZ","BLUE BUFFALO"
"24304","24","0","LST","","4.49","2.5913","SD CT AD SAVORY SL ENT 5.5OZ","HILL'S SCIENCE DIET"
"25005","24","0","OOS","","2.39","1.3579","BFF CT TN&BONITO BEMINE CF 3OZ","B.F.F."
"25185","1","0","LST","","108.99","77.82","HK DG WG CHK 10LB","THE HONEST KITCHEN"
"25334","24","0.25","LST","","4.59","2.92","MRK CT LMTD GF TKY 5OZ","MERRICK"
"25033","24","0","LST","","2.39","1.3754","BFF CT TN&TLP CF 3OZ","B.F.F."
"25617","1","0","LST","","44.99","25.62","BLU CT AD WILD DK 5LB","BLUE BUFFALO"
"28442","1","0","LST","","76.99","46.49","RCFBN CT MAINE COON 6LB","ROYAL CANIN"
"31223","1","0","LST","","29.99","17.83","ZPRM NTRL LG BRD 3LB","ZUPREEM"
"31571","65","0","LST","","4.49","2.0645","OPN RNG DG OC BULL STICK 4IN","OPEN RANGE"
"30784","1","0","LST","","13.99","8.09","MRTN LF CHNCHL FOOD 2.2LB","MARTIN"
"31233","1","0","LST","","41.99","23.94","ZPRM SMRTSEL LG BRD 4LB","ZUPREEM"
"40251","1","0","LST","","12.49","4.62","NRFN CICH FRMLA 2MM 3.5OZ","NORTHFIN"
"40252","1","0","LST","","12.49","4.62","NRFN VEG FRMLA 1MM 3.5OZ","NORTHFIN"
"40257","1","0","LST","","12.49","4","NRFN MRN FRMLA 1MM 3.5OZ","NORTHFIN"
"40259","1","0","LST","","12.49","4.62","NRFN GLDFSH FRMLA 3MM 3.5OZ","NORTHFIN"
"40266","1","0","LST","","6.49","1.8","NRFN MRN FRMLA 1MM 0.7OZ","NORTHFIN"
"40609","1","0","LST","","16.99","6.45","TTR EASY BLNC PL 8.45OZ","TETRA"
"40628","1","0","LST","","11.49","4.9","TTR AQSF PL WTR COND 3.4OZ","TETRA"
"40629","1","0","LST","","15.99","6.93","TTR AQSF PL WTR COND 8.45OZ","TETRA"
"40926","1","0","LST","","169.99","118.99","ZM LEOP GEKO KIT 20X12IN 10GAL","ZOO MED"
"40927","1","0","LST","","299.99","194.99","ZM BRD DRGN KIT 30X12IN 20GAL","ZOO MED"
"40207","1","0.25","LST","","10.99","4.55","TTR GLDFSH FLKS VTM C 2.2OZ","TETRA"
"40254","1","0","LST","","12.49","4.62","NRFN CMNTY FRMLA 0.5MM 3.5OZ","NORTHFIN"
"40256","1","0","LST","","12.49","4","NRFN KELP WAFR FRMLA 3.5OZ","NORTHFIN"
"40437","1","0","LST","","8.99","3.93","TTR TCOL TROP FLKS 1OZ","TETRA"
"40971","1","0","LST","","54.99","28.22","ZM DEEP DME LMP FXTR 8.5IN","ZOO MED"
"49688","1","0","LST","","5.39","1.76","ZM CRCKT CLCM BLCK 5OZ","ZOO MED"
"50021","1","0","LST","","7.99","2.99","ZM FRG & TDPLE FOOD 2OZ","ZOO MED"
"50063","1","0","OOS","","10.99","4.9","ZM CAN O CRCKT MINI 1.2OZ","ZOO MED"
"50605","1","0","LST","","15.99","10.24","FEL FRSH PELLET PINE 20LB","FELINE FRESH"
"50606","1","0","LST","","26.99","18.5","FEL FRSH PELLET PINE 40lb","FELINE FRESH"
"50617","1","0","LST","","35.99","17.64","ZM DLX PRCLN CLAMP LMP 5.5IN","ZOO MED"
"50635","1","0","LST","","35.99","13.38","ZM REPITSUN UVB5 MN 13W","ZOO MED"
"50636","1","0","LST","","38.99","14.75","ZM REPTISUN UVB10 MN 13W","ZOO MED"
"50637","1","0","LST","","20.99","9.8","ZM DUAL THRMTR&HMDTY GAUGE 1EA","ZOO MED"
"50638","1","0","LST","","16.99","7.85","ZM TERR DGTL THRMTR 1EA","ZOO MED"
"50641","1","0","LST","","359.99","233.99","ZM BRD DRGN KIT 36X18IN 40GAL","ZOO MED"
"50043","1","0","LST","","10.99","5.78","ZM LEOP GEKO FOOD 0.4OZ","ZOO MED"
"50044","1","0","LST","","13.99","6.37","ZM AQTRTL MTNC FRMLA 12OZ","ZOO MED"
"50610","1","0","LST","","113.99","71.15","ZM REPTI FGGR HMDFR 1EA","ZOO MED"
"50615","1","0","LST","","21.99","7.3","ZM ECO EARTH CCNT SBSTRT 8QT","ZOO MED"
"50616","1","0","LST","","38.99","19.4","ZM DEEP DME LMP FXTR 5.5IN","ZOO MED"
"50618","1","0","LST","","42.99","21.12","ZM DLX PRCLN CLAMP LMP 8.5IN","ZOO MED"
"50619","1","0","LST","","15.99","5.15","ZM DAYLT BLU BLB 40W","ZOO MED"
"50634","1","0","LST","","29.99","14.06","ZM NCTRNL INFRD HTLMP 150W","ZOO MED"
"50640","1","0","LST","","24.99","10.49","ZM EXCVTR CLAY 10LB","ZOO MED"
"51662","1","0","LST","","19.99","8.75","VL CRSP MUESLI GP FOOD 6.1LB","VERSELE-LAGA"
"51663","1","0","LST","","9.99","4","VL CRSP MUESLI HMS FOOD2.2LB","VERSELE-LAGA"
"51659","1","0","LST","","19.99","8.75","VL CRSP MUESLI RBT FOOD 6.1LB","VERSELE-LAGA"
"52681","1","0","LST","","31.99","18.7","PM FRESH FLOW PUMP 1EA","PETMATE"
"55034","25","0","LST","","8.49","4.152","RB DG MEATY BONE LG 7oz","REDBARN"
"57217","25","0","LST","28615","13.99","6.496","PC DG BRD BULLY STCK 7in","PET CENTER"
"59356","1","0","LST","","333.99","250","PETSF LTL DG FENCE 1ea","PETSAFE"
"59359","1","0","LST","","99.99","59","PETSF BOUNDARY WIRE 500ft","PETSAFE"
"59474","1","0","ROS","","109.99","71.49","PETSF WIRE&FLAG KIT 500ft","PETSAFE"
"59489","1","0","LST","","229.99","150","PETSF WIRELESS RCVR+ 1ea","PETSAFE"
"59491","1","0","LST","","139.99","89","PETSF DLX ULTLT REC 1ea","PETSAFE"
"6227290","1","0","LST","","15.99","6.68","JMP DG CLR MSH CAMO 1SM","JUMP"
"6227291","1","0","LST","","16.99","7.06","JMP DG CLR MSH CAMO 1MD","JUMP"
"6227293","1","0","LST","","19.99","9.25","JMP DG CLR MSH CAMO 1XL","JUMP"
"59357","1","0","ROS","","231.99","137.36","PETSF LTL DG RCVR 1ea","PETSAFE"
"6227294","1","0","LST","","15.99","6.68","JMP DG CLR MSH ORG 1SM","JUMP"
"59361","1","0","LST","","34.99","19.15","PETSF BOUNDARY FLGS 50pk","PETSAFE"
"6227295","1","0","LST","","16.99","7.06","JMP DG CLR MSH ORG 1MD","JUMP"
"6227297","1","0","LST","","19.99","9.25","JMP DG CLR MSH ORG 1XL","JUMP"
"6227300","1","0","LST","","28.99","13.22","JMP DG STEP IN HRN CAMO 1SM","JUMP"
"6227303","1","0","LST","","33.99","14.56","JMP DG STEP IN HRN CAMO 1XL","JUMP"
"59465","1","0","LST","","239.99","150","PETSF STAY&PLAY XTRA RCVR 1ea","PETSAFE"
"6227292","1","0","LST","","17.99","8.16","JMP DG CLR MSH CAMO 1LG","JUMP"
"6227296","1","0","LST","","17.99","8.16","JMP DG CLR MSH ORG 1LG","JUMP"
"6227301","1","0","LST","","29.99","13.22","JMP DG STEP IN HRN CAMO 1MD","JUMP"
"6227302","1","0","LST","","31.99","14.33","JMP DG STEP IN HRN CAMO 1LG","JUMP"
"6227549","12","0.25","LST","","2.89","1.9542","TIKI CT LUAU TU&CK 2.8OZ","TIKI CAT"
"6227550","12","0","LST","","2.89","1.9542","TIKI CT LUAU TU&MK 2.8OZ","TIKI CAT"
"6227554","12","0","LST","","2.39","1.58","TIKI CT GRILL TU&CRB CNSM2.8OZ","TIKI CAT"
"6227568","8","0","LST","","3.29","2.0963","TIKI CT GRILL TU&CRB CNSM 6OZ","TIKI CAT"
"6227596","8","0","LST","","3.69","2.4688","TIKI CT ALOHA TU&PMP 5.5OZ","TIKI CAT"
"6227600","1","0","LST","","39.99","26.48","TIKI CT BRN CARN LGHT TK 2.8LB","TIKI CAT"
"6227551","12","0","LST","","2.89","1.9542","TIKI CT LUAU TLP 2.8OZ","TIKI CAT"
"6227555","12","0","LST","","2.39","1.58","TIKI CT GRILL TU&PRAWN 2.8OZ","TIKI CAT"
"6227618","4","0","LST","","2.99","1.8975","TIKI DG WRLD ASIA CK&P CUP 3OZ","TIKI DOG"
"6227569","8","0","LST","","3.29","2.0963","TIKI CT GRILL TU&PRAWN 6OZ","TIKI CAT"
"6227572","8","0","LST","","3.29","2.0963","TIKI CT GRILL SRD&LOB 6OZ","TIKI CAT"
"6227574","12","0","LST","","1.99","1.2292","TIKI CT BRTHS CHK PCH 1.3OZ","TIKI CAT"
"6227657","1","0","LST","","99.99","60.1","BLU DG TRU SLTN DGTV 22LB","BLUE BUFFALO"
"6227660","1","0","LST","","99.99","60.1","BLU DG TRU SLTN SK&CO 22LB","BLUE BUFFALO"
"6227661","1","0","LST","","39.99","23.43","BLU DG TRU SLTN DGTV 5LB","BLUE BUFFALO"
"6227597","8","0","LST","","3.69","2.4688","TIKI CT ALOHA TU&WF&PMP 5.5OZ","TIKI CAT"
"6227668","12","0","LST","","5.29","3.1533","BLU DG TRU SLTN SKHLTH 12.5OZ","BLUE BUFFALO"
"6227671","1","0","LST","","95.99","54.29","BLU CT TRU SLTN URINARY 15LB","BLUE BUFFALO"
"6227602","1","0","LST","","64.99","40.64","TIKI CT BRN CARN CHK&EG 5.6LB","TIKI CAT"
"6227673","1","0","LST","","57.99","30.89","BLU CT TRU SLTN DGTV 6LB","BLUE BUFFALO"
"6227604","1","0","LST","","64.99","40.64","TIKI CT BRN CARN CK&HRG 5.6LB","TIKI CAT"
"6227675","1","0","LST","","57.99","30.89","BLU CT TRU SLTN URINARY 6LB","BLUE BUFFALO"
"6227605","1","0","LST","","37.99","24.87","TIKI CT BRN CARN HRG&SL 2.8LB","TIKI CAT"
"6227678","24","0","LST","","3.99","2.0854","BLU CT TRU SLTN WTCRE 5.5OZ","BLUE BUFFALO"
"6227680","24","0","OOS","","3.99","2.0854","BLU CT TRU SLTN SK&CO 5.5OZ","BLUE BUFFALO"
"6227609","12","0","LST","","2.19","1.2842","TIKI DG ALHA BST BF PCH 1.5OZ","TIKI DOG"
"6227681","24","0","LST","","2.89","1.47","BLU CT TRU SLTN DGTV 3OZ","BLUE BUFFALO"
"6227683","24","0","LST","","2.89","1.47","BLU CT TRU SLTN URINARY 3OZ","BLUE BUFFALO"
"6227831","10","0","LST","","14.99","6.957","PC DG BLLY WRP PZZLE W/JRKY9IN","PET CENTER"
"6228034","1","0","","","0","0.39","MK RED STKRS 50% ea","PET VALU"
"6228035","1","0","","","0","0.42","MK RED CAN STKRS 20% ea","PET VALU"
"6227645","1","0","LST","","92.99","55","ADTL DG REFIL 3PK","ADAPTIL"
"6228037","1","0","","","0","0.42","MK RED CAN STKRS 50% ea","PET VALU"
"6227658","1","0","OOS","","99.99","60.1","BLU DG TRU SLTN WTCRE 22LB","BLUE BUFFALO"
"6227662","1","0","OOS","","39.99","23.74","BLU DG TRU SLTN WTCRE 5LB","BLUE BUFFALO"
"6227664","1","0","LST","","39.99","23.74","BLU DG TRU SLTN SK&CO 5LB","BLUE BUFFALO"
"6227666","12","0","LST","","5.29","3.1533","BLU DG TRU SLTN HWGT 12.5OZ","BLUE BUFFALO"
"6228661","1","0","LST","","13.99","4.79","NRFN BUGPRO CRSP 2MM 4.55OZ","NORTHFIN"
"6227674","1","0","LST","","57.99","30.89","BLU CT TRU SLTN WTCRE 6LB","BLUE BUFFALO"
"6228670","1","0","LST","25412","23.99","16.18","GO! DG S&C WG DUCK 3.5LB","GO! SOLUTIONS"
"6227677","24","0","LST","","3.99","2.0854","BLU CT TRU SLTN DGTV 5.5OZ","BLUE BUFFALO"
"6227679","24","0","LST","","3.99","2.0854","BLU CT TRU SLTN URINARY 5.5OZ","BLUE BUFFALO"
"6227682","24","0","LST","","2.89","1.47","BLU CT TRU SLTN WTCRE 3OZ","BLUE BUFFALO"
"6227830","1","0","LST","","24.99","12.19","PC DG BEEF STAKES8OZ","PET CENTER"
"6228032","1","0","","","0","0.39","MK RED STKRS 20% ea","PET VALU"
"6228033","1","0","","","0","0.39","MK RED STKRS 35% ea","PET VALU"
"6229565","1","0","LST","","1.49","0.05","PERF NTRL DG HG BF AD SMP4OZ","PERFORMATRIN NATURALS"
"6228036","1","0","","","0","0.42","MK RED CAN STKRS 35% ea","PET VALU"
"6228662","1","0","LST","","6.49","2.07","NRFN SUPER BTA FRMLA 1MM 0.35O","NORTHFIN"
"6228911","1","0","LST","","31.99","15.56","FLVL P25 PRST SBMRSBL HTR 25W","FLUVAL"
"6229236","1","0","LST","","5.99","3","FREEZER BAG - PAULMAC'S 1EA","PET VALU"
"6229602","1","0","LST","","1.49","0.05","PERF ULT DG AG WDS LGBR SMP4OZ","PERFORMATRIN ULTRA"
"6229603","1","0","LST","","1.49","0.05","PERF ULT DG AG WDS SMP 4OZ","PERFORMATRIN ULTRA"
"6229604","1","0","LST","","2.49","0.05","PERF ULT CT GF FARMSTD SMP 4OZ","PERFORMATRIN ULTRA"
"6229985","1","0","LST","1101147","59.99","39.53","NB DG LID LMB&BR 12LB","NATURAL BALANCE"
"6230170","1","0","LST","51672","12.99","6.26","VL PRM TROP FNCH 1.76LB","VERSELE-LAGA"
"6230600","1","0","LST","","65.99","41.06","ZEAL DG BF 2.2LB","ZEAL"
"6230169","1","0","LST","51671","12.99","6.26","VL PRM CNRY 1.76LB","VERSELE-LAGA"
"6231175","1","0","LST","","29.99","18.74","ZEAL DG SLM 1LB","ZEAL"
"6230599","1","0","LST","","29.99","18.74","ZEAL DG BF 1LB","ZEAL"
"6230601","1","0","LST","","65.99","41.06","ZEAL DG TKY 2.2LB","ZEAL"
"6232390","1","0","","","0","11.94","DOG WASH APRON KIDS EA","PET VALU"
"6231144","1","0","LST","43839","25.99","13.85","PET KELP SKIN& COAT CA 1EA","THE MISSING LINK"
"6231176","1","0","LST","","68.99","43.46","ZEAL DG SLM 2.2LB","ZEAL"
"6232440","1","0","LST","","25.99","17.53","GO!DG SENS LIDGF SL SMBT 3.5LB","GO! SOLUTIONS"
"6232443","1","0","LST","","85.99","58","GO! CT S&C CHK 16LB","GO! SOLUTIONS"
"6232732","1","0","LST","","29.99","20.23","OPFM DG TK&OAT ANCNT G 4LB","OPEN FARM"
"6232734","1","0.5","LST","","103.99","70.63","OPFM DG TK&OAT ANCNT G 22LB","OPEN FARM"
"6232442","1","0","LST","","104.99","70.81","GO!DG SENS LID GF SL SMBT 22LB","GO! SOLUTIONS"
"6232744","1","0","LST","","32.99","22.41","OPFM DG ANCNT G PUP CK&SLM4LB","OPEN FARM"
"6232467","1","0","LST","","105.99","71.49","GO! CT SENS LID GF DUCK 16LB","GO! SOLUTIONS"
"6232754","1","0.5","LST","","109.99","74.71","OPFM DG BF&OAT ANCNT G 22LB","OPEN FARM"
"6232643","1","0","LST","","79.99","53.35","ZIGNATURE DGLIDSMBT KNG 12.5LB","ZIGNATURE"
"6233479","1","0","LST","","19.99","9.99","TUFFY BANANA 2IN1 1EA","TUFFY"
"6233740","1","0","LST","","7.29","4.55","FRTBL DGSTV PMPKN 15OZ","FRUITABLES"
"6233739","1","0","LST","","7.29","4.55","FRTBL SWITCH PMPKN 15OZ","FRUITABLES"
"6234058","1","0","LST","","59.99","35","PETSF PET FTAN 1.8L","PETSAFE"
"6234059","1","0","LST","","79.99","45","PETSF PET FTAN 3.7L","PETSAFE"
"6234583","1","0","ROS","","52.99","26.5","BB BON EMB RND BED GRY 28IN","BAILEY & BELLA"
"6234061","1","0","LST","","122.99","70","PETSF PET FTAN 7.5L","PETSAFE"
"6234621","1","0","LST","","5.99","3","LW CKTL SND PRCH CVR 3PK","LIVING WORLD"
"6234789","1","0","","","0","53.75","MK PV/PM LOY YR ORCE 2021 1KIT","PET VALU"
"6234867","24","0","OOS","","3.49","2.1883","SD CT AD CK CSSRL 2.8OZ PCH","HILL'S SCIENCE DIET"
"6234868","24","0","LST","","3.49","2.1883","SC CT AD 7+ TUNA DNR 2.8OZ PCH","HILL'S SCIENCE DIET"
"6234883","1","0","LST","","31.99","17.92","NB DG LID SL&BR 4LB","NATURAL BALANCE"
"6234884","1","0","LST","","32.99","20.69","NB DG LID DCK&BR 4LB","NATURAL BALANCE"
"6234984","1","0.25","LST","","36.99","27.84","PPLN CT LIVECLEAR CHK&R 3.5LB","PURINA PRO PLAN"
"6235001","1","0.25","LST","","109.99","83.24","PPLN DG SPT CK&R 30/20 37.5LB","PURINA PRO PLAN"
"6235002","1","0","LST","","74.99","59.78","PPLN DG SPEC SS&S LMB&OM 16LB","PURINA PRO PLAN"
"6235035","1","0","ROS","","43.99","27.7","SC DG RW BLND WG CG FREE 3.5LB","STELLA & CHEWY'S"
"6234582","1","0","","","0","4","PM 3PLY MASK W/LOGO EA","PET VALU"
"6234620","1","0","LST","","4.99","2.5","LW SB SND PRCH CVR 6PK","LIVING WORLD"
"6235082","20","0","LST","","8.69","4.7635","RB DG NT FLD BN CK&BC SM3.5OZ","REDBARN"
"6235086","15","0","LST","","14.99","7.7173","RB DG NT FLD BN PB LG8OZ","REDBARN"
"6235521","1","0","LST","","29.99","14.65","OXB ENLF COZE CAVE 1LG","OXBOW"
"6235037","1","0","LST","","44.99","28.37","SC DG RW BLND WG REDMEAT 3.5LB","STELLA & CHEWY'S"
"6235038","1","0","LST","","159.99","103.37","SC DG RW BLND WG REDMEAT 22LB","STELLA & CHEWY'S"
"6235083","20","0","LST","","8.69","4.7635","RB DG NT FLD BN PB SM3.5OZ","REDBARN"
"6235084","15","0","LST","","14.99","7.7173","RB DG NT FLD BN CK&AP LG8OZ","REDBARN"
"6235085","15","0","LST","","14.99","7.7173","RB DG NT FLD BN CK&BC LG8OZ","REDBARN"
"6235880","1","0","ROS","","17.99","7.05","JMP DG CLR DOT GREY 1LG","JUMP"
"6235253","1","0","LST","","76.99","49.79","SD CT AD PRFT DGTV CK&BR 6LB","HILL'S SCIENCE DIET"
"6236101","1","0","LST","","37.99","21.31","NV DG MIL REPL PWDR 12OZ","NUTRI-VET"
"6236179","1","0","","","0","34","MK CORP LO LG WC 1KIT","PET VALU"
"6236406","10","0","","","0","7.258","PM 3PLY CTTN MASKS CAT 10PK","PET VALU"
"6237196","1","0","ROS","","54.99","27.54","B&B OUTDOOR BED AST 30X25 1EA","BAILEY & BELLA"
"6237206","1","0","LST","","1.49","0.05","PERF ULT DG STREAM AG SMP 4OZ","PERFORMATRIN ULTRA"
"6237207","1","0","LST","","1.49","0.05","PERF ULT DG MEADOW AG SMP 4OZ","PERFORMATRIN ULTRA"
"6237221","1","0","","","0","7.01","MK PERF U WLDS/FRM BLADE 1KIT","PET VALU"
"6236240","1","0","LST","","24.99","12.49","TUFFY HOT DOG 2IN1 1EA","TUFFY"
"6237530","1","0","LST","","1.49","0.05","GO! CT S&C GF SL SMP","GO! SOLUTIONS"
"6237534","1","0","LST","","1.49","0.05","GO! CT SENS LID GF DUCK SMP","GO! SOLUTIONS"
"6236371","1","0.25","LST","1103552","35.99","23.45","ACANA DG SNGLS PRK&SQSH 4LB","ACANA"
"6236373","1","0","LST","1103551","115.99","79.61","ACANA DG SNGLS PRK&SQSH 23.8LB","ACANA"
"6236405","10","0","","","0","7.258","PV 3PLY CTTN MASKS CAT 10PK","PET VALU"
"6237674","1","0","LST","","22.99","11.45","HH KNOTTIE PENELOPE PIG 1SM","HUGGLEHOUNDS"
"6237675","1","0","LST","","26.99","16.19","HH KNOTTIE PENELOPE PIG 1LG","HUGGLEHOUNDS"
"6236431","1","0","INOT","","24.99","12.49","S21 B&B BDAY TUTU TANK XL 1EA","BAILEY & BELLA"
"6236440","1","0","INOT","","19.99","9.99","S21 B&B BDAY T-SHIRT XL 1EA","BAILEY & BELLA"
"6236441","1","0","INOT","","19.99","9.99","S21 B&B BDAY T-SHIRT XXL 1EA","BAILEY & BELLA"
"6236865","15","0","LST","","13.99","7.4","OPN RNG DG FURS-BEE 1EA","OPEN RANGE"
"6237992","1","0","ROS","","38.99","20.27","BB DG HRN RD PLD 1MD","BAILEY & BELLA"
"6237995","1","0","ROS","","33.99","17.33","BB DG HRN GRY PLD 1SM","BAILEY & BELLA"
"6237997","1","0","ROS","","38.99","20.27","BB DG HRN GRY PLD 1LG","BAILEY & BELLA"
"6237998","1","0","ROS","","33.99","17.33","BB DG HRN PNK HOUNDTOOTH 1XS","BAILEY & BELLA"
"6238031","1","0","ROS","","25.99","9.1","JMP CLR MRTNGL FLMNGO GRY 1LG","JUMP"
"6237195","1","0","ROS","","54.99","27.54","B&B OUTDOOR BED SLD 30X25 1EA","BAILEY & BELLA"
"6238351","1","0","","","0","13.5","MK X CPS WINDOW PSTR 1KIT","PET VALU"
"6238353","1","0","LST","","0.01","0.01","WHMZ DG BULK RACK 1EA","WHIMZEES"
"6237323","1","0","LST","","129.99","77.96","SHERPA CYCLEASH 1 EA","SHERPA"
"6238402","1","0","LST","","13.99","6.47","SD DG SFT SVRIES PEANT&BNNA8oz","HILL'S SCIENCE DIET"
"6239004","1","0","LST","26581","30.99","20.9","NOW DG AD GF TROUT SL&HRG3.5LB","NOW FRESH"
"6239008","1","0","LST","26589","124.99","84.3","NOW DG AD GF LMB&PRK 22LB","NOW FRESH"
"6239010","1","0","LST","1102391","33.99","22.93","NOWDG SMBRGF TROUT SL&HRG3.5LB","NOW FRESH"
"6237719","1","0","ROS","","32.99","13.86","JMP DG VST HRN SLD BLU 1LG","JUMP"
"6239044","1","0","LST","26584","29.99","20.23","NOW CT AD GF TROUT SL&HRG 3LB","NOW FRESH"
"6239063","12","0","LST","","3.49","1.6108","JAYS TA DG BEEF MEATBARS1oz","JAY'S"
"6239064","12","0","LST","","3.49","1.6108","JAYS TA DG BACON MEATBARS1oz","JAY'S"
"6237990","1","0","ROS","","33.99","17.33","BB DG HRN RD PLD 1XS","BAILEY & BELLA"
"6237993","1","0","ROS","","38.99","20.27","BB DG HRN RD PLD 1LG","BAILEY & BELLA"
"6239509","1","0","LST","26519","111.99","75.53","NOW PUP GF TK SL&DK 22LB","NOW FRESH"
"6238000","1","0","ROS","","38.99","20.27","BB DG HRN PNK HOUNDTOOTH 1MD","BAILEY & BELLA"
"6238001","1","0","ROS","","38.99","20.27","BB DG HRN PNK HOUNDTOOTH 1LG","BAILEY & BELLA"
"6238006","1","0","ROS","","33.99","17.33","BB DG HRN BRWN HRNGBNE 1XS","BAILEY & BELLA"
"6240080","24","0","LST","","3.49","2.1883","SD CT AD 2.8OZ PCH","HILL'S SCIENCE DIET"
"6238009","1","0","ROS","","38.99","20.27","BB DG HRN BRWN HRNGBNE 1LG","BAILEY & BELLA"
"6240362","25","0","LST","","0","0.0004","ZEAL CT SLM & TKY SMP 20G","ZEAL"
"6238029","1","0","ROS","","22.99","8.04","JMP CLR MRTNGL FLMNGO GRY 1SM","JUMP"
"6240617","4","0","LST","","15.99","8","PTRGS DG EAT DRNK RPT BOWL 6IN","PETRAGEOUS"
"6239005","1","0","LST","26582","111.99","75.53","NOW DG AD GF TROUT SL&HRG 22LB","NOW FRESH"
"6241037","1","0","LST","","13.99","6.75","NGAGE FLYER ORANGE 1EA","N-GAGE"
"6239006","1","0","LST","26588","33.99","22.93","NOW DG AD GF LMB&PRK 3.5LB","NOW FRESH"
"6239041","1","0","LST","18729","29.99","20.23","NOW CT AD GF TK SL&DK 3LB","NOW FRESH"
"6241070","1","0","INOT","","0","113.93","PLAY MUTT HATTER SHIPPER 15PC","PLAY"
"6241109","12","0.5","LST","","7.79","5.2317","ORIJEN DG ORIG STEW 12.8OZ","ORIJEN"
"6241110","12","0","LST","","6.99","4.8958","ORIJEN DG PUPPY PATE 12.8OZ","ORIJEN"
"6241112","12","0.75","LST","","7.79","5.2317","ORIJEN DG CHICKN STEW 12.8OZ","ORIJEN"
"6239858","1","0","","","0","4.75","PV 2PLY CTN PAW MASK EA","PET VALU"
"6240323","12","0","LST","","6.99","4.355","TIKI CAT SALMN MSSE STIX3OZ6PK","TIKI CAT"
"6240359","25","0","LST","","0","0.0004","ZEAL DG BF SMP 20G","ZEAL"
"6240360","25","0","LST","","0","0.0004","ZEAL DG TKY SMP 20G","ZEAL"
"6250846","1","0","LST","","14.99","7.85","LJ PB&CCNT CLBRTION BASH6OZ","LORD JAMESON"
"6240361","25","0","LST","","0","0.0004","ZEAL DG SLM SMP 20G","ZEAL"
"6250975","12","0","LST","","1.79","1.0225","WER PMKN CCNT&FLXSD 1.05OZ","WERUVA"
"6240517","1","0","LST","","34.99","21.81","ZEAL CT SLM & TKY 14OZ","ZEAL"
"6240618","4","0","LST","","23.99","13.1475","PTRGS DG EAT DRNK RPT BOWL 8IN","PETRAGEOUS"
"6240978","24","0","LST","23146","4.49","2.7","RCCHN DG SB PUP 5.2OZ","ROYAL CANIN"
"6241064","1","0","INOT","","0","110.93","PLAY SUMMER CLASSIC SHPR 15PC","PLAY"
"6251733","1","0","LST","","21.99","11.43","ESN DG SILCN DBL BOWL BLUE 1SM","ESSENTIALS"
"6251734","1","0","LST","","34.99","17.49","ESN DG SILCN DBL BOWL CHAR 1LG","ESSENTIALS"
"6251735","1","0","LST","","34.99","17.49","ESN DG SILCN DBL BOWL SAGE 1LG","ESSENTIALS"
"6250445","1","0","LST","","114.99","68.59","DGS DRTY DG RUNNER GRY 1EA","DOG GONE SMART"
"6250845","1","0","LST","","14.99","7.85","LJ DG STRWBRRY&BEET BEST6OZ","LORD JAMESON"
"6250852","1","0","LST","","21.99","10.51","KONG SNUZZLE BEAR 1MD","KONG"
"6250974","12","0","LST","","1.79","1.0225","WER PMKN GNGER&TMIC 1.05OZ","WERUVA"
"6250976","12","0","LST","","2.49","1.4442","WER PMKN GNGER&TMIC 2.8OZ","WERUVA"
"6250977","12","0","LST","","2.49","1.4442","WER PMKN CCNT&FLXSD 2.8OZ","WERUVA"
"6251651","1","0","LST","","9.99","5.12","OXB ENLF TMTHY APL SLC 1EA","OXBOW"
"6251730","1","0","LST","","21.99","11.43","ESN DG SILCN DBL BOWL CHAR 1SM","ESSENTIALS"
"6251731","1","0","LST","","21.99","11.43","ESN DG SILCN DBL BOWL SAGE 1SM","ESSENTIALS"
"6251732","1","0","LST","","21.99","11.43","ESN DG SILCN DBL BOWL ROSE 1SM","ESSENTIALS"
"6252941","1","0","LST","","12.99","6.5","DRYMATE GOOD DOG MAT 20IN","DRYMATE"
"6251736","1","0","LST","","34.99","17.49","ESN DG SILCN DBL BOWL ROSE 1LG","ESSENTIALS"
"6251737","1","0","LST","","34.99","17.49","ESN DG SILCN DBL BOWL BLUE 1LG","ESSENTIALS"
"6251739","1","0","LST","","31.99","15.99","ESN SILCN SLOW FEEDR CHAR 1EA","ESSENTIALS"
"6253993","1","0","LST","","21.99","12.09","CALMR REPLACE HEARTBEAT 1EA","CALMEROOS"
"6251741","1","0","LST","","20.99","10.4","ESN SILCN MAT WHITE 1EA","ESSENTIALS"
"6253994","1","0","LST","","19.99","10.99","CALMR REPLACE HEAT PACK 6PC","CALMEROOS"
"6251747","1","0","","","0","4.7","MK F4L 2021 POP 1KIT","PET VALU"
"6257170","1","0","LST","","27.99","16.98","CF SEA GLASS BDNG 23L","CAREFRESH"
"6257171","1","0","LST","","27.99","16.98","CF PURPLE BDNG 23L","CAREFRESH"
"6401737","1","0","OOS","","13.99","7","PDH PAW LICK PAD BLUE 1EA","PET DREAM HOUSE"
"6402290","1","0.25","LST","1000097","63.99","36.57","PERF ULT CT WG CK&R 12LB","PERFORMATRIN ULTRA"
"6402292","1","0","LST","1000098","22.99","13.27","PERF ULT CT WG CK&R 2.5LB","PERFORMATRIN ULTRA"
"6402295","1","0.25","LST","6229600","33.99","19.91","PERF ULT CT GF FRMSTD 4LB","PERFORMATRIN ULTRA"
"6402298","1","0.5","LST","1000133","33.99","19.15","PERF ULT CT GF KIT 4LB","PERFORMATRIN ULTRA"
"6402299","1","0.5","LST","1000135","26.99","14.62","PERF ULT CT GF KIT 2.5LB","PERFORMATRIN ULTRA"
"6402301","1","1","LST","1000285","33.99","19.91","PERF ULT CT GF OCN 4LB","PERFORMATRIN ULTRA"
"6402306","1","0.75","LST","1000101","74.99","43.81","PERF ULT CT GF 12LB","PERFORMATRIN ULTRA"
"6402309","1","0","LST","10802","26.99","14.62","PERF ULT CT GF SNR 2.5LB","PERFORMATRIN ULTRA"
"6402315","1","0","LST","1000110","22.99","13.56","PERF ULT CT WG HWGT 2.5LB","PERFORMATRIN ULTRA"
"6402321","1","0","LST","1000119","63.99","37.75","PERF ULT CT LID GP&DK 12LB","PERFORMATRIN ULTRA"
"6402323","1","0","LST","1000117","24.99","14.74","PERF ULT CT LID GP&DK 2.5LB","PERFORMATRIN ULTRA"
"6402325","1","0.5","LST","1000123","63.99","37.75","PERF ULT CT LID SL 12LB","PERFORMATRIN ULTRA"
"6402327","1","0","LST","1000122","29.99","17.69","PERF ULT CT LID SL 4LB","PERFORMATRIN ULTRA"
"6402329","1","0","LST","1000130","29.99","17.69","PERF ULT CT LID TURKEY 4LB","PERFORMATRIN ULTRA"
"6402330","1","0.5","LST","1000129","24.99","14.74","PERF ULT CT LID TURKEY 2.5 LB","PERFORMATRIN ULTRA"
"6402334","1","0","LST","1000127","63.99","37.75","PERF ULT CT LID CK&SP 12LB","PERFORMATRIN ULTRA"
"6402344","1","0.5","LST","1000220","24.99","14.3","PERF ULT DG WG L&R AD 4LB","PERFORMATRIN ULTRA"
"6402346","1","0.25","LST","1000218","49.99","28.02","PERF ULT DG WG L&R AD 12LB","PERFORMATRIN ULTRA"
"6402351","1","0","LST","6237201","59.99","34.23","PERF ULT DG WG MEADOW 12LB","PERFORMATRIN ULTRA"
"6402353","1","0","LST","6237202","25.99","15.33","PERF ULT DG WG MEADOW 4LB","PERFORMATRIN ULTRA"
"6402355","1","0","LST","6237198","59.99","34.23","PERF ULT DG WG STREAM 12LB","PERFORMATRIN ULTRA"
"6402357","1","0","LST","6237199","25.99","15.33","PERF ULT DG WG STREAM 4LB","PERFORMATRIN ULTRA"
"6402360","1","0","LST","6229596","25.99","15.33","PERF ULT DG WG WDS 4LB","PERFORMATRIN ULTRA"
"6402368","1","0","LST","1000202","64.99","37.83","PERF ULT DG GF FTHL 12LB","PERFORMATRIN ULTRA"
"6402370","1","0","LST","1000204","64.99","37.83","PERF ULT DG GF FTHL SB12LB","PERFORMATRIN ULTRA"
"6402374","1","0.25","LST","1000222","64.99","38.34","PERF ULT DG GF LGBR AD 12LB","PERFORMATRIN ULTRA"
"6402392","1","0.25","LST","1000212","64.99","38.34","PERF ULT DG GF SMBT 12LB","PERFORMATRIN ULTRA"
"6402395","1","0","LST","1000249","29.99","16.74","PERF ULT DG GF PRR 4LB","PERFORMATRIN ULTRA"
"6402403","1","0.25","LST","1002233","29.99","16.74","PERF ULT DG GF SNR SB 4LB","PERFORMATRIN ULTRA"
"6402405","1","0.25","LST","1000214","59.99","34.24","PERF ULT DG WG HWGT SL 12LB","PERFORMATRIN ULTRA"
"6402409","1","0.25","LST","1000256","25.99","15.33","PERF ULT DG WG HWGT SB 4LB","PERFORMATRIN ULTRA"
"6402410","1","0.25","LST","1000258","59.99","34.24","PERF ULT DG WG HWGT SB 12LB","PERFORMATRIN ULTRA"
"6402412","1","0","LST","1000227","33.99","19","PERF ULT DG LID DK&POT 4LB","PERFORMATRIN ULTRA"
"6402414","1","0","LST","1000225","69.99","39.94","PERF ULT DG LID DK&POT 12LB","PERFORMATRIN ULTRA"
"6402421","1","0.25","LST","1000235","33.99","19","PERF ULT DG LID POT&SL 4LB","PERFORMATRIN ULTRA"
"6402429","1","0","LST","1000195","33.99","19","PERF ULT DG LID CK&SP 4LB","PERFORMATRIN ULTRA"
"6402440","1","0.5","LST","1000242","33.99","19","PERF ULT DG LID VEN&SP 4LB","PERFORMATRIN ULTRA"
"6402442","1","0","LST","1000259","44.99","24.3","PERF ULT DG WG CK&R PUP 12LB","PERFORMATRIN ULTRA"
"6401736","1","0","OOS","","13.99","7","PDH PAW LICK PAD GREEN 1EA","PET DREAM HOUSE"
"6401898","1","0","OOS","","0","15.03","MK PET EXPERT POP 1kit",""
"6402291","1","1","LST","1000099","27.99","15.77","PERF ULT CT WG CK&R 4LB","PERFORMATRIN ULTRA"
"6402294","1","0.25","LST","6229599","26.99","15.92","PERF ULT CT GF FRMSTD 2.5LB","PERFORMATRIN ULTRA"
"6402296","1","0.25","LST","6229601","74.99","44.24","PERF ULT CT GF FRMSTD 12LB","PERFORMATRIN ULTRA"
"6402305","1","0.25","LST","1000102","26.99","14.62","PERF ULT CT GF 2.5LB","PERFORMATRIN ULTRA"
"6402307","1","1.5","LST","1000103","33.99","19.15","PERF ULT CT GF 4LB","PERFORMATRIN ULTRA"
"6402310","1","0.5","LST","10702","33.99","19.15","PERF ULT CT GF SNR 4LB","PERFORMATRIN ULTRA"
"6402311","1","0.5","LST","10602","74.99","42.11","PERF ULT CT GF SNR 12LB","PERFORMATRIN ULTRA"
"6402313","1","0.75","LST","1000111","27.99","15.77","PERF ULT CT WG HWGT 4LB","PERFORMATRIN ULTRA"
"6402314","1","0.25","LST","1000109","63.99","37.56","PERF ULT CT WG HWGT 12LB","PERFORMATRIN ULTRA"
"6402318","1","0","LST","1000114","22.99","13.56","PERF ULT CT WG L&R AD 2.5LB","PERFORMATRIN ULTRA"
"6402319","1","0.25","LST","1000113","63.99","37.52","PERF ULT CT WG L&R AD 12LB","PERFORMATRIN ULTRA"
"6404775","1","0","LST","","76.99","49.79","SD CT 7+ PRFT DGTV CK&BR 6LB","HILL'S SCIENCE DIET"
"6402322","1","0.25","LST","1000118","29.99","17.69","PERF ULT CT LID GP&DK 4LB","PERFORMATRIN ULTRA"
"6404777","1","0","LST","","44.99","28.31","SD CT AD PRFT DGTV SL&BR 3.5LB","HILL'S SCIENCE DIET"
"6402326","1","0","LST","1000121","24.99","14.74","PERF ULT CT LID SL 2.5LB","PERFORMATRIN ULTRA"
"6404778","1","0","LST","","44.99","28.31","SD CT 7+ PRFT DGTV CK&BR 3.5LB","HILL'S SCIENCE DIET"
"6402331","1","0","LST","1000131","63.99","37.75","PERF ULT CT LID TURKEY 12LB","PERFORMATRIN ULTRA"
"6402333","1","0","LST","1000125","29.99","17.69","PERF ULT CT LID CK&SP 4LB","PERFORMATRIN ULTRA"
"6402338","1","0.25","LST","1000196","44.99","24.57","PERF ULT DG WG CK&R 12LB","PERFORMATRIN ULTRA"
"6402339","1","0","LST","1000198","21.99","12.91","PERF ULT DG WG CK&R 4LB","PERFORMATRIN ULTRA"
"6402341","1","0.75","LST","1002230","21.99","12.91","PERF ULT DG WG CK&R SMBT 4LB","PERFORMATRIN ULTRA"
"6402349","1","0.75","LST","1002292","49.99","28.02","PERF ULT DG WG L&R SMBT 12LB","PERFORMATRIN ULTRA"
"6402363","1","0.5","LST","6229594","59.99","33.07","PERF ULT DG WG WDS LGBR 12 LB","PERFORMATRIN ULTRA"
"6402367","1","0","LST","1000201","29.99","16.74","PERF ULT DG GF FTHL 4LB","PERFORMATRIN ULTRA"
"6402379","1","0.5","LST","1000248","64.99","38.34","PERF ULT DG GF OCN 12LB","PERFORMATRIN ULTRA"
"6402381","1","0.5","LST","1000246","29.99","16.74","PERF ULT DG GF OCN 4LB","PERFORMATRIN ULTRA"
"6402384","1","0.25","LST","1000207","64.99","38.34","PERF ULT DG GF 12LB","PERFORMATRIN ULTRA"
"6402389","1","0.25","LST","1000262","64.99","36.26","PERF ULT DG GF PUP 12LB","PERFORMATRIN ULTRA"
"6402391","1","0","LST","1000210","29.99","16.52","PERF ULT DG GF SMBT 4LB","PERFORMATRIN ULTRA"
"6402398","1","0","LST","10404","29.99","16.52","PERF ULT DG GF SNR 4LB","PERFORMATRIN ULTRA"
"6406464","1","0","LST","","22.99","11.5","KM WDLND CNPY 1EA","KOMODO"
"6402400","1","0","LST","10304","64.99","36.23","PERF ULT DG GF SNR 12LB","PERFORMATRIN ULTRA"
"6406465","1","0","LST","","22.99","11.5","KM RAINFORST CNPY 1EA","KOMODO"
"6402402","1","0","LST","1002232","64.99","38.23","PERF ULT DG GF SNR SB 12LB","PERFORMATRIN ULTRA"
"6406467","1","0","LST","","23.99","11.95","KM TREX SKL 1EA","KOMODO"
"6402407","1","0","LST","1000216","25.99","15.33","PERF ULT DG WG HWGT SL 4LB","PERFORMATRIN ULTRA"
"6406468","1","0","OOS","","20.99","10.5","KM SABERTOOTH SKL 1EA","KOMODO"
"6402419","1","0.5","LST","1000233","69.99","39.94","PERF ULT DG LID POT&SL 12LB","PERFORMATRIN ULTRA"
"6402423","1","0","LST","1000237","33.99","19","PERF ULT DG LID POT&TK 4LB","PERFORMATRIN ULTRA"
"6402425","1","0","LST","1000238","62.99","37.07","PERF ULT DG LID POT&TK 12LB","PERFORMATRIN ULTRA"
"6402428","1","0.25","LST","1000192","62.99","37.07","PERF ULT DG LID CK&SP 12LB","PERFORMATRIN ULTRA"
"6402433","1","0","LST","1000230","33.99","19","PERF ULT DG LID SP&FSH 4LB","PERFORMATRIN ULTRA"
"6402435","1","0","LST","1002296","33.99","19","PERF ULT DG LID SP&FS SB 4 LB","PERFORMATRIN ULTRA"
"6402436","1","0.5","LST","1002295","69.99","40.59","PERF ULT DG LID SP&FS SB 12 LB","PERFORMATRIN ULTRA"
"6402439","1","0.25","LST","1000243","69.99","40.59","PERF ULT DG LID VEN&SP 12LB","PERFORMATRIN ULTRA"
"6402443","1","0.25","LST","1000260","21.99","12.91","PERF ULT DG WG CK&R PUP 4LB","PERFORMATRIN ULTRA"
"6402510","1","0","LST","","8.49","4.01","RLLVR DG BF&CH PTY STX MX3.5oz","ROLLOVER"
"6402518","1","0","LST","","54.99","28.91","PC DG NO ODOR STR PZZLE8pk12in","PET CENTER"
"6402531","1","0","OOS","","17.99","10.4","HOTD DG RABBIT FD TRT2.25oz","HARE OF THE DOG"
"6402535","1","0","LST","","76.99","49.79","SD CT AD PRFT DGTV SL&BR 6LB","HILL'S SCIENCE DIET"
"6402540","1","0","LST","","125.99","95.44","SD DG AD PRFT DGTV SL 22LB","HILL'S SCIENCE DIET"
"6406558","1","0","INOT","","249.99","149.99","A&E VICTRIAN OPN TOP CAGE 32IN","A&E CAGE"
"6406563","12","0.25","LST","26571","6.49","4.3583","TRIPETT DG ORIG BF TRP 14OZ","TRIPETT"
"6406564","12","0","LST","26572","6.49","4.3583","TRIPETT DG ORIG BF TR&D&S 14OZ","TRIPETT"
"6402768","100","0","OOS","","0","0.0544","MK ONLINE ORDER TY CARDS 100pk",""
"6406569","1","0","LST","","79.99","52.91","ORIJEN CT GURDN CK SL&RB 10LB","ORIJEN"
"6406608","1","0","LST","","11.99","8.09","PRIML CUPBOARD CUTS BF 3.5OZ","PRIMAL"
"6406610","1","0","LST","","11.99","8.09","PRIML CUPBOARD CUTS FSH 3.5OZ","PRIMAL"
"6404774","1","0","LST","","120.99","86.5","SD CT AD PRFT DGTV CK&BR 13LB","HILL'S SCIENCE DIET"
"6406374","1","0","OOS","","0","3.2","MK F4L 2021 #4 ECP 1 kit",""
"6406466","1","0","OOS","","24.99","12.48","KM JNGL CNPY 1EA","KOMODO"
"6406469","1","0","LST","","32.99","16.64","KM DEER SKL 1EA","KOMODO"
"6406565","12","0","LST","26573","6.49","4.3583","TRIPETT DG NZ ORIG LMB TR 14OZ","TRIPETT"
"6406609","1","0","LST","","11.99","8.09","PRIML CUPBOARD CUTS CHK 3.5OZ","PRIMAL"
"6406622","1","0","LST","","57.99","38.45","BLU DG AD SB LPF BEEF 15LB","BLUE BUFFALO"
"6406638","1","0","LST","","0","4.16","FREEZER DATA STRIP 17in",""
"6407120","1","0","LST","","16.99","9.85","S&C DG JUST JERKY BTS SLMN6oz","STELLA & CHEWY'S"
"6407122","1","0.25","LST","","16.99","9.85","S&C DG JUST JERKY BTS CHCKN6oz","STELLA & CHEWY'S"
"6408011","20","0","LST","","0","2.008","N95 MASKS 20pk","3M"
"6408098","1","0","LST","","15.99","7.99","CF RBT & FRRT LTR 4.5LB","CAREFRESH"
"6408136","25","0","LST","","0","0.12","MK LLH DOG GC ENV 25/pk ",""
"6408137","25","0","LST","","0","0.12","MK LLH CAT GC ENV 25/PK ",""
"6408138","25","0","OOS","","0","0.1152","MK V3 SMALL PET GC ENV 25/pk",""
"6409207","60","0","LST","","2.99","1.3208","T&T DG SNK STN SP ORIGINAL1ea","THIS & THAT"
"6409208","20","0","LST","","5.79","2.825","T&T DG SNK STN FISH STICKSL1ea","THIS & THAT"
"6409209","60","0","LST","","2.99","1.3208","T&T DG SNK STN COVINGTON SP1ea","THIS & THAT"
"6409210","60","0","LST","","3.19","1.3478","T&T DG SNK STN CHKN BNGERS1ea","THIS & THAT"
"6409211","60","0","LST","","3.19","1.3478","T&T DG SNK STN DUCK BNGERS1ea","THIS & THAT"
"6409212","30","0","LST","","6.29","3.0933","T&T DG SNK STN BB&Y SP STKS1ea","THIS & THAT"
"6409260","1","0.25","LST","1100028","38.99","25.3","RCFHN CT URINARY CARE 3LB","ROYAL CANIN"
"6409261","1","0","LST","6406598","117.99","76.7","RCFHN CT URINARY CARE 14LB","ROYAL CANIN"
"6447297","1","0","OOS","","26.99","13.5","API AQUA ESSENTIAL 16OZ","API"
"6467198","30","0","LST","","3.69","1.8027","T&T DG SNK STN LIVER STCKS1ea","THIS & THAT"
"6467199","30","0","LST","","6.29","3.0933","T&T DG SNK STN APP PRK STKS1ea","THIS & THAT"
"6467201","20","0","LST","","5.79","2.825","T&T DG SNK STN DUCK NECKSL1ea","THIS & THAT"
"66544","1","0","LST","","17.99","8.33","ZM NGTLT RED BLB 40W","ZOO MED"
"6467202","60","2","LST","","2.19","0.904","T&T DG SNK STN DUCK FEET1ea","THIS & THAT"
"65225","1","0","LST","","279.99","171.49","GEN7 PROMENADE STROLLER BK 1ea","GEN7PETS"
"65524","1","0","LST","","449.99","308.48","WARE PRM RBT HTCH LG 46X24IN","CRITTERWARE"
"66868","1","0","LST","","10.99","4.5","MRN BCLR SLIM CRTG 3PK","MARINA"
"66473","1","0","LST","","17.99","8.38","ZM REPTI BARK 8QT","ZOO MED"
"67507","1","0","LST","","9.39","3.54","ML PNGN CRTG RSZ A 1EA","MARINELAND"
"67510","1","0","LST","","19.99","8.88","ML EMPRR CRTG RSZ E 2PK","MARINELAND"
"66724","1","0","LST","","61.99","26.75","ZM UNDR TNK HTR 40GAL 16W","ZOO MED"
"67502","1","0","LST","","9.39","3.54","ML PNGN CRTG RSZ B 1EA","MARINELAND"
"67504","1","0","LST","","9.39","3.54","ML PNGN CRTG RSZ C 1EA","MARINELAND"
"67505","1","0","LST","","19.99","8.5","ML PNGN CRTG RSZ C 3PK","MARINELAND"
"67508","1","0","LST","","19.99","8.88","ML PNGN CRTG RSZ A 3PK","MARINELAND"
"67519","1","0","LST","","22.99","11.43","ML MGNM MCRN CRTG 1EA","MARINELAND"
"71720","1","0","LST","","34.99","19.44","TTR WSP PWR FLTR PF10 5-10GAL","TETRA"
"75995","1","0","LST","","144.99","83.16","MW WIRE MESH BARRIER 1EA","MIDWEST"
"79061","1","0","LST","","29.99","18.15","PETSF SMART KEY 1ea","PETSAFE"
"79116","1","0","LST","","259.99","150","PETSF S&P STBRN RCVR 1ea","PETSAFE"
"79068","1","0","ROS","","164.99","105","PETSF SMART DOOR 1sm","PETSAFE"
"9100134","24","0","LST","","4.49","2.5913","SD CT AD TNDR TUNA DNR 5.5OZ","HILL'S SCIENCE DIET"
"94588","24","0","LST","","4.49","2.5913","SD CT MT AD ACT CHK ENTR 5.5OZ","HILL'S SCIENCE DIET"
"9100137","24","0","LST","","4.49","2.5913","SD CT AD TNDR OCN FISH 5.5OZ","HILL'S SCIENCE DIET"
"9503294","1","0","LST","","19.99","10","BR CBF WLD MNTN PLNT RED 1EA","BLUE RIBBON"
"9503314","1","0","LST","","7.99","3.6","BR CBF EXO MN PLNT NEO GRN 1EA","BLUE RIBBON"
"B4292","1","0","LST","","117.99","76.7","RCFHN CT INDR HB CARE 14LB","ROYAL CANIN"
"E3794","1","0","LST","26518","30.99","20.9","NOW PUP GF TK SL&DK 3.5LB","NOW FRESH"
"94808","100","0","LST","","2.99","1.7697","RLLVR DG ROASTED BF STRP 5-6in","ROLLOVER"
"G2237","1","0","LST","","13.99","6.47","SD DG FLEXI-STIX BF JRKY7.1oz","HILL'S SCIENCE DIET"
"9503295","1","0","LST","","17.99","9.25","BR CBF AMAZONIA PLNT PLM 1EA","BLUE RIBBON"
"9503313","1","0","LST","","7.99","3.6","BR CBF EXO MN PLNT NEO BLU 1EA","BLUE RIBBON"
"9503315","1","0","LST","","7.99","3.6","BR CBF EXO MN PLNT NEO ORG 1EA","BLUE RIBBON"
"9503317","1","0","LST","","13.99","6.25","BR CBF FOXTAIL PLNT NEO BLU1EA","BLUE RIBBON"
"G6335","1","0.5","LST","","43.99","28.65","SD DG AD SS CHK 4LB","HILL'S SCIENCE DIET"
"IL345","1","0","LST","","126.99","82.2","RCSHN DG GIANT JR 30LB","ROYAL CANIN"
"IP359","1","0.25","LST","","13.99","6.47","SD DG SFT BKD NTRLS DK&PPKN8oz","HILL'S SCIENCE DIET"
"F7363","1","0","LST","","17.99","9.27","JAYS DG MY MIGHTY WLF TRKY16oz","JAY'S"
"IQ581","1","0","LST","","12.99","6.07","PTRGS DG 1SPOILED PLACEMAT 1EA","PETRAGEOUS"
"FF969","1","0","LST","","17.99","9.27","JAYS DG MY MIGHTY WLF DUCK16oz","JAY'S"
"IX097","1","0","LST","","17.99","9.27","JAYS DG MY MIGHTY WLF PRK16oz","JAY'S"
"IB850","1","0","LST","","14.99","7.15","RLLVR DG BF STFFD PRK RLLS 2pc","ROLLOVER"
"O6402","1","0","LST","","14.99","6.5","FL EV GRVL CLNR MN 10IN","FLUVAL"
"Q1509","1","0","LST","","54.99","25","MRN PLYRSN CAVE LG 5X11IN","MARINA"
"S0843","1","0","LST","","0","19.94","ORNG (RED) PRICE STICKERS 9rl",""
"S101746","100","0","LST","","0","0.019","BOSC CLR CELLO BAG 4X6","BOSCO AND ROXY'S"
"K3738","1","0","LST","","14.99","7","MRN DECO WOOD ORN 1LG","MARINA"
"S103387","1","0","OOS","","0","","EARTHAN WOOD STIX DISPLAY 1ea","EARTH ANIMAL"
"O8675","1","0","LST","","5.99","2.92","MRN FLTNG THRMTR 1LG","MARINA"
"S103847","1","0","OOS","","0","","EARTHAN NO-HIDE DSPLY SHLVS P2","EARTH ANIMAL"
"S1298","1","0","ROS","","0","0.55","PERF ULTRA SCOOP 1ea","RC PET PRODUCTS"
"S1526","1","0","LST","","0","","T&T 9 TUB WIRE DISPLAY","THIS & THAT"
"S1777","1","0","OOS","","0","8.01","PHEROMON INSCT TRAP&LURE 1EA",""
"S0841","1","0","LST","","0","1.69","TONGS- WHT/CLR PLASTIC ea",""
"S0844","1","0","OOS","","0","17.59","WHITE PRICE STICKERS 9RL",""
"S1906","30","0","LST","","0","6.93","DOG WASH TOWELS 30BX",""
"S1948","1","0","LST","","0","12.11","DOG WASH 21in NOOSE 1ea",""
"S1975","1","0","LST","","0","22.26","PERF ULT DG FD CHK SMP 15.5oz","PERFORMATRIN ULTRA"
"S101475","1","0","LST","","0","300","BOSC GLASS BAKERYCASE PT1","BOSCO AND ROXY'S"
"S101476","1","0","LST","","0","300","BOSC BAKERYCASE TRY & BRKT PT2","BOSCO AND ROXY'S"
"S101477","1","0","LST","","0","76","BOSCO CASE EXTRA SHELF","BOSCO AND ROXY'S"
"S2698","1","0","LST","","0","1.59","DATA STRIP LD BEAM 48in",""
"S101747","1","0","LST","","0.01","0.22","BOSC BAKERY BOX","BOSCO AND ROXY'S"
"S3409","25","0","LST","","0","0","RANGER PAMPHLET 1ea",""
"S101748","1","0","LST","","0","2.79","BOSC BKRY PR TAG HLDR","BOSCO AND ROXY'S"
"S103632","1","0","LST","","0","9","BOSCO DG BAKERY CASE TRAY 1ea","BOSCO AND ROXY'S"
"S4068","1","0","LST","","0","0.25","SCAN HOOK LABEL HLDR 1ea",""
"S103854","1","0","OOS","","0","","ETTA DG YUMM STICKS DSPLY","ETTA SAYS!"
"S4079","50","0","LST","","0","0.313","WIRE BSKT TAG w/FLEX50pk",""
"S4084","1","0","LST","","0","12.59","BLK HANG 12x12 DISP BSKT ea",""
"S1208","50","0","LST","","0","0.053","FISH BAGS 8inX18in 50pc",""
"S4090","1","0","LST","","0","8.15","BLK CLIPSTRIP c/w 12 CLIPS 1pk",""
"S4092","1","0","LST","","0","1.9","WIRE SHELF EXTNDR 7in 1pk",""
"S4094","1","0","LST","","0","12.02","LEASH RACK BLK 8PEG-2in",""
"S1465","1","0","OOS","","0","0.05","MARTIN WE FEED & REC CLING","MARTIN"
"S4099","1","0","LST","","0","5.26","BLK HARNESS FACEOUT5HK 1ea",""
"S4100","1","0","LST","","0","4.07","BLK SHELF DIVIDER 3x25 1ea",""
"S4421","100","0","LST","","0","0.0891","PV LBL 2IN BLACK&TAN100/PK",""
"S1851","1","0","LST","","0","1053.18","GROOMING TABLE 1ea",""
"S1919","1","0","LST","","0","13.84","DOG WASH APRON EA",""
"S4615","50","0","LST","","0","0.128","MK 3WAY SIGN HOLDER 50/pk",""
"S1941","1","0","LST","","0","","METAL FIXTURE ETTA 1EA","ETTA SAYS!"
"S4616","50","0","OOS","","0","0.13","MK WIRE BSKT SIGN HOLDER 50pk",""
"S1974","1","0","OOS","","0","20.14","PERF ULT DG FD BF SMP 17.6oz","PERFORMATRIN ULTRA"
"S4682","1","0","LST","","0","9.99","PLSTC GFTCRD HLDR 4-TIER ea",""
"S4909","5","0","LST","","0","1.408","MK POP UP LITERATURE BOX 5/pk",""
"S4074","1","0","LST","","0","0.55","BLACK SCAN HOOK-SNGL 6in",""
"S5351","1","0","LST","","0","16.99","DOG MANNEQUIN 1EA","RC PET PRODUCTS"
"S4075","1","0","LST","","0","0.94","BLACK SCAN HOOK -DBL 6in",""
"S5469","1","0","OOS","","0","2","PASSION TRAINING WRKBK 1ea",""
"S4077","1","0","LST","","0","2.44","BLACK SCAN HOOK -SNGL 4IN",""
"S4093","1","0","LST","","0","9.21","BRCKT c/w LBL HLD 9in 1pk",""
"S4095","1","0","LST","","0","17.7","LEASH RACK BLK 8PEG-4in",""
"S4096","1","0","LST","","0","18.3","LEASH RACK BLK 8PEG-8in",""
"S4605","1","0","LST","","0","1.75","MK COUNTR TOP SIGN HOLDERS 1ea",""
"S4618","50","0","OOS","","0","0.1226","MK TRAD STORE SHLF CLIPS 50pk",""
"S4686","25","0","LST","","0","0.08","MK DOG WASH BRCHR 25pk",""
"S6031","1","0","LST","","0","288","MK DIRECTIONAL SIGN KIT 1kit",""
"S4731","10","0","LST","","0","1.115","CASH FIXTURE CLIP 10pk",""
"S6032","1","0","LST","","0","149.9","MK DESTINATION HOLDER KIT 1kit",""
"S4852","500","0","LST","","0","0.0308","SM PAPER TREAT BAGS 500PK",""
"S4906","25","0","OOS","","0","0.12","MK ACTIVITY BOOK 25/pk",""
"S6231","1","0","LST","","0","29.82","MK 3FT DOG DIR SIGN 1ea","PET VALU"
"S6232","1","0","LST","","0","48.25","MK 4FT CAT DIR SIGN 1ea","PET VALU"
"S5222","10","0","OOS","","0","1.35","SQUARE PICK 10/pk",""
"S6234","1","0","OOS","","0","7.72","MK SM REPTILE DIR SGN1ea","PET VALU"
"S5468","1","0","OOS","","0","2","PASSION LEADER'S GUIDE 1bk",""
"S6241","1","0","LST","","0","7.72","MK CAT TOYS DIR SIGN 1ea","PET VALU"
"S6244","1","0","LST","","0","7.72","MK CAT TREAT DIR SGN1ea","PET VALU"
"S6245","1","0","OOS","","0","7.72","MK DOG TREAT DIR SGN1ea","PET VALU"
"S6253","1","0","LST","","0","7.72","MK SM DENTAL SIGN 1ea","PET VALU"
"S6150","1","0","LST","","0","8.51","MK CAN SO FIXTURE SGN 1kit",""
"S6230","1","0","OOS","","0","69.84","MK 3FT CAT DIR SIGN 1ea","PET VALU"
"S6233","1","0","OOS","","0","79.67","MK 4FT DOG ENDCAP KIT 1ea","PET VALU"
"S6236","1","0","OOS","","0","7.72","MK CAD SM STAIN&ODR DIRSN","PET VALU"
"S6237","1","0","OOS","","0","7.72","MK SM APPAREL DIR SGN 1ea","PET VALU"
"S6238","1","0","LST","","0","7.72","MK SM NAT TREAT DIRSGN ea","PET VALU"
"S6239","1","0","OOS","","0","7.72","MK SM DEN TREAT DIRSGN ea","PET VALU"
"S6240","1","0","LST","","0","7.72","MK DOG TOYS DIR SIGN 1ea","PET VALU"
"S6243","1","0","OOS","","0","7.72","MK BIRD DIR SIGN 1ea","PET VALU"
"S6246","1","0","OOS","","0","7.72","MK SM FISH DIR SIGN 1ea","PET VALU"
"S6248","1","0","LST","","0","7.72","MK SM PET DIR SIGN 1ea","PET VALU"
"S6249","1","0","LST","","0","7.72","MK SM TRAVEL SIGN 1ea","PET VALU"
"S6250","1","0","OOS","","0","7.72","MK SM HEALTH SOL SGN 1ea","PET VALU"
"S9002","100","0","LST","","0","0","PV COMPANION MAG #2 - CDA 1ea",""
"S9003","100","0","LST","","0","0","PV COMPANION MAG #3 - CDA 1ea",""
"S6251","1","0","OOS","","0","7.72","MK SM LITTER SOL SGN 1ea","PET VALU"
"S9004","100","0","LST","","0","0","PV COMPANION MAG #4 - CDA 1ea",""
"S6252","1","0","LST","","0","7.72","MK SM GRMNG DIR SIGN 1ea","PET VALU"
"S9005","100","0","LST","","0","0","PV COMPANION #5 2011-CDA 1ea",""
"S6310","1","0","OOS","","0","3.32","MK SHLF TLKR FIXTURE ea",""
"S9007","100","0","LST","","0","0","PV COMPANION #7 2011-CDA 1ea",""
"S9312","40","0","LST","","0","0.18","MK YR CASE STICKERS 40PK",""
"S9446","50","0","LST","S2145","0","1.295","TTR BTA DBL CUPS 50PC","TETRA"
"S9507","10","0","LST","","0","0.376","MK MAKNG RM TCRDS 10PK","PET VALU"
"S7079","1","0","LST","","0","3.43","MK PERM ST HLDR wHINGE 1ea",""
"S9523","50","0","LST","","0","0.1024","MK MNGR SPEC TEMP 50pk","PET VALU"
"S7930","1","0","LST","","0","29.45","MK 4FT CLEARANCE ENDCAP 1KIT",""
"S9530","50","0","LST","","0","0.05","MK BLANK TEMP 50pk","PET VALU"
"S9001","100","0","LST","","0","0","PV COMPANION MAG #1 - CDA 20pg",""
"S9006","100","0","LST","","0","0","PV COMPANION #6 2011-CDA 1ea",""
"S9008","100","0","LST","","0","","PV COMPANION #8 2011-CDA 1ea",""
"S9251","1","0","LST","","0","11.31","MK PM ADJ HOUR WND CLNG 1kit",""
"S9971","1","0","OOS","","0","11.31","MK PV ADJ HOUR WND CLNG 1kit",""
"S9338","100","0","OOS","","0","0.0167","MK PERF STKR 100pk","PET VALU"
"S9341","100","0","LST","","0","0.0167","MK LOVIBLES STKR 100pk","PET VALU"
"S9380","1","0","LST","S0372","0","1.74","CAD REGISTER ROLL 1rl","PET VALU"
"X3640","1","0","LST","","13.99","6.08","GFSH GRAVEL WHITE 5LB","GLOFISH"
"X3704","1","0","LST","","18.99","9.4","PA DG EVRYDY PPRMINT BISC 2LB","PETS AGREE"
"S9444","1","0","LST","S2143","0","1116.66","TTR BTA FIXTURE 1EA","TETRA"
"X3706","1","0","LST","","18.99","9.4","PA DG LIV'A HPPY LVR BISC2LB","PETS AGREE"
"S9524","50","0","LST","","0","0.1024","MK CLEARANCE TEMP 50pk","PET VALU"
"S9525","50","0","OOS","","0","0.076","MK PV-PM EXC OFR YR 50pk","PET VALU"
"S9529","1","0","OOS","","0","6.33","MK PLASTIC SS HLDR ea","PET VALU"
"X6710","1","0","OOS","","13.99","6.95","PACFC 21 DG FRSHWTR SMLT1.76OZ","PACIFIC 21"
"U7644","1","0","LST","77847","25.99","12","MRN A75 AIR PUMP 25GAL","MARINA"
"W5343","1","0","LST","","16.99","8.27","ET SS SCPR 1EA","EXO TERRA"
"X3008","1","0","LST","","12.99","5.13","GFSH GRAVEL BLACK W/FLOUR 5LB","GLOFISH"
"X3642","1","0","LST","","12.99","5.13","GFSH GRAVEL PNK/GRN/BLUE 5LB","GLOFISH"
"X3711","1","0","LST","","18.99","9.4","PA DG HOOKED WLD SALMN BISC2LB","PETS AGREE"
"X4243","1","0","LST","","9.99","5","PH TOUCH INK PAD 1 EA","PEARHEAD"
"Y0471","1","0","LST","","8.79","4.65","ETTA DG SIT TRNG TRT PB 6oz","ETTA SAYS!"
"Y1511","1","0","LST","","9.99","5.65","OXB ENLF TIMBELLS 1EA","OXBOW"
"Y1626","1","0","LST","","8.79","4.65","ETTA DG SIT TRNG TRT BCN 6oz","ETTA SAYS!"
"X9397","1","0","LST","","23.99","14.33","HK DG INSTNT GOAT MILK 5.2OZ","THE HONEST KITCHEN"
"Y3466","1","0","LST","","5.99","2.5","LW SA CRT DROPS 2.6OZ","LIVING WORLD"
"Y3470","1","0","LST","","5.99","2.5","LW SA HNY DROPS 2.6OZ","LIVING WORLD"
"Y3471","1","0","LST","","5.99","2.5","LW SA RSBRY DROPS 2.6OZ","LIVING WORLD"
"Y2399","1","0","LST","","5.99","2.5","LW SA MULTIMIX DROPS 2.6OZ","LIVING WORLD"
"Y3320","1","0","LST","","5.99","2.5","LW SA YGRT DROPS 2.6OZ","LIVING WORLD"
"Z5152","1","0","ROS","","19.99","9.73","MRN DRCN SLK PLNT GRN 14IN","MARINA"
"6406511","1","0","LST","","13.99","8.33","PERF ULT DG FD PATTY CHK 4OZ","PERFORMATRIN ULTRA"
"6406512","1","0","LST","","34.99","20.83","PERF ULT DG FD PATTY CHK 12OZ","PERFORMATRIN ULTRA"
"6406515","1","0.25","LST","","34.99","20.83","PERF ULT DG FD PATTY BF 12OZ","PERFORMATRIN ULTRA"
"6406517","1","0","LST","","18.99","11.3","PERF ULT DG FD BITES CHK 5OZ","PERFORMATRIN ULTRA"
"6406522","1","0","LST","","29.99","17.52","PERF ULT DG FD PWDR BF 7OZ","PERFORMATRIN ULTRA"
"6406639","1","0","LST","","1.49","0.05","PERF ULT DG FD BF SMP 1EA","PERFORMATRIN ULTRA"
"6406513","1","0","LST","","69.99","41.65","PERF ULT DG FD BITES CHK 25OZ","PERFORMATRIN ULTRA"
"6406514","1","0","LST","","13.99","8.33","PERF ULT DG FD PATTY BF 4OZ","PERFORMATRIN ULTRA"
"6406516","1","0","LST","","69.99","41.65","PERF ULT DG FD BITES BF 25OZ","PERFORMATRIN ULTRA"
"6406518","1","0","LST","","48.99","29.15","PERF ULT DG FD BITES CHK 16OZ","PERFORMATRIN ULTRA"
"6406519","1","0.25","LST","","18.99","11.3","PERF ULT DG FD BITES BF 5OZ","PERFORMATRIN ULTRA"
"6406520","1","1.5","LST","","48.99","29.15","PERF ULT DG FD BITES BF 16OZ","PERFORMATRIN ULTRA"
"6406521","1","0","LST","","29.99","17.52","PERF ULT DG FD PWDR CHK 7OZ","PERFORMATRIN ULTRA"
"6406640","1","0","LST","","1.49","0.05","PERF ULT DG FD CHK SMP 1EA","PERFORMATRIN ULTRA"
"X6591","12","1","LST","","4.19","2.8967","HK DG PMK TK&PMK 5.5OZ","THE HONEST KITCHEN"
"X6592","12","0","LST","","4.19","2.8967","HK DG BONE BRTH TK&SAL 5.5OZ","THE HONEST KITCHEN"
"X6593","12","0","LST","","4.19","2.8967","HK DG PMK CK&PMK 5.5OZ","THE HONEST KITCHEN"
"X6597","12","0","LST","","4.19","2.8967","HK DG BONE BRTH BF STW 5.5OZ","THE HONEST KITCHEN"
"Y3875","1","0","LST","","11.99","7.99","HK DG WF CLSTR GF TK 1LB","THE HONEST KITCHEN"
"Y3876","1","0","LST","","11.99","7.99","HK DG WF CLSTR GF BF 1LB","THE HONEST KITCHEN"
"Y3874","1","0","LST","","11.99","7.99","HK DG WF CLSTR GF CK 1LB","THE HONEST KITCHEN"
"6409357","1","0","LST","","25.99","14.78","CHECKUP DG AT HOME TEST1ea","CHECKUP"
"6409326","1","0","LST","","44.99","22.49","GRBR DG PUPPY MLK RPLCR15.8oz","GROBER PETS"
"6409150","1","0","LST","","46.99","28.26","FELIWAY CT OPTM REFILL 1EA","FELIWAY"
"6409149","1","0","LST","","54.99","31.92","FELIWAY CT OPTM STR KIT 1EA","FELIWAY"
"6228317","1","0","LST","","22.99","10.81","GD CHECKER SKINNY COW 1LG","GO DOG"
"6228324","1","0","LST","","19.99","9.77","GD DINO FRILLS TEAL 1MD","GO DOG"
"6228326","1","0","LST","","25.99","14.09","GD DRAGON SEAFOAM 1LG","GO DOG"
"6257104","1","0","LST","","19.99","10.04","BBONE PUP WISHBONE BCN 1MD","BENEBONE"
"63893","1","0","LST","","17.99","8.84","GD DOG FUZZY WUZZY LMB 1SM","GO DOG"
"6411291","1","0","LST","","19.99","10.04","BBONE DG SALMON FISHBONE 1MD","BENEBONE"
"6466149","1","0","LST","","24.99","12.25","BBONE DG BACON STICK 1MD","BENEBONE"
"6409347","1","0","LST","","29.99","16.27","GD DG DINO FRILLS PLSH RD 1LG","GO DOG"
"6411290","1","0","LST","","28.99","16.19","BBONE DG SALMON FISHBONE 1LG","BENEBONE"
"6411292","1","0","LST","","16.99","7.98","BBONE DG SALMON FISHBONE 1SM","BENEBONE"
"6466150","1","0","LST","","28.99","16.19","BBONE DG BACON STICK 1LG","BENEBONE"
"6409333","1","0","LST","","10.99","5.19","PERF ULT DG CHS CHW MD 2.5oz","PERFORMATRIN ULTRA"
"6409337","1","0","LST","","27.99","12.47","PERF ULT DG CHS CHW LG2PK7OZ","PERFORMATRIN ULTRA"
"6409332","1","0.25","LST","","8.99","3.86","PERF ULT DG CHS CHW SM 1.5oz","PERFORMATRIN ULTRA"
"6409334","1","0.25","LST","","14.99","6.65","PERF ULT DG CHS CHW LG 3.5oz","PERFORMATRIN ULTRA"
"6409335","1","0.25","LST","","18.99","8.83","PERF ULT DG CHS CHW X-LG 5oz","PERFORMATRIN ULTRA"
"6409336","1","0.25","LST","","27.99","12.47","PERF ULT DG CHS CHW MD3PK7.5OZ","PERFORMATRIN ULTRA"
"1510067","1","0","INOT","","37.99","18.2","GFP ELASTOFIT ICE VEST 1SM","GF PET"
"1510068","1","0","INOT","","41.99","20.5","GFP ELASTOFIT ICE VEST 1MD","GF PET"
"1510069","1","0","INOT","","45.99","22","GFP ELASTOFIT ICE VEST 1LG","GF PET"
"6236145","1","0","INOT","","43.99","21.57","GFP S24 REV RAINCOAT YEL XS ","GF PET"
"6236148","1","0","INOT","","47.99","24","GFP S24 REV RAINCOAT YEL LG","GF PET"
"6236149","1","0","INOT","","51.99","26","GFP S24 REV RAINCOAT YEL XL","GF PET"
"6236150","1","0","INOT","","55.99","27.55","GFP S24 REV RAINCOAT YEL 2XL","GF PET"
"6236154","1","0","INOT","","43.99","21.57","GFP S24 REV RAINCOAT RED XS ","GF PET"
"6236157","1","0","INOT","","47.99","24","GFP S24 REV RAINCOAT RED LG","GF PET"
"6236158","1","0","INOT","","51.99","26","GFP S24 REV RAINCOAT RED XL","GF PET"
"6236159","1","0","INOT","","55.99","27.55","GFP S24 REV RAINCOAT RED 2XL","GF PET"
"6236172","1","0","INOT","","64.99","31","GFP ELASTOFIT ICE VEST 1XXXXL","GF PET"
"6236146","1","0","INOT","","44.99","22","GFP S24 REV RAINCOAT YEL SM","GF PET"
"6236147","1","0","INOT","","46.99","23.1","GFP S24 REV RAINCOAT YEL MD","GF PET"
"6236151","1","0","INOT","","58.99","29","GFP S24 REV RAINCOAT YEL 3XL","GF PET"
"6236155","1","0","INOT","","44.99","22","GFP S24 REV RAINCOAT RED SM","GF PET"
"6236156","1","0","INOT","","46.99","23.1","GFP S24 REV RAINCOAT RED MD","GF PET"
"6232609","1","0","LST","","11.99","7.2","LWG GRMT INSCT TPR 125G","LIVING WORLD GREEN"
"6232610","1","0","LST","","11.99","7.2","LWG GRMT FRT MDLY TPR 215G","LIVING WORLD GREEN"
"6232612","1","0","LST","","11.99","7.2","LWG GRMT BTNCL TPR 35G","LIVING WORLD GREEN"
"6237094","1","0","LST","","5.99","2.75","LWG KENAF NSTN 40G","LIVING WORLD GREEN"
"6253751","1","0","LST","","6.49","2.75","LWG NAT BALL CHW TOY 1EA","LIVING WORLD GREEN"
"6253752","1","0","LST","","6.49","2.75","LWG NAT CRT CHW TOY 1EA","LIVING WORLD GREEN"
"6402345","1","1.75","LST","1000219","74.99","44.24","PERF ULT DG WG L&R AD 24LB","PERFORMATRIN ULTRA"
"6402362","1","1.75","LST","6229595","95.99","56.63","PERF ULT DG WG WDLND LGBR 24LB","PERFORMATRIN ULTRA"
"6402366","1","0.5","LST","1000200","99.99","58.99","PERF ULT DG GF FTHL 24LB","PERFORMATRIN ULTRA"
"6402376","1","0","LST","1000254","99.99","57.19","PERF ULT DG GF LGBR PUP 24LB","PERFORMATRIN ULTRA"
"6402394","1","0.25","LST","1000252","99.99","58.99","PERF ULT DG GF PRR 24LB","PERFORMATRIN ULTRA"
"6402413","1","0.25","LST","1000226","119.99","70.79","PERF ULT DG LID DK&POT 24LB","PERFORMATRIN ULTRA"
"6402438","1","0.5","LST","1000241","119.99","70.79","PERF ULT DG LID VEN&SP 24LB","PERFORMATRIN ULTRA"
"6402337","1","0.75","LST","1000197","69.99","41.29","PERF ULT DG WG CK&R 24LB","PERFORMATRIN ULTRA"
"6402352","1","0.5","LST","6237200","95.99","56.63","PERF ULT DG WG MEADOW 24LB","PERFORMATRIN ULTRA"
"6402356","1","1.25","LST","6237197","95.99","56.63","PERF ULT DG WG STREAM 24LB","PERFORMATRIN ULTRA"
"6402361","1","0.25","LST","6229598","95.99","56.63","PERF ULT DG WG WDLND 24LB","PERFORMATRIN ULTRA"
"6402373","1","1","LST","1000223","99.99","58.37","PERF ULT DG GF LGBR AD 24LB","PERFORMATRIN ULTRA"
"6402380","1","0","LST","1000245","99.99","58.99","PERF ULT DG GF OCN 24LB","PERFORMATRIN ULTRA"
"6402383","1","0.25","LST","1000208","99.99","58.55","PERF ULT DG GF ORIG 24LB","PERFORMATRIN ULTRA"
"6402388","1","0","LST","1000263","99.99","57.19","PERF ULT DG GF ORIG PUP 24LB","PERFORMATRIN ULTRA"
"6402399","1","0","LST","10204","99.99","57.11","PERF ULT DG GF ORIG SNR 24LB","PERFORMATRIN ULTRA"
"6402406","1","2.25","LST","1000215","95.99","56.63","PERF ULT DG WG HWGT SL 24LB","PERFORMATRIN ULTRA"
"6402420","1","0.25","LST","1000234","119.99","70.79","PERF ULT DG LID POT&SL 24LB","PERFORMATRIN ULTRA"
"6402424","1","0.25","LST","1000239","109.99","64.89","PERF ULT DG LID POT&TK 24LB","PERFORMATRIN ULTRA"
"6402427","1","0","LST","1000194","109.99","64.89","PERF ULT DG LID CK&SP 24LB","PERFORMATRIN ULTRA"
"6402431","1","0.5","LST","1000229","119.99","70.79","PERF ULT DG LID SP&FSH 24LB","PERFORMATRIN ULTRA"
"6409359","1","0","LST","","10.99","5","LWG BTNCL HC CRT 75G","LIVING WORLD GREEN"
"6409360","1","0","LST","","10.99","5","LWG BTNCL HC BEET 75G","LIVING WORLD GREEN"
"6409362","1","0","LST","","6.49","2.75","LWG MNG STCK CHWS 10PK","LIVING WORLD GREEN"
"6409364","1","0","LST","","6.49","2.75","LWG NAPR GRS STCK CHWS 20PK","LIVING WORLD GREEN"
"6409365","1","0","INOT","","9.99","5","GFP DG CANADA SOCCER TOY 1EA","GF PET"
"6409361","1","0","LST","","13.99","6.53","LWG BTNCL HB FLWR 200G","LIVING WORLD GREEN"
"6409363","1","0","LST","","7.49","3.5","LWG CCNT CHPS CHWS 45G","LIVING WORLD GREEN"
"6469691","1","0","LST","","13.99","6.53","LWG BTNCL HB VEG 200G","LIVING WORLD GREEN"
"6465513","1","0","LST","","19.99","12","LWG BTNCL AD RBT FOOD 1.3KG","LIVING WORLD GREEN"
"6465515","1","0","LST","","19.99","12","LWG BTNCL AD GP FOOD 1.3KG","LIVING WORLD GREEN"
"F2104","1","0","LST","","12.99","6.3","VL PRS BRD MILLET GLD 300G","VERSELE-LAGA"
"52386","1","0","LST","","36.99","20.34","TUFFY ULT 3WY TUG O WAR 1EA","TUFFY"
"11295","24","0","LST","","2.79","1.8925","WEL CT CUBED CHK 3OZ","WELLNESS"
"11308","24","0","LST","","2.79","1.8925","WEL CT SLC SL 3OZ","WELLNESS"
"11309","24","0","LST","","2.79","1.8925","WEL CT CMPL HLTH MNCD CHK 3OZ","WELLNESS"
"6252510","1","0","LST","","37.99","19","CP DG EVRYTHNG HRN REFL 1SM","CANADA POOCH"
"6254153","1","0","LST","","44.99","22.5","CP DG EVRYTHNG HRN REFL 1XL","CANADA POOCH"
"6254154","1","0","LST","","42.99","21.5","CP DG EVRYTHNG HRN REFL 1LG","CANADA POOCH"
"6254155","1","0.25","LST","","39.99","20","CP DG EVRYTHNG HRN REFL 1MD","CANADA POOCH"
"6407946","1","0","LST","","119.99","72","CATIT PIXI SMART FTAN 1EA","CATIT"
"6407947","1","0.25","LST","","7.99","4","CATIT PIXI FTAN FLTR 3PK","CATIT"
"6407948","1","0","LST","","139.99","84","CATIT PIXI SMART FDR 1EA","CATIT"
"6409412","1","0","LST","","7.99","4","CATIT PIXI SMRT FDR DSCNT 3PK","CATIT"
"6447309","1","0.25","LST","","54.99","30","CATIT PIXI FTAN WHITE 1EA","CATIT"
"6447311","1","0","LST","","54.99","30","CATIT PIXI FTAN LIGHT BLUE 1EA","CATIT"
"G5707","1","0","LST","","39.99","20","CP DG EVRYTHNG HRN PNK 1MD","CANADA POOCH"
"G6381","1","0","LST","","42.99","21.49","CP DG EVRYTHNG HRN PNK 1LG","CANADA POOCH"
"G6382","1","0","LST","","44.99","22.5","CP DG EVRYTHNG HRN PNK 1XL","CANADA POOCH"
"G5796","1","0","LST","","37.99","19","CP DG EVRYTHNG HRN PNK 1SM","CANADA POOCH"
"G9027","1","0","LST","","22.99","11.43","MX&ML DG LED RHBLE LT GRN 1EA","MAX & MOLLY URBAN PETS"
"6409376","1","0","LST","","14.99","10.21","A&H MULTI CT SCNT LTR BG 6.4KG","ARM & HAMMER"
"6469665","1","0","ROS","","17.99","12.42","WBCL LOW TRACK &DUST CTRL 8LB","WORLD'S BEST"
"6469667","1","0","LST","","53.99","42","WBCL LOW TRACK &DUST CTRL 28LB","WORLD'S BEST"
"6469666","1","0","LST","","35.99","25.8","WBCL LOW TRACK &DUST CTRL 15LB","WORLD'S BEST"
"6230705","1","0","LST","","36.99","20.34","PP AF TR BS GRN RSN 1EA","PENN-PLAX"
"6404870","1","0","LST","","22.49","11.62","TROPCLN FB CT ORAL KIT 2OZ","TROPICLEAN"
"6409377","1","0","LST","","44.99","22.94","GRBR CT KTN MLK RPLCR 15.8oz","GROBER PETS"
"6409513","1","0","LST","6229981","109.99","80.85","NB DG LID DK&POT 22LB","NATURAL BALANCE"
"6409515","1","0","LST","15950","29.99","16.1","NB DG LID VEG 4LBS","NATURAL BALANCE"
"6409517","1","0.5","LST","11996","99.99","67.4","NB DG LID VEG 24LBS","NATURAL BALANCE"
"6409519","1","0","LST","6232961","99.99","62.62","NB DG LID SL&BR 24LB","NATURAL BALANCE"
"6409453","1","0","LST","","21.99","12.09","PP AF MOS PTCH GRN RSN 1EA","PENN-PLAX"
"6409452","1","0","LST","","39.99","21.99","PP AF RK RNG GRN RSN 1EA","PENN-PLAX"
"6409514","1","0","LST","6232959","109.99","75.49","NB DG LID DCK&BR 22LB","NATURAL BALANCE"
"6409516","1","0","LST","15951","66.99","48.76","NB DG LID VEG 12LBS","NATURAL BALANCE"
"6409518","1","0","LST","6229976","99.99","62.62","NB DG LID LMB&BR 24LB","NATURAL BALANCE"
"X0612","1","0","LST","","18.99","8.55","TROPCLN FB CT DNTL SOLTN 16OZ","TROPICLEAN"
"6409594","1","0","LST","","28.99","15.51","CHECKUP CT AT HOME TEST 1EA","CHECKUP"
"22014","24","3.5","LST","","3.89","2.8879","WEL CT CUBED CHKN 5.5OZ","WELLNESS"
"90685","1","0","LST","","9.49","4.4","CSTL CT COLLAR BELLS 3PK","COASTAL PET PRODUCTS"
"6409722","1","0","LST","","12.99","6.5","SS HAMSTER FD 12OZ","SCIENCE SELECTIVE"
"6409723","1","0","LST","","21.99","11","SS HOUSE RBT FD 3.3LB","SCIENCE SELECTIVE"
"6409724","1","0","LST","","21.99","11","SS JR RABBIT FD 4.4LB","SCIENCE SELECTIVE"
"6409725","1","0","LST","","8.49","3.5","SN ORCHD LOOP 2.8OZ","SELECTIVE NATURALS"
"6467274","1","0","LST","","8.49","3.5","SN CTRY LOOP 2.8OZ","SELECTIVE NATURALS"
"E2179","1","0","LST","","22.99","11.5","SS GP FD 4.4LB","SCIENCE SELECTIVE"
"E4662","1","0","LST","","24.99","12.5","SS RAT FD 4.6LB","SCIENCE SELECTIVE"
"F6138","1","0","LST","","21.99","11","SS AD RBT FD 4LB","SCIENCE SELECTIVE"
"X1316","1","0","LST","","8.49","3.5","SN WDLND LOOP 2.8OZ","SELECTIVE NATURALS"
"25365","12","0","LST","","6.49","4.43","MRK DG CLSC CVR DLGT DNR12.7OZ","MERRICK"
"6228233","12","0","LST","","6.49","4.6858","MRK DG BBQ MPHS CHK 12.7OZ","MERRICK"
"6228232","12","0","LST","","6.49","4.6858","MRK DG BBQ KNS PRK 12.7OZ","MERRICK"
"6409730","1","0","LST","","7.29","3.06","TRX DG LINT ROLLER","TRIXIE"
"6409729","1","0","LST","","8.29","4.1","TRX DG LINT ROLLER REFIL 2PC","TRIXIE"
"1100844","1","0","LST","","33.99","22.97","S&C CT FD SL&COD 8OZ","STELLA & CHEWY'S"
"6409445","1","0","LST","","58.99","34.16","ESN PUPPY TEARFREE SHMP 1GAL","ESSENTIALS"
"6409447","1","0","LST","","58.99","34.16","ESN OATMEAL HONEY SHMP 1GAL","ESSENTIALS"
"6409448","1","0","LST","","58.99","34.16","ESN WHITENING SHMP 1GAL","ESSENTIALS"
"6409449","1","0","OOS","","58.99","34.16","ESN TEA TREE ALOE SHMP 1GAL","ESSENTIALS"
"6409446","1","0","OOS","","58.99","34.16","ESN DESHED SHMP 1GAL","ESSENTIALS"
"6409450","1","0","LST","","58.99","34.16","ESN ODOR SHMP 1GAL","ESSENTIALS"
"6409544","1","0","LST","","36.99","18.15","OXB ENLF SACR 12IN","OXBOW"
"6409545","1","0","LST","","41.99","24.7","OXB ENLF MED TMTHY HT 1EA","OXBOW"
"6409234","1","0","LST","","16.99","9.71","WH EDIBLE LOGZ LG 1EA","WILD HARVEST"
"6411172","1","0","LST","","27.99","11.88","OXB ENLF CRNR LTR 1EA","OXBOW"
"Y3663","1","0","ROS","","269.99","175.66","OXB ENLF HBTT 1LG","OXBOW"
"6409897","1","0","LST","","0","2.58","ESN 1 GALLON PUMP 1ea",""
"12549","1","0.25","LST","","37.99","22.03","F4L SILICA NON-CLMP LTR 12LB","FRESH 4 LIFE"
"1504543","1","0.75","LST","","29.99","18.28","F4L SILICA CLMP LTR 8LB","FRESH 4 LIFE"
"6409409","12","0","LST","","2.59","1.6683","TIKI CT BB KIT CK&EGG 2.4OZ","TIKI CAT"
"6409410","12","0","LST","","2.99","1.8708","TIKI CT SPCL CK&TK PCH 2.4OZ","TIKI CAT"
"6409823","24","0","LST","","3.49","2.2133","SD CT AD SENS CK&BF 2.8OZ PCH","HILL'S SCIENCE DIET"
"6409851","2","0","OOS","","34.99","24","SD CT AD SENS VRTY 12PK 2.8 OZ","HILL'S SCIENCE DIET"
"6409868","12","0","LST","","4.19","2.7833","OPFM CT HRVT CHKN 5.5 OZ","OPEN FARM"
"6409870","12","0","LST","","4.19","2.7833","OPFM CT SL 5.5 OZ","OPEN FARM"
"6409871","12","0","LST","","4.19","2.7833","OPFM CT HR&MCK 5.5 OZ","OPEN FARM"
"6409407","12","0","LST","","2.99","1.8708","TIKI CT SPCL DK&EGG PCH 2.4OZ","TIKI CAT"
"6409408","12","0","LST","","2.59","1.6683","TIKI CT BB KIT CK&SL 2.4OZ","TIKI CAT"
"6409411","12","0","LST","","2.99","1.8708","TIKI CT SPCL SL PCH 2.4OZ","TIKI CAT"
"6447313","1","0","LST","","59.99","36","CATIT PIXI SS FTAN 1EA","CATIT"
"6409822","24","0","LST","","3.49","2.2133","SD CT AD SENS SL&TU 2.8OZ PCH","HILL'S SCIENCE DIET"
"6409869","12","0","LST","","4.19","2.7833","OPFM CT HMSTD TKY 5.5 OZ","OPEN FARM"
"6409893","1","0","LST","","9.99","4.98","KONG CT BLISSY MOON BALL 1EA","KONG"
"6409939","1","0","LST","","21.99","12.5","CATIT PIXI ELVTD SS BOWL 6.7OZ","CATIT"
"6409940","1","0","LST","","29.99","18","CATIT PIXI SPINNER 1EA","CATIT"
"6409941","1","0","LST","","11.99","6","CATIT PIXI SPINNER REFRESH 1EA","CATIT"
"6471707","1","0","LST","","22.99","10.09","KONG CT PULL-A-PARTZ SUSHI 1EA","KONG"
"6472299","1","0","LST","","129.99","72","CATIT PIXI SMRT 6MEAL FDR 1EA","CATIT"
"6472300","1","0","LST","","16.99","8.5","CATIT PIXI 6MEAL ICE PACK 2PC","CATIT"
"6472844","1","0","LST","","8.19","5.65","TIKI CT KIT CK&SL&CL VP 1.9OZ","TIKI CAT"
"6473942","1","0","LST","","33.99","16.79","KONG CT BAT-A-BOUT AQUARM 1EA","KONG"
"IS125","1","0","OOS","","76.99","46.49","RCBHN CT SPHYNX AD 7LB","ROYAL CANIN"
"IS284","1","0","LST","","125.99","78.66","RCBHN CT PRSN AD 15LB","ROYAL CANIN"
"6409662","4","0","LST","","2.99","1.8975","TIKI DG WRLD CHKN CRY CUP 3OZ","TIKI DOG"
"6409664","12","0","LST","","2.19","1.2842","TIKI DG ALHA BST LMB PCH 1.5OZ","TIKI DOG"
"6409665","12","0","LST","","2.19","1.2842","TIKI DG ALHA BST DCK PCH 1.5OZ","TIKI DOG"
"6409667","1","0","LST","","31.99","22.33","TIKI DG WF VRTY 10PK CUPS 3OZ","TIKI DOG"
"6409838","1","0","LST","","29.99","16.13","NB DG LID SMBR VEG 4LB","NATURAL BALANCE"
"6409841","1","0","LST","","109.99","76.47","NB DG LID BSN & SP 22LB","NATURAL BALANCE"
"6409653","4","0","OOS","","2.99","2.13","TIKI DG WF CHKN & TNA CUP 3OZ","TIKI DOG"
"6409666","4","0","OOS","","2.99","1.8975","TIKI DG WRLD IND. CHKN CUP 3OZ","TIKI DOG"
"6409668","4","0","LST","","2.99","1.8975","TIKI DG WRLD PKNG DUCK CUP 3OZ","TIKI DOG"
"6409839","1","0","LST","","66.99","48.78","NB DG LID SMBR VEG 12LB","NATURAL BALANCE"
"6409840","1","0","LST","","32.99","19.69","NB DG LID BSN & SP 4LB","NATURAL BALANCE"
"6409872","1","0","LST","","25.99","17.28","OPFM KE DG PLNT 3.5LB","OPEN FARM"
"6473463","1","0","LST","","94.99","63.17","OPFM KE DG PLNT 20LB","OPEN FARM"
"6234845","1","0","LST","6234844","49.99","30","ZLX RODY3 BLU DUO CG 1EA","ZOLUX"
"6409963","1","0","LST","","26.99","18.16","PRIMAL DG FD CHICKEN 7OZ","PRIMAL"
"6409966","1","0","LST","","54.99","37.01","PRIMAL DG FD BEEF 16OZ","PRIMAL"
"6409970","1","0","LST","","79.99","54.52","PRIMAL DG FD BEEF 25OZ","PRIMAL"
"6409971","1","0","OOS","","79.99","54.52","PRIMAL DG FD CHICKEN 25OZ","PRIMAL"
"6409962","1","0","LST","","26.99","18.16","PRIMAL DG FD BEEF 7OZ","PRIMAL"
"6409965","1","0","LST","","26.99","18.16","PRIMAL DG FD PUP CK&SL 7OZ","PRIMAL"
"6409967","1","0","LST","","54.99","37.01","PRIMAL DG FD CHICKEN 16OZ","PRIMAL"
"6409969","1","0","LST","","54.99","37.01","PRIMAL DG FD PUP CK&SL 16OZ","PRIMAL"
"1101018","1","0","LST","","87.99","54.68","RCSHN DG AD MD 17LB","ROYAL CANIN"
"14476","1","0","LST","","37.99","22.85","RCBHN DG YORKIE PUP 2.5LB","ROYAL CANIN"
"IL226","1","0","OOS","","87.99","54.68","RCSHN DG AD LG 17LB","ROYAL CANIN"
"6232728","1","0.5","LST","","51.99","34.82","OPFM DG FD BF 13.5OZ","OPEN FARM"
"6232729","1","0","LST","","51.99","34.82","OPFM DG FD SRF&TRF 13.5OZ","OPEN FARM"
"6232726","1","0","LST","","48.99","32.81","OPFM DG FD TK 13.5OZ","OPEN FARM"
"6232727","1","0","LST","","48.99","32.81","OPFM DG FD CK 13.5OZ","OPEN FARM"
"6232730","1","0","LST","","51.99","34.82","OPFM DG FD LM 13.5OZ","OPEN FARM"
"6238734","1","0","LST","","72.99","48.89","OPFM DG FD SRF&TRF 22OZ","OPEN FARM"
"6238735","1","0","LST","","72.99","48.21","OPFM DG FD TK 22OZ","OPEN FARM"
"6240263","1","0","LST","","16.99","11.38","OPFM DG FD SRF&TRF 3.5OZ","OPEN FARM"
"6240340","1","0","LST","","15.99","10.71","OPFM DG FD CK 3.5OZ","OPEN FARM"
"6240342","1","0","LST","","16.99","11.38","OPFM DG FD BF 3.5OZ","OPEN FARM"
"6238731","1","0","LST","","72.99","48.89","OPFM DG FD BF 22OZ","OPEN FARM"
"6238732","1","0","LST","","72.99","48.21","OPFM DG FD CK 22OZ","OPEN FARM"
"6239842","1","0","LST","","72.99","48.89","OPFM DG FD LM 22OZ","OPEN FARM"
"6240339","1","0","LST","","16.99","11.38","OPFM DG FD LM 3.5OZ","OPEN FARM"
"6240341","1","0","LST","","15.99","10.71","OPFM DG FD TK 3.5OZ","OPEN FARM"
"6465768","1","0.5","LST","","19.99","13.29","OPFM DG BF BONE BROTH 33.8OZ","OPEN FARM"
"6465770","1","0.5","LST","","19.99","13.29","OPFM DG CK BONE BROTH 33.8OZ","OPEN FARM"
"Y1613","1","0","LST","","9.99","6.63","OPFM DG CK BONE BROTH 12OZ","OPEN FARM"
"Y1615","1","0.5","LST","","9.99","6.63","OPFM DG BF BONE BROTH 12OZ","OPEN FARM"
"6227611","1","0","LST","","25.99","17.15","TIKI DG ALHA BST VRTY12PK1.5OZ","TIKI DOG"
"6230033","1","0.25","LST","15923","62.99","42.1","NB DG SMBR LID DK&POT 12LB","NATURAL BALANCE"
"6230034","1","0","LST","15939","59.99","40.18","NB DG SMBR LID SL&SP 12LB","NATURAL BALANCE"
"57052","1","0","LST","","19.99","10.33","NB DG LIT DK&POT TRT 14oz","NATURAL BALANCE"
"6409524","1","0","LST","","29.99","14.4","B&B LTHR CLR BLK SM 14-17IN","BAILEY & BELLA"
"6409526","1","0","LST","","34.99","16.8","B&B LTHR CLR BLK LG 18-23IN","BAILEY & BELLA"
"6409528","1","0","LST","","29.99","14.4","B&B LTHR CLR DK BRN SM 14-17IN","BAILEY & BELLA"
"6409532","1","0","LST","","29.99","14.4","B&B LTHR CLR COGN SM 14-17IN","BAILEY & BELLA"
"6409534","1","0","LST","","34.99","16.8","B&B LTHR CLR COGN LG 18-23IN","BAILEY & BELLA"
"6409535","1","0","LST","","34.99","16.8","B&B LTHR CLR COGN XL 21-26IN","BAILEY & BELLA"
"6409536","1","0","LST","","49.99","24","B&B LTHR LSH BLK 1IN 5FT","BAILEY & BELLA"
"6409525","1","0","LST","","29.99","14.4","B&B LTHR CLR BLK MD 16-19IN","BAILEY & BELLA"
"6409538","1","0","LST","","49.99","24","B&B LTHR LSH COGN 1IN 5FT","BAILEY & BELLA"
"6409527","1","0","LST","","34.99","16.8","B&B LTHR CLR BLK XL 21-26IN","BAILEY & BELLA"
"6409529","1","0","LST","","29.99","14.4","B&B LTHR CLR DK BRN MD 16-19IN","BAILEY & BELLA"
"6409530","1","0","LST","","34.99","16.8","B&B LTHR CLR DK BRN LG 18-23IN","BAILEY & BELLA"
"6409531","1","0","LST","","34.99","16.8","B&B LTHR CLR DK BRN XL 21-26IN","BAILEY & BELLA"
"6409533","1","0","LST","","29.99","14.4","B&B LTHR CLR COGN MD 16-19IN","BAILEY & BELLA"
"6409537","1","0","LST","","49.99","24","B&B LTHR LSH DK BRN 1IN 5FT","BAILEY & BELLA"
"6409726","12","1.25","LST","","4.49","2.2442","PERF ULT CT LICKABLE CHK 2OZ","PERFORMATRIN ULTRA"
"6409727","12","0.25","LST","","4.49","2.2442","PERF ULT CT LCKBLE CHK&SCLP2OZ","PERFORMATRIN ULTRA"
"6409728","12","0.75","LST","","4.49","2.2442","PERF ULT CT LICKABLE TUNA 2OZ","PERFORMATRIN ULTRA"
"6409899","1","0","LST","","72.99","36.38","TRX ARDA TREE 19.7IN","TRIXIE"
"6409898","1","0","LST","","187.99","108.1","TRX AVA TREE 34IN","TRIXIE"
"6409900","1","0","LST","","88.99","48","TRX GERADO TREE 23.6IN","TRIXIE"
"6409988","1","0","LST","","69.99","35","NOBA CLASSIC GREY POST 28IN","NOBA"
"6409990","1","0","LST","","179.99","102.5","NOBA RELAXATION TREE 34IN","NOBA"
"6232947","1","0","LST","","99.99","63.54","NB DG LGBR LID LMB&BR 26LB","NATURAL BALANCE"
"6474407","1","0","LST","","10.99","5.72","VN CT ECO RAISED BOWL 8OZ","VAN NESS"
"A2428","1","0","LST","","8.99","4.5","VN CT ECO BOWL BLUE 8OZ","VAN NESS"
"6409550","1","0","ROS","","25.99","12.99","FL PRDS SS BELL 1SM","FEATHERLAND"
"6409551","1","0","ROS","","57.99","29","FL PRDS BRD CHWN LOG 1EA","FEATHERLAND"
"6409553","1","0","LST","","11.99","5.76","FL PRDS GRM PRCH 5IN","FEATHERLAND"
"6409555","1","0","LST","","17.99","8.74","FL PRDS SURE LCK CUP 10OZ","FEATHERLAND"
"6409561","1","0","ROS","","30.99","15.49","FL PRDS FD TMBLR 1EA","FEATHERLAND"
"6409567","1","0","LST","","16.99","8.65","FL PRDS CTTN 1IN PRCH 30IN","FEATHERLAND"
"6409570","1","0","LST","","10.99","5.65","FL PRDS HGH BCK CP TWN PCK 1LG","FEATHERLAND"
"6409573","1","0","LST","","6.99","3.43","FL PRDS CTLBN HLDR 1SM","FEATHERLAND"
"6409574","1","0","LST","","4.99","2.55","FL PRDS MLLT CLPS 2PK","FEATHERLAND"
"6409579","1","0","LST","","7.99","4.02","FL PRDS ORB DSCO BALL 1EA","FEATHERLAND"
"6409581","1","0","LST","","17.99","9.17","FL PRDS INTR SILO FDR 1LG","FEATHERLAND"
"6409554","1","0","LST","","13.99","7.04","FL PRDS GRM PRCH 7IN","FEATHERLAND"
"6409566","1","0","LST","","12.99","6.37","FL PRDS CTTN 0.75IN PRCH 20IN","FEATHERLAND"
"6409568","1","0","LST","","17.99","8.8","FL PRDS CTTN 1.5IN PRCH 30IN","FEATHERLAND"
"6409569","1","0","LST","","8.99","4.57","FL PRDS BRD SAND PRCH 1EA","FEATHERLAND"
"6409571","1","0","LST","","5.99","2.89","FL PRDS HGH BCK CP TWN PCK 1SM","FEATHERLAND"
"6409572","1","0","LST","","19.99","10.2","FL PRDS HRZN MLLT HLDR 1EA","FEATHERLAND"
"6409575","1","0","LST","","19.99","10.2","FL PRDS LG PLSTC RNG 24OZ","FEATHERLAND"
"6409576","1","0","LST","","10.99","5.67","FL PRDS SILO DRNKR 1SM","FEATHERLAND"
"6409582","1","0","LST","","13.99","6.95","FL PRDS INTR SILO FDR 1SM","FEATHERLAND"
"6409584","1","0","LST","","8.99","4.9","FL PRDS PRKT RPLMNT PRCHES 1EA","FEATHERLAND"
"6409586","1","0","LST","","19.99","10.19","FL PRDS HD BRD BTH 1EA","FEATHERLAND"
"G8583","1","0","LST","","12.99","6.5","FL PRDS GRM PRCH 6IN","FEATHERLAND"
"X5954","1","0","LST","","8.99","4.85","FL PRDS PLSTC MLLT HLDR 1EA","FEATHERLAND"
"X6267","1","0","LST","","14.99","7.55","FL PRDS BRDIE BATH TUB 1EA","FEATHERLAND"
"Y1265","1","0","LST","","12.99","6.78","FL PRDS SNBRST JNGL MRR 1SM","FEATHERLAND"
"1102366","1","0","LST","","8.99","5.28","ORIJEN CT ORIGINAL TRT 1.25OZ","ORIJEN"
"6409972","1","0.25","LST","44442","21.99","10.61","NM CTS URINE DESTR 946ML","NATURE'S MIRACLE"
"6410005","1","0","LST","","44.99","22.26","ZDC CT INFSTP II TL UNDR 4KG","ZODIAC"
"6410006","1","0","LST","","43.99","22.26","ZDC CT INFSTP II TL OVR 4KG","ZODIAC"
"6410007","1","0","LST","","41.99","18.92","ZDC DG INFSTP II TL UNDR 4.5KG","ZODIAC"
"6410008","1","0","LST","","41.99","19.48","ZDC DG INFSTP II TL 4.6-11 KG","ZODIAC"
"6410009","1","0","LST","","44.99","20.04","ZDC DG INFSTP II TL 11-25 KG","ZODIAC"
"6410010","1","0","LST","","45.99","20.6","ZDC DG INFSTP II TL OVR 25 KG","ZODIAC"
"6410157","1","0","LST","","33.99","22.6","OPFM DG FD CK PATTIES 10.5OZ","OPEN FARM"
"6409973","1","0","LST","44443","44.99","28.63","NM CTS URINE DESTR 128OZ","NATURE'S MIRACLE"
"6410152","1","0.5","LST","","44.99","30.83","PPLN CT FORTIFLORA 1GX30","PURINA PRO PLAN"
"6410156","1","0","LST","","33.99","22.6","OPFM DG FD TK PATTIES 10.5OZ","OPEN FARM"
"6410158","1","0","LST","","35.99","23.93","OPFM DG FD BF PATTIES 10.5OZ","OPEN FARM"
"6470530","1","3","LST","","44.99","30.83","PPLN DG FORTIFLORA 1GX30","PURINA PRO PLAN"
"6409719","1","0","LST","","37.99","16.75","SKHNR DG MARK PRVNTV SPR 35OZ","SKOUT'S HONOR"
"6409985","1","0","LST","","15.99","6.06","ATD DG DEOD SHMP LVNDER 16OZ","ATTITUDE"
"6409986","1","0","LST","","15.99","6.06","ATD DG ITCH SHMP LVNDER 16OZ","ATTITUDE"
"6409984","1","0","LST","","15.99","6.06","ATD DG SHMP OATMEAL 16OZ","ATTITUDE"
"6409987","1","0","LST","","15.99","5.91","ATD DG WTRLSS SHMP LVNDER 16OZ","ATTITUDE"
"6468297","1","0","LST","","15.99","6.06","ATD DG 2IN1 SHMP LVNDER 16OZ","ATTITUDE"
"6409671","1","0","ROS","","27.99","14.59","SBONE DG PRTN RNG DK PP FLX9oz","SMARTBONES"
"6409896","1","0","LST","","23.99","14.77","LITTER GENIE EZ ROLL RFL 1EA","LITTER GENIE"
"6409895","1","0","LST","","43.99","30.8","LITTER GENIE EZ ROLL PAIL 1EA","LITTER GENIE"
"6411267","1","0","LST","","15.99","7.6","OPFM DG DHYDTD TURKEY128g","OPEN FARM"
"6411269","1","0","LST","","15.99","7.6","OPFM DG DHYDTD BEEF128g","OPEN FARM"
"6410242","250","0","LST","","0","0.266","PM LG PR SHPNG BGS w/HNDL250bx",""
"6411268","1","0","LST","","15.99","7.6","OPFM DG DHYDTD CHICKEN128g","OPEN FARM"
"6474456","1","0","LST","","6.99","3.6","JAYS DG PLANT BASED JERKY85g","JAY'S"
"6474457","1","0","LST","","11.99","6.16","JAYS DG PLANT BASED JERKY170g","JAY'S"
"G0297","1","0","LST","","15.99","7.6","OPFM DG DHYDTD COD SKIN64g","OPEN FARM"
"Y1592","1","0","LST","","59.99","31.5","GRT JCKS DG BLLY STK 5-7in12pk","GREAT JACK'S"
"Y1593","1","0","LST","","32.99","16.5","GRT JCKS DG BLLY STKS 5-7in6pk","GREAT JACK'S"
"6407630","1","0","LST","","4.99","2.78","LZY KTY CT AIR DRIED DUCK 3OZ","LAZY KITTY"
"6407631","1","0","LST","","4.99","2.78","LZY KTY CT AIR DRIED CHK 3OZ","LAZY KITTY"
"6407629","1","0","LST","","4.99","2.78","LZY KTY CT AIR DRIED SLM 3OZ","LAZY KITTY"
"6409912","1","0","LST","","23.99","11.95","W&W DG SLIP LSH GRN&WHT 6FT","COASTAL PET PRODUCTS"
"6409916","1","0","LST","","24.99","12.11","W&W WTR DG PRF HND CLR BRN L","COASTAL PET PRODUCTS"
"6409918","1","0","LST","","19.99","9.46","W&W DG ADJ REF CLR ORG L","COASTAL PET PRODUCTS"
"6409922","1","0","LST","","41.99","22.87","CPP DG DBL HNDL LSH REF 4FT","COASTAL PET PRODUCTS"
"6409981","1","0","LST","44437","19.99","9.99","NM DG URINE DSTRYR PLS 32 OZ","NATURE'S MIRACLE"
"6409911","1","0.5","LST","","23.99","11.95","W&W DG ROPE LSH GRN 6FT","COASTAL PET PRODUCTS"
"6409913","1","0","LST","","23.99","11.95","W&W DG CAMO TAN LSH 6FT","COASTAL PET PRODUCTS"
"6409914","1","0","LST","","23.99","11.95","W&W DG CAMO GRN LSH 6FT","COASTAL PET PRODUCTS"
"6409915","1","0","LST","","24.99","12.11","W&W DG WTR PRF HND CLR BRN M","COASTAL PET PRODUCTS"
"6409917","1","0","LST","","13.99","6.44","W&W DG ADJ CLR CAMO GRN L","COASTAL PET PRODUCTS"
"6409919","1","0","LST","","16.99","7.95","W&W DG ADJ REF CLR ORG M","COASTAL PET PRODUCTS"
"6409920","1","0","LST","","12.99","6.24","W&W DG ADJ CLR CAMO GRN M","COASTAL PET PRODUCTS"
"6409921","1","0","LST","","31.99","16.11","W&W DG REF LSH ORG 6FT","COASTAL PET PRODUCTS"
"6409982","1","0","LST","44438","44.99","28.85","NM DG URINE DSTRYR PLS 128 OZ","NATURE'S MIRACLE"
"6473707","1","0","LST","","21.99","9.98","CPP NTRL CNTRL TRNG CLR GRY S","COASTAL PET PRODUCTS"
"6473708","1","0","LST","","23.99","11.66","CPP NTRL CNTRL TRNG CLR GRY L","COASTAL PET PRODUCTS"
"90877","1","0","OOS","","19.99","11.5","TITAN DG CHN CLR EXT HVY 22IN","COASTAL PET PRODUCTS"
"90889","1","0","OOS","","39.99","19.75","TITAN DG CHN LSH BLK 4MM LG","COASTAL PET PRODUCTS"
"90688","1","0.25","OOS","","17.99","7.71","TITAN DG CHN CLR HVY 22IN","COASTAL PET PRODUCTS"
"90689","1","0","OOS","","19.99","11.5","TITAN DG CHN CLR EXT HVY 26IN","COASTAL PET PRODUCTS"
"90876","1","0","OOS","","17.99","7.71","TITAN DG CHN CLR HVY 20IN","COASTAL PET PRODUCTS"
"90878","1","0","OOS","","19.99","11.5","TITAN DG CHN CLR EXT HVY 24IN","COASTAL PET PRODUCTS"
"90892","1","0.25","OOS","","26.99","13.51","TITAN DG CHN LSH BLK 3MM MD","COASTAL PET PRODUCTS"
"A8631","1","0","LST","","15.99","7.01","CPP ADJ TRNG CLR BLK MD","COASTAL PET PRODUCTS"
"A8629","1","0","LST","","21.99","10.56","CPP ADJ TRNG CLR BLK XL","COASTAL PET PRODUCTS"
"A8630","1","0","LST","","18.99","8.42","CPP ADJ TRNG CLR BLK LG","COASTAL PET PRODUCTS"
"I8036","1","0","OOS","","16.99","6.42","TITAN DG CHN CLR MD 22IN","COASTAL PET PRODUCTS"
"IF712","1","0","LST","","18.99","7.9","CPP 2 DG ADJ CPLR BLK MD","COASTAL PET PRODUCTS"
"J1246","1","0","OOS","","16.99","6.42","TITAN DG CHN CLR MD 18IN","COASTAL PET PRODUCTS"
"J1249","1","0","OOS","","17.99","7.71","TITAN DG CHN CLR HVY 24IN","COASTAL PET PRODUCTS"
"J3301","1","0","OOS","","16.99","6.42","TITAN DG CHN CLR MD 20IN","COASTAL PET PRODUCTS"
"R8890","1","0","OOS","","19.99","11.5","TITAN DG CHN CLR EXT HVY 30IN","COASTAL PET PRODUCTS"
"R9140","1","0","LST","","22.99","9.57","CPP 2 DG ADJ CPLR BLK LG","COASTAL PET PRODUCTS"
"V2409","1","0","LST","","23.99","11.97","TITAN DG CHN LSH BLK 2MM SM","COASTAL PET PRODUCTS"
"Y2968","1","0","LST","","39.99","24.08","CPP 2 DG ADJ LSH BLK 4FT","COASTAL PET PRODUCTS"
"Y5520","1","0","ROS","","32.99","16.45","CPP DG LIL CMBO PK 10-14IN 5FT","COASTAL PET PRODUCTS"
"Y5519","1","0","ROS","","32.99","16.45","CPP DG LIL CMBO BL 10-14IN 5FT","COASTAL PET PRODUCTS"
"6410218","1","0","LST","","44.99","25","SV NESTOR MARBLE LTR BOX 1EA","SAVIC"
"E1557","1","0","LST","","54.99","30","SV NESTOR CORNER LTR BOX 1EA","SAVIC"
"6407153","1","1.5","LST","","8.49","4.18","RB BEEF CHEEK ROLLS1ea SM MD","REDBARN"
"6407154","1","6","LST","","11.99","6.84","RB BEEF CHEEK ROLLS1ea LG","REDBARN"
"6407560","20","0.25","ROS","","5.99","2.854","RB PUFFED COLLAGEN RING1ea3in","REDBARN"
"6407562","25","0","LST","","6.49","3.2868","RB PUFFED COLLAGEN SPRING6-7in","REDBARN"
"6409742","1","0.25","LST","","13.99","6.99","B&B CT DBL WALL BWL OMBR 5.7OZ","BAILEY & BELLA"
"1102365","1","0","LST","","20.49","12.04","ORIJEN DG TUNDRA FD TRT 3.25oz","ORIJEN"
"24075","24","0","LST","","2.59","1.6033","NB CT PF INR CHK&LIVR 3OZ PCH","NATURAL BALANCE"
"24099","24","0","LST","","2.59","1.6033","NB CT PF CHK&PMP 3OZ PCH","NATURAL BALANCE"
"24073","24","0","LST","","2.59","1.6033","NB CT PF INR MKRL SRD 3OZ PCH","NATURAL BALANCE"
"24114","24","0","LST","","2.59","1.6033","NB CT PF TKY&CHK&DK 3OZ PCH","NATURAL BALANCE"
"6409732","1","0.5","LST","","20.99","10.49","B&B DG DBL WALL BWL BLK 1MD","BAILEY & BELLA"
"6409733","1","0","LST","","25.99","13","B&B DG DBL WALL BWL BLK 1LG","BAILEY & BELLA"
"6409737","1","0","LST","","16.99","8.49","B&B DG DBL WALL BWL OMBR 1SM","BAILEY & BELLA"
"6409738","1","0","LST","","20.99","10.49","B&B DG DBL WALL BWL OMBR 1MD","BAILEY & BELLA"
"6409744","1","0","LST","","14.99","7.49","ESN DG SS BWL WHT 1MD","ESSENTIALS"
"6410030","1","0","INOT","","24.99","15","AS DG SOCCER CANADA CLR 1SM","ALL STAR DOGS"
"6410031","1","0","INOT","","29.99","15.5","AS DG SOCCER CANADA CLR 1MD","ALL STAR DOGS"
"6410036","1","0","INOT","","39.99","21.99","AS DG SOCCER CANADA LSH LG 6FT","ALL STAR DOGS"
"6410037","1","0","INOT","","19.99","13","AS DG SOCCER CANADA BND 1SM","ALL STAR DOGS"
"6410039","1","0","INOT","","39.99","22.15","AS DG SOCCER CANADA JRSY 1XXXS","ALL STAR DOGS"
"6410040","1","0","INOT","","39.99","22.15","AS DG SOCCER CANADA JRSY 1XXS","ALL STAR DOGS"
"6410042","1","0","INOT","","39.99","22.15","AS DG SOCCER CANADA JRSY 1SM","ALL STAR DOGS"
"6410045","1","0","INOT","","39.99","22.15","AS DG SOCCER CANADA JRSY 1XL","ALL STAR DOGS"
"6409731","1","0","LST","","16.99","8.49","B&B DG DBL WALL BWL BLK 1SM","BAILEY & BELLA"
"6410253","1","0","ROS","","35.99","23.39","WH DG FISH PUP 4.5 LBS","WILDER HARRIER"
"6409739","1","0","LST","","25.99","13","B&B DG DBL WALL BWL OMBR 1LG","BAILEY & BELLA"
"6409743","1","0","LST","","11.99","5.97","ESN DG SS BWL WHT 1SM","ESSENTIALS"
"6409745","1","0","LST","","17.99","8.98","ESN DG SS BWL WHT 1LG","ESSENTIALS"
"6409746","1","0","LST","","30.99","15.59","ESN DG SS TRT JAR WHT 1EA","ESSENTIALS"
"6410029","1","0","INOT","","24.99","15","AS DG SOCCER CANADA CLR 1XS","ALL STAR DOGS"
"6410032","1","0","INOT","","29.99","15.5","AS DG SOCCER CANADA CLR 1LG","ALL STAR DOGS"
"6410038","1","0","INOT","","22.99","14","AS DG SOCCER CANADA BND 1LG","ALL STAR DOGS"
"6410041","1","0","INOT","","39.99","22.15","AS DG SOCCER CANADA JRSY 1XS","ALL STAR DOGS"
"6410043","1","0","INOT","","39.99","22.15","AS DG SOCCER CANADA JRSY 1MD","ALL STAR DOGS"
"6410044","1","0","INOT","","39.99","22.15","AS DG SOCCER CANADA JRSY 1LG","ALL STAR DOGS"
"6410046","1","0","INOT","","39.99","22.15","AS DG SOCCER CANADA JRSY 1XXL","ALL STAR DOGS"
"6410245","1","0","LST","","49.99","25","ESN DG COLLAPS CTNR CHAR 1EA","ESSENTIALS"
"6232941","1","0","LST","","55.99","36.5","NB CT LID GPEA&CHK 10LB","NATURAL BALANCE"
"6409262","12","0.25","LST","1002240","3.99","2.3417","PERF ULT DG PBL TK STW 3.5oz","PERFORMATRIN ULTRA"
"6409264","12","0","LST","1002242","3.99","2.3417","PERF ULT DG PBL VEN STW 3.5oz","PERFORMATRIN ULTRA"
"6409265","12","0","LST","1002238","3.99","2.3417","PERF ULT DG PBL BF STW 3.5oz","PERFORMATRIN ULTRA"
"6409267","12","2.25","LST","20445","5.29","3.1208","PERF ULT DG GF CHK PATE 13.2oz","PERFORMATRIN ULTRA"
"6409273","12","0","LST","20446","5.29","3.1208","PERF ULT DG GF TK&DK&SL 13.2oz","PERFORMATRIN ULTRA"
"6409274","12","0","LST","1000277","5.29","3.1208","PERF ULT DG GF CHK SNR 13.2oz","PERFORMATRIN ULTRA"
"6409276","12","0","LST","20447","5.79","3.4733","PERF ULT DG LID SP&FSH 13.2oz","PERFORMATRIN ULTRA"
"6409283","24","2.5","OOS","25090","2.69","1.5871","PERF ULT CT GF CHK STEW 3OZ","PERFORMATRIN ULTRA"
"6409288","12","0","LST","22478","6.79","4.0733","PERF ULT CT GF BF STW 13.2OZ","PERFORMATRIN ULTRA"
"6409291","12","0","LST","22477","6.79","4.0733","PERF ULT CT GF TK STW 13.2OZ","PERFORMATRIN ULTRA"
"6409292","24","1.75","LST","25074","2.69","1.5871","PERF ULT CT GF TK PATE 3OZ","PERFORMATRIN ULTRA"
"6409294","12","5","LST","21274","6.79","4.0733","PERF ULT CT GF TK PATE 13.2OZ","PERFORMATRIN ULTRA"
"6409295","24","1.25","LST","25179","2.69","1.5871","PERF ULT CT GF TK&SL&DK 3OZ","PERFORMATRIN ULTRA"
"6409297","12","2","LST","21279","6.79","4.0733","PERF ULT CT GF TK&SL&DK 13.2OZ","PERFORMATRIN ULTRA"
"6409299","24","1","LST","25073","2.69","1.5871","PERF ULT CT GF CHK PATE 3OZ","PERFORMATRIN ULTRA"
"6409301","24","0.25","LST","6229568","3.89","2.3338","PERF ULT CT GF CHK KIT 5.5OZ","PERFORMATRIN ULTRA"
"6409303","12","2","LST","21273","6.79","4.0733","PERF ULT CT GF CHK PATE 13.2OZ","PERFORMATRIN ULTRA"
"6409305","24","2.5","LST","1000302","3.89","2.3338","PERF ULT CT GF TUNA BSQ 5.5OZ","PERFORMATRIN ULTRA"
"6409313","12","0","LST","1000278","6.79","4.0733","PERF ULT CT GF CHK SNR 13.2OZ","PERFORMATRIN ULTRA"
"6409263","12","0","LST","1002239","3.99","2.3417","PERF ULT DG PBL CSTEW 3.5oz","PERFORMATRIN ULTRA"
"6409268","12","0","LST","1000292","5.29","3.1208","PERF ULT DG GF CHK PUP 13.2oz","PERFORMATRIN ULTRA"
"6409269","12","0.75","LST","1000283","5.79","3.4733","PERF ULT DG LID CK&SP 13.2oz","PERFORMATRIN ULTRA"
"6409270","12","0","LST","20449","5.79","3.4733","PERF ULT DG LID GP&DK 13.2oz","PERFORMATRIN ULTRA"
"6409271","12","0","LST","1000281","5.79","3.4733","PERF ULT DG LID POT&TK 13.2oz","PERFORMATRIN ULTRA"
"6409272","12","0","LST","1000282","5.79","3.4733","PERF ULT DG LID DK&POT 13.2oz","PERFORMATRIN ULTRA"
"6409275","12","0","LST","20448","5.79","3.4733","PERF ULT DG LID VEN&SP 13.2oz","PERFORMATRIN ULTRA"
"6409277","12","3","LST","20517","5.79","3.4142","PERF ULT DG GF BF STW 13.2oz","PERFORMATRIN ULTRA"
"6409278","12","2.5","LST","1000000","5.79","3.4142","PERF ULT DG GF FTHL STW 13.2OZ","PERFORMATRIN ULTRA"
"6409280","12","0.25","LST","20518","5.79","3.4142","PERF ULT DG GF VEN STW 13.2oz","PERFORMATRIN ULTRA"
"6409284","24","2.5","LST","22715","3.89","2.3338","PERF ULT CT GF CHK STEW 5.5OZ","PERFORMATRIN ULTRA"
"6409285","12","3","LST","22475","6.79","4.0733","PERF ULT CT GF CHK STEW 13.2OZ","PERFORMATRIN ULTRA"
"6409289","24","1.5","OOS","25091","2.69","1.5871","PERF ULT CT GF TK STW 3OZ","PERFORMATRIN ULTRA"
"6409293","24","-1","LST","22774","3.89","2.3338","PERF ULT CT GF TK PATE 5.5OZ","PERFORMATRIN ULTRA"
"6409296","24","0.5","LST","22779","3.89","2.3338","PERF ULT CT GF TK&SL&DK 5.5OZ","PERFORMATRIN ULTRA"
"6409298","24","0","LST","6229567","2.69","1.5871","PERF ULT CT GF CHK KIT 3OZ","PERFORMATRIN ULTRA"
"6409300","24","0","LST","22773","3.89","2.3338","PERF ULT CT GF CHK PATE 5.5OZ","PERFORMATRIN ULTRA"
"6409302","12","0","LST","6229569","6.79","4.0733","PERF ULT CT GF CHK KIT 13.2OZ","PERFORMATRIN ULTRA"
"6409312","24","0","LST","1000279","3.89","2.3338","PERF ULT CT GF CHK SNR 5.5OZ","PERFORMATRIN ULTRA"
"6238417","1","0","LST","","41.99","23","NITE DG LED LEASH LIME 4FT","NITE IZE"
"6240749","1","0","LST","","41.99","23","NITE DG LED COLLAR LIME LG","NITE IZE"
"6240752","1","0","LST","","39.99","21.8","NITE DG LED COLLAR LIME MD","NITE IZE"
"6410159","1","0","LST","","26.99","14.75","NITE DG LED SFTY NCKLCE SM","NITE IZE"
"6410161","1","0","LST","","0","","NITE DG EMPTY SPNR DISPLY EA","NITE IZE"
"6410162","1","0","LST","","0","","NITE DG PEG HOOKS 4IN","NITE IZE"
"6410160","1","0","LST","","26.99","14.75","NITE DG CRBNR LIGHT DISCO EA","NITE IZE"
"6411270","1","0","LST","","15.99","7.6","OPFM DG DHYDTD PORK128g","OPEN FARM"
"6408818","1","0","LST","","17.99","9.7","YEOWWW! PINEAPPLE 7IN","YEOWWW!"
"6254144","1","0","INOT","","61.99","31","CP COOLING HARNESS BLUE 20IN","CANADA POOCH"
"6410085","1","0","LST","","19.99","10","B&B DG BDAY TUTU TANK PNK 1LG","BAILEY & BELLA"
"6410108","1","0","ROS","","27.99","14.5","B&B DG BDAY PRSNT PLSH 1EA","BAILEY & BELLA"
"6410109","1","0","ROS","","22.99","11.5","B&B DG BDAY BLN PLSH 1EA","BAILEY & BELLA"
"6410111","1","0","LST","","14.99","7.5","B&B DG WED I DO TOO BNDA XS/SM","BAILEY & BELLA"
"6410112","1","0","LST","","14.99","7.5","B&B DG WED I DO TOO BNDA MD/LG","BAILEY & BELLA"
"6410114","1","0","LST","","14.99","7.5","B&B DG WED DG HNR BNDA MD/LG","BAILEY & BELLA"
"6410118","1","0","ROS","","42.99","21","B&B DG WED CLR SET BLK 4PC LG","BAILEY & BELLA"
"6410120","1","0","ROS","","42.99","21","B&B DG WED CLR SET IVRY 4PC LG","BAILEY & BELLA"
"6410123","1","0","ROS","","27.99","14.5","B&B DG WED HPLYEVR AFT RPE 1EA","BAILEY & BELLA"
"6410125","1","0","LST","","36.99","18.99","B&B DG WED FLWR PNK DRS 1MD","BAILEY & BELLA"
"6410138","1","0","ROS","","42.99","21","B&B DG WED CLR SET IVRY 4PC MD","BAILEY & BELLA"
"6410323","1","0","INOT","","50.99","25.5","CP COOLING VEST PINK 16IN","CANADA POOCH"
"6410326","1","0","INOT","","60.99","30.5","CP COOLING VEST PINK 22IN","CANADA POOCH"
"6410083","1","0","LST","","19.99","10","B&B DG BDAY TUTU TANK PNK 1SM","BAILEY & BELLA"
"6410110","1","0","ROS","","27.99","14.5","B&B DG BDAY PNTA PLSH 4PC","BAILEY & BELLA"
"6410113","1","0","LST","","14.99","7.5","B&B DG WED DG HNR BNDA XS/SM","BAILEY & BELLA"
"6410115","1","0","LST","","14.99","7.5","B&B DG WED BEST BUD BNDA XS/SM","BAILEY & BELLA"
"6410116","1","0","LST","","14.99","7.5","B&B DG WED BEST BUD BNDA MD/LG","BAILEY & BELLA"
"6410117","1","0","ROS","","42.99","21","B&B DG WED CLR SET BLK 4PC SM","BAILEY & BELLA"
"6410119","1","0","ROS","","42.99","21","B&B DG WED CLR SET IVRY 4PC SM","BAILEY & BELLA"
"6410121","1","0","ROS","","16.99","8.5","B&B DG WED RING BONE PLSH 1EA","BAILEY & BELLA"
"6410122","1","0","ROS","","27.99","14.5","B&B DG WED CHAMPAGNE PLSH 1EA","BAILEY & BELLA"
"6410137","1","0","ROS","","42.99","21","B&B DG WED CLR SET BLK 4PC MD","BAILEY & BELLA"
"6410140","1","0","LST","","36.99","18.99","B&B DG WED FLWR PNK DRS 1LG","BAILEY & BELLA"
"6410324","1","0","INOT","","53.99","27","CP COOLING VEST PINK 18IN","CANADA POOCH"
"6410325","1","0","INOT","","56.99","28.5","CP COOLING VEST PINK 20IN","CANADA POOCH"
"6410327","1","0","INOT","","64.99","32.5","CP COOLING VEST PINK 24IN","CANADA POOCH"
"6410328","1","0","INOT","","67.99","34","CP COOLING VEST PINK 26IN","CANADA POOCH"
"6410329","1","0","INOT","","70.99","35.5","CP COOLING VEST PINK 28IN","CANADA POOCH"
"6472191","1","0","INOT","","61.99","31","CP COOLING HARNESS PINK 20IN","CANADA POOCH"
"A7825","1","0","INOT","","53.99","27","CP COOLING VEST BLUE 18IN","CANADA POOCH"
"A7827","1","0","INOT","","60.99","30.5","CP COOLING VEST BLUE 22IN","CANADA POOCH"
"A7828","1","0","INOT","","64.99","32.5","CP COOLING VEST BLUE 24IN","CANADA POOCH"
"A7826","1","0","INOT","","56.99","28.5","CP COOLING VEST BLUE 20IN","CANADA POOCH"
"X5392","1","0","INOT","","56.99","28.5","CP TORRNT TK RAINCOAT YLW 18IN","CANADA POOCH"
"X5395","1","0","INOT","","67.99","34","CP TORRNT TK RAINCOAT YLW 24IN","CANADA POOCH"
"X5389","1","0","INOT","","47.99","24","CP TORRNT TK RAINCOAT YLW 12IN","CANADA POOCH"
"X5391","1","0","INOT","","53.99","27","CP TORRNT TK RAINCOAT YLW 16IN","CANADA POOCH"
"X5393","1","0","INOT","","61.99","31","CP TORRNT TK RAINCOAT YLW 20IN","CANADA POOCH"
"6238063","1","0","LST","","16.99","8","HK DG GOAT MILK CKS PB&HNEY8oz","THE HONEST KITCHEN"
"6238069","1","0","LST","","16.99","8","HK DG GOAT MILK CKS BB &VAN8oz","THE HONEST KITCHEN"
"6238073","1","0","ROS","","16.99","8","HK DG PARM PECKS BEEF 8oz","THE HONEST KITCHEN"
"6238076","1","0","ROS","","16.99","8","HK DG BONE BROTH BITES BEEF8oz","THE HONEST KITCHEN"
"6410494","1","0","LST","","16.49","7.65","PH DG DENTAL CHEW STK LG7oz","PROJECT HIVE"
"6410495","1","0","LST","","17.99","8.66","PH DG DENTAL CHEW LG9oz","PROJECT HIVE"
"6410496","1","0","LST","","17.99","8.66","PH DG DENTAL CHEW SM8oz","PROJECT HIVE"
"6410492","1","0","LST","","13.99","7.31","PH DG TRAINING TREATS6oz","PROJECT HIVE"
"6410493","1","0","LST","","16.49","7.65","PH DG DENTAL CHEW STK SM7oz","PROJECT HIVE"
"6410134","1","0","LST","","23.99","14.36","F4L WHEAT CLMP LTR 12LB","FRESH 4 LIFE"
"6410135","1","0","LST","","47.99","36.55","F4L WHEAT CLMP LTR 36LB","FRESH 4 LIFE"
"6229533","1","0","LST","","22.49","10.12","MYFAM BLUE BONE RUBBER 1EA","MYFAMILY"
"6229534","1","0","LST","","22.49","10.12","MYFAM RED HEART RUBBER 1EA","MYFAMILY"
"6240630","1","0","LST","","22.49","10.12","MYFAM LG GREY GLTR PAW 1EA","MYFAMILY"
"6240631","1","0","OOS","","24.49","11.16","MYFAM LG BOSS 1EA","MYFAMILY"
"6240784","1","0","LST","","24.49","11.16","MYFAM CHROME BLACK RUBBER 1EA","MYFAMILY"
"6241035","1","0","LST","","22.49","10.12","MYFAM BLACK BONE RUBBER 1EA","MYFAMILY"
"6254058","1","0","LST","","24.49","11.16","MYFAM MD QUEEN 1EA","MYFAMILY"
"6252335","1","0","LST","","24.49","11.16","MYFAM LG GOLD BOSS 1EA","MYFAMILY"
"6254056","1","0","LST","","24.49","11.16","MYFAM MD KING 1EA","MYFAMILY"
"6410487","1","0","LST","","24.49","11.16","MYFAM CHROME SHERIFF STAR 1EA","MYFAMILY"
"6410726","1","0","LST","","24.99","13.9","PH DG HIVE FETCH STICK 1EA","PROJECT HIVE"
"6410484","1","0","LST","","24.49","11.16","MYFAM XL GOLD FUTURE BONE 1EA","MYFAMILY"
"6410486","1","0","LST","","24.49","11.16","MYFAM GOLD SHERIFF STAR 1EA","MYFAMILY"
"6410725","1","0","LST","","22.99","12.78","PH DG HIVE DISK 1EA","PROJECT HIVE"
"6410727","1","0","LST","","27.99","15.53","PH DG HIVE CHEW TOY 1LG","PROJECT HIVE"
"6464933","1","0","LST","","24.49","11.16","MYFAM LG DAISY 1EA","MYFAMILY"
"6466509","1","0","LST","","24.49","11.16","MYFAM MILITARY RUBBER 1EA","MYFAMILY"
"6471309","1","0","LST","","24.49","12.03","MYFAM SUSHI 1EA","MYFAMILY"
"6471334","1","0.25","LST","","15.99","7.39","KONG DG SNUZZLES KIDOS BUN 1SM","KONG"
"6471291","1","0","LST","","24.49","11.16","MYFAM BEER 1EA","MYFAMILY"
"6471455","1","0","LST","","24.49","12.03","MYFAM DONUT 1EA","MYFAMILY"
"6471460","1","0","LST","","24.49","12.03","MYFAM PIZZA 1EA","MYFAMILY"
"6471308","1","0","LST","","24.49","12.03","MYFAM COFFEE 1EA","MYFAMILY"
"6471335","1","0","LST","","15.99","7.39","KONG DG SNUZZLES KIDOS BER 1SM","KONG"
"6473654","1","0","LST","","19.99","8.87","MYFAM LG LT BLUE CIRCLE 1EA","MYFAMILY"
"6473655","1","0","LST","","19.99","8.87","MYFAM LG YELLOW CIRCLE 1EA","MYFAMILY"
"6473661","1","0","LST","","19.99","8.87","MYFAM LG LILAC CIRCLE 1EA","MYFAMILY"
"6473914","1","0","LST","","19.99","8.87","MYFAM SM YELLOW CIRCLE 1EA","MYFAMILY"
"6471467","1","0","LST","","24.49","12.03","MYFAM XL FUTURE BONE 1EA","MYFAMILY"
"6471913","1","0","LST","","28.49","15.07","MYFAM MILITARY RAINBOW 1EA","MYFAMILY"
"6473658","1","0","LST","","19.99","8.87","MYFAM LG PINK CIRCLE 1EA","MYFAMILY"
"6473912","1","0","LST","","19.99","8.87","MYFAM SM LILAC CIRCLE 1EA","MYFAMILY"
"6473913","1","0","LST","","19.99","8.87","MYFAM SM PINK CIRCLE 1EA","MYFAMILY"
"6474533","1","0","LST","","19.99","8.87","MYFAM SM LT BLUE CIRCLE 1EA","MYFAMILY"
"X0177","1","0","LST","","24.49","12.03","MYFAM LG LOVE DAD 1EA","MYFAMILY"
"X0208","1","0","LST","","18.49","7.47","MYFAM SM CHROME BONE 1EA","MYFAMILY"
"X0212","1","0","LST","","13.49","4.62","MYFAM SM RED BONE 1EA","MYFAMILY"
"X0215","1","0","LST","","13.49","4.62","MYFAM LG BLUE BONE 1EA","MYFAMILY"
"X0216","1","0","LST","","13.49","4.62","MYFAM LG PINK BONE 1EA","MYFAMILY"
"X0217","1","0","LST","","13.49","4.62","MYFAM LG RED BONE 1EA","MYFAMILY"
"X0218","1","0","LST","","18.49","7.47","MYFAM SM CHROME CIRLCE 1EA","MYFAMILY"
"X0229","1","0","LST","","19.99","8.87","MYFAM SM GOLD HEART 1EA","MYFAMILY"
"X0231","1","0","LST","","13.49","4.62","MYFAM SM PINK HEART 1EA","MYFAMILY"
"X0239","1","0","LST","","13.49","4.62","MYFAM LG BLACK BONE 1EA","MYFAMILY"
"X0240","1","0","LST","","13.49","4.62","MYFAM SM BLACK CIRCLE 1EA","MYFAMILY"
"X0176","1","0","LST","","24.49","12.03","MYFAM LG LOVE MOM 1EA","MYFAMILY"
"X0209","1","0","LST","","19.99","8.87","MYFAM SM GOLD BONE 1EA","MYFAMILY"
"X0210","1","0","LST","","13.49","4.62","MYFAM SM BLUE BONE 1EA","MYFAMILY"
"X0211","1","0","LST","","13.49","4.62","MYFAM SM PINK BONE 1EA","MYFAMILY"
"X0213","1","0","LST","","18.49","7.47","MYFAM LG CHROME BONE 1EA","MYFAMILY"
"X0214","1","0","LST","","19.99","8.87","MYFAM LG GOLD BONE 1EA","MYFAMILY"
"X0219","1","0","LST","","19.99","8.87","MYFAM SM GOLD CIRCLE 1EA","MYFAMILY"
"X0228","1","0","LST","","18.49","7.47","MYFAM SM CHROME HEART 1EA","MYFAMILY"
"X0232","1","0","LST","","13.49","4.62","MYFAM SM RED HEART 1EA","MYFAMILY"
"X0236","1","0","LST","","13.49","4.62","MYFAM LG PINK HEART 1EA","MYFAMILY"
"X0237","1","0","LST","","13.49","4.62","MYFAM LG RED HEART 1EA","MYFAMILY"
"X0238","1","0","LST","","13.49","4.62","MYFAM SM BLACK BONE 1EA","MYFAMILY"
"X0415","1","0","LST","","24.49","12.03","MYFAM LG FUTURE BONE 1EA","MYFAMILY"
"X0502","1","0","LST","","24.49","12.03","MYFAM CANADIAN FLAG 1EA","MYFAMILY"
"X0397","1","0","LST","","41.99","23.1","MYFAM BLACK GLAM PAW 1EA","MYFAMILY"
"X0405","1","0","LST","","41.99","23.1","MYFAM SM PINK GLAM BONE 1EA","MYFAMILY"
"X3296","1","0","LST","","22.49","10.88","MYFAM LG GREY GLTR CIRCLE 1EA","MYFAMILY"
"X2477","1","0","LST","","22.49","10.88","MYFAM LG PINK GLTR CIRCLE 1EA","MYFAMILY"
"X4944","1","0","LST","","18.49","7.47","MYFAM XL PINK BONE 1EA","MYFAMILY"
"X4945","1","0","LST","","18.49","7.47","MYFAM XL BLACK BONE 1EA","MYFAMILY"
"X7392","1","0","LST","","18.49","7.47","MYFAM XL RED BONE 1EA","MYFAMILY"
"Y2178","1","0","LST","","18.49","7.47","MYFAM XL BLUE BONE 1EA","MYFAMILY"
"Y3044","1","0","LST","","22.49","10.88","MYFAM SM GREY GLTR PAW 1EA","MYFAMILY"
"Y4502","1","0","LST","","19.99","8.87","MYFAM CHROME MILITARY 1EA","MYFAMILY"
"6409847","1","0","LST","","11.29","4.65","PERF ULTRA DG PILL PB 5.3OZ","PERFORMATRIN ULTRA"
"6409846","1","0","LST","","6.69","2.76","PERF ULTRA CT PILL CHK 2.4OZ","PERFORMATRIN ULTRA"
"6409848","1","0","LST","","11.29","4.65","PERF ULTRA DG PILL CHK 5.3OZ","PERFORMATRIN ULTRA"
"6409849","1","0.25","LST","","15.99","8.1","PERF ULTRA DG PILL PB 10.6OZ","PERFORMATRIN ULTRA"
"6409850","1","0.25","LST","","15.99","8.1","PERF ULTRA DG PILL CHK 10.6OZ","PERFORMATRIN ULTRA"
"6409627","1","0.25","LST","1000140","66.99","37.51","PERF PRM CT GF CKN & POT13.2LB","PERFORMATRIN PRIME"
"6409629","1","0","LST","1000142","41.99","23.51","PERF PRM CT GF CKN & POT 6LB","PERFORMATRIN PRIME"
"6409631","1","0.25","LST","6253985","41.99","23.51","PERF PRM CT SS&S CHK 6LB","PERFORMATRIN PRIME"
"6409633","1","0","LST","1000137","66.99","37.51","PERF PRM CT CK&R AD 13.2LB","PERFORMATRIN PRIME"
"6409635","1","0.25","LST","1000139","41.99","23.51","PERF PRM CT CK&R AD 6LB","PERFORMATRIN PRIME"
"6409636","1","0","LST","1000144","66.99","37.51","PERF PRM CT HAIRBALL 13.2LB","PERFORMATRIN PRIME"
"6409638","1","0.25","LST","1000146","41.99","23.51","PERF PRM CT HAIRBALL 6LB","PERFORMATRIN PRIME"
"6409641","1","0.25","LST","1000149","41.99","23.51","PERF PRM CT HLTHY WGT 6LB","PERFORMATRIN PRIME"
"6409643","1","0.25","LST","1000151","26.99","15.11","PERF PRM CT INDR CKN 3LB","PERFORMATRIN PRIME"
"6409646","1","1","LST","1000154","41.99","23.51","PERF PRM CT CK&R KIT 6LB","PERFORMATRIN PRIME"
"6409648","1","0.5","LST","1000157","26.99","15.11","PERF PRM CT CK&R SNR 3LB","PERFORMATRIN PRIME"
"6409679","1","0","LST","","47.99","26.87","PERF PRM DG CK&R SMB PUP13.2LB","PERFORMATRIN PRIME"
"6409680","1","0","LST","1000184","21.99","12.31","PERF PRM DG CK&R PUP 4LB","PERFORMATRIN PRIME"
"6409681","1","0","LST","1000183","47.99","26.87","PERF PRM DG CK&R PUP 13.2LB","PERFORMATRIN PRIME"
"6409682","1","0","LST","1000187","74.99","41.99","PERF PRM DG LGBR CHK PUP 26LB","PERFORMATRIN PRIME"
"6409684","1","0.25","LST","1000180","21.99","12.31","PERF PRM DG SMBR CHK AD 4LB","PERFORMATRIN PRIME"
"6409686","1","0.25","LST","1000162","21.99","12.31","PERF PRM DG CK&R AD 4LB","PERFORMATRIN PRIME"
"6409689","1","0.5","LST","1000169","74.99","41.99","PERF PRM DG LGBR AD 26LB","PERFORMATRIN PRIME"
"6409690","1","1.25","LST","6787381","94.99","53.19","PERF PRM DG LGBR AD 37LB","PERFORMATRIN PRIME"
"6409692","1","0.25","LST","1000182","21.99","12.31","PERF PRM DG CK&R SMBR SNR 4LB","PERFORMATRIN PRIME"
"6409694","1","0.25","LST","1000175","47.99","26.87","PERF PRM DG CK&R LGB SNR13.2LB","PERFORMATRIN PRIME"
"6409697","1","0","LST","1000168","47.99","26.87","PERF PRM DG GF CKN&POT 13.2LB","PERFORMATRIN PRIME"
"6409699","1","0.25","LST","1000177","21.99","12.31","PERF PRM DG HWGT CHK SMBR 4LB","PERFORMATRIN PRIME"
"6409702","1","0.75","LST","1000172","74.99","41.99","PERF PRM DG HWGT CHK LGBR 26LB","PERFORMATRIN PRIME"
"6409704","1","1.25","LST","6237203","78.99","44.23","PERF PRM DG SS&S SLM&OAT 26LB","PERFORMATRIN PRIME"
"6409628","1","0.25","ROS","1000141","26.99","15.11","PERF PRM CT GF CKN & POT 3LB","PERFORMATRIN PRIME"
"6409630","1","0","LST","6253984","26.99","15.11","PERF PRM CT SS&S CHK 3LB","PERFORMATRIN PRIME"
"6409632","1","0","LST","6253986","66.99","37.51","PERF PRM CT SS&S CHK 13.2LB","PERFORMATRIN PRIME"
"6409634","1","0.25","LST","1000138","26.99","15.11","PERF PRM CT CK&R AD 3LB","PERFORMATRIN PRIME"
"6409637","1","0.25","LST","1000145","26.99","15.11","PERF PRM CT HAIRBALL 3LB","PERFORMATRIN PRIME"
"6409639","1","0","LST","1000147","66.99","37.51","PERF PRM CT HLTHY WGT 13.2LB","PERFORMATRIN PRIME"
"6409640","1","0","LST","1000148","26.99","15.11","PERF PRM CT HLTHY WGT 3LB","PERFORMATRIN PRIME"
"6409642","1","0.5","LST","1000150","66.99","37.51","PERF PRM CT INDR CKN 13.2LB","PERFORMATRIN PRIME"
"6409644","1","0.25","LST","1000152","41.99","23.51","PERF PRM CT INDR CKN 6LB","PERFORMATRIN PRIME"
"6409645","1","0.25","LST","1000153","26.99","15.11","PERF PRM CT CK&R KIT 3LB","PERFORMATRIN PRIME"
"6409647","1","0.25","LST","1000156","66.99","37.51","PERF PRM CT CK&R SNR 13.2LB","PERFORMATRIN PRIME"
"6409649","1","0.25","LST","1000158","41.99","23.51","PERF PRM CT CK&R SNR 6LB","PERFORMATRIN PRIME"
"6409678","1","0.25","LST","1000190","21.99","12.31","PERF PRM DG CK&R SMBR PUP 4LB","PERFORMATRIN PRIME"
"6409683","1","0","LST","1000186","47.99","26.87","PERF PRM DG LGBR CHK PUP13.2LB","PERFORMATRIN PRIME"
"6409685","1","0.5","LST","1000181","47.99","26.87","PERF PRM DG SMBR CHK AD 13.2LB","PERFORMATRIN PRIME"
"6409687","1","0.25","LST","1000160","47.99","26.87","PERF PRM DG CK&R AD 13.2LB","PERFORMATRIN PRIME"
"6409688","1","0.25","LST","6787380","74.99","41.99","PERF PRM DG CK&R AD 26LB","PERFORMATRIN PRIME"
"6409691","1","0.5","LST","1000174","47.99","26.87","PERF PRM DG LGBR AD 13.2LB","PERFORMATRIN PRIME"
"6409693","1","0.5","LST","1000164","47.99","26.87","PERF PRM DG CK&R SNR 13.2LB","PERFORMATRIN PRIME"
"6409695","1","0.25","LST","1000176","74.99","41.99","PERF PRM DG CK&R LGBR SNR 26LB","PERFORMATRIN PRIME"
"6409696","1","0","LST","1000166","21.99","12.31","PERF PRM DG GF CKN&POT 4LB","PERFORMATRIN PRIME"
"6409698","1","0","LST","1000165","74.99","41.99","PERF PRM DG GF CKN&POT 26LB","PERFORMATRIN PRIME"
"6409700","1","0","LST","1000163","47.99","26.87","PERF PRM DG HWGT CHK 13.2LB","PERFORMATRIN PRIME"
"6409701","1","0","LST","1000171","47.99","26.87","PERF PRM DG HWGT CHK LGB13.2LB","PERFORMATRIN PRIME"
"6409703","1","0","LST","6237205","24.99","13.99","PERF PRM DG SS&S SLM&OAT 4LB","PERFORMATRIN PRIME"
"6409705","1","0.25","LST","6237204","51.99","29.11","PERF PRM DG SS&S SLM&OAT13.2LB","PERFORMATRIN PRIME"
"6230717","1","0","LST","","24.99","13.99","TLTL DG LTHR WOOL RING 1EA","TALL TAILS"
"6230715","1","0","LST","","22.99","12.39","TLTL DG LTHR WOOL BONE TUG 1EA","TALL TAILS"
"6408707","1","0","LST","","26.99","15.61","TLTL DG LTHR ANTLER 1EA","TALL TAILS"
"6409076","1","0","LST","","7.99","3.8","PH DG DOG BUTT MAGNETS 4PC","PEARHEAD"
"6410068","1","0","ROS","","184.99","100","BSWR DG LOUNGER PRNT 1LG","BOWSERS"
"6410730","1","0","LST","","15.99","8","PH DG KEYCHAIN & DOG TAG 2PC","PEARHEAD"
"6410731","1","0","ROS","","12.99","6.5","PH DG ANNOUNCEMENT BOARD 1EA","PEARHEAD"
"6410067","1","0","ROS","","139.99","76","BSWR DG LOUNGER PRNT 1MD","BOWSERS"
"6410728","1","0","LST","","12.99","6.5","PH DG HRT & PAW KYCHN 1EA","PEARHEAD"
"6472882","1","0","LST","","25.99","14.73","TLTL DG FISH TWITCHY TAIL 1EA","TALL TAILS"
"6409438","1","0.75","LST","63212","14.99","8.08","ESN PUPPY TEARFREE SHMP 16OZ","ESSENTIALS"
"6409440","1","0.25","LST","63215","14.99","8.08","ESN OATMEAL HONEY SHMP 16OZ","ESSENTIALS"
"6409442","1","0.5","LST","1503122","14.99","8.08","ESN TEA TREE ALOE SHMP 16OZ","ESSENTIALS"
"6409444","1","0.5","LST","1503124","14.99","8.08","ESN OATMEAL HONEY COND 16OZ","ESSENTIALS"
"6409439","1","0","LST","63211","15.99","8.28","ESN DESHED SHMP 16OZ","ESSENTIALS"
"6409441","1","0","LST","1503121","14.99","8.08","ESN WHITENING SHMP 16OZ","ESSENTIALS"
"6409443","1","0","LST","1503123","14.99","8.08","ESN ODOR SHMP 16OZ","ESSENTIALS"
"6410143","1","0","LST","","13.99","6.15","ESN DG SPRITZ MNG 8OZ","ESSENTIALS"
"6410145","1","0","LST","","13.99","6.15","ESN DG SPRITZ FRSH 8OZ","ESSENTIALS"
"6410144","1","0","LST","","13.99","6.15","ESN DG SPRITZ SGR CANE 8OZ","ESSENTIALS"
"6410366","1","0","LST","","30.99","15.59","ESN DG SS TRT JAR CHAR 1EA","ESSENTIALS"
"6410370","1","0","LST","","30.99","15.59","ESN DG SS TRT JAR ROSE 1EA","ESSENTIALS"
"6410363","1","0","LST","","11.99","5.97","ESN DG SS BWL CHAR 1SM","ESSENTIALS"
"6410364","1","0","LST","","14.99","7.49","ESN DG SS BWL CHAR 1MD","ESSENTIALS"
"6410365","1","0","LST","","17.99","8.98","ESN DG SS BWL CHAR 1LG","ESSENTIALS"
"6409381","1","0","LST","","21.99","12.1","JMP DG RPE SUCTION & BALL 1EA","JUMP"
"6409383","1","0","ROS","","25.99","12.99","JMP DG POTATO CHIP BURW 1EA","JUMP"
"6409379","1","0","ROS","","22.99","10.58","JMP DG CCTS SUCTION 1MD","JUMP"
"6409380","1","0","ROS","","31.99","15.55","JMP DG CCTS SUCTION 1LG","JUMP"
"6409243","1","0.25","LST","","12.99","7.6","PERF ULT DG CHK COW EAR 3PC","PERFORMATRIN ULTRA"
"6409244","1","0.5","LST","","12.99","7.6","PERF ULT DG CHK HLF COW EAR6PC","PERFORMATRIN ULTRA"
"6409246","12","0","LST","","4.99","3","PERF ULT DG BF COW EAR EA","PERFORMATRIN ULTRA"
"6409242","12","1.5","LST","","4.99","3","PERF ULT DG CHK COW EAR EA","PERFORMATRIN ULTRA"
"6409245","1","0","LST","","37.49","22","PERF ULT DG CHK COW EAR 10PC","PERFORMATRIN ULTRA"
"6409247","1","0.25","LST","","12.99","7.6","PERF ULT DG BF COW EAR 3PC","PERFORMATRIN ULTRA"
"6409650","1","0","LST","","26.99","15.11","PERF PRM CT URINARY 3 LB","PERFORMATRIN PRIME"
"6409652","1","0.5","LST","","66.99","37.51","PERF PRM CT URINARY 13.2 LB","PERFORMATRIN PRIME"
"6409669","1","0.25","LST","","12.99","7.6","PERF ULT DG BF HLF COW EAR 6PC","PERFORMATRIN ULTRA"
"6409670","1","0","LST","","37.49","22","PERF ULT DG BF COW EAR 10PC","PERFORMATRIN ULTRA"
"6409706","1","0","LST","1000096","24.99","13.99","PERF PRM DG L&R PUP 4LB","PERFORMATRIN PRIME"
"6409707","1","0.25","LST","1000095","51.99","29.11","PERF PRM DG L&R PUP 13.2LB","PERFORMATRIN PRIME"
"6409710","1","0","LST","1000087","24.99","13.99","PERF PRM DG L&R AD 4 LB","PERFORMATRIN PRIME"
"6409711","1","0.5","LST","1000089","78.99","44.23","PERF PRM DG HWGT L&R 26LB","PERFORMATRIN PRIME"
"6409713","1","0.25","LST","1000090","24.99","13.99","PERF PRM DG HWGT L&R 4LB","PERFORMATRIN PRIME"
"6409715","1","0","LST","1000092","78.99","44.23","PERF PRM DG L&R SNR 26 LB","PERFORMATRIN PRIME"
"6409651","1","0.5","LST","","41.99","23.51","PERF PRM CT URINARY 6 LB","PERFORMATRIN PRIME"
"6409708","1","1.25","LST","6787360","78.99","44.23","PERF PRM DG L&R AD 26 LB","PERFORMATRIN PRIME"
"6409709","1","0","LST","1000085","51.99","29.11","PERF PRM DG L&R AD 13.2 LB","PERFORMATRIN PRIME"
"6409712","1","0.25","LST","1000088","51.99","29.11","PERF PRM DG HWGT L&R 13.2LB","PERFORMATRIN PRIME"
"6409714","1","0","LST","1000091","51.99","29.11","PERF PRM DG L&R SNR 13.2 LB","PERFORMATRIN PRIME"
"6409716","1","0","LST","1000093","24.99","13.99","PERF PRM DG L&R SNR 4 LB","PERFORMATRIN PRIME"
"6410705","1","0","LST","1100186","35.99","24.1","OPFM DG GF TKY CHK 4LB","OPEN FARM"
"6410708","1","0","LST","1100194","117.99","80.14","OPFM DG GF WHT FSH 22LB","OPEN FARM"
"6410706","1","0","LST","1100188","113.99","77.43","OPFM DG GF TKY CHK 22LB","OPEN FARM"
"6410709","1","0","LST","1151018","35.99","24.1","OPFM DG GF LMB 4LB","OPEN FARM"
"6410710","1","0","LST","1151020","117.99","80.14","OPFM DG GF LMB 22LB","OPEN FARM"
"6410712","1","0.25","LST","1151023","117.99","80.14","OPFM DG GF WLD SL 22LB","OPEN FARM"
"6410713","1","0","LST","6234430","35.99","24.1","OPFM DG GF BF 4LB","OPEN FARM"
"6410707","1","0","LST","1100192","35.99","24.1","OPFM DG GF WHT FSH 4LB","OPEN FARM"
"6410711","1","0","LST","1151021","35.99","24.1","OPFM DG GF WLD SL 4LB","OPEN FARM"
"6410714","1","0","LST","6234432","118.99","80.83","OPFM DG GF BF 22LB","OPEN FARM"
"6445942","1","0","LST","","0","0.01","DW ESS SHAMPOO LABLES kit",""
"6240751","1","0","LST","","39.99","21.8","NITE DG LED COLLAR BLUE MD","NITE IZE"
"6240750","1","0","LST","","41.99","23","NITE DG LED COLLAR BLUE LG","NITE IZE"
"6447312","1","0","LST","","54.99","30","CATIT PIXI FTAN GREEN 1EA","CATIT"
"6447310","1","0","LST","","54.99","30","CATIT PIXI FTAN PINK 1EA","CATIT"
"6410821","1","0","INOT","","43.99","20.93","CP BARBIE LOGO PM PONCHO 18IN","CANADA POOCH"
"6410824","1","0","INOT","","35.99","17.16","CP BARBIE TIDY PM PONCHO 12IN","CANADA POOCH"
"6410825","1","0","INOT","","39.99","18.84","CP BARBIE TIDY PM PONCHO 14IN","CANADA POOCH"
"6410832","1","0","INOT","","50.99","24.18","CP BARBIE HODDIE DRK PNK 16IN","CANADA POOCH"
"6410837","1","0","INOT","","28.99","13.92","CP BARBIE TSHRT TIE DYE 14IN","CANADA POOCH"
"6410838","1","0","INOT","","30.99","14.54","CP BARBIE TSHRT TIE DYE 16IN","CANADA POOCH"
"6410841","1","0","INOT","","25.99","12.35","CP BARBIE TSHRT CHECKER 10IN","CANADA POOCH"
"6410842","1","0","INOT","","26.99","12.87","CP BARBIE TSHRT CHECKER 12IN","CANADA POOCH"
"6410846","1","0","INOT","","34.99","16.64","CP BARBIE TSHRT CHECKER 20IN","CANADA POOCH"
"6410850","1","0","INOT","","54.99","26.27","CP BARBIE DENIM ACID VEST 16IN","CANADA POOCH"
"6410859","1","0","INOT","","18.99","9.1","CP BARBIE BNDNA CHECKER 1S/M","CANADA POOCH"
"6410860","1","0","INOT","","18.99","9.1","CP BARBIE BNDNA CHECKER 1L/XL","CANADA POOCH"
"6410817","1","0","INOT","","32.99","15.59","CP BARBIE LOGO PM PONCHO 10IN","CANADA POOCH"
"6410818","1","0","INOT","","35.99","17.16","CP BARBIE LOGO PM PONCHO 12IN","CANADA POOCH"
"6410820","1","0","INOT","","41.99","19.88","CP BARBIE LOGO PM PONCHO 16IN","CANADA POOCH"
"6410823","1","0","INOT","","32.99","15.59","CP BARBIE TIDY PM PONCHO 10IN","CANADA POOCH"
"6410827","1","0","INOT","","43.99","20.93","CP BARBIE TIDY PM PONCHO 18IN","CANADA POOCH"
"6410839","1","0","INOT","","32.99","15.59","CP BARBIE TSHRT TIE DYE 18IN","CANADA POOCH"
"6410843","1","0","INOT","","28.99","13.92","CP BARBIE TSHRT CHECKER 14IN","CANADA POOCH"
"6410844","1","0","INOT","","30.99","14.54","CP BARBIE TSHRT CHECKER 16IN","CANADA POOCH"
"6410845","1","0","INOT","","32.99","15.59","CP BARBIE TSHRT CHECKER 18IN","CANADA POOCH"
"6410847","1","0","INOT","","44.99","21.46","CP BARBIE DENIM ACID VEST 10IN","CANADA POOCH"
"6410848","1","0","INOT","","48.99","23.13","CP BARBIE DENIM ACID VEST 12IN","CANADA POOCH"
"6410849","1","0","INOT","","51.99","24.7","CP BARBIE DENIM ACID VEST 14IN","CANADA POOCH"
"6410851","1","0","INOT","","57.99","27.42","CP BARBIE DENIM ACID VEST 18IN","CANADA POOCH"
"6445994","25","0","","","0","0.25","MK HOLIDAY 2025 GC ENV 25pk",""
"6410508","1","0","LST","","15.99","7.9","JMP CT LT & SNDCHIP OCPS 1EA","JUMP"
"6410514","1","0","LST","","8.29","3.63","JMP CT DNTL EGPNT 1EA","JUMP"
"6410516","1","0","LST","","8.29","3.63","JMP CT DNTL PEAS 1EA","JUMP"
"6410520","1","0","LST","","17.99","8.4","JMP CT TELESCOPIC FTHR TSR 1EA","JUMP"
"6410522","1","0","LST","","14.99","6.9","JMP CT FAIRY FTHR TSR 1EA","JUMP"
"6410587","1","0.25","LST","","12.99","5.09","JMP CT SHARK KCKR 1EA","JUMP"
"6410590","1","0","LST","","9.99","4.69","JMP CT SSHI ROLL 3PC","JUMP"
"6410592","1","0.5","LST","","9.99","4.69","JMP CT SSHI SHRIMP ROLL 2PC","JUMP"
"6410593","1","0","LST","","9.99","4.66","JMP CT SSHI SILVER FSH 2PC","JUMP"
"6410597","1","0","LST","","9.99","4.94","JMP CT FISH TSR 1EA","JUMP"
"6410598","1","0.25","LST","","9.99","4.94","JMP CT SSHI TSR 1EA","JUMP"
"6410607","60","0.75","LST","","2.39","0.9315","JMP CT DNTL BALL 1EA","JUMP"
"6410608","48","0","LST","","2.39","1.0802","JMP CT CRINKLE BALL 1EA","JUMP"
"6410609","75","0.25","LST","","2.39","0.9207","JMP CT TENNIS BALL 1EA","JUMP"
"6410611","1","0","LST","","16.99","7.8","JMP CT FRUIT ASRTD 4PC","JUMP"
"6410650","100","0.5","LST","","1.49","0.59","JMP CT LONG MESH TUBES 1EA","JUMP"
"6410651","75","1","LST","","1.59","0.6296","JMP CT SHORT MESH TUBES 1EA","JUMP"
"6410737","72","2.25","LST","","1.59","0.6551","JMP CT SPONGE BALL 1EA","JUMP"
"6410739","48","1.75","LST","","1.49","0.6819","JMP CT RATTAN BALL 1EA","JUMP"
"6410510","1","0.25","LST","","9.99","4.68","JMP CT TPR STUFFABLE MSE 1EA","JUMP"
"6410512","1","0","LST","","9.99","4.68","JMP CT FAIRY DRAGONFLY 1EA","JUMP"
"6410521","1","0","LST","","11.99","5.99","JMP CT FTHR TSR REPL 3PC","JUMP"
"6410591","1","0.25","LST","","9.99","4.68","JMP CT SSHI SALMN NIGIRI 2PC","JUMP"
"6410594","1","0","LST","","9.99","4.68","JMP CT SSHI SHRIMP NIGIRI 2PC","JUMP"
"6410596","1","0","LST","","9.99","4.68","JMP CT SSHI EDEMAME 3PC","JUMP"
"6410610","1","0.75","LST","","9.39","4.15","JMP CT 4IN1 LSR 1EA","JUMP"
"6410615","1","0","LST","","15.99","7.8","JMP CT 5IN1 FISH TSR SET 5PC","JUMP"
"6410616","1","0","LST","","15.99","7.8","JMP CT 5IN1 FRUIT TSR SET 5PC","JUMP"
"6410654","1","0","LST","","21.99","8.4","JMP CT LVL 2 FLIP PZL 1EA","JUMP"
"6410655","24","0","LST","","9.99","4.1892","JMP CT ROD W STRING TSR 1EA","JUMP"
"6410738","48","1.75","LST","","1.59","0.6954","JMP CT SCRUNCHIE BALL 1EA","JUMP"
"14463","1","0","LST","","37.99","22.76","RCBHN DG SHIH TZU AD 2.5LB","ROYAL CANIN"
"1150997","1","0","LST","","144.99","98.03","RCCCN DG DGTV CARE LG 30LB","ROYAL CANIN"
"13445","1","0","LST","","32.99","19.25","RCSHN DG AD XS 2.5LB","ROYAL CANIN"
"13455","1","0","LST","","105.99","70.76","RCCCN DG DGTV CARE SM 17LB","ROYAL CANIN"
"20423","1","0","LST","","144.99","98.03","RCCCN DG WGT CARE LG 30LB","ROYAL CANIN"
"18423","1","0.5","LST","","38.99","21.09","RCFHN CT INDR AD 3LB","ROYAL CANIN"
"26141","1","0","LST","","39.99","25.51","RCCCN DG DGTV CARE SM 3.5LB","ROYAL CANIN"
"28472","1","0","LST","","38.99","21.09","RCFHN CT SS DGST AD 3.5LB","ROYAL CANIN"
"6410773","1","0","ROS","","69.99","35","CP DG CNTRL HRNS BLUE SM","CANADA POOCH"
"6410781","1","0","ROS","","54.99","30.24","CP DG UTLT LSH BLUE SM/MD","CANADA POOCH"
"6410763","1","0","LST","","69.99","35","CP DG CNTRL HRNS BLK SM","CANADA POOCH"
"6410778","1","0","ROS","","34.99","19.24","CP DG UTLT CLR BLUE SM","CANADA POOCH"
"6410782","1","0","ROS","","54.99","30.24","CP DG UTLT LSH BLUE LG/XL","CANADA POOCH"
"6445920","1","0","LST","","46.99","26.75","PP CS BTA STRTR KT 9PC","PENN-PLAX"
"6471925","1","0","ROS","","34.99","17.5","CP DG UTILITY CLR BLK SM","CANADA POOCH"
"6471927","1","0","ROS","","54.99","27.5","CP DG UTILITY LSH BLK S/M","CANADA POOCH"
"6473808","1","0","ROS","","34.99","17.5","CP DG UTILITY CLR PLUM SM","CANADA POOCH"
"6473811","1","0","ROS","","54.99","27.5","CP DG UTILITY LSH PLUM S/M","CANADA POOCH"
"6475028","1","0","LST","","74.99","37.5","CP DG UTILITY BELT BLK 1EA","CANADA POOCH"
"6445990","1","0","LST","","21.99","11.55","PCHBL DG CANADA 1EA","POOCHIEBELLS"
"6446003","1","0","INOT","","79.99","44.74","PAIK DG HI VIS RNCT LT YLW 30","PAIKKA"
"6446021","1","0","INOT","","99.99","59.64","PAIK DG HI VIS RNCT DRK 40","PAIKKA"
"6446022","1","0","INOT","","99.99","59.64","PAIK DG HI VIS RNCT DRK 45","PAIKKA"
"6446023","1","0","INOT","","99.99","59.65","PAIK DG HI VIS RNCT DRK 50","PAIKKA"
"6446029","1","0","INOT","","109.99","61.75","PAIK DG RAINSUIT NEON 35","PAIKKA"
"6446030","1","0","INOT","","109.99","61.74","PAIK DG RAINSUIT NEON 40","PAIKKA"
"6446032","1","0","INOT","","109.99","61.75","PAIK DG RAINSUIT NEON 50","PAIKKA"
"6446039","1","0","INOT","","79.99","47.73","PAIK DG HI VIS RNCT LT PTRL 40","PAIKKA"
"6446050","1","0","INOT","","129.99","68","PAIKKA DG REF HRNSS BLK 1XXL","PAIKKA"
"6446051","1","0","INOT","","54.99","30","PAIKKA DG REF LEASH BLK 1SM","PAIKKA"
"6446052","1","0","INOT","","64.99","37","PAIKKA DG REF LEASH BLK 1LG","PAIKKA"
"6446056","1","0","INOT","","119.99","64","PAIKKA DG REF HRNSS ORG 1LG","PAIKKA"
"6446059","1","0","INOT","","54.99","30","PAIKKA DG REF LEASH ORG 1SM","PAIKKA"
"6446004","1","0","INOT","","79.99","47.71","PAIK DG HI VIS RNCT LT YLW 35","PAIKKA"
"6446019","1","0","INOT","","89.99","55.39","PAIK DG HI VIS RNCT DRK 30","PAIKKA"
"6446020","1","0","INOT","","99.99","59.64","PAIK DG HI VIS RNCT DRK 35","PAIKKA"
"6446024","1","0","INOT","","109.99","63.93","PAIK DG HI VIS RNCT DRK 55","PAIKKA"
"6446031","1","0","INOT","","109.99","61.74","PAIK DG RAINSUIT NEON 45","PAIKKA"
"6446033","1","0","INOT","","109.99","63.88","PAIK DG RAINSUIT NEON 55","PAIKKA"
"6446037","1","0","INOT","","69.99","44.75","PAIK DG HI VIS RNCT LT PTRL 30","PAIKKA"
"6446038","1","0","INOT","","79.99","47.72","PAIK DG HI VIS RNCT LT PTRL 35","PAIKKA"
"6446040","1","0","INOT","","79.99","47.72","PAIK DG HI VIS RNCT LT PTRL 45","PAIKKA"
"6446041","1","0","INOT","","79.99","47.72","PAIK DG HI VIS RNCT LT PTRL 50","PAIKKA"
"6446042","1","0","INOT","","89.99","50.73","PAIK DG HI VIS RNCT LT PTRL 55","PAIKKA"
"6446049","1","0","INOT","","45.99","30","PAIKKA DG SLOW BOWL BLK 25OZ","PAIKKA"
"6446053","1","0","INOT","","109.99","60","PAIKKA DG REF HRNSS ORG 1XS","PAIKKA"
"6446054","1","0","INOT","","109.99","60","PAIKKA DG REF HRNSS ORG 1SM","PAIKKA"
"6446055","1","0","INOT","","119.99","64","PAIKKA DG REF HRNSS ORG 1MD","PAIKKA"
"6446057","1","0","INOT","","129.99","68","PAIKKA DG REF HRNSS ORG 1XL","PAIKKA"
"6446058","1","0","INOT","","129.99","68","PAIKKA DG REF HRNSS ORG 1XXL","PAIKKA"
"6477746","1","0","INOT","","59.99","35","PAIKKA DG COOL BOWL BLK 60.8OZ","PAIKKA"
"6477749","1","0","INOT","","79.99","47.73","PAIK DG HI VIS RNCT LT YLW 50","PAIKKA"
"6477752","1","0","INOT","","99.99","59.63","PAIK DG RCVRY RNCT ORG 30","PAIKKA"
"6477753","1","0","INOT","","109.99","62.6","PAIK DG RCVRY RNCT ORG 35","PAIKKA"
"6477756","1","0","INOT","","109.99","62.61","PAIK DG RCVRY RNCT ORG 50","PAIKKA"
"6477761","1","0","INOT","","109.99","60","PAIKKA DG REF HRNSS BLK 1XS","PAIKKA"
"6477763","1","0","INOT","","119.99","64","PAIKKA DG REF HRNSS BLK 1MD","PAIKKA"
"6477745","1","0","INOT","","64.99","36","PAIKKA DG SLOW BWL BLK 47OZ","PAIKKA"
"6477747","1","0","INOT","","79.99","47.7","PAIK DG HI VIS RNCT LT YLW 40","PAIKKA"
"6477748","1","0","INOT","","79.99","47.72","PAIK DG HI VIS RNCT LT YLW 45","PAIKKA"
"6477750","1","0","INOT","","89.99","50.73","PAIK DG HI VIS RNCT LT YLW 55","PAIKKA"
"6477754","1","0","INOT","","109.99","62.61","PAIK DG RCVRY RNCT ORG 40","PAIKKA"
"6477755","1","0","INOT","","109.99","62.61","PAIK DG RCVRY RNCT ORG 45","PAIKKA"
"6477757","1","0","INOT","","109.99","65.6","PAIK DG RCVRY RNCT ORG 55","PAIKKA"
"6477762","1","0","INOT","","109.99","60","PAIKKA DG REF HRNSS BLK 1SM","PAIKKA"
"6477764","1","0","INOT","","119.99","64","PAIKKA DG REF HRNSS BLK 1LG","PAIKKA"
"6477765","1","0","INOT","","129.99","68","PAIKKA DG REF HRNSS BLK 1XL","PAIKKA"
"6236945","1","0","LST","","27.99","16.63","CHUCKIT FETCH MEDLEY 3PC","CHUCKIT"
"6410600","1","0.25","LST","","22.99","11.34","JMP DG TUFF DINO 1EA","JUMP"
"6410602","1","0","LST","","22.99","11.33","JMP DG TUFF STFH 1EA","JUMP"
"6410606","1","0","ROS","","25.99","11.55","JMP DG DNTL BALL W RPE 1EA","JUMP"
"6410630","1","0","ROS","","17.99","8.31","JMP DG GGLR TRT DSP BALL 1EA","JUMP"
"6410631","1","0","ROS","","14.99","6.75","JMP DG BLY STCK HLDR 1MD","JUMP"
"6410638","1","0","LST","","17.99","7.9","JMP DG SPKY TRT STCK BLU 1LG","JUMP"
"6410746","1","0.25","LST","","8.29","4.1","JMP DG DNTL SQKR BAL ORG 4.5IN","JUMP"
"6410748","1","0.5","LST","","13.99","6.9","JMP DG TPR SQKR STCK 1LG","JUMP"
"6410749","1","4.5","OOS","","4.19","1.88","JMP DG DNTL SQKR BAL BLU 2.5IN","JUMP"
"6410751","1","0.5","LST","","8.29","4.1","JMP DG DNTL SQKR BAL PRP 4.5IN","JUMP"
"6410752","1","0","LST","","8.29","4.11","JMP DG DNTL SQKR BONE ORG 1MD","JUMP"
"6410816","1","0","LST","","13.99","8.53","CHUCKIT DG AMPHBS MEGA BAL 1EA","CHUCKIT"
"6411355","12","0","LST","","2.99","1.8042","WER CT WX CHK PUREE 3OZ","WERUVA"
"6411358","12","0","LST","","2.99","1.8042","WER CT WX CHK GRAVY 3OZ","WERUVA"
"6411359","12","0","LST","","2.99","1.8042","WER CT WX CK&TLP GRAVY 3OZ","WERUVA"
"6445979","1","0","LST","","33.99","17.15","PTRGS ROUND SCRTCH 1EA","PETRAGEOUS"
"6445980","1","0","LST","","30.99","15.59","PTRGS EARLY BIRD SCRTCH 1EA","PETRAGEOUS"
"6445981","1","0","LST","","44.99","23.39","PTRGS YELLOW DOTS SCRTCH 1EA","PETRAGEOUS"
"6410524","1","0","ROS","","22.99","10.39","JMP DG FLYNG RHINO W SQKR 1EA","JUMP"
"6410599","1","0","LST","","22.99","11.33","JMP DG TUFF RHINO 1EA","JUMP"
"6410601","1","0.25","LST","","22.99","11.34","JMP DG TUFF PIG 1EA","JUMP"
"6410624","1","0","LST","","13.99","6.4","JMP DG BALL W RPE PRP 1EA","JUMP"
"6410628","1","0","LST","","28.99","13","JMP DG RND PZL 1EA","JUMP"
"6410629","1","0.25","LST","","13.99","6.8","JMP DG FTCH BALL 3PK","JUMP"
"6410633","1","0","LST","","9.99","4.67","JMP DG SPKY TRT STCK RED 1SM","JUMP"
"6410694","1","0.25","LST","","15.99","7.27","JMP DG BOUNCE BALL TURQ 2PK","JUMP"
"6410744","1","2","OOS","","4.19","1.88","JMP DG DNTL SQKR BAL RED 2.5IN","JUMP"
"6410745","1","0.75","OOS","","5.19","2.47","JMP DG DNTL SQKR BAL YLW 3.5IN","JUMP"
"6410747","1","0.75","LST","","8.29","4.11","JMP DG DNTL SQKR BONE BLU 1MD","JUMP"
"6410750","1","5","LST","","5.19","2.47","JMP DG DNTL SQKR BAL GRN 3.5IN","JUMP"
"6410753","1","0","LST","","8.29","4.11","JMP DG DNTL SQKR BONE PRP 1MD","JUMP"
"6411356","12","0","LST","","2.99","1.8042","WER CT WX TLP&TU PUREE 3OZ","WERUVA"
"E9039","1","0","LST","","17.99","11.42","CHUCKIT DG RUGGED FLYER 1EA","CHUCKIT"
"E9033","1","0","LST","","15.99","8.47","CHUCKIT DG ULTRA SQKR SM 2PC","CHUCKIT"
"X8608","1","0","LST","","28.99","19.87","CHUCKIT DG ROPE FETCH 1EA","CHUCKIT"
"6445934","1","0","LST","","13.99","6.76","JMP LINES WAVE SCRTCH 1MD","JUMP"
"6445936","1","0","LST","","21.99","10.39","JMP MRBL INFNTY SCRTCH 1EA","JUMP"
"6445983","1","0.5","LST","","9.99","5.25","JMP CRTN FISH SCRTCH 1MD","JUMP"
"6445999","1","0","LST","","22.99","11.5","RPT DG KANGA CHEW 2pc","ROAM PET TREATS"
"6446000","1","0","ROS","","29.99","15","RPT DG MEGA ROO 1ea","ROAM PET TREATS"
"6445932","1","0.5","LST","","9.99","5.25","JMP CRTN CATS SCRTCH 1MD","JUMP"
"6445933","1","0.25","LST","","27.99","14.02","JMP TERRAZZO SCRTCH 1XXL","JUMP"
"6445935","1","0","LST","","27.99","14.04","JMP LEAVES WAVE SCRTCH 1XXL","JUMP"
"6445995","1","0","ROS","","35.99","18","RPT DG FUNNY BONE 1ea","ROAM PET TREATS"
"6445998","1","0","ROS","","19.99","10","RPT DG ROO CHOPPER SMMD","ROAM PET TREATS"
"6410339","24","2.75","LST","23615","2.99","1.6742","PERF PRM CT GF CHK KIT 5.5OZ","PERFORMATRIN PRIME"
"6410341","24","0","LST","22253","2.99","1.6742","PERF PRM CT GF BF AD 5.5OZ","PERFORMATRIN PRIME"
"6410344","12","0.5","LST","22255","4.99","2.7942","PERF PRM CT GF CHK KIT 13.2OZ","PERFORMATRIN PRIME"
"6410345","12","1.75","LST","22261","4.99","2.7942","PERF PRM CT GF TURKEY 13.2OZ","PERFORMATRIN PRIME"
"6410347","12","0","LST","22259","4.99","2.7942","PERF PRM CT GF WHTFSH AD13.2OZ","PERFORMATRIN PRIME"
"6410348","12","0","LST","22251","4.99","2.7942","PERF PRM CT CK&TK SNR 13.2OZ","PERFORMATRIN PRIME"
"6410349","12","0","LST","22254","4.99","2.7942","PERF PRM CT INDR SL 13.2OZ","PERFORMATRIN PRIME"
"6410353","12","3.25","LST","21285","3.99","2.2342","PERF PRM DG CHK AD 13.2OZ","PERFORMATRIN PRIME"
"6410340","24","0.75","LST","22262","2.99","1.6742","PERF PRM CT GF TURKEY 5.5OZ","PERFORMATRIN PRIME"
"6410535","1","0.25","LST","","21.99","11","JMP DG DINO RPE 1EA","JUMP"
"6410342","24","0","LST","23617","2.99","1.6742","PERF PRM CT HWGT WHTFSH 5.5OZ","PERFORMATRIN PRIME"
"6410343","24","0","LST","23618","2.99","1.6742","PERF PRM CT HWGT TK 5.5OZ","PERFORMATRIN PRIME"
"6410543","1","0","LST","","21.99","10","JMP DG TUFF OCPS 1EA","JUMP"
"6410346","12","3","LST","22256","4.99","2.7942","PERF PRM CT GF CHK AD 13.2OZ","PERFORMATRIN PRIME"
"6410547","1","0","LST","","22.99","11","JMP DG ALLIG W TRT DSP 1EA","JUMP"
"6410350","12","0","LST","21288","3.99","2.2342","PERF PRM DG CHK SNR 13.2OZ","PERFORMATRIN PRIME"
"6410351","12","0","LST","21281","3.99","2.2342","PERF PRM DG CHK PUP 13.2OZ","PERFORMATRIN PRIME"
"6410553","1","0.25","LST","","12.99","5.82","JMP DG CROISSANT PLSH 1EA","JUMP"
"6410352","12","2.25","LST","21289","3.99","2.2342","PERF PRM DG HWGT CHK 13.2OZ","PERFORMATRIN PRIME"
"6410567","1","0","LST","","13.99","6.31","JMP DG GLOW BALL 1EA","JUMP"
"6410530","1","0.5","LST","","21.99","11","JMP DG ORG BURW 3PC","JUMP"
"6410537","1","1.25","LST","","15.99","7.02","JMP DG TUFF CRT 1EA","JUMP"
"6410538","1","0.25","LST","","17.99","7.95","JMP DG TUFF AVOCADO 1EA","JUMP"
"6410555","1","0.25","LST","","13.99","6.31","JMP DG PRETZEL PLSH 1EA","JUMP"
"6410559","1","0.25","LST","","15.99","7.28","JMP DG BNA PLSH 1EA","JUMP"
"6410565","1","0","LST","","13.99","6.5","JMP DG TPR PRNTING STCK 1EA","JUMP"
"6410573","1","0","ROS","","31.99","15.5","JMP DG BEE SNUFFLE 1EA","JUMP"
"6410582","1","0","ROS","","15.99","7.06","JMP DG TENIS BALL 4PK","JUMP"
"6411352","1","0","ROS","","9.99","5","JMP DG STUFFABLZ ORG 1MD","JUMP"
"6446096","1","0","LST","","13.99","7.5","HD DG PRIDE COLLAR TIE 1LG","HOTEL DOGGY"
"6446094","1","0","LST","","11.99","6.5","HD DG PRIDE COLLAR TIE 1SM","HOTEL DOGGY"
"6446095","1","0","LST","","12.99","7","HD DG PRIDE COLLAR TIE 1MD","HOTEL DOGGY"
"6410640","1","0","LST","","25.99","12.5","JMP DG TRN ARD PZL 1EA","JUMP"
"6410643","1","0","ROS","","9.99","5.2","JMP DG POKER BOX LEVER 1EA","JUMP"
"6410645","1","0","ROS","","9.99","5.21","JMP DG POKER BOX SCPS 1EA","JUMP"
"6410674","1","0.25","LST","","15.99","8","JMP DG RCYCLD PLSH PIG 1EA","JUMP"
"6410675","1","0","LST","","15.99","8","JMP DG RCYCLD PLSH ELPH 1EA","JUMP"
"6410641","1","0","ROS","","19.99","10.2","JMP DG ADCD FLIP BOARD 1EA","JUMP"
"6410642","1","0","ROS","","29.99","15.5","JMP DG POKER BOX LVL 1 1EA","JUMP"
"6410679","1","0.25","LST","","9.99","4.67","JMP DG TBONE BCN SM","JUMP"
"6410681","1","0.25","LST","","19.99","9.5","JMP DG TBONE BCN LG","JUMP"
"6410734","1","0","ROS","","56.99","28.08","B&B HDWY BED GRY 20IN","BAILEY & BELLA"
"6410735","1","0","LST","","69.99","33.26","B&B HDWY BED GRY 24IN","BAILEY & BELLA"
"6410736","1","0","ROS","","79.99","38.46","B&B HDWY BED GRY 28IN","BAILEY & BELLA"
"6446046","1","0","LST","","25.99","11.44","JMP CT RACE N SCRTCH 1EA","JUMP"
"6446047","1","0","LST","","14.99","6.25","JMP CT RACE N SCRTCH PADS 2PC","JUMP"
"6410696","1","0","LST","1050002","14.99","7.9","PERF ULT DG SWT POT 11.6OZ","PERFORMATRIN ULTRA"
"6410698","1","0","LST","1050004","16.49","8.25","PERF ULT DG SWT POT FRS 9.9OZ","PERFORMATRIN ULTRA"
"6410699","1","0","LST","1050006","8.49","4.24","PERF ULT DG L&SP CHWS 5.6OZ","PERFORMATRIN ULTRA"
"6410701","1","0.75","LST","1103760","9.99","4.6","PERF ULT DG OCEAN STIX 7OZ","PERFORMATRIN ULTRA"
"6410704","1","0.5","LST","1103849","26.99","15","PERF ULT DG SWT POT 24OZ","PERFORMATRIN ULTRA"
"6446108","1","0","LST","13230","25.99","21.3","PUR DG CHOW PUP CHK 14 LBS","PURINA"
"6410695","1","0","LST","1050001","8.49","3.74","PERF ULT DG SWT POT 5.6OZ","PERFORMATRIN ULTRA"
"6410697","1","0","LST","1050003","8.99","4.49","PERF ULT DG SWT POT FRS 4.8OZ","PERFORMATRIN ULTRA"
"6410700","1","0.5","LST","1103759","9.99","4.6","PERF ULT DG FOOTHLLS STIX 7OZ","PERFORMATRIN ULTRA"
"6410702","1","0.5","LST","1103761","9.99","4.6","PERF ULT DG PRAIRIE STIX 7OZ","PERFORMATRIN ULTRA"
"6410703","1","0.25","LST","1103762","9.99","4.6","PERF ULT DG ORIGINAL STIX 7OZ","PERFORMATRIN ULTRA"
"6469887","1","0","OOS","","22.99","11.5","PRODEN CT PLAQUEOFF 40g","PRODEN"
"6446338","1","0","INOT","","119.88","59.94","BECO CT WATER ANML CLPSTRP 1EA","BECO PETS"
"6446271","1","0","INOT","","69.99","41.8","PAIK DG RECOVERY SHIRT GRY 40","PAIKKA"
"6446273","1","0","INOT","","69.99","41.8","PAIK DG RECOVERY SHIRT GRY 50","PAIKKA"
"6446269","1","0","INOT","","69.99","40.3","PAIK DG RECOVERY SHIRT GRY 30","PAIKKA"
"6446270","1","0","INOT","","69.99","41.8","PAIK DG RECOVERY SHIRT GRY 35","PAIKKA"
"6446272","1","0","INOT","","69.99","41.8","PAIK DG RECOVERY SHIRT GRY 45","PAIKKA"
"6446274","1","0","INOT","","74.99","43.3","PAIK DG RECOVERY SHIRT GRY 55","PAIKKA"
"E7771","1","0","LST","","15.99","9.25","FLEXI CAT CLSC CORD BK XS 10FT","FLEXI"
"6446255","1","0","LST","18744","34.99","21.08","NB CT LI CHK&GPEA 4LB","NATURAL BALANCE"
"6446256","1","0","LST","18748","34.99","21.08","NB CT LI SL&GPEA 4LB","NATURAL BALANCE"
"6446257","1","0","LST","18743","34.99","22.59","NB CT LI RS DK&GPEA 4LB","NATURAL BALANCE"
"6229851","1","0","LST","","13.99","6.5","CSTL CT ADJ SUSHI BLUE 1EA","COASTAL PET PRODUCTS"
"6446178","1","0.25","LST","","24.99","12.5","CSTL CT ADJ MSH HRN&LSH BK 1EA","COASTAL PET PRODUCTS"
"J3799","1","0","LST","","9.99","5.03","CSTL KTN COL ELASTICIZED BLUE","COASTAL PET PRODUCTS"
"Q5075","1","0","LST","","9.99","5.2","CSTL CT RFLCTV STRTCH BLK","COASTAL PET PRODUCTS"
"1501826","1","0","LST","","12.99","6.31","GD JFM ROOSTER WHT 1XS","GO DOG"
"43181","1","0","ROS","","19.99","9.77","GODG DG CHEW DRAGON BLUE 1LSM","GO DOG"
"63872","1","0.25","LST","","23.99","11.96","GO DOG CORDUROY MINI ROOSTER","GO DOG"
"6446082","1","0.25","LST","50579","12.99","5.2","ESN DG WIPES UNSCNTD 100PK","ESSENTIALS"
"44909","1","0","LST","","29.99","16.95","PRODEN PLAQUEOFF 60g","PRODEN"
"6446083","1","0.25","LST","","12.99","5.2","ESN CT WIPES UNSCNTD 100PK","ESSENTIALS"
"6410050","12","0","LST","","3.89","2.4033","WER DG MNM STK FRT CUP 3.5 OZ","WERUVA"
"6410052","12","0","LST","","3.89","2.4033","WER DG MNM GM CH SP CUP3.5 OZ","WERUVA"
"6410055","1","0","LST","","37.99","24.03","WER DG MNM VRTY 10PK CUP3.5OZ","WERUVA"
"6410058","12","0","LST","","3.19","1.8042","BFF DG MNCKN CUP 2.75 OZ","B.F.F."
"6410061","12","0","LST","","3.19","1.8042","BFF DG KS THR CUP 2.75 OZ","B.F.F."
"6410063","1","0","LST","","23.99","14.4","BFF DG VRTY 8PK CUP 2.75OZ","B.F.F."
"6410048","12","0","LST","","3.89","2.4033","WER DG MNM PW LK CHK CUP3.5OZ","WERUVA"
"6410053","12","0","LST","","3.89","2.4033","WER DG MNM AMZN LVN CUP 3.5OZ","WERUVA"
"6410054","12","0","LST","","3.89","2.4033","WER DG MNM WOK DG CUP 3.5 OZ","WERUVA"
"6410056","12","0","LST","","3.19","1.8042","BFF DG RL DCE CUP 2.75OZ","B.F.F."
"6410057","12","0","LST","","3.19","1.8042","BFF DG LCK CUP 2.75 OZ","B.F.F."
"6410059","12","0","LST","","3.19","1.8042","BFF DG MLS NC CUP 2.75 OZ","B.F.F."
"6410062","12","0","LST","","3.19","1.8042","BFF DG WN BWT CUP 2.75 OZ","B.F.F."
"6446142","1","0","LST","","35.99","24.1","OPFM DG GF PUP CHK&SLM 4LB","OPEN FARM"
"6446143","1","0","LST","","113.99","77.43","OPFM DG GF PUP CHK&SLM 22LB","OPEN FARM"
"6446154","1","0","LST","","84.99","65.92","BLU DG AD WILD WG SLM 24 LB","BLUE BUFFALO"
"6446156","1","0","LST","","84.99","63.67","BLU DG AD LB WILD WG CHK 24LB","BLUE BUFFALO"
"6446158","1","0","LST","","33.99","21.09","BLU PUP WILD WG CHK 4.5LB","BLUE BUFFALO"
"6446159","1","0","LST","","33.99","21.09","BLU DG SB WILD WG CHK 4.5LB","BLUE BUFFALO"
"6446144","1","0","LST","","35.99","24.1","OPFM DG GF SMBR CHK&TRK 4LB","OPEN FARM"
"6446149","1","0","LST","","84.99","63.67","BLU DG AD WILD WG CHK 24 LB","BLUE BUFFALO"
"6446150","1","0","LST","","33.99","21.09","BLU DG AD WILD WG CHK 4.5 LB","BLUE BUFFALO"
"6446151","1","0","LST","","84.99","65.92","BLU DG AD WILD WG DCK 24 LB","BLUE BUFFALO"
"6446152","1","0","LST","","33.99","23.07","BLU DG AD WILD WG DCK 4.5LB","BLUE BUFFALO"
"6446153","1","0","LST","","84.99","63.67","BLU DG AD WILD WC WG CHK 24LB","BLUE BUFFALO"
"6446155","1","0","LST","","33.99","23.07","BLU DG AD WILD WG SLM 4.5 LB","BLUE BUFFALO"
"6446157","1","0","LST","","84.99","63.67","BLU PUP LB WILD WG CHK 24LB","BLUE BUFFALO"
"6446252","12","0.5","LST","","5.59","4.0267","CAN FRESH DG VEG 13OZ","CANADA FRESH"
"G9952","12","0","LST","","6.29","4.455","CAN FRSH DG DUCK 13OZ","CANADA FRESH"
"G9962","12","3.5","LST","","4.59","3.36","CAN FRESH DG SL 13OZ","CANADA FRESH"
"G9953","12","0","LST","","5.59","4.0267","CAN FRESH DG LMB 13OZ","CANADA FRESH"
"G9954","12","0.25","LST","","5.49","3.9108","CAN FRESH DG BF 13OZ","CANADA FRESH"
"X0799","12","0.25","LST","","3.89","2.74","CAN FRSH DG CHK 13OZ","CANADA FRESH"
"6410783","1","0","LST","","27.99","14.04","M&M DG CHERRY LSH 3/5IN 6 FT","MAX & MOLLY URBAN PETS"
"6410792","1","0","LST","","20.99","10.45","M&M DG CHERRY CLR XS","MAX & MOLLY URBAN PETS"
"6410793","1","0","LST","","24.99","12.47","M&M DG CHERRY CLR SM","MAX & MOLLY URBAN PETS"
"6410814","1","0","LST","","47.99","24.2","M&M DG DONUT HRN MD","MAX & MOLLY URBAN PETS"
"6410815","1","0","LST","","55.99","28.2","M&M DG DONUT HRN LG","MAX & MOLLY URBAN PETS"
"6410784","1","0","LST","","33.99","17.2","M&M DG CHERRY LSH 1IN 6FT","MAX & MOLLY URBAN PETS"
"6410794","1","0","LST","","27.99","14.03","M&M DG CHERRY CLR MD","MAX & MOLLY URBAN PETS"
"6410795","1","0","LST","","31.99","15.65","M&M DG CHERRY CLR LG","MAX & MOLLY URBAN PETS"
"6410800","1","0","LST","","36.99","18.4","M&M DG CHERRY HRN XS","MAX & MOLLY URBAN PETS"
"6410801","1","0","LST","","39.99","20.35","M&M DG CHERRY HRN SM","MAX & MOLLY URBAN PETS"
"6410802","1","0","LST","","47.99","24.2","M&M DG CHERRY HRN MD","MAX & MOLLY URBAN PETS"
"6410803","1","0","LST","","55.99","28.2","M&M DG CHERRY HRN LG","MAX & MOLLY URBAN PETS"
"6410812","1","0","ROS","","36.99","18.4","M&M DG DONUT HRN XS","MAX & MOLLY URBAN PETS"
"6410813","1","0","LST","","39.99","20.35","M&M DG DONUT HRN SM","MAX & MOLLY URBAN PETS"
"6446447","1","0","LST","","1.49","0.05","GO! CT SENS LID GF INST. SMP","GO! SOLUTIONS"
"6446448","1","0","LST","","31.99","21.58","GO! CT SENS LID GF INST. 3LB","GO! SOLUTIONS"
"6446481","1","0","LST","44371","19.99","8.9","NM CT JFC S&O RMVR 946ML","NATURE'S MIRACLE"
"6446449","1","0","LST","","49.99","33.72","GO! CT SENS LID GF INST. 6LB","GO! SOLUTIONS"
"6468232","1","0","LST","","39.99","28.35","HK CT GF CLSTR CHKN & FISH 4LB","THE HONEST KITCHEN"
"6468233","1","0","LST","","39.99","28.35","HK CT GF CLSTR CHICKEN 4LB","THE HONEST KITCHEN"
"6468229","1","0","LST","","12.99","8.72","HK CT GF CLSTR CHICKEN 1LB","THE HONEST KITCHEN"
"6468230","1","0","LST","","12.99","8.72","HK CT GF CLSTR CHKN & FISH 1LB","THE HONEST KITCHEN"
"6468231","1","0","LST","","12.99","8.72","HK CT GF CLSTR TRKY &CHCKN 1LB","THE HONEST KITCHEN"
"6468234","1","0","LST","","39.99","28.35","HK CT GF CLSTR TRKY & CHKN 4LB","THE HONEST KITCHEN"
"6446063","1","0","LST","","12.99","8.64","OPFM CT FD SL&COD 3.5OZ","OPEN FARM"
"6446064","1","0","LST","","29.99","19.94","OPFM CT FD HRVST CHK 9OZ PCH","OPEN FARM"
"6446065","1","0","LST","","29.99","19.94","OPFM CT FD CHK&SL 9OZ PCH","OPEN FARM"
"6446068","1","0","LST","","35.99","22.6","OPFM CT GF KIT CHK&TK 4LB","OPEN FARM"
"6446061","1","0","LST","","12.99","8.64","OPFM CT FD HRVST CHK 3.5OZ","OPEN FARM"
"6446062","1","0","LST","","12.99","8.64","OPFM CT FD CHK&SL 3.5OZ","OPEN FARM"
"6446066","1","0.25","LST","","29.99","19.94","OPFM CT FD SL&COD 9OZ PCH","OPEN FARM"
"6640014","1","0","LST","","18.99","11.96","OPFM CT GF KIT CHK&TK 2LB","OPEN FARM"
"6408543","1","0","OOS","","14.99","7.45","ARK DG PROTCTN+ DENTL MINI4oz","ARK NATURALS"
"6408544","1","0","LST","","31.99","15.8","ARK DG PROTCTN+ DENTL SM 12oz","ARK NATURALS"
"6408546","1","0","LST","","45.99","21.75","ARK DG PROTCTN+ DENTL LG18oz","ARK NATURALS"
"6445922","1","0","LST","","11.99","5.8","LJ DG TROP PARADISE SMBR 3oz","LORD JAMESON"
"6446335","1","0","LST","","1.49","0.05","GO! DG SENS LID GF INSCT SMP","GO! SOLUTIONS"
"6446336","1","0","LST","","29.99","20.23","GO! DG SENS LID GF INSCT 3.5LB","GO! SOLUTIONS"
"6446341","1","0","LST","","31.99","15.5","ARK DG SFT SD PRO TPST SM12oz","ARK NATURALS"
"6445921","1","0","LST","","11.99","5.8","LJ DG VERY BERRY SMBR 3oz","LORD JAMESON"
"6445923","1","0.25","LST","","11.99","5.8","LJ DG CONFETTI CAKE SMBR 3oz","LORD JAMESON"
"6446337","1","0","LST","","79.99","53.95","GO! DG SENS LID GF INSCT 12LB","GO! SOLUTIONS"
"6446340","1","0","LST","","37.99","18.75","ARK DG XTRM BRSHLS TPST LG18oz","ARK NATURALS"
"IA874","1","0","LST","","21.99","10.7","CATIT ADJ HRN&LSH SET BLK 1SM","CATIT"
"II829","1","0","LST","","24.99","12.16","CATIT ADJ HRN&LSH SET BLK 1LG","CATIT"
"Z0036","1","0","LST","","22.99","11.18","CATIT ADJ HRN&LSH SET BLK 1MD","CATIT"
"6252303","1","1","LST","","19.99","10.36","JAYS DG TINY BITS TRAINING16oz","JAY'S"
"6446254","1","0","LST","","19.99","10.33","NB DG PB CRUNCHY 14oz","NATURAL BALANCE"
"6446253","1","0","LST","","12.99","4.8","NB DG PB CRUNCHY SM BREED8oz","NATURAL BALANCE"
"6466822","12","0","LST","","5.29","3.49","HK CT CHKN MINCED 5.5OZ","THE HONEST KITCHEN"
"6466831","12","1","LST","","5.29","3.49","HK CT BEEF CHKN CATE 5.5 OZ","THE HONEST KITCHEN"
"6466832","12","0","LST","","5.19","3.49","HK CT CHKN CATE 5.5 OZ","THE HONEST KITCHEN"
"6466823","12","0","OOS","","5.29","3.49","HK CT TURKEY MINCED 5.5OZ","THE HONEST KITCHEN"
"6466824","12","0","LST","","5.19","3.49","HK CT TURKEY DUCK MNCED 5.5OZ","THE HONEST KITCHEN"
"6447016","1","0","LST","","57.99","39.11","GO! DG S&C WG LB AD SLM 12 LB","GO! SOLUTIONS"
"6447017","1","0.25","LST","","99.99","67.44","GO! DG S&C WG LB AD SLM 25 LB","GO! SOLUTIONS"
"6447018","1","0","LST","","60.99","41.14","GO! DG S&C WG LB PUP SLM 12 LB","GO! SOLUTIONS"
"6447019","1","0.25","LST","","105.99","71.49","GO! DG S&C WG LB PUP SLM 25 LB","GO! SOLUTIONS"
"6227534","1","0","LST","","34.99","24.85","TIKI CT AFTRDRK VRTY 12PK2.8OZ","TIKI CAT"
"6445985","1","0","LST","","94.99","50.83","JMP CT WILLOW TREE 17IN","JUMP"
"6446085","1","0","LST","","209.99","115","JMP CT MAISIE TREE 50IN","JUMP"
"6446088","1","0","LST","","149.99","75","JMP CT MONTY TREE 36IN","JUMP"
"6446089","1","0","LST","","17.99","9","JMP CT REPL POST 12.5IN","JUMP"
"6446090","1","0","LST","","20.99","10.5","JMP CT REPL POST 18.8IN","JUMP"
"6445984","1","0","LST","","129.99","77.96","JMP CT DELILAH CONDO 26IN","JUMP"
"6446084","1","0","LST","","199.99","115.37","JMP CT MIMI TREE 62IN","JUMP"
"6446086","1","0","LST","","114.99","62.37","JMP CT CLEO TREE 24IN","JUMP"
"6446087","1","0","LST","","99.99","52.2","JMP CT SIMBA TREE 23IN","JUMP"
"6446091","6","0","LST","","31.99","16","JMP CT HEAD SCRTCH 1EA","JUMP"
"6228758","1","0.5","LST","","11.99","5.5","FL BGB COL ENCNG FLKS 1.5OZ","FLUVAL"
"6228754","1","0","LST","","8.99","3.5","FL BGB BTA COL ENHG FLKS 0.6OZ","FLUVAL"
"6228755","1","0","LST","","7.99","4","FL BGB ALG CRSPS 1.4OZ","FLUVAL"
"6228759","1","0","LST","","11.99","5.5","FL BGB SPRLN FLKS 1.5OZ","FLUVAL"
"6447001","1","0.25","LST","","16.99","8.9","BURTS DG MH DEO SHMP BIL 16OZ","BURT'S BEES"
"6447002","1","0.25","LST","","16.99","8.9","BURTS DG MH ITCH SHMP BIL 16OZ","BURT'S BEES"
"6529889","1","0","LST","","6.99","3.5","FL BGB VCTN FD 0.7OZ","FLUVAL"
"E7902","1","0","LST","","13.99","7.5","FL BGB BTM FDR FRML PLCO 4.5OZ","FLUVAL"
"Y5330","1","0","LST","","11.99","5.5","FL BGB TROP FLKS 1.5OZ","FLUVAL"
"Y5332","1","0","LST","","12.99","5.5","FL BGB GLDFSH FLKS 1.5OZ","FLUVAL"
"6447220","1","0.5","LST","28624","38.99","22.9","RCFHN CT KIT MTHR&BBC 3LB","ROYAL CANIN"
"6447223","1","0","LST","G8363","117.99","76.7","RCFHN CT APPT CTRL 14LB","ROYAL CANIN"
"6447224","1","0","LST","18475","38.99","25.3","RCFHN CT APPT CTRL 3LB","ROYAL CANIN"
"6447219","1","0","LST","IR425","75.99","47.12","RCFHN CT MTHR&BBC 6LB","ROYAL CANIN"
"6447221","1","0","LST","6227238","118.99","71.8","RCFHN CT KIT 14LB","ROYAL CANIN"
"6447222","1","0","LST","18432","38.99","22.9","RCFHN CT KIT 3LB","ROYAL CANIN"
"35124","1","0","LST","","88.99","55.93","RCBHN DG FRENCH BULLDOG 17LB","ROYAL CANIN"
"6446591","1","0","LST","","37.99","22.85","RCBHN DG MINI SCHNR PUP 2.5LB","ROYAL CANIN"
"6446592","1","0","LST","","37.99","22.85","RCBHN DG PUG PUP 2.5LB","ROYAL CANIN"
"6446593","1","0","LST","","37.99","22.85","RCBHN DG FRENCH BULLDG PUP 3LB","ROYAL CANIN"
"6446595","12","9.25","LST","","5.29","3.2175","RCCHN DG LG PUP THN GRY 13OZ","ROYAL CANIN"
"6446597","24","0","LST","","3.09","1.6796","RCCHN DG XS PUP THN GRY 3OZ","ROYAL CANIN"
"6446869","1","0","LST","13547","88.99","57.63","RCSHN DG SM PUPPY 14LB","ROYAL CANIN"
"6446872","1","0","LST","24844","119.99","80.2","RCSHN DG GIANT 30LB","ROYAL CANIN"
"6446596","12","1.25","LST","","5.29","3.2175","RCCHN DG MD PUP THN GRY 13OZ","ROYAL CANIN"
"6446870","1","0.25","LST","IL225","88.99","56.35","RCSHN DG LRG PUPPY 17LB","ROYAL CANIN"
"6446871","1","0.5","LST","20403","126.99","82.38","RCSHN DG LRG PUPPY 30LB","ROYAL CANIN"
"6446879","1","0.75","LST","20414","119.99","74.55","RCSHN DG LARGE 30LB","ROYAL CANIN"
"18390","1","0","LST","","38.99","25.3","RCFCN CT INDR WGT CARE 3LB","ROYAL CANIN"
"28634","1","0.25","LST","","38.99","25.3","RCFHN CT INDR HB CARE 3LB","ROYAL CANIN"
"28647","1","1","LST","","38.99","25.3","RCFHN CT DGST CARE AD 3LB","ROYAL CANIN"
"6447194","1","0","LST","","38.99","27.69","PPLN DG PUP SPORT CK&R 4LB","PURINA PRO PLAN"
"6447196","12","0","LST","","4.39","3","PPLN DG SNR 7+ CK&R 13OZ","PURINA PRO PLAN"
"6473640","1","0","LST","","107.99","74.41","PPLN DG SNR SS&S SL&R 24LB","PURINA PRO PLAN"
"66756","1","0","LST","","24.99","8.5","ET INFRD BASK SPT 75W","EXO TERRA"
"66757","1","0","LST","","25.99","10","ET HEAT GLO INFRD LMP 100W","EXO TERRA"
"E7964","1","0","LST","","14.99","6.25","ET NGHT HEAT LMP 100W","EXO TERRA"
"K1805","1","0","LST","","14.99","6.25","ET DAYTM HEAT LMP 100W","EXO TERRA"
"K1807","1","0","LST","","13.99","5.75","ET NGHT HEAT LMP 25W","EXO TERRA"
"K1804","1","0","LST","","14.99","6.25","ET DAYTM HEAT LMP 60W","EXO TERRA"
"K1806","1","0","LST","","14.99","6.25","ET DAYTM HEAT LMP 100W","EXO TERRA"
"K1808","1","0","LST","","13.99","5.75","ET NGHT HEAT LMP 50W","EXO TERRA"
"K1809","1","0","LST","","15.99","7.25","ET DAYLT BASK SPT LMP 50W","EXO TERRA"
"K1810","1","0","LST","","15.99","7.25","ET DAYLT BASK SPT LMP 75W","EXO TERRA"
"K1811","1","0","OOS","","18.99","8.5","ET DAYLT BASK SPT LMP 100W","EXO TERRA"
"O7407","1","0","LST","","22.99","8.5","ET INFRD BASK SPT 50W","EXO TERRA"
"O7943","1","0","LST","","13.99","5.75","ET NGHT HEAT LMP 75W","EXO TERRA"
"O8646","1","0","LST","","14.99","6.25","ET DAYTM HEAT LMP 150W","EXO TERRA"
"Q8038","1","0","LST","","26.99","11.25","ET INFRD BASK SPT 150W","EXO TERRA"
"Z1222","1","0","OOS","","14.99","6.75","ET DAYLT BASK SPT LMP 25W","EXO TERRA"
"1103985","12","0","LST","","5.79","3.6975","SD DG AD SEN ST&SK TK&R 12.5OZ","HILL'S SCIENCE DIET"
"6232820","1","0","LST","","64.99","44.96","HK DG WG BF 4LB","THE HONEST KITCHEN"
"6447176","1","0","LST","1103988","91.99","63.97","SD DG AD PFWGT CHK 12LB","HILL'S SCIENCE DIET"
"6447178","1","0","LST","6234872","125.99","95.44","SD DG AD SB PRFT WGT 25LB","HILL'S SCIENCE DIET"
"6447179","1","0","LST","6234871","125.99","95.44","SD DG AD LB PRFT WGT 25LB","HILL'S SCIENCE DIET"
"6447180","1","0","LST","9100611","115.99","87.6","SD DG PUP LB LMB&BR 30LB","HILL'S SCIENCE DIET"
"6447181","1","0","LST","1104005","115.99","85.2","SD DG PUP CK&BR 27.5LB","HILL'S SCIENCE DIET"
"6447185","1","0","LST","","34.99","23.79","INST DG RAW FD BF 9.5OZ","INSTINCT"
"6447188","1","0","LST","","46.99","31.95","INST DG RAW FD POLLOCK 9.5OZ","INSTINCT"
"6447189","1","0","LST","","37.99","27","INST DG RAW FD LAMB 9.5OZ","INSTINCT"
"6447190","1","0","LST","","39.99","26.79","OPFM DG RAWMIX PRAIRIE 3.5LB","OPEN FARM"
"6447191","1","0.5","LST","","126.99","86.25","OPFM DG RAWMIX PRAIRIE 20LB","OPEN FARM"
"6447192","1","0","LST","","39.99","26.79","OPFM DG RAWMIX WLD OCN 3.5LB","OPEN FARM"
"6447228","12","0","LST","","5.79","3.6975","SD DG PRFT DGST CK 12.8OZ","HILL'S SCIENCE DIET"
"6447177","1","0","LST","25635","125.99","95.44","SD DG AD PFWGT CHK 25LB","HILL'S SCIENCE DIET"
"6447182","1","0","LST","11642","115.99","85.2","SD DG PUP LB CK&BR 27.5LB","HILL'S SCIENCE DIET"
"6447187","1","0","ROS","","34.99","23.79","INST DG RAW FD BF&COD 9.5OZ","INSTINCT"
"6447193","1","0","LST","","126.99","86.25","OPFM DG RAWMIX WLD OCN 20LB","OPEN FARM"
"E6545","12","0","LST","","5.79","3.56","SD DG HC CHK CRT SPNCH 12.8OZ","HILL'S SCIENCE DIET"
"6409314","12","0.25","LST","","5.79","3.4142","PERF ULT DG GF LM&BF STW13.2OZ","PERFORMATRIN ULTRA"
"6409315","12","0.5","LST","","5.29","3.1208","PERF ULT DG WG LM&BF PAT13.2OZ","PERFORMATRIN ULTRA"
"6409316","12","0","LST","","5.79","3.4142","PERF ULT DG WG LM&BF STW13.2OZ","PERFORMATRIN ULTRA"
"6464769","1","0","LST","","42.99","24.34","ZDC DG INFSTP PLUS 4.5KG UNDER","ZODIAC"
"6464771","1","0","LST","","45.99","25.45","ZDC DG INFSTP PLUS 11-25KG","ZODIAC"
"6464772","1","0","LST","","45.99","26","ZDC DG INFSTP PLUS 25KG OVER","ZODIAC"
"6464770","1","0","LST","","42.99","24.9","ZDC DG INFSTP PLUS 4.6-11KG","ZODIAC"
"6446964","1","0","LST","","0","17.66","CF NTRL BEDDING STOR USE 60L","CAREFRESH"
"6447021","1","0","LST","","27.99","16.98","CF TUTTI FRUTTI BDNG 23L","CAREFRESH"
"6465774","1","0","LST","","9.99","4.5","FL BTA MDGSCR LC PLNT 6IN","FLUVAL"
"6465775","1","0","LST","","14.99","6.75","FL BTA YLW PRT PLNT 8IN","FLUVAL"
"6465776","1","0","LST","","8.99","4","FL BTA WTR TRMPT PLNT 8IN","FLUVAL"
"6465777","1","0","LST","","8.99","4","FL BTA RD LZRD PLNT 6IN","FLUVAL"
"1100071","12","0","LST","","5.79","3.56","SD DG AD HC BF&VG 12.5OZ","HILL'S SCIENCE DIET"
"1100072","12","0","LST","","5.79","3.56","SD DG AD 7+ HC BF&VG 12.5OZ","HILL'S SCIENCE DIET"
"36067","12","0","LST","","5.79","3.6975","SD DG AD WGT CHK VEG 12.8OZ","HILL'S SCIENCE DIET"
"6250758","1","0","LST","6233724","7.99","3.6","TTR SHRIMP WAFERS 3OZ","TETRA"
"6251216","1","0","LST","","11.99","6.64","TTR COMMUNITY 3IN1 3.25OZ","TETRA"
"6447134","1","0","LST","","10.99","5.69","GF SPECIAL FLAKE FOOD 1.59OZ","GLOFISH"
"6447135","1","0","LST","","11.99","6.25","TTR RIVERSHRIMP 0.92 OZ","TETRA"
"6464773","1","0","LST","","44.99","22.5","DRYMATE PLUSH LTR MT 1EA","DRYMATE"
"6464774","1","0","LST","","22.99","11.5","DRYMATE SAVANNAH LTR MT 1EA","DRYMATE"
"6464775","1","0","LST","","32.99","16.5","DRYMATE BLUE FLORAL LTR MT 1EA","DRYMATE"
"49211","1","0","LST","","16.99","9.14","CHUCKIT INDOOR ROLLER 1EA","CHUCKIT"
"6252513","1","0","LST","","3.99","1.75","ZM ELTRL SOAK 2OZ","ZOO MED"
"6475227","1","0","LST","","46.99","22.79","ZM INFRD HEAT PRJCTR 100W","ZOO MED"
"6477698","1","0","LST","","9.99","4.31","ZM CRSTD GEKO BLBRY FD 2OZ","ZOO MED"
"E2917","1","0","LST","","7.69","2.55","ZM AQTC TRTL FD HTC FRML 1.6OZ","ZOO MED"
"G7202","1","0","LST","","9.99","4.4","ZM CRSTD GEKO TRPCL FRT FD 2OZ","ZOO MED"
"G7203","1","0","LST","","25.99","12.59","ZM DIGI THRMTR N HMDTY 1EA","ZOO MED"
"G9808","1","0","LST","","19.99","8.38","ZM REPTI SOIL 10QT","ZOO MED"
"IL966","1","0","LST","","45.99","26.12","ZM REPTI CARE TERR CNTRLR 1EA","ZOO MED"
"IR549","1","0","LST","","14.99","6.55","ZM GRMT AQTC TRTL FD 6OZ","ZOO MED"
"M0687","1","0","LST","","12.99","6.7","ZM REPTI SAFE 8.75OZ","ZOO MED"
"R4204","1","0","LST","","11.99","3.68","ZM REPTI CLCM W/O D3 3OZ","ZOO MED"
"X7656","1","0","LST","","9.99","4.4","ZM CRSTD GEKO WTRMLN FD 2OZ","ZOO MED"
"Z4149","1","0","LST","","16.99","7.15","ZM AQTC TRTL FD GRW FRML 13OZ","ZOO MED"
"6464830","1","0","LST","","24.99","11.19","OXB PRM TIMTHY SOFT HAY 40OZ","OXBOW"
"6464829","1","0","LST","","24.99","11.19","OXB PRM TIMTHY CRNCHY HAY 40OZ","OXBOW"
"25121","12","0","LST","","4.39","3.2242","PPLN DG WMGT MORSEL TK 13OZ","PURINA PRO PLAN"
"6464859","1","0","LST","","54.99","29.85","TICKLESS DG ECOPET TAG 1EA","TICKLESS"
"6238416","1","0","LST","","41.99","23","NITE DG LED LEASH BLUE 4FT","NITE IZE"
"6446069","1","0","LST","59426","12.99","5.65","COA DG WHISTLE BL 1EA","COMPANY OF ANIMALS"
"6446070","1","0","LST","59362","14.99","7.7","COA DG WHIZZCLICK LT BL 1EA","COMPANY OF ANIMALS"
"76830","1","0","LST","","16.99","7.82","KONG ZOOM GRM BLU 1ea","KONG"
"1100003","1","0","LST","","84.99","65.92","BLU DG AD LB WILD GF SL 24LB","BLUE BUFFALO"
"6237463","1","0","LST","","19.99","11.35","BLST DG TOOTHPASTE CHK 2.5OZ","BLUESTEM"
"6464888","21","0","LST","1501248","1.99","0.7395","ER DG BAG SNGL ROLL UNSCT 15pc","EARTH RATED"
"90970","1","0","LST","","11.99","4.97","COS CAT TIE OUT BLACK10ft","COASTAL PET PRODUCTS"
"6410375","1","0","LST","","23.99","11.05","EXCD FRSH SHMP 16OZ","EXCEED"
"6410377","1","0","LST","","23.99","11.05","EXCD ANXT RLF SHMP 16OZ","EXCEED"
"6410378","1","0","LST","","23.99","11.05","EXCD SHED CNTRL SHMP 16OZ","EXCEED"
"6410379","1","0","LST","","23.99","11.05","EXCD SHINE BST SHMP 16OZ","EXCEED"
"6410381","1","0","LST","","23.99","11.05","EXCD MSTE BST COND 16OZ","EXCEED"
"6410383","1","0","LST","","17.99","6.35","EXCD COAT REVIT CONDTN SPR 8OZ","EXCEED"
"6410384","1","0","LST","","17.99","6.35","EXCD NOSE & PAW SERUM 4OZ","EXCEED"
"6410385","1","0","LST","","17.99","6.35","EXCD CLN EAR SERUM 4OZ","EXCEED"
"6410387","1","0","LST","","17.99","6.35","EXCD MRNG MST SPR 4OZ","EXCEED"
"6410388","1","0","LST","","17.99","6.35","EXCD GRDN GLRY SPR 4OZ","EXCEED"
"6410376","1","0","LST","","23.99","11.05","EXCD PEACH SHMP 16OZ","EXCEED"
"6410380","1","0","LST","","23.99","11.05","EXCD 2IN1 SHMP & COND 16OZ","EXCEED"
"6410382","1","0","LST","","17.99","6.35","EXCD SMTH OUT CONDTN SPR 8OZ","EXCEED"
"G3846","1","0","LST","","42.99","21.07","ET HEAT MAT 4W","EXO TERRA"
"6447136","1","0","LST","6233735","5.99","2.7","TTR BTA SM PELLETS 1.23OZ","TETRA"
"6638527","1","0","LST","6233733","9.89","4.45","TTR PLECO WAFERS 3.03OZ","TETRA"
"6464883","1","0.25","LST","","17.99","9.45","VITAL E DG FD CHKN HEARTS1.9oz","VITAL ESSENTIALS"
"6464885","1","0","LST","","19.99","10.95","VITAL E DG FD RABBIT BITES2oz","VITAL ESSENTIALS"
"6464886","1","0.25","LST","","17.99","9.45","VITAL E DG FD SALMN BITES2.5oz","VITAL ESSENTIALS"
"6464884","1","0.5","LST","","18.99","10.4","VITAL E DG FD MINNOWS1oz","VITAL ESSENTIALS"
"1503771","1","0","LST","","29.99","15.59","BR MNTN TP CSTL 6.5IN","BLUE RIBBON"
"6464844","1","0","LST","","49.99","34.05","VE DG FD RAW BF NIBS 14OZ","VITAL ESSENTIALS"
"6464845","1","0","LST","","47.99","32.69","VE DG FD RAW CK NIBS 14OZ","VITAL ESSENTIALS"
"6464846","1","0","LST","","67.99","46.58","VE DG FD RAW DK NIBS 14OZ","VITAL ESSENTIALS"
"6464847","1","-0.25","LST","","76.99","52.75","VE DG FD RAW RB NIBS 14OZ","VITAL ESSENTIALS"
"6464848","1","0","LST","","49.99","34.05","VE DG FD RAW TK NIBS 14OZ","VITAL ESSENTIALS"
"9503329","1","0","ROS","","35.99","18.71","BR PBLE ARCHWY 8IN","BLUE RIBBON"
"A4748","1","0","LST","","35.99","18.71","BR STN PL 5IN","BLUE RIBBON"
"V4030","1","0","ROS","","29.99","15.59","BR EGYN VS 5IN","BLUE RIBBON"
"W5663","1","0","LST","","12.99","6.75","BR BRIED TRSRE 3IN","BLUE RIBBON"
"6411219","10","2.5","LST","","9.99","4.542","TB DG BEEF MINIWAGS3.53oz","TILTED BARN PET CO."
"6411220","10","1.25","LST","","9.99","4.542","TB DG BACON MINIWAGS3.53oz","TILTED BARN PET CO."
"6465829","10","0","LST","","13.99","6.328","TB DG LAMB MINIWAGS3.53oz","TILTED BARN PET CO."
"6475253","12","0.5","LST","","5.29","2.5758","T&T DG SNK STN TRACHEA6in 1pc","THIS & THAT"
"6480473","1","0","LST","","50.99","32","PB DG SALMON FD SUPR VP 9.5oz","PUREBITES"
"6446145","1","0","LST","","24.99","12.99","BR DRFTWD HDAWY 4IN","BLUE RIBBON"
"6446146","1","0","OOS","","29.99","15.59","BR BNT LG HDAWY 3IN","BLUE RIBBON"
"6446148","1","0","LST","","35.99","18.71","BR SNKN SHPWRK 5.5IN","BLUE RIBBON"
"6446147","1","0","LST","","19.99","10.39","BR SBMRNE XPLR 3.5IN","BLUE RIBBON"
"6654969","1","0","LST","","44.99","24","MDG DG CAR SEAT ORGNZ 1EA","MOBILE DOG GEAR"
"6654970","1","0.25","LST","","54.99","27","MDG DG ESSENTIAL TOTE BG 1EA","MOBILE DOG GEAR"
"6654973","1","0","LST","","89.99","42","MDG DG WEEK AWAY BAG 1EA","MOBILE DOG GEAR"
"6464891","1","0","LST","","21.99","12.5","INSTNCTS FLY N FRENZY TSR 1EA","INSTINCTS"
"6464892","1","0","LST","","10.99","5","INSTNCTS MOUSER MAYHEM 2PC","INSTINCTS"
"6465110","1","0","LST","","12.99","6.93","INSTNCTS CRAZY COIL SPRING 1EA","INSTINCTS"
"6465111","1","0","LST","","16.99","8.4","INSTNCTS ROWDY RIBBON 1EA","INSTINCTS"
"6465112","1","0","LST","","49.99","25.64","INSTNCTS TWINKLE TUBE 1EA","INSTINCTS"
"6464890","1","0","LST","","49.99","26.47","INSTNCTS HIDDEN HIJINKS 1EA","INSTINCTS"
"6464893","1","0","LST","","11.99","5.94","INSTNCTS SOARIN SQUIRREL 1EA","INSTINCTS"
"6465109","1","0","LST","","11.99","5.94","INSTNCTS ROWDY ROCKER TSR 1EA","INSTINCTS"
"6465116","1","0","LST","","9.99","5","INSTNCTS TRICKY TWISTER 1EA","INSTINCTS"
"6465119","1","0.25","LST","","46.99","23.39","INSTNCTS WILD WAND TSR 1EA","INSTINCTS"
"6465121","1","0","LST","","12.99","6.93","INSTNCTS PRIDEFUL PLAYER 1EA","INSTINCTS"
"6465122","1","0","LST","","11.99","5.94","INSTNCTS SNEAKY SLIDER 1EA","INSTINCTS"
"6465113","1","0","LST","","14.99","7.4","INSTNCTS FIN FRENZY KICKER 1EA","INSTINCTS"
"6465117","1","0","LST","","12.99","6.93","INSTNCTS ZINGY ZEBRA 1EA","INSTINCTS"
"6465118","1","0","LST","","17.99","8.83","INSTNCTS SAFARI SNEAKERS 3PC","INSTINCTS"
"6465120","1","0","LST","","11.99","5.4","INSTNCTS CHATTY CHIRP 1EA","INSTINCTS"
"6464777","1","0","LST","","24.99","15","MRBD LNTRN FDR 1EA","MORE BIRDS"
"6464776","1","0","LST","","16.99","9.75","MRBD WNDW TUBE FDR 1EA","MORE BIRDS"
"6464778","1","0","LST","","34.99","19.93","PRPT VNTGE FDR 1EA","PERKY-PET"
"6464779","1","0","LST","","39.99","23.3","PRPT WDNS LNTRN FED 1EA","PERKY-PET"
"6616488","1","0","LST","","8.99","4.05","PP E CTLBN BNA & MNG 2PK","PENN-PLAX"
"6655652","1","0","LST","","24.99","13.9","PH DG HIVE DISK BERRY 1EA","PROJECT HIVE"
"6655658","1","0","LST","","27.99","15.35","PH DG HIVE CHEW TOY BERRY 1LG","PROJECT HIVE"
"6655654","1","0","LST","","24.99","13.9","PH DG HIVE DISK VNILA 1EA","PROJECT HIVE"
"6655655","1","0","LST","","24.99","13.9","PH DG HIVE FETCH STK BERRY 1EA","PROJECT HIVE"
"6655657","1","0","OOS","","24.99","13.9","PH DG HIVE FETCH STK VNILA 1EA","PROJECT HIVE"
"6655661","1","0","LST","","27.99","15.35","PH DG HIVE CHEW TOY VNILA 1LG","PROJECT HIVE"
"A4005","1","0","LST","","8.99","4.05","PP E CTLBN NTRL 2PK","PENN-PLAX"
"9507055","1","0","LST","","84.99","50.99","ZL HEAT & UVB BSKNG FXTR 1SM","ZILLA"
"IF907","1","0","LST","","16.99","8.5","ZL MINI HAL BLB NGHT RD 25W","ZILLA"
"IG376","1","0","LST","","16.99","8.5","ZL MINI HAL BLB DAY WHT 50W","ZILLA"
"IE481","1","0","LST","","16.99","8.5","ZL MINI HAL BLB DAY WHT 25W","ZILLA"
"IH508","1","0","LST","","16.99","8.5","ZL MINI HAL BLB NGHT RD 50W","ZILLA"
"6464828","1","0.25","LST","","36.99","20.01","JMP CT PEEK-A-BOO POST 18IN","JUMP"
"6464827","1","0","LST","","44.99","24.35","JMP CT RACE TRCK POST 18IN","JUMP"
"6464840","1","0","LST","","32.99","16.5","JMP CT TSR SCRTCH POST 18IN","JUMP"
"6465272","35","0","LST","","4.49","2.35","OPN RNG DG TILAPIA SKIN 1pc","OPEN RANGE"
"6465315","4","0","LST","","24.99","13.42","PTRGS CT MEOW DUO DINER 10IN","PETRAGEOUS"
"6465314","6","0","LST","","12.99","6.5","PTRGS CT MARBLE SAUCER 5IN","PETRAGEOUS"
"6465728","4","0","LST","","18.99","9.5","PTRGS CT MEOW BOWL WHITE 5IN","PETRAGEOUS"
"6465836","1","0","LST","","19.99","10.92","CTSTGS KITTY LICKIN LAYERS 1EA","CATSTAGES"
"6467271","6","0","LST","","12.99","6.5","PTRGS CT KTY & FSH BN BOWL 5IN","PETRAGEOUS"
"6474947","20","0.5","LST","","9.99","5.5","OPN RNG DG CHEEK STK W/ESO 1pc","OPEN RANGE"
"6480481","1","0","LST","","24.99","12.5","CATIT PIXI DOUBLE DISH 1EA","CATIT"
"6467132","30","0","LST","","6.29","2.7067","CC DG COLLAGEN BF ROLL6in1ea","COLLACHEWS"
"6467133","1","0.25","LST","","18.99","8.46","CC DG COLLAGEN BF ROLL9in 3pk","COLLACHEWS"
"6467134","24","1.5","LST","","6.29","2.6042","CC DG DRUMSTICK CHICKEN 1ea","COLLACHEWS"
"6467135","1","0.25","LST","","18.99","8.46","CC DG COLLAGEN CHKN ROLL6in4pk","COLLACHEWS"
"6467137","1","0.75","LST","","18.99","8.46","CC DG COLLAGEN CHKN STK5in25pk","COLLACHEWS"
"6467138","1","1.5","LST","","18.99","8.46","CC DG COLLAGEN BF STKS5in25pk","COLLACHEWS"
"6467139","1","1.25","LST","","18.99","8.46","CC DG COLLAGEN PB STKS5in25pk","COLLACHEWS"
"6467136","1","0","LST","","18.99","8.46","CC DG COLLAGEN BF ROLL6in4pkBF","COLLACHEWS"
"6465294","1","0","LST","","59.99","30","CP CLM VEST BLU M","CANADA POOCH"
"6465296","1","0","LST","","79.99","40","CP CLM VEST BLU XL","CANADA POOCH"
"6465292","1","0","LST","","49.99","25","CP CLM VEST BLU XS","CANADA POOCH"
"6465293","1","0","LST","","54.99","27.5","CP CLM VEST BLU S","CANADA POOCH"
"6465295","1","0","LST","","69.99","35","CP CLM VEST BLU L","CANADA POOCH"
"6467140","1","1.25","LST","1152881","38.99","23.4","PPLN DG SPEC SS&S SL&R 4LB","PURINA PRO PLAN"
"6465847","1","0.25","LST","","45.99","29.99","SD DG PRF WT&JNT CK 3.5LB","HILL'S SCIENCE DIET"
"6465848","1","0.5","LST","","127.99","97.41","SD DG PRF WT&JNT CK 25LB","HILL'S SCIENCE DIET"
"6465849","1","0.5","LST","","127.99","97.41","SD DG LB PRF WT&JNT 25LB","HILL'S SCIENCE DIET"
"6465859","1","0","LST","","43.99","28.66","SD DG SS&S POLK&BRLY 3.5LB","HILL'S SCIENCE DIET"
"6465861","1","0","LST","","38.99","24.65","SD DG PUP LAMB&BR 4LB","HILL'S SCIENCE DIET"
"6465862","1","0","LST","","115.99","85.2","SD DG PUP LAMB&BR 25LB","HILL'S SCIENCE DIET"
"6529702","1","0","LST","","125.99","95.22","SD DG LB SS&S CK 30LB","HILL'S SCIENCE DIET"
"6467149","1","0","LST","","54.99","27.5","CP CLM VEST PNK S","CANADA POOCH"
"6467150","1","0","LST","","59.99","30","CP CLM VEST PNK M","CANADA POOCH"
"6467151","1","0","LST","","69.99","35","CP CLM VEST PNK L","CANADA POOCH"
"6467152","1","0","LST","","79.99","40","CP CLM VEST PNK XL","CANADA POOCH"
"6467153","1","0","LST","","89.99","45","CP CLM VEST PNK XXL","CANADA POOCH"
"6467157","1","0","LST","","69.99","35","CP CLM VEST GRY L","CANADA POOCH"
"6467158","1","0","LST","","79.99","40","CP CLM VEST GRY XL","CANADA POOCH"
"6467161","1","0","LST","","88.99","56","CP WGHT BLNKT GRY M","CANADA POOCH"
"6467155","1","0","LST","","54.99","27.5","CP CLM VEST GRY S","CANADA POOCH"
"6467156","1","0","LST","","59.99","30","CP CLM VEST GRY M","CANADA POOCH"
"6467159","1","0","LST","","89.99","45","CP CLM VEST GRY XXL","CANADA POOCH"
"6467160","1","0","LST","","88.99","51","CP WGHT BLNKT GRY S","CANADA POOCH"
"6467162","1","0","LST","","109.99","62","CP WGHT BLNKT GRY L","CANADA POOCH"
"6657773","1","0","LST","","24.99","12.5","CP WEIGHTED TOY GRY S/M","CANADA POOCH"
"6465865","1","0","ROS","","12.99","6.84","NITE DG TRACKER HOLDER GRY 1EA","NITE IZE"
"6465866","1","0","LST","","12.99","6.84","NITE DG TRACKER HOLDER BLU 1EA","NITE IZE"
"6235211","1","0","LST","","24.99","12.5","MCAT SILICONE LTR MAT 1EA","MESSY CATS"
"6467144","1","0","LST","","19.99","10.32","NOBA ZERO SYSTEM 1EA","NOBA"
"G8316","1","0","LST","","11.99","6","MCAT LONG LTR SCOOP 1XL","MESSY CATS"
"X9296","1","0","LST","","5.99","3","NOBA LTR SCOOP TEAL 1EA","NOBA"
"1100077","24","0","LST","","3.49","2.1883","SD CT KIT HC CK&R 2.8OZ","HILL'S SCIENCE DIET"
"1102375","24","0","LST","","3.49","1.845","SD CT KIT CK LVR ENT 2.9OZ","HILL'S SCIENCE DIET"
"49361","1","0","INOT","","17.99","9","LSC WOOF COLLAGE 1EA","LSC ACCESSORIES"
"9100131","24","0","LST","","4.49","2.5913","SD CT KTN TD CHK 5.5 OZ CN","HILL'S SCIENCE DIET"
"6475196","24","0.5","LST","","3.49","1.845","SD CT TRKY ENT 7+ 2.9OZ","HILL'S SCIENCE DIET"
"6447022","1","0","LST","","6.99","3.5","LWG SA CHWS KENAF WD STCK 1EA","LIVING WORLD GREEN"
"6655202","1","0.25","LST","","42.99","28.79","OPFM DG RAWMIX FRN RNG 3.5LB","OPEN FARM"
"6655205","1","0.25","LST","","132.99","90.34","OPFM DG RAWMIX FRN RNG 20LB","OPEN FARM"
"6446584","1","0","LST","","18.99","11.3","PERF ULT DG FD BITES D&T 5OZ","PERFORMATRIN ULTRA"
"6446586","1","0","LST","","14.99","8.92","PERF ULT DG FD PATTY D&T 4OZ","PERFORMATRIN ULTRA"
"6446585","1","0","LST","","52.99","31.53","PERF ULT DG FD BITES D&T 16OZ","PERFORMATRIN ULTRA"
"6446587","1","0","LST","","35.99","21.59","PERF ULT DG FD PATTY D&T 12OZ","PERFORMATRIN ULTRA"
"6464813","1","0","LST","","18.99","11.3","PERF ULT DG FD BITES L&P 5OZ","PERFORMATRIN ULTRA"
"6464814","1","0","LST","","52.99","31.53","PERF ULT DG FD BITES L&P 16OZ","PERFORMATRIN ULTRA"
"6464811","1","0","LST","","14.99","8.92","PERF ULT DG FD PATTY L&P 4OZ","PERFORMATRIN ULTRA"
"6464812","1","0","LST","","35.99","21.59","PERF ULT DG FD PATTY L&P 12OZ","PERFORMATRIN ULTRA"
"6464881","1","0","LST","","1.49","0.05","PERF ULT DG FD DK&TK SMP 1EA","PERFORMATRIN ULTRA"
"6464882","1","0","OOS","","1.49","0.05","PERF ULT DG FD LMB&PK SMP 1EA","PERFORMATRIN ULTRA"
"M8288","1","0","LST","","19.99","11.99","API MELAFIX 8OZ","API"
"6466495","21","0","LST","","13.99","6.7","PERF ULT HD-F PUP ROLL7IN LG","PERFORMATRIN ULTRA"
"6466496","1","0","LST","","14.99","6.85","PERF ULT HD-F PUP STK5IN 3.5oz","PERFORMATRIN ULTRA"
"6465645","1","0","LST","","44.99","22.4","F4L ECO GRN LTR HOOD 21IN","FRESH 4 LIFE"
"6465646","1","0","LST","","24.99","11.9","F4L ECO GRN LTR PAN 20IN","FRESH 4 LIFE"
"E1821","1","0","LST","70259","129.99","77.99","MRN LED AQRM KT 10GAL","MARINA"
"E2172","1","0","LST","","99.99","60","MRN LED AQRM KT 5 GAL","MARINA"
"E1820","1","0","LST","70261","219.99","131.99","MRN LED AQRM KT 20GAL","MARINA"
"6467444","1","0","LST","","25.99","15","PET GENIE JMBO 28FT REFILL 1ea","PET GENIE"
"6467443","1","0","LST","","59.99","42.5","PET GENIE DG WSTE PAIL 1ea","PET GENIE"
"6467398","1","0","LST","","149.99","85","BSWR DG BURROW BED MAYAN 1SM","BOWSERS"
"6467399","1","0","LST","","199.99","114","BSWR DG BURROW BED MAYAN 1MD","BOWSERS"
"64896","1","0","INOT","","39.99","20.3","OTT REDBLACK JRSY 1LG","HUNTER"
"64898","1","0","INOT","","14.99","8","OTT REDBLACK BNDNA 1SM","HUNTER"
"64901","1","0","INOT","","39.99","20.3","TOR ARGONAUTS JRSY 1SM","HUNTER"
"64902","1","0","INOT","","39.99","20.3","TOR ARGONAUTS JRSY 1MD","HUNTER"
"64903","1","0","INOT","","39.99","20.3","TOR ARGONAUTS JRSY 1LG","HUNTER"
"64904","1","0","INOT","","39.99","20.3","TOR ARGONAUTS JRSY 1XL","HUNTER"
"64905","1","0","INOT","","14.99","8","TOR ARGONAUTS BNDNA 1SM","HUNTER"
"64907","1","0","INOT","","39.99","20.3","HAM TIGERCATS JRSY 1SM","HUNTER"
"64909","1","0","INOT","","39.99","20.3","HAM TIGERCATS JRSY 1LG","HUNTER"
"64894","1","0","INOT","","39.99","20.3","OTT REDBLACK JRSY 1SM","HUNTER"
"64895","1","0","INOT","","39.99","20.3","OTT REDBLACK JRSY 1MD","HUNTER"
"64897","1","0","INOT","","39.99","20.3","OTT REDBLACK JRSY 1XL","HUNTER"
"64908","1","0","INOT","","39.99","20.3","HAM TIGERCATS JRSY 1MD","HUNTER"
"64912","1","0","INOT","","14.99","8","HAM TIGERCATS BNDNA 1SM","HUNTER"
"6237038","12","0.5","LST","","5.49","2.7","T&T CT CRACK NIP SL 1.5oz","THIS & THAT"
"6237041","12","0.5","LST","","5.49","2.7","T&T CT CRACK NIP CHK 1.5oz","THIS & THAT"
"6465285","1","0","LST","","6.99","4.45","PB PLUS CT GUT&DGST TRT 1.09OZ","PUREBITES"
"6465286","1","0","LST","","6.99","4.45","PB PLUS CT SK&CO TRT 1.09OZ","PUREBITES"
"6470653","6","2.75","LST","","4.99","2.995","INABA CT CHURU S&C CHK 2OZ","INABA"
"6467466","1","0","INOT","","0","","ADVNTGII K9 ADVNTX TG KIT 44pc","K9 ADVANTIX"
"6470652","6","0","LST","","4.99","2.995","INABA CT CHURU S&C TUNA 2OZ","INABA"
"6474529","1","0.25","LST","","23.99","14.19","INB CT CHURU CHK VAR PK 20CT","INABA"
"6474530","1","0.5","LST","","23.99","14.19","INB CT CHURU TUNA VAR PK 20CT","INABA"
"6501064","12","0","LST","","5.49","2.7","T&T CT CRACK NIP TUNA 1.5oz","THIS & THAT"
"6617737","6","0.75","LST","","4.99","2.995","INABA CT CHURU HB CHK 2OZ","INABA"
"6617738","6","2.5","LST","","4.99","2.995","INABA CT CHURU HB TUNA 2OZ","INABA"
"J8732","1","0","LST","","9.99","5.2","VN CT GRAVITY WATERER 1.5LR","VAN NESS"
"R8928","1","0","LST","","9.99","5.2","VN CT GRAVITY FEEDER 1.5LB","VAN NESS"
"6465644","1","0.75","LST","","11.49","7.98","ESN CLMP UNSCNT LTR 33LB","ESSENTIALS"
"6446578","1","0.25","LST","","29.99","17.05","PERF ULT DG GF RW CT ATMN3.5LB","PERFORMATRIN ULTRA"
"6446579","1","0.25","LST","","62.99","35.8","PERF ULT DG GF RW CT ATMN 10LB","PERFORMATRIN ULTRA"
"6446580","1","0.5","LST","","99.99","58.88","PERF ULT DG GF RW CT ATMN 22LB","PERFORMATRIN ULTRA"
"6446581","1","0.25","LST","","29.99","17.05","PERF ULT DG GF RW CT SPRG3.5LB","PERFORMATRIN ULTRA"
"6446582","1","0.25","LST","","62.99","35.8","PERF ULT DG GF RW CT SPRG 10LB","PERFORMATRIN ULTRA"
"6446583","1","0","LST","","99.99","58.88","PERF ULT DG GF RW CT SPRG 22LB","PERFORMATRIN ULTRA"
"6466102","1","0","LST","","1.49","0.05","PERF ULT DG GF RW CT SV SMP4OZ","PERFORMATRIN ULTRA"
"6466103","1","0","LST","","1.49","0.05","PERF ULT DG GF RW CT AR SMP4OZ","PERFORMATRIN ULTRA"
"6467465","1","0","LST","","91.99","63.97","SD DG SM&MIN ORAL CK 12.5LB","HILL'S SCIENCE DIET"
"6467464","1","0","LST","","45.99","29.98","SD DG SM&MIN ORAL CK 4LB","HILL'S SCIENCE DIET"
"6467437","1","0","LST","","13.99","6.75","T&T DG ENH EVRT CHS PB MD2.5oz","THIS & THAT"
"6467448","1","0","LST","","12.99","6.18","OPFM DG GOOD BITES BEEF6oz","OPEN FARM"
"6467450","6","0","LST","","15.99","7.125","OPFM DG DEHYDRATED COD FSH2oz","OPEN FARM"
"6467438","1","0","LST","","17.99","8.75","T&T DG ENH EVRT CHS PB LG3.5oz","THIS & THAT"
"6467439","1","0","LST","","22.99","11.5","T&T DG ENH EVRT CHS PB XL5oz","THIS & THAT"
"6467447","1","0","LST","","12.99","6.18","OPFM DG GOOD BITES TURKEY6oz","OPEN FARM"
"6467449","1","0","LST","","12.99","6.18","OPFM DG GOOD BITES PLNT PMP6oz","OPEN FARM"
"6474944","1","0","OOS","","11.99","5.15","ZIGNATURE DG VENISON SOFT4oz","ZIGNATURE"
"6474937","1","0","LST","","11.99","5.15","ZIGNATURE DG DUCK SOFT4oz","ZIGNATURE"
"6474938","1","0","LST","","11.99","5.15","ZIGNATURE DG KANGAROO SOFT4oz","ZIGNATURE"
"6474942","1","0","LST","","11.99","5.15","ZIGNATURE DG TROUT SOFT4oz","ZIGNATURE"
"6465786","1","0","LST","","4.49","2.25","FL BTA DFFSN CHMBR PD 4PK","FLUVAL"
"6467453","1","0","LST","","16.99","8.75","PB PLUS DG FD H&J 3oz","PUREBITES"
"6467455","1","0","LST","","16.99","8.75","PB PLUS DG FD SKIN&COAT 3oz","PUREBITES"
"6467543","1","0","LST","","17.99","8.58","NRTH BSC DG MINI M SF&T15.8oz","NORTHERN BISCUIT"
"6467546","1","0","LST","","16.99","8.47","EA DG NO HIDE CHKN STRIPS 4pk","EARTH ANIMAL"
"6467547","1","0","LST","","16.99","8.47","EA DG NO HIDE BEEF STRIPS 4pk","EARTH ANIMAL"
"6467451","1","0","LST","","15.49","8.53","CRMP DG PB ADVNCD KELP9.5oz","CRUMPS' NATURALS"
"6467452","1","0.25","LST","","15.49","8.53","CRMP DG PB ADVNCD MTHCARE9.5oz","CRUMPS' NATURALS"
"6467454","1","0","LST","","16.99","8.75","PB PLUS DG FD GT&DGSTION 3oz","PUREBITES"
"6467548","1","0","OOS","","16.99","8.47","EA DG NO HIDE VNS STRIPS 4pk","EARTH ANIMAL"
"6467549","1","0","LST","","16.99","8.47","EA DG NO HIDE PB STRIPS 4pk","EARTH ANIMAL"
"6666265","1","1","LST","","9.99","5.5","CRMP DG MINI TRAINERS LMB4.6oz","CRUMPS' NATURALS"
"6666267","1","0.5","LST","","9.99","5.5","CRMP DG MINI TRAINERS DCK4.6oz","CRUMPS' NATURALS"
"6465282","1","0","LST","","69.99","38.89","PERF ULT DG LID KANGARO 12LB","PERFORMATRIN ULTRA"
"6465127","1","0.25","LST","","33.99","19","PERF ULT DG LID KANGARO 4LB","PERFORMATRIN ULTRA"
"6465873","1","0","LST","","1.49","0.05","PERF ULT DG LID KANGA SMP4OZ","PERFORMATRIN ULTRA"
"6465283","1","0.25","LST","","119.99","70.79","PERF ULT DG LID KANGARO 24LB","PERFORMATRIN ULTRA"
"6447157","1","0","LST","1000155","2.49","0.05","PERF PRM CT CK&R KIT SMP 4OZ","PERFORMATRIN PRIME"
"6447160","1","0","LST","1000159","1.99","0.05","PERF PRM DG CK&R AD SMP 4OZ","PERFORMATRIN PRIME"
"6447161","1","0","LST","1000167","1.99","0.05","PERF PRM DG GF CKN&POT SMP 4OZ","PERFORMATRIN PRIME"
"6447164","1","0","LST","1000185","1.99","0.05","PERF PRM DG CK&R PUP SMP 4OZ","PERFORMATRIN PRIME"
"6447165","1","0","LST","1000188","1.99","0.05","PERF PRM DG LGBR CK PUP SMP4OZ","PERFORMATRIN PRIME"
"6447166","1","0","LST","1000191","1.99","0.05","PERF PRM DG CK SMBR PUP SMP4OZ","PERFORMATRIN PRIME"
"6447168","1","0","LST","","1.99","0.05","PERF PRM DG CK SMBR SNR SMP4OZ","PERFORMATRIN PRIME"
"6447169","1","0","LST","","1.99","0.05","PERF PRM DG CK&R SNR SMP 4OZ","PERFORMATRIN PRIME"
"6447170","1","0","LST","","1.99","0.05","PERF PRM DG CK LGBR SNR SMP4OZ","PERFORMATRIN PRIME"
"6447155","1","0","LST","1000136","2.49","0.05","PERF PRM CT CK&R AD SMP 4OZ","PERFORMATRIN PRIME"
"6447156","1","0","LST","1000143","2.49","0.05","PERF PRM CT GF CK&POT SMP 4OZ","PERFORMATRIN PRIME"
"6447158","1","0","LST","","2.49","0.05","PERF PRM CT INDR CKN SMP 4OZ","PERFORMATRIN PRIME"
"6447159","1","0","LST","","2.49","0.05","PERF PRM CT CK&R SNR SMP 4OZ","PERFORMATRIN PRIME"
"6447162","1","0","LST","1000173","1.99","0.05","PERF PRM DG LGBR AD SMP 4OZ","PERFORMATRIN PRIME"
"6447163","1","0","LST","1000178","1.99","0.05","PERF PRM DG SMBR CK AD SMP 4OZ","PERFORMATRIN PRIME"
"6447167","1","0","LST","6237208","1.99","0.05","PERF PRM DG SS&S SL&OAT SMP4OZ","PERFORMATRIN PRIME"
"6467142","1","0","LST","","15.99","8.3","PERF NAT DG BF LIVR SLDRS 15oz","PERFORMATRIN NATURALS"
"6467143","1","0","LST","","15.99","8.3","PERF NAT DG TRDUCKN SLDRS 15oz","PERFORMATRIN NATURALS"
"6658193","1","0","LST","","36.99","20.75","SPOT DG EASY TALK BUTTON 3PC","SPOT"
"6465863","1","0","LST","","12.99","6.5","LICKIMAT FELIX TURQUOISE 1EA","LICKIMAT"
"6465864","1","0","LST","","19.99","10.05","LICKIMAT OH BOWL GREEN 1EA","LICKIMAT"
"6467827","1","0","LST","","29.99","16.11","CHUCKIT SNIFF FTCH BALL MD 4PC","CHUCKIT"
"6467555","1","0","LST","","19.99","10","LICKIMAT DG SLOMO 1EA","LICKIMAT"
"6467556","1","0.25","LST","","24.99","12.5","LICKIMAT DG WOBBLE 1EA","LICKIMAT"
"6467554","1","0","LST","","19.99","10","LICKIMAT DG PLAYDATE TUFF 1EA","LICKIMAT"
"6470682","24","0","LST","","3.89","2.8879","WEL CT KITTEN TUNA & WF 5.5OZ","WELLNESS"
"6470792","24","0","LST","","3.89","2.8879","WEL CT KITN CHKN PATE 5.5OZ","WELLNESS"
"6471434","2","0","OOS","","34.99","24.035","WEL CT CHICKEN VAR 12PK 3OZ","WELLNESS"
"6470681","24","0","LST","","2.79","1.8925","WEL CT KITTEN TUNA & WF 3OZ","WELLNESS"
"6473645","24","0","OOS","","2.69","1.6333","PPLN CT PP SS&S CHAR 3OZ","PURINA PRO PLAN"
"6473644","24","0","LST","","2.69","1.6333","PPLN CT SS&S CHK 85G","PURINA PRO PLAN"
"6640473","2","0","LST","","34.99","24.035","WEL KIT CMP PATE VAR 12PK 3OZ","WELLNESS"
"6664218","1","0","LST","","19.99","10","LICKIMAT KEEPER 1EA","LICKIMAT"
"6467427","12","0","LST","","4.19","2.7683","ACANA CT CHK BONE BRTH 5.5 OZ","ACANA"
"6467430","12","0","LST","","4.19","2.7683","ACANA CT SLMN BONE BRTH 5.5 OZ","ACANA"
"6467431","12","0","LST","","4.19","2.7683","ACANA CT TUNA BONE BRTH 5.5 OZ","ACANA"
"6467432","12","0","LST","","4.69","3.1017","ORIJEN CT ORIG ENT 5.5OZ","ORIJEN"
"6467428","12","0","LST","","4.19","2.7683","ACANA CT BF BONE BRTH 5.5 OZ","ACANA"
"6467429","12","0","LST","","4.19","2.7683","ACANA CT LMB BONE BRTH 5.5 OZ","ACANA"
"6467433","12","0","LST","","4.69","3.1017","ORIJEN CT RGNL RD ENT 5.5 OZ","ORIJEN"
"6467434","12","0.75","LST","","4.69","3.1017","ORIJEN CT TUNA&BF ENT 5.5 OZ","ORIJEN"
"6467435","12","0","LST","","4.69","3.1017","ORIJEN CT DK&CHK ENT 5.5 OZ","ORIJEN"
"6467177","1","0","LST","","76.99","49.79","SD CT AD SN SK&ST PL BRL 6LB","HILL'S SCIENCE DIET"
"6467414","1","0","LST","","34.99","27.3","PPLN CT VTSYS CHK&EGG 3 LB","PURINA PRO PLAN"
"6467415","1","0","LST","","62.99","48.5","PPLN CT VTSYS CHK&EGG 5 LB","PURINA PRO PLAN"
"6467436","1","0","LST","","35.99","23.44","ACANA KIT HP CK TKY SL 3.9 LB","ACANA"
"6467174","1","0","LST","","42.99","28.41","SD CT KIT OCNFSH&BR 3.5LB","HILL'S SCIENCE DIET"
"6467175","1","0","LST","","69.99","45.53","SD CT KIT OCNFSH&BR 7 LB","HILL'S SCIENCE DIET"
"6467176","1","0","LST","","44.99","28.31","SD CT AD SN SK&ST PL BRL 3.5LB","HILL'S SCIENCE DIET"
"6467412","24","0","LST","","2.49","1.7254","PPLN CT VTSYS CHK ENT 3 OZ","PURINA PRO PLAN"
"6467457","40","6.25","LST","","4.49","1.7","PERF ULT DG COLLAGN CHW 6IN","PERFORMATRIN ULTRA"
"6467458","40","3.25","LST","","7.49","2.77","PERF ULT DG COLLAGN CHW 12IN","PERFORMATRIN ULTRA"
"6467460","1","1.5","LST","","21.99","9.41","PERF ULT DG COLGN CHW 12IN PK4","PERFORMATRIN ULTRA"
"6467461","24","0","LST","","13.99","6.05","PERF ULT DG COLLAGN CHW 24IN","PERFORMATRIN ULTRA"
"6467462","40","3.25","LST","","6.49","2.28","PERF ULT DG COLLAGEN BRAID 6IN","PERFORMATRIN ULTRA"
"6467459","1","1.5","LST","","21.99","8.04","PERF ULT DG COLLGN CHW 6IN PK6","PERFORMATRIN ULTRA"
"6467463","30","1.25","LST","","8.99","4.1","PERF ULT DG COLLAGN BRAID 12IN","PERFORMATRIN ULTRA"
"6666197","1","0","LST","","17.99","12.13","SMT DG RNGE WG CHK&TRK 5LB","SUMMIT"
"6666198","1","0","LST","","18.99","12.81","SMT DG CSTL WG CHK&SLM 5LB","SUMMIT"
"6666199","1","0","LST","","57.99","39.11","SMT DG CSTL WG CHK&SLM 25LB","SUMMIT"
"6666200","1","0","LST","","56.99","38.44","SMT DG RNGE WG CHK&TRK 25LB","SUMMIT"
"6666201","1","0","LST","","57.99","39.11","SMT DG FRMSTD WG PK&LMB 25LB","SUMMIT"
"6666202","1","0","LST","","59.99","40.46","SMT DG FMST LB WG PRK&LMB 25LB","SUMMIT"
"6666196","1","0","LST","","18.99","12.81","SMT DG FRMSTD WG PK&LMB 5LB","SUMMIT"
"6250997","12","0","LST","","5.29","3.2175","RCCCN DG JOINT CARE 13.5OZ","ROYAL CANIN"
"6467482","12","0","LST","","5.29","3.2175","RCCCN DG SS 13.5OZ","ROYAL CANIN"
"6467557","12","0","LST","","4.99","3.2792","PPLN DG SS&S LMB&OAT 13OZ","PURINA PRO PLAN"
"6468104","1","0","LST","6234878","91.99","64.69","SD DG SM BRD PRFCT WGT 12.5LB","HILL'S SCIENCE DIET"
"6467559","1","0","LST","","43.99","34.1","PPLN DG ESNTL VAR PK 13OZ 12PK","PURINA PRO PLAN"
"9101001","1","0.25","OOS","","109.99","83.24","PPLN DG L&R PUP 34LB","PURINA PRO PLAN"
"L1942","1","0","LST","","19.99","13.17","RLLVR DG CK 4.41LB","ROLLOVER"
"Y1604","12","0","LST","","5.29","3.2175","RCCCN DG WGHT CRE LOAF 13.5OZ","ROYAL CANIN"
"Y2023","12","0","LST","","5.29","3.2175","RCCCN DG DGTV CARE 13.5OZ","ROYAL CANIN"
"1103672","1","0","LST","","144.99","98.03","RCCCN DG LG DENTAL 30LB","ROYAL CANIN"
"1150638","12","0","LST","","5.49","3.2175","RCBHN DG LABR RTRVR AD 13.5OZ","ROYAL CANIN"
"13456","1","0","LST","","95.99","60.49","RCCCN DG WGT CARE SM 13LB","ROYAL CANIN"
"1103670","1","0","LST","","103.99","70.76","RCCCN DG SM DENTAL 17LB","ROYAL CANIN"
"18407","24","3","LST","","3.49","2.1775","RCFCN CT HB SLC IN GVY 3OZ","ROYAL CANIN"
"18468","1","0","LST","","38.99","21.09","RCFHN CT FIT&ACT AD 3LB","ROYAL CANIN"
"20424","1","0","LST","","144.99","98.03","RCCCN DG JNT CARE LG 30LB","ROYAL CANIN"
"28654","1","0","LST","","66.99","39.58","RCFHN CT INDR 7PL MTR AD 5.5LB","ROYAL CANIN"
"35105","1","0","LST","","89.99","56.38","RCSHN DG MTR 8PL SM 13LB","ROYAL CANIN"
"6240984","24","0.5","LST","35127","4.49","2.7188","RCFHN CT AD INSTVE LOAF 5.1OZ","ROYAL CANIN"
"6240986","24","0","LST","18406","4.49","2.7188","RCFCN CT DGST SS LOAF 5.1OZ","ROYAL CANIN"
"6240988","24","0","LST","35129","4.49","2.7188","RCFHN CT ULT LT LOAF 5.1OZ","ROYAL CANIN"
"6468099","1","0","LST","","6.99","3.26","VL NATR SNCK MX GRDN MDLY 3OZ","VERSELE-LAGA"
"6468100","1","0","LST","","6.99","3.26","VL NATR SNCK MX FRST MDLY 3OZ","VERSELE-LAGA"
"6468101","1","0","OOS","","6.99","3.26","VL NATR SNCK MX TRPCL MDLY 3OZ","VERSELE-LAGA"
"6464821","12","0","LST","6404815","1.99","1.3925","BRKS DG CHNKY BF 13.2OZ","BARKER'S"
"6464822","12","0","LST","6404816","1.99","1.3925","BRKS DG CNTRY STW GVY 13.2OZ","BARKER'S"
"6464820","12","1","LST","6404814","1.99","1.3925","BRKS DG BF CUTS GVY 13.2OZ","BARKER'S"
"6467552","1","0","LST","","14.99","7.5","P&F REUSABLE TREAT BAG 1EA","POUNCE & FETCH"
"6468403","1","0","LST","","36.99","15","PERF ULT BULLY CHEW 12INPK4","PERFORMATRIN ULTRA"
"6468404","48","5","LST","","10.99","4.45","PERF ULT BULLY CHEW 12IN","PERFORMATRIN ULTRA"
"6468405","48","1.25","LST","","5.99","2.24","PERF ULT BULLY CHEW 6IN","PERFORMATRIN ULTRA"
"6468406","1","1","LST","","18.99","7.75","PERF ULT BULLY CHEW 6INPK4","PERFORMATRIN ULTRA"
"E7603","1","0","LST","","10.49","4.72","TTR CICH FLKS 1.58OZ","TETRA"
"L5943","1","0","LST","","12.49","6.19","MRTN SM HRS APL TRT 2.2LB","MARTIN"
"28463","1","0","LST","","66.99","40.24","RCFHN CT FIT&ACT AD 7LB","ROYAL CANIN"
"6666192","1","0","LST","","15.99","10.79","SUMMIT CT RNG RTSRE AD 3LB","SUMMIT"
"6740389","1","0","LST","11834","52.99","34.47","NB FAT DOG LO CAL 11lb","NATURAL BALANCE"
"6740386","1","0","LST","11833","27.99","15.58","NB FAT DOG LO CAL 4LB","NATURAL BALANCE"
"6740391","1","0","LST","11835","94.99","62.11","NB FAT DOG LO CAL 24lb","NATURAL BALANCE"
"6740599","1","0","LST","","5.99","3","GO CAT FEATHER PONG 1EA","GO CAT"
"6740499","1","0.5","LST","1500271","23.99","18.82","OKOCT LOW TRACK CAT 14LB","OKOCAT"
"6227820","12","0","LST","","13.99","6.7625","TB DG CNDN LMB3.53OZ","TILTED BARN PET CO."
"6740672","1","0","LST","","6.99","3.59","KONG CT MOUSSE SALMON 2.5OZ","KONG"
"6469710","1","0","LST","","19.99","10.25","KONG CHEWSTIX MEGA STICK 1LGXL","KONG"
"6656202","1","0","LST","","12.99","5.75","KONG DG LICKS LG","KONG"
"6656204","1","0","LST","","26.99","12.83","KONG DG WHIPPLES PLSH 1XL","KONG"
"6447171","1","0","LST","1000084","1.99","0.05","PERF PRM DG L&R AD SMP 4OZ","PERFORMATRIN PRIME"
"6447172","1","0","LST","1000094","1.99","0.05","PERF PRM DG L&R PUP SMP 4OZ","PERFORMATRIN PRIME"
"6467748","1","0.25","LST","","8.99","4.42","KONG DG CLEANING BRUSH 1EA","KONG"
"6447175","1","0","LST","","1.99","0.05","PERF PRM DG L&R SNR SMP 4OZ","PERFORMATRIN PRIME"
"6656203","1","0","LST","","8.99","3.83","KONG DG LICKS SM","KONG"
"6740601","1","0","LST","1500270","25.99","19.47","OKOCT CLUMPING 12.6LB","OKOCAT"
"6675020","1","0","LST","","79.99","44","NOBA ORIGIN URBN A-FRAME 1EA","NOBA"
"6740501","1","0.5","LST","1500272","23.99","18.82","OKOCT SUPERSOFT 10.6LB","OKOCAT"
"6740502","1","0","LST","1500274","23.99","18.82","OKOCT DUSTFREE PAPR 8LB","OKOCAT"
"6672414","1","0","LST","","9.99","4.65","KONG CT KICKEROO CRUNCH 1EA","KONG"
"1150640","12","0","LST","","5.49","3.2175","RCBHN DG GMN SHEP AD 13.5OZ","ROYAL CANIN"
"6656211","1","0","ROS","","11.99","6.4","KONG CT TSR GLOW FIREFLY","KONG"
"6655095","1","0","LST","","8.99","4.14","KONG CT ACTIVE BUBBLE BALL 1EA","KONG"
"Y4783","1","0","LST","","11.99","5.88","KONG CT INFUSED GYRO 1EA","KONG"
"6617728","1","0","LST","","7.99","4","CATIT PIXI MSE TRT DSPNSER 1EA","CATIT"
"6467974","1","0","LST","","89.99","41.01","JMP CAR HAMMOCK CHAR 1EA","JUMP"
"6467977","1","0","LST","","64.99","29.8","JMP CAR BKSEAT BARR CHAR 1EA","JUMP"
"6468023","1","0.25","LST","","49.99","23.47","JMP DG RETRACT LSH BLK LG 16FT","JUMP"
"6468025","1","0","LST","","49.99","23.47","JMP DG RETRACT LSH RED LG 16FT","JUMP"
"6468024","1","0","LST","","39.99","15.9","JMP DG RETRACT LSH RED MD 16FT","JUMP"
"6468068","1","0","LST","","49.99","23.47","JMP DG RETRACT LSH BLU LG 16FT","JUMP"
"6468067","1","0","LST","","39.99","15.9","JMP DG RETRACT LSH BLU MD 16FT","JUMP"
"6468022","1","0","LST","","39.99","15.9","JMP DG RETRACT LSH BLK MD 16FT","JUMP"
"6467976","1","0","LST","","99.99","40.2","JMP CAR EXTBNCH CVR CHAR 1EA","JUMP"
"6467975","1","0","LST","","69.99","27.48","JMP CAR BNCH CVR CHAR 1EA","JUMP"
"52977","1","0","LST","","16.99","9.17","KONG DG GOODIE BONE RED 1MD","KONG"
"6467542","1","0","ROS","","79.99","42.2","B&B BRAIDED CUDDLER LILAC 23IN","BAILEY & BELLA"
"6467973","1","0","LST","","99.99","50.68","B&B CONVERTIBLE TRVL TOTE 1EA","BAILEY & BELLA"
"6467981","1","0","LST","","41.99","20.55","B&B CT SHELL CHLT GRY 15X15IN","BAILEY & BELLA"
"1150639","12","0","LST","","5.49","3.2175","RCBHN DG GOLDN RTRVR 13.5OZ","ROYAL CANIN"
"M2515","1","0","LST","","5.99","2.5","LW CTLBN SM 2PK","LIVING WORLD"
"Z2305","1","0","LST","","12.99","6.5","GO CAT SPRKLNG KTY DUSTR 36IN ","GO CAT"
"Q3846","1","0","LST","","139.99","84","HARI VSN CG 1MD","HARI"
"6467986","1","0","LST","","103.99","53.01","B&B ORTHO LNGR BED GRY 30X40IN","BAILEY & BELLA"
"W8870","1","0","LST","","8.99","4.5","GO CAT KITTY KOPTER 1EA","GO CAT"
"6468000","1","0","LST","","207.99","113.31","B&B DNUT CUDLR BED TAN 34X50IN","BAILEY & BELLA"
"M2517","1","0.25","LST","","9.99","5","LW CTLBN LG 2PK","LIVING WORLD"
"6467993","1","0","LST","","72.99","38.45","B&B FUR CDLR BED BRN 36X36IN","BAILEY & BELLA"
"I2883","1","0","LST","","179.99","108","HARI VSN CG 1LG","HARI"
"6467999","1","0","LST","","171.99","98.75","B&B DNUT CUDLR BED TAN 29X40IN","BAILEY & BELLA"
"6467995","1","0","LST","","129.99","64.46","B&B LNGR BED CHAR 34X27IN","BAILEY & BELLA"
"6467997","1","0","LST","","207.99","113.3","B&B LNGR BED CHAR 47X35IN","BAILEY & BELLA"
"6467985","1","0","LST","","77.99","40.95","B&B ORTHO LNGR BED GRY 20X30IN","BAILEY & BELLA"
"6467998","1","0","LST","","129.99","64.43","B&B DNUT CUDLR BED TAN 25X33IN","BAILEY & BELLA"
"58037","1","0","LST","","119.99","72","HARI VSN CG 1SM","HARI"
"6467991","1","0","LST","","77.99","42.62","B&B CHAISE BED GRN 27X35IN","BAILEY & BELLA"
"M8099","1","0","LST","","6.99","3","HARI SPR MILLET 3.5OZ","HARI"
"E9495","1","0","LST","","17.99","9","GO CAT PURR PELLER 1EA","GO CAT"
"6467996","1","0","LST","","171.99","98.75","B&B LNGR BED CHAR 41X32IN","BAILEY & BELLA"
"6467989","1","0.25","ROS","","46.99","23.9","B&B CDLR BED CHAR 22X22IN","BAILEY & BELLA"
"6467984","1","0","OOS","","59.99","30.56","B&B SNUGGLER BED GRY 22X22IN","BAILEY & BELLA"
"6465780","1","0","LST","","11.99","6.25","FL BTA MOSS BALL 1EA","FLUVAL"
"6746873","24","0","LST","","3.49","2.1883","SD CT AD TN PCH 2.8OZ","HILL'S SCIENCE DIET"
"6744854","24","0","LST","","3.49","2.2375","SD CT AD PRDG CHK&VG 2.9oz","HILL'S SCIENCE DIET"
"6468096","1","0","LST","","33.99","15.59","JMP DG REF HRN BLU 16-24IN","JUMP"
"6468070","1","0","LST","","25.99","11.12","JMP DG ADJ CLR BLK 12-18IN","JUMP"
"6468087","1","0","LST","","33.99","15.59","JMP DG REF HRN BLK 12-18IN","JUMP"
"6468069","1","0","LST","","22.99","9.2","JMP DG ADJ CLR BLK 8-12IN","JUMP"
"6468075","1","0","LST","","26.99","11.66","JMP DG ADJ CLR RED 18-26IN","JUMP"
"6468097","1","0","LST","","46.99","21.2","JMP DG REF HRN BLU 20-30IN","JUMP"
"24290","24","0","LST","","4.49","2.5913","SD CT AD 7+ BEEF 5.5OZ","HILL'S SCIENCE DIET"
"6468093","1","0","LST","","46.99","21.2","JMP DG REF HRN RED 20-30IN","JUMP"
"6468088","1","0.25","LST","","33.99","15.59","JMP DG REF HRN BLK 16-24IN","JUMP"
"6468079","1","0","LST","","26.99","11.66","JMP DG ADJ CLR BLU 18-26IN","JUMP"
"6468077","1","0","LST","","22.99","9.2","JMP DG ADJ CLR BLU 8-12IN","JUMP"
"6468095","1","0","LST","","33.99","15.59","JMP DG REF HRN BLU 12-18IN","JUMP"
"6468073","1","0","LST","","22.99","9.2","JMP DG ADJ CLR RED 8-12IN","JUMP"
"6468092","1","0","LST","","33.99","15.59","JMP DG REF HRN RED 16-24IN","JUMP"
"6468098","1","0","LST","","46.99","21.2","JMP DG REF HRN BLU 26-38IN","JUMP"
"6468083","1","0","LST","","29.99","15.48","JMP DG REF ROPE LSH BLU 6FT","JUMP"
"1151010","24","0","LST","","3.49","2.3213","SD CT AD SS TNA&VG 2.9OZ","HILL'S SCIENCE DIET"
"6468072","1","0","LST","","28.99","12.5","JMP DG ADJ CLR BLK 26-30IN","JUMP"
"6468082","1","0","LST","","29.99","15.48","JMP DG REF ROPE LSH RED 6FT","JUMP"
"36063","24","0","LST","","3.49","2.3213","SD CT AD PRFCT LVR CHK 2.9OZ","HILL'S SCIENCE DIET"
"6468407","12","0","LST","","1.99","1.3925","BRKS DG LAMB & RICE 13.2OZ","BARKER'S"
"24310","24","0","LST","","4.49","2.5913","SD CT AD LVR&CHK ENT 5.5OZ","HILL'S SCIENCE DIET"
"6468071","1","0","LST","","26.99","11.66","JMP DG ADJ CLR BLK 18-26IN","JUMP"
"6468091","1","0","LST","","33.99","15.59","JMP DG REF HRN RED 12-18IN","JUMP"
"6468076","1","0","LST","","28.99","12.5","JMP DG ADJ CLR RED 26-30IN","JUMP"
"6468074","1","0","LST","","25.99","11.12","JMP DG ADJ CLR RED 12-18IN","JUMP"
"6468081","1","0","LST","","29.99","15.48","JMP DG REF ROPE LSH BLK 6FT","JUMP"
"6468408","12","0.5","LST","","1.99","1.3925","BRKS DG CHK RICE 13.2OZ","BARKER'S"
"6468090","1","0","LST","","46.99","21.2","JMP DG REF HRN BLK 26-38IN","JUMP"
"6468080","1","0","LST","","28.99","12.5","JMP DG ADJ CLR BLU 26-30IN","JUMP"
"6666195","1","0","LST","","41.99","28.32","SUMMIT CT RNG RTSRE AD 12LB","SUMMIT"
"6468089","1","0","LST","","46.99","21.2","JMP DG REF HRN BLK 20-30IN","JUMP"
"6468094","1","0","LST","","46.99","21.2","JMP DG REF HRN RED 26-38IN","JUMP"
"6468078","1","0","LST","","25.99","11.12","JMP DG ADJ CLR BLU 12-18IN","JUMP"
"6235256","2","0","LST","","34.99","22.44","SD CT 7+ CK TN VRTY 2.8OZ 12PK","HILL'S SCIENCE DIET"
"6475194","24","0","LST","","3.49","2.1883","SD CT OCEAN DR AD 2.8OZ PCH","HILL'S SCIENCE DIET"
"6467983","1","0.25","LST","","41.99","20.71","B&B CT FUR CDLR BRN 19X19IN","BAILEY & BELLA"
"6467980","1","0.25","LST","","59.99","30.15","B&B CT MEOW CHLT PNK 17X17IN","BAILEY & BELLA"
"6740748","1","0","OOS","","23.99","13","PETEYZ VIT TRT LMB 1oz","PET EYEZ"
"6746879","1","0","LST","","99.99","58.54","PERF ULT DG GF HLLSD 24LB","PERFORMATRIN ULTRA"
"6740472","1","0.25","LST","","31.99","16.92","SH DG WOUND CARE SPRY 236.6ML","SILVER HONEY"
"6740706","1","0","LST","","23.99","13","PETEYZ VIT TRT BF 1oz","PET EYEZ"
"6746878","1","0","LST","","64.99","38.34","PERF ULT DG GF HLLSD 12LB","PERFORMATRIN ULTRA"
"6740470","1","0","LST","","31.99","16.92","SH DG WOUND CARE OINTMNT 56.7G","SILVER HONEY"
"6740749","1","0","LST","","23.99","13","PETEYZ VIT TRT WF 1oz","PET EYEZ"
"6746867","1","0.25","LST","","29.99","16.74","PERF ULT DG GF HLLSD 4LB","PERFORMATRIN ULTRA"
"6746880","1","0","LST","","1.49","0.05","PERF ULT DG GF HLLSD SMP 4OZ","PERFORMATRIN ULTRA"
"6740594","1","0","LST","","32.99","16.5","CANPR DG CN CAM OL 16.9oz","CANPRESSCO"
"Y3088","10","0","LST","6231034","3.99","1.65","LW SA FRT CN 1.4OZ","LIVING WORLD"
"6467467","1","0.25","LST","","14.99","7.49","PERF PRM DTL STK MNT SM16OZ","PERFORMATRIN PRIME"
"6467470","1","0","LST","","19.99","9.99","PERF PRM DTL STK CK LG1.7LB","PERFORMATRIN PRIME"
"6467469","1","0","LST","","14.99","7.49","PERF PRM DTL STK CHK SM16OZ","PERFORMATRIN PRIME"
"6467468","1","0","LST","","19.99","9.99","PERF PRM DTL STK MNT LG 1.7LB","PERFORMATRIN PRIME"
"6468438","24","0","LST","","2.99","1.66","PERF ULT CT GF CHK&QEGG 3OZ","PERFORMATRIN ULTRA"
"6468418","24","4.5","LST","","3.89","2.2133","PERF ULT CT GF CHK SHRD 5.5OZ","PERFORMATRIN ULTRA"
"6468423","24","0","LST","","2.69","1.43","PERF ULT CT GF SLM&TN 3OZ","PERFORMATRIN ULTRA"
"Y5321","1","0","LST","","9.99","5","IGLO FLRCNT PLNT 7.5IN","MARINA"
"6468420","24","3.5","LST","","3.89","2.2133","PERF ULT CT GF TN&TLP 5.5OZ","PERFORMATRIN ULTRA"
"6468419","24","3","LST","","2.69","1.43","PERF ULT CT GF CHK SHRD 3OZ","PERFORMATRIN ULTRA"
"6468422","24","0.75","LST","","3.89","2.2133","PERF ULT CT GF SLM&TN 5.5OZ","PERFORMATRIN ULTRA"
"Y5266","1","0","LST","","4.99","1.75","MRN IGLO GRVL PNK 1LB","MARINA"
"Y5613","1","0","LST","","25.99","13.5","IGLO ORN SHP W OCTO 4.25IN","MARINA"
"Y5263","1","0","LST","","4.99","1.75","MRN IGLO GRVL GRN 1LB","MARINA"
"6468439","24","0.25","LST","","5.29","2.8125","PERF ULT CT GF TN&LMB 5.5OZ","PERFORMATRIN ULTRA"
"6468437","24","1.25","LST","","5.29","2.8125","PERF ULT CT GF CHK&QEGG 5.5OZ","PERFORMATRIN ULTRA"
"6468435","24","1.25","LST","","5.29","2.8125","PERF ULT CT GF CHK&DCK 5.5OZ","PERFORMATRIN ULTRA"
"6468421","24","4.75","LST","","2.69","1.43","PERF ULT CT GF TN&TLP 3OZ","PERFORMATRIN ULTRA"
"Y5320","1","0","LST","","5.49","2.75","IGLO FLRCNT PLNT 5.5IN","MARINA"
"6656584","1","0","LST","","119.99","80.93","GO! DG SENS LID GF INSCT 22LB","GO! SOLUTIONS"
"6468440","24","0.75","LST","","2.99","1.66","PERF ULT CT GF TN&LMB 3OZ","PERFORMATRIN ULTRA"
"6468436","24","0","LST","","2.99","1.66","PERF ULT CT GF CHK&DCK 3OZ","PERFORMATRIN ULTRA"
"S2701","1","0","OOS","","0","4.49","8.5x11 SLANTED SIGN HOLDER ea",""
"6468489","1","0","LST","","16.99","7.5","JMP CAT TOY BASKET 1EA","JUMP"
"6750708","1","1.5","LST","1103000","96.99","65.42","GO! DG S&C WG LMB 22lb","GO! SOLUTIONS"
"6744662","1","0","LST","","6.19","2.86","JMP CT CNIP BALL W HLDR 1EA","JUMP"
"6750731","1","0.5","LST","6232425","89.99","60.7","GO! DG S&C WG TKY 22LB","GO! SOLUTIONS"
"6750651","1","0","LST","","9.99","4.94","RWN SA DNDLN DLGHT TRT 3.52OZ","ROSEWOOD NATURALS"
"6750709","1","0.5","LST","25414","95.99","65.42","GO! DG S&C WG DUCK 22LB","GO! SOLUTIONS"
"6750014","1","0","LST","","8.29","3.95","JMP CT WDLND BALL & PLSH 6PC","JUMP"
"6750012","1","0","LST","","11.99","6.02","JMP CT WDLND BEAR 3PC","JUMP"
"6750685","1","0.25","LST","1102992","84.99","57.32","GO! DG S&C WG CHK 22lb","GO! SOLUTIONS"
"6750691","1","0.5","LST","1102996","96.99","65.42","GO! DG S&C WG SL 22lb","GO! SOLUTIONS"
"6750657","1","0","LST","","15.99","7.97","RWN SA I LV HAY CUBE 1MD","ROSEWOOD NATURALS"
"6750652","1","0.25","LST","","11.99","6.03","RWN SA DBL WDRLL TRT 10.4OZ","ROSEWOOD NATURALS"
"6750015","1","0.25","LST","","13.99","6.76","JMP CT WDLND BALL & PLSH 12PC","JUMP"
"6750697","1","0","LST","76286","61.99","25.5","KURGO TRUFIT HARNESS BLK 1XL","KURGO"
"6747028","1","0","LST","1505043","89.99","49.5","KURGO RVR BSTER SEAT BLK 1ea","KURGO"
"6750692","1","0","LST","76109","61.99","25.5","KURGO TRUFIT HARNESS BLK 1XS","KURGO"
"6750689","1","0","LST","76088","39.99","17.99","KURGO QUANTUM LSH GRY BLUE 1EA","KURGO"
"6750690","1","0","LST","76083","39.99","17.99","KURGO QUANTUM LSH GRY ORG 1EA","KURGO"
"6750694","1","0","LST","76229","61.99","25.5","KURGO TRUFIT HARNESS BLK 1MD","KURGO"
"6750693","1","0","LST","76130","61.99","25.5","KURGO TRUFIT HARNESS BLK 1SM","KURGO"
"6750699","1","0","LST","1500693","59.99","34","KURGO BUCKET STCV BLK BLU 1EA","KURGO"
"6750696","1","0","LST","76285","61.99","25.5","KURGO TRUFIT HARNESS BLK 1LG","KURGO"
"6750701","1","0","LST","76006","49.99","28","KURGO BUCKET STCV CHAR 1EA","KURGO"
"6750700","1","0","LST","76009","109.99","55","KURGO BACKSEAT BRIDGE CHAR 1EA","KURGO"
"6750658","1","0","LST","","25.99","12.85","RWN SA I LV HAY CUBE 1LG","ROSEWOOD NATURALS"
"6750633","1","0","LST","","6.49","3.32","RWN PEA FLKS 0.44LB","ROSEWOOD NATURALS"
"6750656","12","0","LST","","4.49","2.1817","RWN SA GRNLS NBL PTS 2.65OZ","ROSEWOOD NATURALS"
"6744852","1","0","ROS","","16.99","8.31","JMP DG WDLND PLSH 1EA","JUMP"
"6750013","1","0","LST","","12.99","5.78","JMP CT WDLND KCKR 1EA","JUMP"
"6750016","1","0","LST","","15.99","7.81","JMP CT 5IN1 WDLND TSR SET 5PC","JUMP"
"6744851","1","0","ROS","","16.99","8.31","JMP DG CMPSS FLYR 1EA","JUMP"
"6750659","1","0","LST","","6.49","3.12","RWN SA LIL HRTS TRT 3.52OZ","ROSEWOOD NATURALS"
"6750663","1","0","LST","","6.49","3.34","RWN APL & STWBRY BUN 3.52OZ","ROSEWOOD NATURALS"
"6750725","1","0","LST","","6.49","3.22","RWN FNGRK CRNCH 7OZ","ROSEWOOD NATURALS"
"6750653","1","0","LST","","9.99","4.94","RWN SA SMMRFLD TRT 3.52OZ","ROSEWOOD NATURALS"
"6744644","1","0.25","LST","","9.39","4.26","JMP CT SQK MSE 1EA","JUMP"
"6751136","1","0","LST","44132","13.99","7.8","BURTS MANUKA ITCH SPRY 10OZ","BURT'S BEES"
"6750655","1","0","LST","","39.99","24.06","RWN SA CRT CTTG 1LG","ROSEWOOD NATURALS"
"6231215","1","0","LST","","24.99","12.5","CTSTGS CT TOWER OF TRACKS 1EA","CATSTAGES"
"6750654","1","0","LST","","24.99","15.05","RWN SA CRT CTTG 1MD","ROSEWOOD NATURALS"
"6744568","1","0","LST","","12.99","5.72","JMP CT FTHR BALL TSR 1EA","JUMP"
"6750726","1","0","LST","","8.99","4.5","RWN FLWR N FRG BLSM 2.68OZ","ROSEWOOD NATURALS"
"6744678","1","0","LST","","18.99","9.07","JMP DG TUFF STEGOSAURUS 1EA","JUMP"
"6744672","1","0","LST","","21.99","11","JMP DG ELPH RPE W BALL 2PC","JUMP"
"6744677","1","0.25","OOS","","18.99","9.07","JMP DG TUFF PTEROSAUR 1EA","JUMP"
"6744670","1","0.25","ROS","","11.99","6.23","JMP DG BABY OWL PLSH 1EA","JUMP"
"6744665","1","0.25","ROS","","21.99","11","JMP DG SNUFFLE CUBE 1EA","JUMP"
"6744673","1","0","LST","","21.99","11","JMP DG TIGER RPE W BALL 2PC","JUMP"
"6744666","1","0","ROS","","21.99","11","JMP DG SNUFFLE PRISM 1EA","JUMP"
"6751487","1","0","LST","","94.99","64.52","OPFM GB DG BF & BR 22LB","OPEN FARM"
"6751457","1","0","LST","","24.99","16.73","OPFM GB DG CHK & BR 3.5LB","OPEN FARM"
"6753287","12","0","LST","","5.29","3.515","OPFM DG CHK&SL PUP 12.5OZ","OPEN FARM"
"6753288","12","4","LST","","5.29","3.515","OPFM KE DG PLNT 12.5OZ","OPEN FARM"
"6752095","1","0","LST","","39.99","25.95","OPFM GB CT CHK & BR 7LB","OPEN FARM"
"6753284","12","1","LST","","5.29","3.515","OPFM DG GF CHK&SLM 12.5OZ","OPEN FARM"
"6751471","1","0","LST","","27.99","18.74","OPFM GB DG BF & BR 3.5LB","OPEN FARM"
"6222799","12","0","LST","","4.39","3.2242","PPLN DG COMP ESNTL TK&VG 13OZ","PURINA PRO PLAN"
"6753285","12","3.25","LST","","5.29","3.515","OPFM DG GF TRK 12.5OZ","OPEN FARM"
"6752096","1","0","LST","","39.99","25.95","OPFM GB CT WCSL & BR 7LB","OPEN FARM"
"6753279","1","0","LST","","32.99","22.1","OPFM DG VEN ANCNT G 4LB","OPEN FARM"
"6751478","1","0","LST","","89.99","61.12","OPFM GB DG CHK & BR 22LB","OPEN FARM"
"6753283","12","1.5","LST","","5.29","3.515","OPFM DG HRV CHK 12.5OZ","OPEN FARM"
"6752090","1","0","LST","","24.99","15.87","OPFM GB CT WCSL & BR 3LB","OPEN FARM"
"6753286","12","0.75","LST","","5.29","3.515","OPFM DG GF CHK&BF 12.5OZ","OPEN FARM"
"6751604","1","0","LST","","89.99","61.12","OPFM GB DG SLM & BR 22LB","OPEN FARM"
"6753282","1","0","LST","","119.99","81.5","OPFM DG VEN ANCNT G 22LB","OPEN FARM"
"6751472","1","0","LST","","24.99","16.74","OPFM GB DG SLM & BR 3.5LB","OPEN FARM"
"6752089","1","0","LST","","24.99","15.87","OPFM GB CT CHK & BR 3LB","OPEN FARM"
"6672424","24","1","LST","","3.69","2.225","PPLN CT URINARY TK&GB AD 5.5OZ","PURINA PRO PLAN"
"6751568","1","0.5","LST","","24.99","20.19","TIDY CAT LW GLAD CLR SPRG 12LB","TIDY CATS"
"6744690","1","0","LST","","20.99","10.09","JMP CT FLDBL SCRTCH W BALL 1EA","JUMP"
"6750017","1","0","LST","","29.99","15.06","JMP CT FSH TSR SCRTCH 1EA","JUMP"
"6751135","1","0","OOS","44171","18.99","9.65","BURTS MANUKA PW&NS LTN 6OZ","BURT'S BEES"
"6751486","24","0","LST","","3.39","2.0396","PPLN CT COMP ESNTL CK&R 5.5OZ","PURINA PRO PLAN"
"6744688","1","0","LST","","13.99","6.43","JMP CT SNGL FLAT SCRTCH 1EA","JUMP"
"6474540","24","0","LST","","3.69","2.225","PPLN CT URINARY WHT FISH 5.5OZ","PURINA PRO PLAN"
"6744646","1","0.25","LST","","9.99","4.78","JMP CT BLBRD SPRG TSR 1EA","JUMP"
"6750866","1","0","LST","","9.99","5.2","CTSTGS FTHR TREAT STUFFER 1EA","CATSTAGES"
"6750865","1","0","LST","","16.99","8.5","CTSTGS 2 IN 1 BAT N SPRING 1EA","CATSTAGES"
"6744467","1","0","LST","","9.99","4.79","JMP CT RBW TSR 1EA","JUMP"
"6744645","1","0","LST","","17.99","8.31","JMP CT SPRL SCNCH TSR 1EA","JUMP"
"6751554","1","0.25","LST","","28.99","23.35","TIDY CAT ALERT NONCLMP LTR 8LB","TIDY CATS"
"6751565","1","0.75","LST","","31.99","25.99","TIDY CAT LW ODOR CTR 24/7 17LB","TIDY CATS"
"6744691","1","0","LST","","25.99","13.51","JMP CT INCLN SCRTCH W BALL 1EA","JUMP"
"6744638","1","0","LST","","9.99","4.79","JMP CT STAR RBN TSR 1EA","JUMP"
"6744643","1","0.25","LST","","9.39","4.26","JMP CT CHIRPY BEE 1EA","JUMP"
"6744647","1","0.25","LST","","14.99","6.24","JMP CT BTRFY WNDW TSR 1EA","JUMP"
"6744689","1","0","LST","","16.99","8.31","JMP CT DBL FLAT SCRTCH 1EA","JUMP"
"6466782","1","0","LST","1000378","17.99","9.79","PERF NTRL DG GF CHK PUP 4LB","PERFORMATRIN NATURALS"
"6466497","1","0.5","LST","1000382","41.99","24.35","PERF NTRL CT GF CHK AD 12LB","PERFORMATRIN NATURALS"
"6466498","1","0.25","LST","1000370","14.99","8.21","PERF NTRL CT GF CHK AD 2.5LB","PERFORMATRIN NATURALS"
"6466816","1","0.25","LST","6229563","39.99","23.18","PERF NTRL DG HG BF AD 12LB","PERFORMATRIN NATURALS"
"6466788","1","0","LST","1000377","17.99","10.4","PERF NTRL DG GF SLM SB AD4LB","PERFORMATRIN NATURALS"
"6466786","1","0.5","LST","1000392","57.99","34.79","PERF NTRL DG GF SLM AD 25LB","PERFORMATRIN NATURALS"
"6466719","1","0","LST","1000380","20.99","11.96","PERF NTRL CT GF SLM AD 5LB","PERFORMATRIN NATURALS"
"6467831","1","0","LST","1000428","2.49","0.05","PERF NTRL CT GF CHK AD SMP 4OZ","PERFORMATRIN NATURALS"
"6466776","1","0.25","LST","1000391","57.99","34.51","PERF NTRL DG GF BF AD 25LB","PERFORMATRIN NATURALS"
"6466818","1","0","LST","6229558","16.99","10.1","PERF NTRL DG HG CHK AD 4LB","PERFORMATRIN NATURALS"
"6750890","1","0","LST","","9.99","5.2","CTSTGS FUNGI KICKER 1EA","CATSTAGES"
"6467832","1","0","LST","1000430","2.49","0.05","PERF NTRL CT GF CHK KIT SMP4OZ","PERFORMATRIN NATURALS"
"6466779","1","0.5","LST","1000390","57.99","34.51","PERF NTRL DG GF CHK AD 25LB","PERFORMATRIN NATURALS"
"6466820","1","0.75","LST","6229560","49.99","29.74","PERF NTRL DG HG CHK AD 25LB","PERFORMATRIN NATURALS"
"6466549","1","0.75","LST","1000381","20.99","11.96","PERF NTRL CT GF CHK KIT 5LB","PERFORMATRIN NATURALS"
"6466787","1","0","LST","1000375","17.99","10.4","PERF NTRL DG GF SLM AD 4LB","PERFORMATRIN NATURALS"
"6466550","1","0.25","LST","1000383","41.99","24.35","PERF NTRL CT GF SLM AD 12LB","PERFORMATRIN NATURALS"
"6466548","1","0.5","LST","1000372","14.99","8.21","PERF NTRL CT GF CHK KIT 2.5LB","PERFORMATRIN NATURALS"
"6466817","1","0.5","LST","6229564","49.99","29.74","PERF NTRL DG HG BF AD 25LB","PERFORMATRIN NATURALS"
"6467833","1","0","LST","1000429","2.49","0.05","PERF NTRL CT GF SLM AD SMP 4OZ","PERFORMATRIN NATURALS"
"6466551","1","0.25","LST","1000371","14.99","8.21","PERF NTRL CT GF SLM AD 2.5LB","PERFORMATRIN NATURALS"
"6467959","1","0","LST","1000434","1.49","0.05","PERF NTRL DG GF SLM SBADSMP4OZ","PERFORMATRIN NATURALS"
"6466775","1","0.25","LST","1000385","42.99","24.92","PERF NTRL DG GF BF AD 12LB","PERFORMATRIN NATURALS"
"6466815","1","0.5","LST","6229562","16.99","10.1","PERF NTRL DG HG BF AD 4LB","PERFORMATRIN NATURALS"
"6466781","1","0","LST","1000389","42.99","24.92","PERF NTRL DG GF CHK PUP 12LB","PERFORMATRIN NATURALS"
"6466785","1","0","LST","1000386","42.99","25.79","PERF NTRL DG GF SLM AD 12LB","PERFORMATRIN NATURALS"
"6467961","1","0","LST","6229561","1.49","0.05","PERF NTRL DG HG CK AD SMP4OZ","PERFORMATRIN NATURALS"
"6467956","1","0","LST","1000436","1.49","0.05","PERF NTRL DG GF CHK PUP SMP4OZ","PERFORMATRIN NATURALS"
"6466499","1","0.25","LST","1000379","20.99","11.96","PERF NTRL CT GF CHK AD 5LB","PERFORMATRIN NATURALS"
"6466819","1","0","LST","6229559","39.99","23.18","PERF NTRL DG HG CHK AD 12LB","PERFORMATRIN NATURALS"
"6466780","1","0","LST","1000373","17.99","9.79","PERF NTRL DG GF CHK AD 4LB","PERFORMATRIN NATURALS"
"6466777","1","0.25","LST","1000374","17.99","9.79","PERF NTRL DG GF BF AD 4LB","PERFORMATRIN NATURALS"
"6466814","1","0","LST","1000388","42.99","25.79","PERF NTRL DG GF SLM SB AD12LB","PERFORMATRIN NATURALS"
"20116","12","0","LST","","4.39","3.2242","PPLN DG LMB&VEG AD 13OZ","PURINA PRO PLAN"
"6743910","1","0","LST","","25.99","13.64","PRODEN LB GNT PLAQUEOFF 1EA","PRODEN"
"6740638","1","0","LST","","17.99","10.65","PRODEN DG SM MD PLQOFF 1EA","PRODEN"
"6252218","1","0","LST","","55.99","32.5","PURICA CURCUMIN 60CT","PURICA"
"6759912","1","0","LST","82945","44.99","20.15","COA DG BSKRVLL ULTRA MUZL SZ3","COMPANY OF ANIMALS"
"6759906","1","0","LST","82944","37.99","19.87","COA DG BSKRVLL ULTRA MUZL SZ2","COMPANY OF ANIMALS"
"6759785","1","0","LST","","39.99","25.89","PRIML DG PUP KIBBLE RAW 1.5LB","PRIMAL"
"6759911","1","0","LST","82947","55.99","25.99","COA DG BSKRVLL ULTRA MUZL SZ5","COMPANY OF ANIMALS"
"6759788","1","0","OOS","","89.99","61.59","PRIML DG SMBR KIBBLE RAW 4LB","PRIMAL"
"6759787","1","0","LST","","39.99","25.89","PRIML DG SMBR KIBBLE RAW 1.5LB","PRIMAL"
"6759772","1","0","LST","","39.99","25.89","PRIML DG CHK KIBBLE RAW 1.5LB","PRIMAL"
"6759913","1","0","LST","82946","49.99","22.55","COA DG BSKRVLL ULTRA MUZL SZ4","COMPANY OF ANIMALS"
"6759916","1","0","LST","82948","61.99","27.06","COA DG BSKRVLL ULTRA MUZL SZ6","COMPANY OF ANIMALS"
"6759784","1","0","LST","","39.99","25.89","PRIML DG FS&PK KIBBLE RAW1.5LB","PRIMAL"
"6759905","1","0","LST","82943","32.99","16.5","COA DG BSKRVLL ULTRA MUZL SZ1","COMPANY OF ANIMALS"
"6759789","1","0","LST","","179.99","129.02","PRIML DG CHK KIBBLE RAW 9LB","PRIMAL"
"6759783","1","0","LST","","39.99","25.89","PRIML DG BF KIBBLE RAW 1.5LB","PRIMAL"
"6759790","1","0","LST","","179.99","129.02","PRIML DG BF KIBBLE RAW 9LB","PRIMAL"
"6760020","1","0","LST","","35.99","23.47","ACANA CT HP INDR 3.9LB","ACANA"
"6760036","1","0","LST","","79.99","52.94","ORIJEN CT GRDN 8 SNR 10LB","ORIJEN"
"6760024","1","0","LST","","69.99","46.34","ACANA CT HP INDR 9.9LB","ACANA"
"6760035","1","0","LST","","40.99","26.73","ORIJEN CT GRDN 8 SNR 4LB","ORIJEN"
"6228253","1","0","LST","","119.99","72","IGLO AQUARM KIT 5GAL","MARINA"
"6232735","1","0","LST","","29.99","20.23","OPFM DG CHK ANCNT G 4LB","OPEN FARM"
"6232742","1","0","LST","","72.99","49.58","OPFM DG WLD SL ANCNT G 11LB","OPEN FARM"
"6666194","1","0","LST","","41.99","28.32","SUMMIT CT MDW RST AD 12 LB","SUMMIT"
"X2427","12","0","LST","","4.19","2.7933","OPFM CT BEEF 5.5OZ","OPEN FARM"
"6232738","1","0","LST","","34.99","23.6","OPFM DG LMB ANCNT G 4LB","OPEN FARM"
"6666193","1","0","LST","","15.99","10.79","SUMMIT CT MDW RST AD 3 LB","SUMMIT"
"X2433","12","0","LST","","5.49","3.6483","OPFM DG HRG&MCKRL STEW 12.5OZ","OPEN FARM"
"6232737","1","0","LST","","103.99","70.63","OPFM DG CHK ANCNT G 22LB","OPEN FARM"
"6232749","1","0","LST","","30.99","21.05","OPFM DG PRK ANCNT G 4LB","OPEN FARM"
"6232739","1","0","LST","","72.99","49.58","OPFM DG LMB ANCNT G 11LB","OPEN FARM"
"6232746","1","0","LST","","32.99","22.41","OPFM DG WHTFSH ANCNT G 4LB","OPEN FARM"
"6232751","1","0","LST","","103.99","70.63","OPFM DG PRK ANCNT G 22LB","OPEN FARM"
"6232750","1","0","LST","","64.99","44.15","OPFM DG PRK ANCNT G 11LB","OPEN FARM"
"6232748","1","0","LST","","103.99","70.63","OPFM DG WHTFSH ANCNT G 22LB","OPEN FARM"
"6232753","1","0","LST","","69.99","47.21","OPFM DG BF ANCNT G 11LB","OPEN FARM"
"6232733","1","0","LST","","64.99","44.15","OPFM DG TKY ANCNT G 11LB","OPEN FARM"
"6743883","1","0","LST","","19.99","13.29","OPFM CT GF LAMB 2LB","OPEN FARM"
"6232736","1","0","LST","","64.99","44.15","OPFM DG CHK ANCNT G 11LB","OPEN FARM"
"6232740","1","0","LST","","109.99","74.71","OPFM DG LMB ANCNT G 22LB","OPEN FARM"
"6232747","1","0","LST","","72.99","49.58","OPFM DG WHTFSH ANCNT G 11LB","OPEN FARM"
"X2429","12","0","LST","","4.19","2.7933","OPFM CT CHK&SLM 5.5OZ","OPEN FARM"
"6638641","1","0","LST","","36.99","24.77","OPFM DG GF VENISON 4LB","OPEN FARM"
"6640023","1","0","LST","","68.99","46.86","OPFM DG GF WLD SLM 11LB","OPEN FARM"
"6655151","1","0","LST","","35.99","24.1","OPFM DG RAWMIX AG PRAIRIE3.5LB","OPEN FARM"
"6655212","1","0","LST","","65.99","43.53","OPFM CT RAWMIX OCEAN GF 8LB","OPEN FARM"
"6640857","1","0","LST","","64.99","44.15","OPFM DG GF PRK&VEG 11LB","OPEN FARM"
"6638407","1","0","LST","","84.99","56.52","OPFM DG GF VENISON 11LB","OPEN FARM"
"6616742","1","0","LST","","149.99","101.17","OPFM DG GF VENISON 22LB","OPEN FARM"
"6632546","1","0","LST","","68.99","46.86","OPFM DG GF WHT FSH 11LB","OPEN FARM"
"6640012","1","0","OOS","","29.99","20.23","OPFM DG SMBR CHK&TRK ANCN G4LB","OPEN FARM"
"6655208","1","0","LST","","124.99","83.53","OPFM DG RAWMIX AG WLD OCN 20LB","OPEN FARM"
"6760216","1","0","LST","","15.99","7.85","CC DG COLLAGEN BULLY CHPS11oz","COLLACHEWS"
"6760454","1","0","LST","","15.99","7.85","CC DG CLGN FISH STICKS 25 PK","COLLACHEWS"
"6743880","1","0","LST","","18.99","11.96","OPFM CT GF TKY CHK 2LB","OPEN FARM"
"6655210","1","0","LST","","27.99","18.07","OPFM CT RAWMIX OCEAN GF 2.25LB","OPEN FARM"
"6655204","1","0","LST","","35.99","24.1","OPFM DG RAWMIX AG WLD OCN3.5LB","OPEN FARM"
"6743881","1","0","LST","","19.99","13.29","OPFM CT GF SALMON 2LB","OPEN FARM"
"6655211","1","0","LST","","67.99","44.86","OPFM CT RAWMIX PRAIRIE GF 8LB","OPEN FARM"
"6655206","1","0","LST","","129.99","88.29","OPFM DG RAWMIX AG FRN RNG 20LB","OPEN FARM"
"6760433","1","0","LST","","15.99","7.85","CC DG COLLAGEN FISH CHPS 11OZ","COLLACHEWS"
"6643432","1","0","LST","","113.99","77.43","OPFM DG GF PRK&VEG 22LB","OPEN FARM"
"6743882","1","0","LST","","19.99","13.29","OPFM CT GF WHITEFISH 2LB","OPEN FARM"
"6640011","1","0","LST","","64.99","44.15","OPFM DG GF SMBR CHK TRK 11LB","OPEN FARM"
"6760429","1","0","LST","","15.99","7.85","CC DG COLLAGEN FISH ROLL 4PK","COLLACHEWS"
"6640899","1","0","LST","","64.99","44.15","OPFM DG GF CHK&TRK 11LB","OPEN FARM"
"6640830","1","0","LST","","35.99","24.1","OPFM DG GF CHK&TRK SENIOR 4LB","OPEN FARM"
"6638642","1","0","LST","","69.99","47.54","OPFM DG GF BF 11 LB","OPEN FARM"
"6759706","1","0","LST","","26.99","14.75","NTIZ CT LED SAFETY NCKLCE 1EA","NITE IZE"
"6655207","1","0","LST","","122.99","83.53","OPFM DG RAWMIX AG PRAIRIE 20LB","OPEN FARM"
"6655209","1","0","OOS","","25.99","16.74","OPFM CT RAWMX PRARIE GF 2.25LB","OPEN FARM"
"6640024","1","0","LST","","69.99","47.54","OPFM DG GF LMB 11LB","OPEN FARM"
"6640013","1","0","LST","","65.99","44.82","OPFM DG SMBR CHKTRK ANCN G11LB","OPEN FARM"
"6655203","1","0","LST","","39.99","26.78","OPFM DG RAWMIX AG FRN RNG3.5LB","OPEN FARM"
"6617516","1","0","LST","","113.99","77.43","OPFM DG GF CHK&TKR SENIOR 22LB","OPEN FARM"
"6655069","1","0","LST","","35.99","24.1","OPFM DG GF PRK&VEG 4LB","OPEN FARM"
"6760220","1","0","LST","","15.99","7.85","CC DG COLLAGEN DRUMSTICK4PK","COLLACHEWS"
"6750891","1","0","LST","","16.99","8.5","MX&ML CT SMRTID CLR STRBRY 1EA","MAX & MOLLY URBAN PETS"
"6750888","1","0","LST","","16.99","8.5","MX&ML CT SMRTID CLR KIWI 1EA","MAX & MOLLY URBAN PETS"
"6750892","1","0","LST","","16.99","8.5","MX&ML CT SMRTID CLR CHERRY 1EA","MAX & MOLLY URBAN PETS"
"6753371","1","0","LST","","19.99","13.98","PPLN DG JOINT CARE SMAL1.055OZ","PURINA PRO PLAN"
"6753382","1","0","LST","","24.99","19.2","PPLN DG JOINT CARE LARGE5.29OZ","PURINA PRO PLAN"
"13493","1","0","LST","","88.99","55.93","RCBHN DG GMN SHEP AD 17LB","ROYAL CANIN"
"1100037","1","0","LST","","88.99","55.93","RCBHN DG LABR RTRVR AD 17LB","ROYAL CANIN"
"6760831","1","0","LST","","79.99","48","NOBA CT ORIGIN URBAN HUT 1EA","NOBA"
"35144","24","0","LST","","3.49","2.1775","RCFHN CT AD INSTVE LOAF 3OZ","ROYAL CANIN"
"35103","1","0","LST","","125.99","82.58","RCBHN DG ROTTWEILER AD 30LB","ROYAL CANIN"
"6760954","1","0","LST","","14.99","7.85","LJ DG LOVEPUFFS CRSP ORCHD 4OZ","LORD JAMESON"
"6760955","1","0","LST","","14.99","7.85","LJ DG LOVEPUFFS WILD BERRI 4OZ","LORD JAMESON"
"14462","1","0","LST","","37.99","22.76","RCBHN DG POODLE AD 2.5LB","ROYAL CANIN"
"6760833","1","0","LST","","199.99","125","NOBA CT ORIGIN LODGE TREE 1EA","NOBA"
"6760830","1","0","LST","","79.99","48","NOBA CT EVOLUTION SCRTCH 1EA","NOBA"
"1100582","24","0","LST","","3.19","1.85","RCBHN DG DASCHND AD 3OZ","ROYAL CANIN"
"6760832","1","0","LST","","79.99","48","NOBA CT ORI URBAN CONDO 1EA","NOBA"
"6760502","1","0","LST","","14.99","7.85","LJ DG LOVEPUFFS PRTY TIME 4OZ","LORD JAMESON"
"1100669","24","0","LST","","3.19","1.85","RCBHN DG POODLE AD 3OZ","ROYAL CANIN"
"6761027","1","0.5","LST","","44.99","30.83","PPLN DG CALMING CARE 1GX30","PURINA PRO PLAN"
"6760759","1","0","LST","","219.99","131.99","BSWR DG LOUNGER TAUPE 1XL","BOWSERS"
"6761026","1","0.5","LST","","44.99","30.83","PPLN CT CALMING CARE 1GX30","PURINA PRO PLAN"
"6760582","1","0","LST","","149.99","85","BWSR DG BURROW BED SEA/GAL 1SM","BOWSERS"
"6760515","1","0","LST","","119.99","67.33","BWSR DG MENDO DNUT BED 1SM","BOWSERS"
"6760581","1","0","ROS","","219.99","120","BWSR DG MENDO DNUT BED 1XL","BOWSERS"
"6760758","1","0","LST","","184.99","110.99","BSWR DG LOUNGER TAUPE 1LG","BOWSERS"
"6760740","24","0","NEW","","2.29","1.2825","PERF PRM CT GF S&C SL&WF 3OZ","PERFORMATRIN PRIME"
"6760762","24","2.75","LST","","2.29","1.2825","PERF PRM CT GF DGSTN TKY 3OZ","PERFORMATRIN PRIME"
"6761326","1","0","LST","","24.99","12.9","TTWRX DG BEEF STICKS 25oz","TREATWORX"
"6760757","1","0","LST","","139.99","76.99","BWSR DG LOUNGER TAUPE 1MD","BOWSERS"
"6760682","1","-0.25","LST","","119.99","67.33","BSWR DG LOUNGER TAUPE 1SM","BOWSERS"
"6760598","1","0","LST","","199.99","114","BWSR DG BURROW BED SEA/GAL 1MD","BOWSERS"
"E6414","1","0","INOT","","69.99","35","LAG SG/FL WHT GRM SPRLN 4.4LB","LAGUNA"
"1101348","1","0","LST","","34.99","25.1","WEL CT CMPL HLTH GF KIT CK 5LB","WELLNESS"
"1101341","1","0","LST","","66.99","43.86","WEL CT CORE GF ORIG 11LB","WELLNESS"
"1101351","1","0","LST","","53.99","36.6","WEL CT CMPL HLTH GF SL&H11.5LB","WELLNESS"
"B0032","1","0","LST","","41.99","20","LAG ALL SSN PND FLTNG FD 4.4LB","LAGUNA"
"6761340","1","0","LST","","26.99","13.85","TTWRX DG DGST HTH LMB&TRKY16oz","TREATWORX"
"14460","1","0","LST","","37.99","22.76","RCBHN DG DASCHND AD 2.5LB","ROYAL CANIN"
"IB236","1","0","LST","","36.99","18.5","MRN AQRM GRVL GRY 22LB","MARINA"
"6760953","25","6","LST","","15.49","7.56","OPN RNG DG COLLGN BRD 11-12in","OPEN RANGE"
"13447","1","0","LST","","84.99","54.29","RCSHN DG AD XS 14LB","ROYAL CANIN"
"6761336","1","0","LST","","26.99","13.85","TTWRX DG SKN&COAT SLMN16oz","TREATWORX"
"35102","1","0","LST","","131.99","87.09","RCBHN DG ROTTWEILER PUP 30LB","ROYAL CANIN"
"35101","1","0","LST","","37.99","22.85","RCBHN DG SHIH TZU PUP 2.5LB","ROYAL CANIN"
"13465","1","0","LST","","37.99","22.85","RCBHN DG CHIHUAHUA PUP 3LB","ROYAL CANIN"
"6234923","1","0","LST","","144.99","98.03","RCCHN DG SS LG 30LB","ROYAL CANIN"
"6761338","1","0","LST","","26.99","13.85","TTWRX DG HP&JNT CHKN STRPS16oz","TREATWORX"
"35099","1","0","LST","","131.99","87.09","RCBHN DG BULLDOG PUP 30LB","ROYAL CANIN"
"IB227","1","0","LST","","8.99","4.5","MRN AQRM GRVL GRY 4.4LB","MARINA"
"26131","1","0","LST","","33.99","20.68","RCSHN DG AD 8PL SM 2.5LB","ROYAL CANIN"
"50543","1","0","LST","","199.99","120","VESPER V-HIGH BASE WLNT","CATIT"
"26082","1","0","LST","","144.99","98.03","RCCCN DG DGTV CARE MD 30LB","ROYAL CANIN"
"IT986","1","0","LST","","88.99","55.93","RCBHN DG GOLDN RTRVR AD 17LB","ROYAL CANIN"
"13827","1","0","LST","","86.99","61.63","SD DG AD SM BRD CHK&R 15.5LB","HILL'S SCIENCE DIET"
"6760030","1","0","ROS","","22.99","14.91","NATFRH CT HRMNY LVN BBOO 14LB","NATURALLY FRESH"
"6763412","1","0","ROS","","24.99","12.5","RPT DG ROO IN TWO KNGAROO3.1EA","ROAM PET TREATS"
"6740649","1","0","LST","","17.99","9.45","VITAL E DG FD BF TRPE BTS2.3oz","VITAL ESSENTIALS"
"1100064","1","0","LST","","120.99","86.5","SD CT AD MULTI BENEFIT 15.5LB","HILL'S SCIENCE DIET"
"1103246","1","0","LST","","123.99","92.67","SD DG AD LB BAR LIGHT 30LB","HILL'S SCIENCE DIET"
"40244","1","0","LST","","123.99","92.67","SD DG AD 6+ LB 33LB","HILL'S SCIENCE DIET"
"Y0829","1","0","OOS","","99.99","54","VESPER CHT MINOU BENCH SCRTCHR","CATIT"
"6750180","1","0","LST","","269.99","162","VESPER V-HIGH BASE WLNT XL","CATIT"
"J0326","1","0","OOS","","38.99","23.4","HGN HMS GER STP VME DT 11.3KG","HAGEN"
"B4470","1","3","LST","","22.99","14.5","ODOURLOCK 4IN1 UNSCN LTR 26LB","ODOURLOCK"
"W7180","1","0","LST","","19.99","10.25","LW XTRD GP FOOD 3LB","LIVING WORLD"
"W7286","1","0","LST","","53.99","34.04","LW FRSH N CMFY BDNG TAN 50L","LIVING WORLD"
"50995","1","0","OOS","","149.99","90","LW DLX GP STRTR KT 1LG","LIVING WORLD"
"U5105","1","0","LST","","24.99","10.5","LW CHW-NLS ALF 1LG","LIVING WORLD"
"K1017","1","0","LST","","44.99","20","FL MPN WD 1LG","FLUVAL"
"K1015","1","0","LST","","18.99","10","FL MPN WD 1SM","FLUVAL"
"IH666","1","0","LST","","299.99","198","FL BW FRNT AQRM CBNT BLK 1EA","FLUVAL"
"W6081","1","0","OOS","","29.99","16.2","LW FRSH N CMFY BDNG BLU 20L","LIVING WORLD"
"IE412","1","0","LST","","53.99","34.04","LW FRSH N CMFY BDNG BLU 50L","LIVING WORLD"
"31642","1","0","LST","","11.49","5.75","HGN HMS GRBL STP VME DT 2.26KG","HAGEN"
"Y4496","1","0","LST","","99.99","50","NOBA CATECO GRY LTR BOX 1EA","NOBA"
"L3964","1","0","ROS","","12.99","5.25","LW XTRD HMS FOOD 1.5LB","LIVING WORLD"
"Z2374","1","0","LST","","234.99","141","LW DLX HBBTT 1XL","LIVING WORLD"
"1507725","1","0","LST","","25.99","11.5","FL PLNT & SHRMP STRTM 4.4LB","FLUVAL"
"K5850","1","0","LST","","499.99","318","FL PRM AQRM LED KT 45GAL","FLUVAL"
"IP631","1","0","OOS","","199.99","120","LW DLX RBT STRTR KT 1LG","LIVING WORLD"
"W7950","1","0","OOS","","19.99","10.25","LW XTRD RBT FOOD 3LB","LIVING WORLD"
"R7977","1","0","LST","","29.99","16.2","LW FRSH N CMFY BDNG TAN 20L","LIVING WORLD"
"K1016","1","0","LST","","24.99","13.5","FL MPN WD 1MD","FLUVAL"
"1507726","1","0","LST","","44.99","21","FL PLNT & SHRMP STRTM 8.8LB","FLUVAL"
"U5104","1","0","NEW","","11.49","5.75","LW CHW-NLS ALF 1MD","LIVING WORLD"
"6763547","1","0.5","LST","","29.99","19.6","ODOURLOCK MAXCARE LTR 26LB","ODOURLOCK"
"6760672","1","0.25","LST","","24.99","17.82","A&H SLIDE ODOR CTR 20LB","ARM & HAMMER"
"53166","1","0","LST","","16.99","7.67","KONG COZIE ALLIGATOR 1MD","KONG"
"6241117","1","0","LST","","99.99","60","MRN 360 AQRM 2.65GAL","MARINA"
"6740654","1","0","LST","","17.99","9.45","VITAL E DG FD DUCK BITES2oz","VITAL ESSENTIALS"
"6404909","1","0","LST","","9.99","5","MRN IGLO GRVL PNK 4.4LB","MARINA"
"6760670","1","0.25","OOS","","29.99","21.46","A&H CLOUD CNTRL LTR 28LB","ARM & HAMMER"
"6759804","1","0","LST","","16.99","9.12","S&C DG DENTAL DLGHTS SM 5.5oz","STELLA & CHEWY'S"
"53149","1","0","LST","","16.99","7.67","KONG COZIE MOOSE 1MD","KONG"
"6760601","1","0","LST","","24.99","17.82","A&H CLOUD CNTRL LTR 19LB","ARM & HAMMER"
"6760671","1","0","LST","","28.99","20.75","A&H CLUMP&SEAL MC 17.2KG","ARM & HAMMER"
"6761258","1","0","LST","","2.49","1.35","PL DG TENNIS BALL 1.8IN","PET VALU"
"6763326","1","0","LST","","105.99","70.76","RCCHN DG SS DGST MD 17LB","ROYAL CANIN"
"6761259","1","0","LST","","2.99","1.6","PL DG TENNIS BALL 2.5IN","PET VALU"
"6759805","1","0","LST","","16.99","9.12","S&C DG DENTAL DLGHTS MD 5.5oz","STELLA & CHEWY'S"
"6760827","45","0","LST","","7.99","3.6","OPN RNG DG COLLGN STK11-12in","OPEN RANGE"
"6759803","1","0","LST","","16.99","9.12","S&C DG DENTAL DLGHTS XS 5.5oz","STELLA & CHEWY'S"
"6759806","1","0","LST","","16.49","9.12","S&C DG DENTAL DLGHTS LG 5.5oz","STELLA & CHEWY'S"
"6760031","1","0","ROS","","33.99","22.68","NATFRH CT LTR LVN&BBOO 26LB","NATURALLY FRESH"
"6446487","1","0","LST","","39.99","20","MRN IGLO GRVL GLXY 22LB","MARINA"
"6760610","1","0","LST","51800","5.49","1.21","ESN CT LTR SCOOP 1EA","ESSENTIALS"
"6760608","1","0","LST","58320","39.99","23.79","ESN CT HOOD LTR BOX 1LG","ESSENTIALS"
"6760603","1","0.5","LST","58337","24.99","12.85","ESN CT HIGH SIDE LTR PAN 1XL","ESSENTIALS"
"6760602","1","0","LST","58250","22.99","11.91","ESN CT LTR BOX 1XL","ESSENTIALS"
"6760605","1","0","LST","58280","19.99","10.51","ESN CT RIM LTR PAN 1EA","ESSENTIALS"
"6764322","1","0","LST","","13.99","7.5","GO! DG DGTGUT SLM TRTS 6OZ","GO! SOLUTIONS"
"6764325","1","0.25","LST","","13.99","7.5","GO! DG LIT SLMN TRTS 6OZ","GO! SOLUTIONS"
"6760612","1","0","LST","51820","6.49","2.28","ESN CT LTR SCOOP 1XL","ESSENTIALS"
"6764324","1","0.25","LST","","13.99","7.5","GO! DG SKNCT LAMB TRTS 6OZ","GO! SOLUTIONS"
"6760604","1","0","LST","50631","22.99","11.2","ESN CT HI CRNR LTR PAN 1EA","ESSENTIALS"
"6760600","1","0.5","LST","58240","12.99","6.23","ESN CT LTR PAN 1LG","ESSENTIALS"
"6760609","1","0","LST","58360","49.99","29.77","ESN CT HOOD LTR BOX 1XL","ESSENTIALS"
"6764323","1","0","LST","","13.99","7.5","GO! DG WGTJNT CHK TRTS 6OZ","GO! SOLUTIONS"
"6760596","1","0","LST","58220","8.99","4.13","ESN CT LTR PAN 1SM","ESSENTIALS"
"6760613","1","0","LST","50561","21.99","11.28","ESN CT SS LTR SCOOP 1EA","ESSENTIALS"
"Y5316","1","0","LST","","119.99","66","MRN IGLO 360 AQRM 2.65GAL","MARINA"
"6465512","1","0","LST","","19.99","12","LWG BTNCL JV RBT FOOD 1.3KG","LIVING WORLD GREEN"
"6465514","1","0","LST","","35.99","21.6","LWG BTNCL AD RBT FOOD 2.75KG","LIVING WORLD GREEN"
"6465516","1","0","OOS","","35.99","21.6","LWG BTNCL AD GP FOOD 2.75KG","LIVING WORLD GREEN"
"6763467","1","0","LST","1503459","33.99","17","PSFE DG SSSCAT RFL CAN 1EA","PETSAFE"
"50992","1","0","LST","","184.99","111","LW CKTL STRTR KT 1EA","LIVING WORLD"
"X8643","1","0","LST","","39.99","25.3","RCFBN CT PERSIAN KIT 1.4KG","ROYAL CANIN"
"O6456","1","0","LST","","14.99","7.25","HARI GRMT CCKTL MX 1.13KG","HARI"
"N3516","1","0","LST","","139.99","78","ET GLS TRRM TL 18IN","EXO TERRA"
"N7291","1","0","LST","","59.99","30","ET RPTL BRK 24QT","EXO TERRA"
"R6589","1","0","LST","","15.99","8","ET FRST PLM MSS 14QT","EXO TERRA"
"N3517","1","0","LST","","259.99","156","ET GLS TRRM TL 24IN","EXO TERRA"
"IU090","1","0","LST","","76.99","46.49","RCFBN CT RAGDOLL 3.2KG","ROYAL CANIN"
"O6458","1","0","LST","","13.99","7.25","HARI GRMT BUDGIE MIX 1KG","HARI"
"IN984","1","0","LST","","124.99","75","LW DLX BDG STRTR KT 1EA","LIVING WORLD"
"K5186","1","0","LST","","32.99","16.5","HARI GRMT LG PRT MX 1.8KG","HARI"
"I7302","1","0","LST","","179.99","108","HARI VSN DBL CG 1MD","HARI"
"M9538","1","0","LST","","32.99","16.5","HARI GRMT SM PRT MX 2KG","HARI"
"Q5426","1","0","LST","","15.49","7.75","ET PLNTN SL BRK 24QT","EXO TERRA"
"50991","1","0","ROS","","89.99","54","LW BDG STRTR KT 1EA","LIVING WORLD"
"ID336","1","0","LST","","399.99","240","ET NTRL LOW GLS TRRM 1LG","EXO TERRA"
"6240987","24","0","LST","","4.49","2.7188","RCFHN CT BTY LOAF 5.1OZ","ROYAL CANIN"
"35147","24","0","LST","","3.49","2.1775","RCFHN CT ULT LT LOAF 2.87OZ","ROYAL CANIN"
"1150643","1","0","LST","","76.99","46.49","RCFBN CT BENGAL AD 7LB","ROYAL CANIN"
"6760764","1","0","LST","","84.99","65.92","BLU DG AD WILD WG BF 24 LB","BLUE BUFFALO"
"6764685","1","0","","","0","6.48","CULINARY APRON ea","PET VALU"
"6238065","1","0","LST","","19.99","10","HK DG BBQ CHK&CHDR LVR CHPS4oz","THE HONEST KITCHEN"
"K2755","1","0","LST","","4.99","2.2","NF 3 DAY VCTN FDR 0.88OZ","NUTRAFIN"
"K2827","1","0","LST","","4.99","2.2","NF 7 DAY VCTN FDR 1.25OZ","NUTRAFIN"
"6238062","1","0","LST","","19.99","10","HK DG HRVST MINI BR CHKJRKY4oz","THE HONEST KITCHEN"
"6763706","1","0","LST","","19.99","13.83","DR ELSY CT ULT CLMP 20LB","DR. ELSEY'S"
"6763541","1","0.5","LST","","9.29","4.63","ESN CT MSTY TEAL SS BWL 9.2OZ","ESSENTIALS"
"6764222","1","0","ROS","","17.99","9.25","IFTY DG DOUBLE HANDLE TUG 1EA","INFINITY"
"6232446","1","0","LST","","87.99","59.35","GO! CT S&C GF SL 16LB","GO! SOLUTIONS"
"6232439","1","0","LST","","66.99","45.18","GO! DG SENS LID GF TKY 12LB","GO! SOLUTIONS"
"6238067","1","0","LST","","19.99","10","HK DG BBQ BF&CHDDR LVR CHPS4oz","THE HONEST KITCHEN"
"6232466","1","0","LST","","101.99","68.79","GO! CT CNV GF SL&COD 16LB","GO! SOLUTIONS"
"6763715","1","0","LST","","27.99","22.7","DR ELSY CT CLN TRCK CLMP 40LB","DR. ELSEY'S"
"6763542","1","0","LST","","15.99","7.89","ESN CT MSTY PINK SS DISH 6.3OZ","ESSENTIALS"
"6763543","1","0","LST","","20.99","10.23","ESN CT WOODN HLDR SS BWL 9.2OZ","ESSENTIALS"
"6750776","1","0","LST","","36.99","19.03","RB DG COLLAGEN BLLY SLICS 12OZ","REDBARN"
"6764502","1","0","LST","","7.99","4.25","TTLY DG CHKN COLLAGN CRSPS 5OZ","TREATLY"
"6408915","1","0","LST","","93.99","63.39","GO! CT GUT HLTH SL&AGRN 16LB","GO! SOLUTIONS"
"6408917","1","0","LST","","61.99","41.81","GO! DG WGT&JNT GF CHK 12LB","GO! SOLUTIONS"
"Y4812","1","0","ROS","","89.99","49.45","PR CT COZY CUBE 1EA","PREVUE"
"6408921","1","0","OOS","","92.99","62.72","GO! CT WGT&JNT GF 16LB","GO! SOLUTIONS"
"6408911","1","0","LST","","61.99","41.81","GO! DG GUT HLTH WG SLM 12LB","GO! SOLUTIONS"
"6464970","24","0","LST","","3.49","2.1775","RCFCN CT APPT CTRL SLC GVY 3OZ","ROYAL CANIN"
"6646757","1","0","LST","","13.99","8","ATLANTICK DG TICK ATTCK 2.03OZ","ATLANTICK"
"6761260","1","0","LST","","88.99","56.38","RCBHN DG FB PUP 10.5LB","ROYAL CANIN"
"6764321","1","0","OOS","","78.99","53.28","GO! CT HC & UC CHK WG 12LB","GO! SOLUTIONS"
"6761022","1","0.25","LST","","27.99","18.88","GO! CT SENS LTD GF SL 3 LB","GO! SOLUTIONS"
"6764319","1","1","LST","","28.99","19.55","GO! CT HC & UC CHK WG 3LB","GO! SOLUTIONS"
"6751576","1","0","LST","","39.99","26.03","RCFHN CT FEL URI MLTPK 12 PK","ROYAL CANIN"
"6764684","1","0","LST","","84.99","65.92","BLU DG AD WILD LB WG BF 24LB","BLUE BUFFALO"
"6761019","1","0","LST","","1.49","0.05","GO! CT SENS LTD GF SL SMP","GO! SOLUTIONS"
"6760939","24","0","LST","","4.49","2.6996","RCFHN CT DGT TN SL GRV 5.1 OZ","ROYAL CANIN"
"6761532","24","0","LST","","4.49","2.7","RCSHN DG PUP THN GRVY 5.1OZ","ROYAL CANIN"
"6760925","1","0","LST","","39.99","25","RCFHN CT FEL KIT MULTIPK 12 PK","ROYAL CANIN"
"6761023","1","0","LST","","44.99","30.35","GO! CT SENS LTD GF SL 6 LB","GO! SOLUTIONS"
"6760931","1","0","LST","","39.99","26.03","RCFHN CT AD INST MULTIPK 12 PK","ROYAL CANIN"
"6764686","1","0","LST","","33.99","23.07","BLU DG AD WILD WG BF 4.5 LB","BLUE BUFFALO"
"6252511","1","0","LST","","154.99","93","LW DORM BRD CG 1EA","LIVING WORLD"
"6761028","1","0","OOS","","74.99","50.58","GO! CT SNS LTD GF SL 12LB ","GO! SOLUTIONS"
"6254196","1","0","LST","","116.99","58.5","VSN CMPCT CG LMP 1EA","VISION"
"6764798","1","0","LST","","1.49","0.05","GO! CT HC UC CHK WG SMP","GO! SOLUTIONS"
"6646756","1","0","LST","","34.99","19.5","ATLANTICK DG TICK ATTCK 8.11OZ","ATLANTICK"
"6760936","24","0","LST","","4.49","2.6996","RCFHN CT URI TN SL GRV 5.1 OZ","ROYAL CANIN"
"6764320","1","0","LST","","46.99","31.69","GO! CT HC & UC CHK WG 6LB","GO! SOLUTIONS"
"6760941","24","0","LST","","4.49","2.6996","RCFHN CT WGT TN SL GRV 5.1 OZ","ROYAL CANIN"
"6237546","1","0","NEW","","15.99","8","ET COCO HSK BDDNG 24QT","EXO TERRA"
"E8663","1","0","LST","","95.99","60.49","RCCCN DG AD SM SS SKIN 13LB","ROYAL CANIN"
"6763477","1","0.25","LST","","107.99","77.49","PPLN DG PUP LB SS&S 24LB","PURINA PRO PLAN"
"IS881","1","0","LST","","129.99","87.09","RCBHN DG BOXER PUP 30LB","ROYAL CANIN"
"6468186","24","0","LST","","4.69","2.74","RCSHN DG MSS MTR&BBY 5.1OZ","ROYAL CANIN"
"IS883","1","0","LST","","37.99","22.85","RCBHN DG POODLE PUP 2.5LB","ROYAL CANIN"
"6763476","1","0","LST","","108.99","82.06","PPLN DG ESNTL SH TK&R 33LB","PURINA PRO PLAN"
"6763475","1","0.25","LST","","109.99","82.81","PPLN DG SPEC LB SS&S S&R 34LB","PURINA PRO PLAN"
"6763714","1","0","LST","","28.99","23.51","DR ELSY CT SNR CYTL LTR 8LB","DR. ELSEY'S"
"6763716","1","0","LST","","22.99","17.12","DR ELSY CT ULT PLUS CLMP 20LB","DR. ELSEY'S"
"IP035","1","0","LST","","144.99","98.03","RCCCN DG AD MD WGT CRE 30LB","ROYAL CANIN"
"IS884","1","0","LST","","37.99","22.85","RCBHN DG DSHSHND PUPPY 2.5LB","ROYAL CANIN"
"55039","1","0","LST","","19.99","10.75","RB DG BULLY SLICES 9oz","REDBARN"
"6235789","6","0","LST","","6.29","4.36","HK DG 1POT SL&CHK STW 10.5OZ","THE HONEST KITCHEN"
"6761322","1","0","LST","","26.99","19.35","TIKI CT GRILL VRTY 8PK 6OZ","TIKI CAT"
"6666477","1","0","LST","","41.99","24.07","OXB ENLF SA HDWY HV 1EA","OXBOW"
"94556","24","0","LST","","4.49","2.5913","SD CT AD LVR&TKY ENT 5.5OZ","HILL'S SCIENCE DIET"
"6469621","1","0","LST","","47.99","32.1","TIKI CT FSH VRTY 24PK 2.8OZ","TIKI CAT"
"6232819","1","0","LST","","128.99","89.95","HK DG WG BF 10LB","THE HONEST KITCHEN"
"6238072","1","0","LST","","19.99","10","HK DG HRVST MINI BR BF JRKY4oz","THE HONEST KITCHEN"
"6235788","6","0","OOS","","6.29","4.36","HK DG BTCH BLK CK&VG PT 10.5OZ","THE HONEST KITCHEN"
"6501073","6","0","LST","","6.29","4.36","HK DG BTCH BLK TK&DK PT 10.5OZ","THE HONEST KITCHEN"
"6763713","1","0","LST","","27.99","19.03","DR ELSY KIT ATTRACT LTR 20LB","DR. ELSEY'S"
"6507012","1","0","LST","","63.99","44.4","TIKI CT CHK VRTY 24PK 2.8OZ","TIKI CAT"
"6617678","1","0","LST","","39.99","26.4","TIKI CT AFTRDRK VRTY 8PK 5.5OZ","TIKI CAT"
"S2670","1","0","OOS","","0","","WHMZ 15CS BLK DSPLY 1EA","WHIMZEES"
"6744540","1","0","LST","","37.99","25.7","TIKI CT LUAU VRTY 8PK 6OZ","TIKI CAT"
"6657772","1","0","LST","","27.99","18.05","TIKI CT ALOHAFR VRTY 8PK 5.5OZ","TIKI CAT"
"6474043","6","0","LST","","6.29","4.36","HK DG BTCH BLK BF&LM PT 10.5OZ","THE HONEST KITCHEN"
"6763410","1","0","LST","","44.99","22.5","CP DG EVRYTNG HRN NEON GRN 1XL","CANADA POOCH"
"6763406","1","0","LST","","44.99","22.5","CP DG EVRYTNG HRN NEON PNK 1XL","CANADA POOCH"
"6764626","1","0","INOT","","82.99","41.5","CP HARNESS RAINCOAT BLK SZ16","CANADA POOCH"
"1100104","1","0","LST","","23.99","16.21","S&C DG FD DUCK&GSE 5.5OZ","STELLA & CHEWY'S"
"6764506","1","0","LST","","24.99","16.25","NOBA CT SOY CLMP LTR 9.17LB","NOBA"
"6764630","1","0","INOT","","96.99","48.8","CP HARNESS RAINCOAT BLK SZ24","CANADA POOCH"
"6763403","1","0","LST","","37.99","19","CP DG EVRYTNG HRN NEON PNK 1SM","CANADA POOCH"
"1100106","1","0","LST","","21.99","14.86","S&C DG FD LMB 5.5OZ","STELLA & CHEWY'S"
"6763404","1","0","LST","","39.99","20","CP DG EVRYTNG HRN NEON PNK 1MD","CANADA POOCH"
"6760985","1","0","LST","","25.99","17.28","OPFM DG GB FD WG WLD SLM 8OZ","OPEN FARM"
"6764628","1","0","INOT","","88.99","44.5","CP HARNESS RAINCOAT BLK SZ20","CANADA POOCH"
"6764631","1","0","INOT","","98.99","49.5","CP HARNESS RAINCOAT BLK SZ26","CANADA POOCH"
"6763409","1","0","LST","","42.99","21.5","CP DG EVRYTNG HRN NEON GRN 1LG","CANADA POOCH"
"6763405","1","0","LST","","42.99","21.5","CP DG EVRYTNG HRN NEON PNK 1LG","CANADA POOCH"
"6640352","1","0","LST","","74.99","45","ZEUS DG CASCADE FTAN 6L ","ZEUS"
"6763407","1","0","LST","","37.99","19","CP DG EVRYTNG HRN NEON GRN 1SM","CANADA POOCH"
"6763408","1","0","LST","","39.99","20","CP DG EVRYTNG HRN NEON GRN 1MD","CANADA POOCH"
"6760982","1","0","LST","","25.99","17.28","OPFM DG GB FD WG BEEF 8OZ","OPEN FARM"
"6616456","1","0","NEW","","10.99","6","ZEUS DG TRPL ACTN FILTER 2PK","ZEUS"
"6764629","1","0","INOT","","91.99","46","CP HARNESS RAINCOAT BLK SZ22","CANADA POOCH"
"6764625","1","0","INOT","","76.99","38.5","CP HARNESS RAINCOAT BLK SZ14","CANADA POOCH"
"6764627","1","0","INOT","","85.99","43","CP HARNESS RAINCOAT BLK SZ18","CANADA POOCH"
"6766847","1","0","LST","","159.99","96","PSFE DG NANOBARK COLLAR 1EA","PETSAFE"
"6760978","1","0","LST","","25.99","17.28","OPFM DG GB FD WG CHK 8OZ","OPEN FARM"
"6764632","1","0","INOT","","102.99","51.5","CP HARNESS RAINCOAT BLK SZ28","CANADA POOCH"
"6764580","1","0","INOT","","70.99","35.5","CP HARNESS RAINCOAT BLK SZ10","CANADA POOCH"
"6235793","6","4","LST","","6.29","4.36","HK DG BTCH BLK BF&CH PT 10.5OZ","THE HONEST KITCHEN"
"6763711","1","0","LST","","125.99","95.44","SD DG AD 7+ VIT CHK 21.5LB","HILL'S SCIENCE DIET"
"6474596","6","0","LST","","6.29","4.36","HK DG 1POT BF&LMB STW 10.5OZ","THE HONEST KITCHEN"
"6764624","1","0","INOT","","72.99","36.5","CP HARNESS RAINCOAT BLK SZ12","CANADA POOCH"
"6235790","6","0","LST","","6.29","4.36","HK DG BTCH BLK TK&VG PT 10.5OZ","THE HONEST KITCHEN"
"G4912","1","0","LST","","66.99","44.3","WEL CT CORE GF INDOOR 11LB","WELLNESS"
"6640021","12","0","LST","","5.19","3.6567","HK DG SK&CO SL TPR 5.5OZ","THE HONEST KITCHEN"
"6640019","12","0","LST","","5.19","3.6567","HK DG IMNE BF TPR 5.5OZ","THE HONEST KITCHEN"
"6640022","12","0","LST","","5.19","3.6567","HK DG H&J CHK TPR 5.5OZ","THE HONEST KITCHEN"
"G8938","1","0","LST","","66.99","44.3","WEL CT CORE GF TK&DK 11LB","WELLNESS"
"1102229","1","0","LST","","36.99","25.65","WEL CT CMPL HLTH GF CHK 5LB","WELLNESS"
"G7945","1","0","LST","","34.99","25.65","WEL CT CMPL HLTH GF AD CHK 5LB","WELLNESS"
"1101349","1","0","LST","","36.99","25.65","WEL CT CMPL HLTH GF SM&HRG 5LB","WELLNESS"
"6763262","1","0","LST","","66.99","46.25","WEL CHK TK GR VAR 24PK 3OZ","WELLNESS"
"1101857","1","0","LST","","672.99","303.09","ETTA DG DEER CHEW DISPLAY54CT","ETTA SAYS!"
"6739560","1","0","LST","","51.99","33.73","HK DG WF CLSTR GF SB BF 4LB","THE HONEST KITCHEN"
"6764764","12","2.25","LST","","2.39","1.5","GO! CT BST WHT CHK&TNA 2.5OZ","GO! SOLUTIONS"
"6764885","1","0","LST","52479","9.99","5","P&F DG TRAVEL H20 BTL 10oz","POUNCE & FETCH"
"6764766","12","0","LST","","2.39","1.5","GO! CT BST CHKDK 2.5OZ","GO! SOLUTIONS"
"6764763","12","3","LST","","2.39","1.5","GO! CT BST IMM CHK&SMN 2.5OZ","GO! SOLUTIONS"
"6761045","1","0","LST","","41.99","20.99","LIQVT DG PRE POST BIOTIC 32OZ","LIQUID-VET"
"6764882","1","0","LST","52489","11.99","6","P&F DG TRAVEL H20 BTL 24OZ","POUNCE & FETCH"
"6235451","1","0","LST","","51.99","36.6","WEL CT CMPL HLTH GF C&T 11.5LB","WELLNESS"
"6763269","1","0","LST","","66.99","46.25","WEL CT CMPL SEA VAR 24PK 3OZ","WELLNESS"
"6471433","1","0","LST","","34.99","24.03","WEL CH SEA VP 12PK 3OZ","WELLNESS"
"6471432","1","0","OOS","","34.99","24.03","WEL CT CK TK GRV VAR 12PK 3OZ","WELLNESS"
"6764762","12","2","LST","","2.39","1.5","GO! CT BST BH CHK&SLM 2.5OZ","GO! SOLUTIONS"
"6228207","1","0","LST","","51.99","36.6","WEL CT CMPL HLTH GF CHK 11.5LB","WELLNESS"
"6761533","1","0","LST","","66.99","46.25","WEL CH CK & TK VP 24PK 3OZ","WELLNESS"
"6763270","1","0","LST","","45.99","36.9","WEL CT PATE VAR 12PK 5.5OZ","WELLNESS"
"X8870","1","0","LST","","16.99","10.19","HK DG BOOST BEEF BROTH 3.6OZ","THE HONEST KITCHEN"
"X7527","1","0","LST","","299.99","194.99","ZM SNK KIT 40GAL","ZOO MED"
"X6698","1","0","LST","","85.99","51.7","ZM RPSN T5 OP HD 14IN","ZOO MED"
"G9805","1","0","LST","","109.99","65.78","ZM RPSN T5 HO HD 24IN","ZOO MED"
"G3538","1","0","LST","","44.99","22.5","ZM RPSN T5 HO 5 UBV 22IN","ZOO MED"
"6761412","1","0","OOS","","13.99","6.77","ZM ECO ERTH CCNT CHP 3PK","ZOO MED"
"R2603","1","0","OOS","","15.99","6.66","ZM HYDRBL 2.5LB","ZOO MED"
"E3397","1","0","OOS","","44.99","22.5","ZM RPSN T5 HO 10 UBV 22IN","ZOO MED"
"X6697","1","0","LST","","39.99","20","ZM RPSN T5 HO 10 UBV 12IN","ZOO MED"
"6761411","1","0","LST","","199.99","129.99","ZM FRNT OPN TRRM 25GAL","ZOO MED"
"6228773","1","0","LST","","39.99","20","ZM RPSN T5 HO 5 UBV 12IN","ZOO MED"
"Y5315","1","0","LST","","34.99","17.5","HARI AVN LGHT 26WT","HARI"
"6766796","1","0","LST","","34.99","19.25","ASOBU DG BARKLEY BTL YLW 50OZ","ASOBU"
"6766794","1","0","LST","","44.99","24.75","ASOBU DG SS BUDDY BTL WHT 34OZ","ASOBU"
"6764985","1","0","LST","","44.99","24.75","ASOBU DG SS BUDDY BTL PNK 34OZ","ASOBU"
"6766793","1","0","LST","","44.99","24.75","ASOBU DG SS BUDDY BTL BLU 34OZ","ASOBU"
"6467248","1","0","LST","","20.99","10.45","MX&ML DG SMRTID CLR KIWI 1XS","MAX & MOLLY URBAN PETS"
"6766797","1","0","LST","","34.99","19.25","ASOBU DG BARKLEY BTL BLU 50OZ","ASOBU"
"6766798","1","0","LST","","34.99","19.25","ASOBU DG BARKLEY BTL PNK 50OZ","ASOBU"
"6640018","12","0","LST","","5.19","3.6567","HK DG HRT HLTH TK&SL TPR 5.5OZ","THE HONEST KITCHEN"
"6764785","1","0","LST","","55.99","28.2","MX&ML DG STRBRY HARN 1LG","MAX & MOLLY URBAN PETS"
"G4506","1","0","LST","","36.99","25.8","PTKND DG GF VENISON TRIPE 6LB","PETKIND"
"6764768","1","0","LST","","33.99","17.2","MX&ML DG STRBRY LSH 1IN 6FT","MAX & MOLLY URBAN PETS"
"6467250","1","0","LST","","27.99","14.03","MX&ML DG SMRTID CLR KIWI 1MD","MAX & MOLLY URBAN PETS"
"6764777","1","0","LST","","27.99","14.04","MX&ML DG KIWI LSH 3/5IN 6FT","MAX & MOLLY URBAN PETS"
"6764782","1","0","LST","","47.99","24.2","MX&ML DG KIWI HARN 1MD","MAX & MOLLY URBAN PETS"
"IV604","1","0","LST","","99.99","70.95","PTKND DG GF LMB TRP 25LB","PETKIND"
"6764772","1","0","LST","","31.99","15.65","MX&ML DG SMRTID CLR STRBRY 1LG","MAX & MOLLY URBAN PETS"
"6764776","1","0","LST","","33.99","17.2","MX&ML DG KIWI LSH 1IN 6FT","MAX & MOLLY URBAN PETS"
"G6025","1","0","LST","","109.99","78.09","PTKND DG GF VENISON TRIPE 25LB","PETKIND"
"X0714","1","0","LST","","109.99","78.09","PTKND DG GF SMBT LMB TRP 25LB","PETKIND"
"IV597","1","0","LST","","32.99","22.8","PTKND DG GF LMB TRP 6LB","PETKIND"
"6764781","1","0","ROS","","39.99","20.35","MX&ML DG KIWI HARN 1SM","MAX & MOLLY URBAN PETS"
"6763453","1","0","LST","","155.99","93.35","TRX CT DAYNA TREE 1EA","TRIXIE"
"X1148","1","0","LST","","36.99","25.8","PTKND DG GF RED MEAT 6LB","PETKIND"
"6467251","1","0","LST","","31.99","15.65","MX&ML DG SMRTID CLR KIWI 1LG","MAX & MOLLY URBAN PETS"
"6764773","1","0","LST","","20.99","10.45","MX&ML DG SMRTID CLR STRBRY 1XS","MAX & MOLLY URBAN PETS"
"6764779","1","0","LST","","36.99","18.4","MX&ML DG STRBRY HARN 1XS","MAX & MOLLY URBAN PETS"
"IV605","1","0","LST","","99.99","70.95","PTKND DG GF BEEF TRIPE 25LB","PETKIND"
"IV598","1","0","LST","","33.99","23.6","PTKND DG GF BSN TRIPE 6LB","PETKIND"
"6764769","1","0","LST","","27.99","14.04","MX&ML DG STRBRY LSH 3/5IN 6FT","MAX & MOLLY URBAN PETS"
"6764784","1","0","LST","","55.99","28.2","MX&ML DG KIWI HARN 1LG","MAX & MOLLY URBAN PETS"
"6764778","1","0","LST","","36.99","18.4","MX&ML DG KIWI HARN 1XS","MAX & MOLLY URBAN PETS"
"IV607","1","0","LST","","99.99","70.95","PTKND DG GF BSN TRP 25LB","PETKIND"
"IV599","1","0","LST","","32.99","22.8","PTKND DG GF WLD SALMON 6LB","PETKIND"
"6764783","1","0","LST","","47.99","24.2","MX&ML DG STRBRY HARN 1MD","MAX & MOLLY URBAN PETS"
"6760859","12","0.5","LST","","4.49","2.3025","PERF ULT CT LCKBLE TU&SCLP 2OZ","PERFORMATRIN ULTRA"
"G9036","1","0","LST","","36.99","25.8","PTKND DG GF SMBT LMB TRP 6LB","PETKIND"
"IV606","1","0","LST","","99.99","70.95","PTKND DG GF WLD SALMON 25LB","PETKIND"
"G3131","1","0.25","LST","","29.99","18","JOLLY DG SOCCER BALL ASRTD 8IN","JOLLY PETS"
"6764771","1","0","LST","","27.99","14.03","MX&ML DG SMRTID CLR STRBRY 1MD","MAX & MOLLY URBAN PETS"
"6764780","1","0","LST","","39.99","20.35","MX&ML DG STRBRY HARN 1SM","MAX & MOLLY URBAN PETS"
"X1088","1","0","LST","","109.99","78.09","PTKND DG GF RED MEAT 25LB","PETKIND"
"6764770","1","0","LST","","24.99","12.47","MX&ML DG SMRTID CLR STRBRY 1SM","MAX & MOLLY URBAN PETS"
"IV596","1","0","LST","","32.99","22.8","PTKND DG GF BEEF TRIPE 6LB","PETKIND"
"6760741","12","0","LST","","4.49","2.3025","PERF ULT CT LCKBLE TU&SL 2OZ","PERFORMATRIN ULTRA"
"6739648","1","0","LST","","109.99","78.09","PTKND DG GF SMBT BF TRP 25LB","PETKIND"
"9101094","12","0","LST","","5.59","3.5175","SD DG AD BF VEG STEW 12.8OZ","HILL'S SCIENCE DIET"
"6764949","1","0","LST","","15.99","8.79","CF TUTTI FRUTTI BDNG 10L","CAREFRESH"
"6753234","1","0","LST","1502584","24.99","16.12","SWHEAT SCP CT NAT WHEAT 14lb","SWHEAT SCOOP"
"IS045","1","0","LST","","209.99","126","KT FRST HM MULTI LVL FRT 30IN","KAYTEE"
"6751548","1","0","LST","12921","39.99","32.3","SWHEAT SCP CT NAT WHEAT 28lb","SWHEAT SCOOP"
"6767079","1","0","LST","","39.99","30","INSTCHW SMART MOUSE 1EA","INSTACHEW"
"1103330","1","0","LST","","116.99","83.11","SD CT AD IND 7+ 15.5LB","HILL'S SCIENCE DIET"
"6753317","1","0.5","LST","12924","39.99","32.3","SWHEAT SCP CT MC NAT WH 28lb","SWHEAT SCOOP"
"6739688","1","0","ROS","","169.99","102","KT OPN LVNG HBTT 60IN","KAYTEE"
"6228925","1","0","LST","","103.99","62.36","OXB ENLF HMSTR HBTT 1EA","OXBOW"
"6753316","1","0","LST","1502585","24.99","16.12","SWHEAT SCP CT MC NAT WH 14lb","SWHEAT SCOOP"
"6764948","1","0","LST","","15.99","8.79","CF SEA GLASS BDNG 10L","CAREFRESH"
"6760881","1","0","LST","","18.99","9.6","PERF ULT CT LCKBLE CHK VP 9OZ","PERFORMATRIN ULTRA"
"6764668","1","0","LST","","112.99","80.22","PTKND DG GF WGHT LMB TRP 25LB","PETKIND"
"6764519","1","0","LST","","89.99","45","KT OPN LVNG RFTP ADDON 60IN","KAYTEE"
"6760874","12","0","LST","","4.49","2.3025","PERF ULT CT LCKBLE CK&SHRMP2OZ","PERFORMATRIN ULTRA"
"6764950","1","0","LST","","39.99","24.76","CF TUTTI FRUTTI BDNG 50L","CAREFRESH"
"6764553","1","0","LST","","37.99","26.6","PTKND DG GF WGHT LMB TRP 6LB","PETKIND"
"6764946","1","0","LST","","39.99","24.76","CF SEA GLASS BDNG 50L","CAREFRESH"
"6763267","1","0","LST","","36.99","18.9","OXB ENLF SA PLY PLC 1SM","OXBOW"
"6760893","1","0","LST","","18.99","9.6","PERF ULT CT LCKBLE TUNA VP 9OZ","PERFORMATRIN ULTRA"
"6473674","1","0","LST","","36.99","25.8","PTKND DG GF SMBT BF TRP 6LB","PETKIND"
"IP305","1","0","LST","","125.99","78.66","RCFBN CT SIAMESE 14LB","ROYAL CANIN"
"L4911","1","0","LST","","66.99","40.53","RCFHN CT INDR LNGHR 6LB","ROYAL CANIN"
"6471431","12","0","LST","","5.99","3.9667","NB DG LID BSN & SP 13OZ","NATURAL BALANCE"
"6767161","1","0","LST","","16.99","9.05","PRB DG WILD FD SMELT 2.1oz","PUREBITES"
"6764903","1","0","LST","","17.99","7","JMP DG CLR PNT BLU 1LG","JUMP"
"6764907","1","0","LST","","17.99","7","JMP DG CLR STRIPE RED 1LG","JUMP"
"6764901","1","0","LST","","15.99","6.2","JMP DG CLR PNT BLU 1SM","JUMP"
"6764908","1","0","LST","","14.99","5.78","JMP DG CLR GEO ORG 1XS","JUMP"
"6764997","12","0","LST","","5.99","3.5375","NB DG LID WFSHBRWN RICE 13OZ","NATURAL BALANCE"
"6672922","1","0","LST","","39.99","25.21","RCCCN DG SM DNTL CR 3LB","ROYAL CANIN"
"6764900","1","0","LST","","14.99","5.78","JMP DG CLR PNT BLU 1XS","JUMP"
"6764896","1","0","LST","","14.99","5.78","JMP DG CLR TRZO GRN 1XS","JUMP"
"6767107","1","0","LST","","129.99","103.99","INSTCHW SMART TREAT DSPSNR 1EA","INSTACHEW"
"6764910","1","0","LST","","16.99","6.62","JMP DG CLR GEO ORG 1MD","JUMP"
"6764894","1","0","LST","","16.99","6.62","JMP DG CLR ZIGZAG B&W 1MD","JUMP"
"6764904","1","0","LST","","14.99","5.78","JMP DG CLR STRIPE RED 1XS","JUMP"
"6764893","1","0","LST","","15.99","6.2","JMP DG CLR ZIGZAG B&W 1SM","JUMP"
"6764758","12","0","LST","","2.59","1.6242","GO! DG BST IMM CHK 2.8 OZ","GO! SOLUTIONS"
"6764913","1","0","LST","","15.99","6.2","JMP DG CLR TIE DYE PNK 1SM","JUMP"
"6656277","24","0","LST","","4.49","2.7188","RCFCN CT APPT CTRL LOAF 5.1OZ","ROYAL CANIN"
"6764753","12","0","LST","","2.59","1.6242","GO! DG BST IMN CH SL 2.8OZ","GO! SOLUTIONS"
"6764755","12","0","LST","","2.59","1.6242","GO! DG BSTJNT CHSLDK 2.8OZ","GO! SOLUTIONS"
"6764892","1","0","LST","","14.99","5.78","JMP DG CLR ZIGZAG B&W 1XS","JUMP"
"6764897","1","0.25","LST","","15.99","6.2","JMP DG CLR TRZO GRN 1SM","JUMP"
"6764754","12","0","LST","","2.59","1.6242","GO! DG BST JNT CHK 2.8OZ","GO! SOLUTIONS"
"6764918","1","0","LST","","24.99","9.65","JMP DG LSH PNT BLU 6FT","JUMP"
"6764921","1","0","LST","","24.99","9.65","JMP DG LSH TIE DIE PNK 6FT","JUMP"
"6668765","1","0","LST","","88.99","57.71","RCSHN DG EX SM PUPPY 14LB","ROYAL CANIN"
"6764895","1","0","LST","","17.99","7","JMP DG CLR ZIGZAG B&W 1LG","JUMP"
"6764898","1","0","LST","","16.99","6.62","JMP DG CLR TRZO GRN 1MD","JUMP"
"6764996","12","0","LST","","5.99","3.5375","NB DG LID BF BRWN RICE 13OZ","NATURAL BALANCE"
"6764999","12","0","LST","","5.99","3.9792","NB DG LID DK BRWN RICE 13 OZ","NATURAL BALANCE"
"6764919","1","0","LST","","24.99","9.65","JMP DG LSH STRIPE RED 6FT","JUMP"
"6764902","1","0","LST","","16.99","6.62","JMP DG CLR PNT BLU 1MD","JUMP"
"6764917","1","0.25","LST","","24.99","9.65","JMP DG LSH TRZO GRN 6FT","JUMP"
"6764911","1","0","LST","","17.99","7","JMP DG CLR GEO ORG 1LG","JUMP"
"6672923","1","0","LST","","72.99","45.53","RCFCN CT HAIR&SK CARE AD 6LB","ROYAL CANIN"
"6253980","12","0","LST","","5.99","3.5333","NB FAT DOG LO CAL 13OZ","NATURAL BALANCE"
"6764751","12","0.25","OOS","","2.59","1.6242","GO! DG BST TRQ CHK 2.8 OZ","GO! SOLUTIONS"
"6764756","12","0.5","LST","","2.59","1.6242","GO! DG BSTTRQDKSLCHK 2.8OZ","GO! SOLUTIONS"
"6480573","1","0","OOS","","699.99","480","INSTCHW SMART LTR BOX 1EA","INSTACHEW"
"6764915","1","0","LST","","17.99","7","JMP DG CLR TIE DYE PNK 1LG","JUMP"
"6767151","1","0.25","LST","","16.99","9.05","PRB DG WILD FD BSN LIVR 2.1OZ","PUREBITES"
"6764899","1","0","LST","","17.99","7","JMP DG CLR TRZO GRN 1LG","JUMP"
"6764752","12","0","LST","","2.59","1.6242","GO! DG BST DGSTCHLMB 2.8OZ","GO! SOLUTIONS"
"6764906","1","0","LST","","16.99","6.62","JMP DG CLR STRIPE RED 1MD","JUMP"
"6764914","1","0","LST","","16.99","6.62","JMP DG CLR TIE DYE PNK 1MD","JUMP"
"6764920","1","0","LST","","24.99","9.65","JMP DG LSH ORG GEOMETRIC 6FT","JUMP"
"6764912","1","0","LST","","14.99","5.78","JMP DG CLR TIE DYE PNK 1XS","JUMP"
"6764909","1","0","LST","","15.99","6.2","JMP DG CLR GEO ORG 1SM","JUMP"
"6764905","1","0","LST","","15.99","6.2","JMP DG CLR STRIPE RED 1SM","JUMP"
"6764916","1","0","LST","","24.99","9.65","JMP DG LSH ZIGZAG B&W 6FT","JUMP"
"6764757","12","0","LST","","2.59","1.6242","GO! DG BST DGT CHKDK 2.8OZ","GO! SOLUTIONS"
"6767541","12","1.5","LST","","2.69","1.36","INABA CT BROTH CHK&TUNA 1.4OZ","INABA"
"6769382","12","0","LST","","2.69","1.36","INABA CT STEW CHK&TUNA 1.4OZ","INABA"
"6769375","12","0","LST","","2.69","1.36","INABA CT STEW CHICKEN 1.4OZ","INABA"
"6769381","12","0.75","LST","","2.69","1.36","INABA CT BSQ CHICKEN 1.4OZ","INABA"
"6501295","1","0.5","LST","","10.99","6.74","RB DG GLZD BF CHK ROLL MD1ea ","REDBARN"
"6769380","12","0","LST","","2.69","1.36","INABA CT BSQ TUNA 1.4OZ","INABA"
"6501296","1","0","LST","","16.99","10.47","RB DG GLZD BF CHK ROLL LG1ea ","REDBARN"
"6769378","12","0","LST","","2.69","1.36","INABA CT BROTH CHICKEN 1.4OZ","INABA"
"6229623","1","0","LST","","4.49","2.77","GREENIES CT DNTL CHKN 2.1OZ","GREENIES"
"6769481","1","0","LST","","9.39","4.67","FFIT DG TPR BMP&SPIKE BALL 5IN","FOUFIT"
"6474125","1","0","LST","","129.99","103.99","INSTCHW DG PURECHW SGT FDR 1EA","INSTACHEW"
"6474126","1","0","OOS","","49.99","36","INSTCHW DG PURRSGT CAMERA 1EA","INSTACHEW"
"6767181","1","0","LST","","34.99","26","INSTCHW SMART MINI CAMERA 1EA","INSTACHEW"
"6769482","1","0","LST","","18.99","9.35","FFIT DG HD&SK TPR ORBIE 4IN","FOUFIT"
"6769479","1","0","LST","","20.99","9.35","FFIT DG HIDE & SEEK SNAIL 1EA","FOUFIT"
"E3858","1","0","LST","","69.99","37.5","K&H CT EZ MOUNT WINDOW BED 1EA","K&H PET PRODUCTS"
"6769553","1","0","LST","","24.99","13","FFIT DG HD&SK KNOT BALL 1LG","FOUFIT"
"6769467","1","0","LST","","17.99","8.83","FFIT DG FZY WZY OCTOPUS 1LG","FOUFIT"
"6769423","1","0","LST","","39.99","23.99","CF BEACH PARTY BDNG 50L","CAREFRESH"
"6769593","1","0","LST","","27.99","16.98","CF BEACH PARTY BDNG 23L","CAREFRESH"
"6761313","1","0","LST","","27.99","13.9","BLSTM DG ORAL KIT CHK 70G","BLUESTEM"
"6767076","1","0","LST","","9.99","6.99","INSTCHW SMART LTR BX LNRS 20PC","INSTACHEW"
"6655983","1","0","LST","","39.99","21.99","ZL MCR HABTT TRRM TRSTL 1SM","ZILLA"
"6769749","1","0","LST","1505051","23.99","13.5","JMP DG RUBR BTS BLK 12PK L","JUMP"
"6769750","1","0","LST","1505052","23.99","13.5","JMP DG RUBR BTS BLK 12PK XL","JUMP"
"6769746","1","0","LST","1505048","21.99","13.25","JMP DG RUBR BTS BLK 12PK XS","JUMP"
"6769745","1","0","LST","1505047","21.99","12.7","JMP DG RUBR BTS BLK 12PK 2XS","JUMP"
"6769748","1","0","LST","1505050","23.99","13.4","JMP DG RUBR BTS BLK 12PK M","JUMP"
"6769747","1","0","LST","1505049","21.99","12.65","JMP DG RUBR BTS BLK 12PK S","JUMP"
"IG360","1","0","LST","","4.99","2.5","TFF GERTY GP SCRUMMIES 4.2OZ","TINY FRIENDS FARM"
"E2178","1","0","OOS","","9.99","5","TFF GERTY GP TASTY MIX 2LB","TINY FRIENDS FARM"
"G9911","1","0","OOS","","8.49","3.5","SS NTRLS MDW LP RBT 2.8OZ","SELECTIVE NATURALS"
"X1319","1","0","LST","","4.99","2.5","TFF HAZEL HMSTR LOVELIES 4.2OZ","TINY FRIENDS FARM"
"B2156","1","0","LST","","9.99","5","TFF RUSSEL RBBT TASTY MIX 2LB","TINY FRIENDS FARM"
"IG356","1","0","LST","","4.99","2.5","TFF RUSSEL RBBT CRNCHRS 4.2oz","TINY FRIENDS FARM"
"X8063","1","0","OOS","","21.99","11","SN GRAIN FR RBT FD 3.3LB","SELECTIVE NATURALS"
"6771149","1","0","LST","","18.99","8.84","MY DOG DG MNKY PLUSH TOY 1EA","MY DOG"
"6234424","1","0.75","LST","","26.99","16.2","THRIVE DG SLMN OIL 500 ML","THRIVE"
"6771148","1","0","LST","","18.99","8.84","MY DOG DG FOX PLUSH TOY 1EA","MY DOG"
"6771275","1","0","LST","","9.99","5.2","TUFFLV DG 2D OCTOPUS TOY 1SM","TUFF LOVE"
"6771193","1","0","LST","84250","29.99","17.05","FLEXI DG AKKU LED LGHT BLK 1EA","FLEXI"
"6769987","1","0","INOT","","25.99","12.15","ESN CT CHLT BED NAVY 13X18IN","ESSENTIALS"
"6771274","1","0.25","LST","","15.99","7.8","TUFFLV DG 2D MONKEY TOY 1MD","TUFF LOVE"
"6770146","1","0","LST","","19.99","9.88","TUFFLV DG MONKEY TOY 1MD","TUFF LOVE"
"6771153","1","0","LST","","22.99","11.43","NGAGE DG HYD HDLR JMBO ORG 1EA","N-GAGE"
"6770170","1","0","LST","","14.99","7","PLATO DG LMB GT MLK JRKY BT6oz","PLATO"
"6771155","1","0","LST","","15.99","7.8","NGAGE DG ACTV HDLR REG RED 1EA","N-GAGE"
"6771154","1","0","LST","","19.99","10.39","NGAGE DG ACTV BMPR REG RED 1EA","N-GAGE"
"6770168","1","0","LST","","14.99","7","PLATO DG BEEF JRKY BTS6OZ","PLATO"
"6770171","1","0","LST","","14.99","7","PLATO DG TRKY PPKN JRKY BTS6OZ","PLATO"
"6770169","1","0","LST","","14.99","7","PLATO DG DK CRNBRY JRKY BTS6OZ","PLATO"
"6771156","1","0","ROS","","19.99","10.7","NGAGE DG CZY BUNGEE ORG 1EA","N-GAGE"
"6771152","1","0","LST","","9.99","5.2","NGAGE DG HYD HNDLR REG RED 1EA","N-GAGE"
"6770173","1","0","LST","","15.99","7.28","HTG DG PLANT MB PMPKN&CNNMN8OZ","HONEST TO GOODNESS"
"6769701","1","0","LST","","36.99","26","PPLN CT KIT LIVECLR CK&R 3.2LB","PURINA PRO PLAN"
"6769812","1","0","OOS","","36.99","28.28","PPLN CT LIVECLEAR SLM&R 3.5LB","PURINA PRO PLAN"
"6666464","2","0","LST","","24.99","16.61","PPLN CT COMP ESNTL VAR PK 12PK","PURINA PRO PLAN"
"6770174","1","0","LST","","15.99","7.28","HTG DG PLANT W2G CCNT&FLAX8OZ","HONEST TO GOODNESS"
"6770172","1","0","LST","","15.99","7.28","HTG DG PLANT BB CRNBRRY&PRM8OZ","HONEST TO GOODNESS"
"6470754","2","0.5","LST","","25.99","18.455","PPLN CT URINARY TRAKT VAR 12PK","PURINA PRO PLAN"
"6770162","1","0","LST","","15.99","7.28","HTG DG PLANT HP APPLE&CNNMN8OZ","HONEST TO GOODNESS"
"6770183","1","0","LST","","14.99","7.5","LJ DG PB&J PILL HIDER6oz","LORD JAMESON"
"6238070","1","0","LST","","19.99","10","THK DG S&T MTY LTTLE BF&SL 4OZ","THE HONEST KITCHEN"
"6770156","1","0","LST","","14.99","7.5","LJ DG APPLE PIE PILL HIDER6oz","LORD JAMESON"
"6238066","1","0","LST","","19.99","10","THK DG S&T MTY LTTLE CHK&SL4OZ","THE HONEST KITCHEN"
"6770160","1","0","LST","","14.99","7.5","LJ DG COOKIE DGH PILL HIDER6oz","LORD JAMESON"
"Y4763","1","0","OOS","","11.99","7.35","PB DG FD BF TPR 3OZ","PUREBITES"
"Y4765","1","0","OOS","","33.99","22.75","PB DG FD LMB TPR 9.5OZ","PUREBITES"
"Y4767","1","0","LST","","33.99","22.75","PB DG FD CHK TPR 10OZ","PUREBITES"
"Y4762","1","0","LST","","11.99","7.35","PB DG FD LMB TPR 2.9OZ","PUREBITES"
"Y4764","1","0","LST","","11.99","7.35","PB DG FD CHK TPR 3OZ","PUREBITES"
"29161","1","0","LST","","11.99","5","RLLVR DG BF CHEWBIES SM 2pc","ROLLOVER"
"Y4766","1","0","OOS","","33.99","22.75","PB DG FD BF TPR 10OZ","PUREBITES"
"55120","1","0","LST","","11.99","5.8","RLLVR DG GCR BF BISC SM 10.6OZ","ROLLOVER"
"55123","1","0","LST","","13.99","6.4","RLLVR DG GCR CHK BISC SM10.6OZ","ROLLOVER"
"6773453","1","0","LST","","13.99","7.2","CRMPN DG HAPPY BITES 4.6OZ","CRUMPS' NATURALS"
"6773426","1","0.25","LST","","13.99","7.2","CRMPN DG BALANCE BITES 4.6OZ","CRUMPS' NATURALS"
"6773452","1","0","LST","","13.99","7.2","CRMPN DG CALM BITES 4.6OZ","CRUMPS' NATURALS"
"6773424","1","0","LST","","13.99","7.2","CRMPN DG IMMUNE BITES 4.6OZ","CRUMPS' NATURALS"
"Z1220","1","0","LST","","11.99","6","MRN RED FRGRND SLK PLNT 6IN","MARINA"
"G2203","1","0","LST","","22.99","11.5","MRN INDG & RD MNYWRT 14IN","MARINA"
"Z1218","1","0","LST","","14.99","7.5","MRN RD&GRN PCKRL SLK PLT 10IN","MARINA"
"6654852","1","0","LST","","27.99","14.03","KM CLMBING PLANT GRN LEAF 24IN","KOMODO"
"6654853","1","0","LST","","27.99","14.03","KM CLIMBING ZEBRINA PLANT 24IN","KOMODO"
"50208","1","0","NEW","","12.99","7.14","BRN CRN GRMT R&M FD 2LB","BROWNS"
"X2875","1","0","LST","","11.99","5.9","KONG DG KIDDOS ELEPHANT 1XS","KONG"
"E7946","1","0","LST","","29.99","14.14","KONG DG COZIE MOOSE 1XL","KONG"
"Z9741","1","0","LST","","8.99","3.73","KONG DG PUPPY CLASSIC 1XS","KONG"
"U8919","1","0","LST","","15.99","7.35","KONG DG EXTREME BALL 1SM","KONG"
"U6282","1","0","LST","","26.99","14.71","KONG DG E-COLLAR CLOUD 1SM","KONG"
"IJ937","1","0","LST","","9.99","5.21","KONG DG SQUEAKAIR BALL 1XL","KONG"
"X8361","1","0","LST","","16.99","8.11","KONG DG GOODIE RIBBON 1SM","KONG"
"U7080","1","0","LST","","22.99","12.25","KONG DG E-COLLAR CLOUD 1XS","KONG"
"U3943","1","0","LST","","19.99","10.69","KONG DG EXTREME BALL 1MDLG","KONG"
"U7082","1","0","LST","","54.99","29.46","KONG DG E-COLLAR CLOUD 1XL","KONG"
"U8583","1","0.25","LST","","9.99","4.46","KONG CT REFIL RAT 1EA","KONG"
"U8097","1","0","LST","","22.99","12","KONG DG WOBBLER 1SM","KONG"
"W8855","1","0","LST","","21.99","11.47","KONG DG EXTREME FLYER 1LG","KONG"
"U7081","1","0","LST","","44.99","24.54","KONG DG E-COLLAR CLOUD 1LG","KONG"
"U8929","1","0","LST","","7.99","3.68","ZM BETTA DIAL-A-TREAT 0.12OZ","ZOO MED"
"6750174","1","0","ROS","","24.99","15.33","TLTL DG BULLY STK HLDR 1LG","TALL TAILS"
"6769777","1","0.25","LST","","28.99","17.1","TLTL DG POSSUM ROPE TOY 1EA","TALL TAILS"
"L8826","1","0","LST","","34.99","15.09","ZM REPTI BSK SPT LMP 2PK 100WT","ZOO MED"
"6408579","1","0","LST","","22.99","12.51","TLTL DG RUBBER PINECONE 1EA","TALL TAILS"
"6776281","1","0","LST","","29.99","18.46","TLTL DG BULLY STK HLDR 1XL","TALL TAILS"
"6771288","1","0","LST","","28.99","15.94","TLTL DG BRAIDED SOFT TUG 1EA","TALL TAILS"
"6776286","1","0","ROS","","29.99","17.74","TLTL DG ANIMATED TURTLE 1EA","TALL TAILS"
"6473852","1","0.25","LST","","31.99","18.89","TLTL DG YETI SQUEAKER TOY 1EA","TALL TAILS"
"R3396","1","0","LST","","26.99","13.5","ZM REPTI BSK SPT LMP 2PK 75WT","ZOO MED"
"6766850","1","0","LST","","31.99","15.75","KM CORNER HUT 6.5IN","KOMODO"
"6776917","200","0","","","0.35","0.31","PM REUSABLE BAG ","PET VALU"
"6776918","200","7.5","","","0.35","0.31","PV REUSABLE BAG ","PET VALU"
"1152875","24","0","LST","","2.49","1.4604","PPLN CT SAVOR CHK&VEG GVY 3OZ","PURINA PRO PLAN"
"6773775","1","0","LST","","24.99","15","CATIT PEA HUSK LVN LTR 12.3LB","CATIT"
"6408438","1","0","LST","","24.99","15","CATIT PEA HUSK VNLA LTR 12.3LB","CATIT"
"6657280","1","0","LST","","17.99","8.85","PRODEN CT PLQOFF SFT CHW 45CT","PRODEN"
"6777319","1","0","LST","","49.99","32.93","KONG DG ULT SFTY TETHER 1EA","KONG"
"6777430","1","0","LST","","32.99","22","KONG DG DLX SWIVEL TETHER 1EA","KONG"
"27439","1","0","LST","","89.99","66.89","PPLN CT URINARY CHK&R 16LB","PURINA PRO PLAN"
"50205","1","0","LST","","26.99","14.84","BRN TRP CRN GRMT GP FD 5LB","BROWNS"
"6776298","1","0","LST","1503458","89.99","58","PSFE DG SSSCAT SPRY DTRNT 1EA","PETSAFE"
"Z9602","1","0","LST","","9.99","5","CATIT CATNIP SPRAY 3OZ","CATIT"
"G6470","1","0","LST","","19.99","10","CATIT 2.0 SOFTENING FILTER 5PK","CATIT"
"25227","1","0","LST","","28.99","20.3","BLU DG AD LPF LMB&BR 6LB","BLUE BUFFALO"
"6654670","1","0","LST","","19.99","10","CATIT FLWR FTN FLTR PD 6PK","CATIT"
"6658184","1","0","LST","","8.99","4.5","CATIT FLWR FTN FLTR 2PK","CATIT"
"6467889","1","0","LST","","9.99","5","CATIT LOOSE CATNIP 2OZ","CATIT"
"6750602","1","0.25","LST","","5.99","3","CATIT LOOSE CATNIP 0.5OZ","CATIT"
"6467888","1","0","LST","","7.99","4","CATIT LOOSE CATNIP 1OZ","CATIT"
"6467890","1","0","LST","","8.99","4.5","CATIT CATNIP&SIVRNE MIX 1OZ","CATIT"
"50207","1","0","LST","","26.99","14.84","BRN TRP CRN GRMT RBT FD 5LB","BROWNS"
"6467891","1","0.25","LST","","9.99","5.5","CATIT CATNIP BUBBLES 5OZ","CATIT"
"90991","1","0","LST","","23.99","13.3","PORG CT NO SCRTCH SPRAY 16OZ","PET ORGANICS"
"6408443","1","0","LST","","14.99","7.5","CATIT PIXI FOUNTN FLTR 6PK","CATIT"
"Y0770","1","0","LST","","34.99","21","CATIT SENSES 2.0 FOOD TREE 1EA","CATIT"
"V5121","1","0","LST","","23.99","13.05","PORG CT NO MARK SPRAY 16OZ","PET ORGANICS"
"6760789","1","0","LST","","109.99","66.35","K9 PRAVENTA 360 LG DG 6PK","PARAPET"
"6760783","1","0","LST","","52.99","32.05","K9 PRAVENTA 360 SM DG 3PK","PARAPET"
"90990","1","0.25","LST","","23.99","13.3","PORG CT NO STAY SPRAY 16OZ","PET ORGANICS"
"6474242","1","0","OOS","","11.99","6","PRIML DG CH&PB GOAT MLK 2OZ","PRIMAL"
"6760785","1","0","LST","","56.99","34.31","K9 PRAVENTA 360 LG DG 3PK","PARAPET"
"6777148","1","0","LST","","106.99","72.68","OPFM DG ANCNT G PUP SLM 22LB","OPEN FARM"
"6739778","1","0","LST","","19.99","9.5","OPFM DG GF CH JRKY STRP5.6oz","OPEN FARM"
"A8142","1","0","LST","","23.99","11","SNTR DG FLEA&TICK OVER 30KG","SENTRY"
"A8140","1","0","LST","","17.99","8","SENTRY DG FLEA&TICK UP 15KG","SENTRY"
"6777143","1","0","LST","","35.99","24.1","OPFM DG GF PUP SLM&SP 4LB","OPEN FARM"
"6474243","1","0","OOS","","11.99","6","PRIML DG CH&PUMP GOAT MLK 2OZ","PRIMAL"
"6760788","1","0","LST","","104.99","63.19","K9 PRAVENTA 360 MD DG 6PK","PARAPET"
"6760784","1","0","LST","","54.99","33.4","K9 PRAVENTA 360 MD DG 3PK","PARAPET"
"A8455","1","0","LST","","19.99","9.5","SNTR DG FLEA&TICK UP 30KG","SENTRY"
"6739781","1","0","LST","","19.99","9.5","OPFM DG GF TRK JRKY STRP5.6oz","OPEN FARM"
"6760786","1","0","LST","","59.99","36.11","K9 PRAVENTA 360 DG XL 3PK","PARAPET"
"6474245","1","0","LST","","11.99","6","PRIML DG CH&BANAN GOAT MLK 2OZ","PRIMAL"
"6777147","1","0","LST","","31.99","21.42","OPFM DG ANCNT G PUP SLM 4LB","OPEN FARM"
"6474244","1","0","OOS","","11.99","6","PRIML DG PRK&MAPL GOAT MLK 2OZ","PRIMAL"
"6760787","1","0","LST","","99.99","60.49","K9 PRAVENTA 360 SM DG 6PK","PARAPET"
"6777146","1","0","LST","","113.99","77.43","OPFM DG GF PUP SLM&SP 22LB","OPEN FARM"
"6656719","1","0","OOS","","26.99","14.84","BRN TRP CRN NB RBT FD 4LB","BROWNS"
"X7523","1","0","LST","","39.99","21","CATIT VESPER TUNNEL GRAY","CATIT"
"6473207","24","0","LST","","2.79","1.7083","BLU CT TF FSH&SHMP 5.5OZ","BLUE BUFFALO"
"IY756","1","0","LST","","26.99","17.5","WB DG TRK&RB 5LB","WHOLESOME BLEND"
"IY912","1","0","LST","","26.99","18.39","WB DG CHK&DK 5LB","WHOLESOME BLEND"
"50259","1","0","LST","","28.99","14.5","BRN TRP CRN NB TMTHY HAY 48OZ","BROWNS"
"6232280","1","0.75","LST","","52.99","33.6","INABA CT CHURU VAR PK 50CT","INABA"
"1103949","1","0","LST","","69.99","49.62","GREENIES DG DNTL LRGE 54OZ","GREENIES"
"E4270","1","0","LST","","56.99","35.48","WB CT TK & RB 11LB","WHOLESOME BLEND"
"A9731","1","0","LST","","28.99","16.25","WB CT CHK&DK 5LB","WHOLESOME BLEND"
"A9732","1","0","LST","","28.99","17.03","WB CT SLM&CHK 5LB","WHOLESOME BLEND"
"A4483","1","0","LST","","56.99","33.87","WB CT SLM&CHK 11LB","WHOLESOME BLEND"
"A0691","1","0","LST","","28.99","17.02","WB CT TK&RB 5LB","WHOLESOME BLEND"
"X7444","1","0","LST","","12.99","6.5","CATIT LITTER MAT 1SM","CATIT"
"1103946","1","0","LST","","69.99","49.62","GREENIES DG DNTL TEENIE 54OZ","GREENIES"
"E1643","1","0","LST","","13.99","7.16","T&T DG SWEET POTATO ORG 5.29OZ","THIS & THAT"
"E1645","1","0","LST","","14.99","7.25","T&T DG SWP BLUEBERRY 5.3OZ","THIS & THAT"
"1103948","1","0","LST","","69.99","49.62","GREENIES DG DNTL REG 54OZ","GREENIES"
"X7445","1","0","LST","","21.99","11","CATIT LITTER MAT 1LG","CATIT"
"E1644","1","0","LST","","14.99","7.25","T&T DG SWP APPLE 5.3OZ","THIS & THAT"
"1103947","1","0","LST","","69.99","49.62","GREENIES DG DNTL PETITE 54OZ","GREENIES"
"6759849","1","0","LST","","34.99","17.5","CATIT AIRSIFT PURIFR PAD 6PK","CATIT"
"1102632","1","0","LST","","19.99","13.19","LT DG PERFORMANCE 5LB","LIFETIME"
"6759848","1","0","LST","","13.99","7","CATIT AIRSIFT PURIFR PAD 2PK","CATIT"
"6776934","1","0","LST","","14.99","10.6","RLLVR DG WF SLM 800G","ROLLOVER"
"6779766","1","0","LST","","16.99","9.34","CLIFFORD DG FLYING DISC 1EA","CLIFFORD"
"E9711","1","0","LST","","149.99","90","CATIT VESPER BX WALNUT 1LG","CATIT"
"E9580","1","0","LST","","129.99","78","CATIT VESPER BX WALNUT 1SM","CATIT"
"6739780","1","0","LST","","19.99","9.5","OPFM DG GF SLMN JRKY STRP5.6oz","OPEN FARM"
"6777376","1","0","LST","","16.99","9.99","ACANA DG IMMUNE CHKN STRPS4oz","ACANA"
"Y0372","1","0","LST","40702","9.99","5","FL CLEARX MEDIA INSERT 4PK","FLUVAL"
"6777382","1","0","LST","","121.99","83.04","ORIJEN DG LB AD 25LB","ORIJEN"
"6777407","1","0","LST","","27.99","18.24","ACANA DG HLTH GR PUP S&F4LB","ACANA"
"6777444","1","0","LST","","93.99","60.24","ACANA DG HLTH GRN S/STR 22.5LB","ACANA"
"6777442","1","0","LST","","96.99","62.19","ACANA DG HLTH GR PUP SF22.5LB","ACANA"
"6777375","1","0","LST","","16.99","9.99","ACANA DG CHEWY TENDER BEEF4oz","ACANA"
"6777443","1","0","LST","","27.99","18.24","ACANA DG HLTHY GRNS S/STR 4LB","ACANA"
"6739779","1","0","LST","","19.99","9.5","OPFM DG GF BF JERKY STRPS5.6oz","OPEN FARM"
"6777377","1","0","LST","","16.99","9.99","ACANA DG S&C SLMN STRPS4oz","ACANA"
"W6699","1","0","LST","","17.99","9.43","NV CT HAIRBALL GEL CHK 3OZ","NUTRI-VET"
"W6700","1","0","LST","","17.99","9.43","NV CT HIP&JOINT PAW GEL 3OZ","NUTRI-VET"
"W6701","1","0","LST","","17.99","9.43","NV CT MULTI-VITE GEL 3OZ","NUTRI-VET"
"Q5121","1","0","LST","","82.99","41.58","VN ENCLOSED CAT PAN 1EA","VAN NESS"
"50541","1","0","LST","","169.99","102","CATIT VESPER BASE WALNUT 33IN","CATIT"
"50544","1","0","ROS","","259.99","156","CATIT VESPER DBL WALNUT 40IN","CATIT"
"Z1031","1","0","LST","","22.99","11.45","HH KNOTTIE OCTOPUS 1SM","HUGGLEHOUNDS"
"6654982","1","0","ROS","","99.99","43.5","MD DG ULT WK AWY BCKPK GRY 1EA","MOBILE DOG GEAR"
"6777481","1","0","LST","","88.99","60.02","GO! DG GUT HLTH WG CHK 22LB","GO! SOLUTIONS"
"6739792","1","0","LST","","47.99","32.69","VE DG FD RAW CK PATTIES 14oz","VITAL ESSENTIALS"
"6777318","1","0","LST","","25.99","17.53","GO! DG WGTJNT GF SLM 3.5LB","GO! SOLUTIONS"
"6777488","1","0","LST","","72.99","49.23","NOW DG GG SB AD WG SLM 12LB","NOW FRESH"
"6777379","1","0","LST","","23.99","16.18","GO! DG GUT HLTH WG CHK 3.5LB","GO! SOLUTIONS"
"6777378","1","0","LST","","1.49","0.05","GO! DG GUT HLTH WG CHK SMP","GO! SOLUTIONS"
"6779953","1","0","LST","","1.49","0.05","NOW DG GG SB AD WG SLM SMP","NOW FRESH"
"6777368","1","0","LST","","99.99","67.44","GO! DG WGT JNT GF SLM 22LB","GO! SOLUTIONS"
"6777317","1","0","LST","","1.49","0.05","GO! DG WGT JNT GF SLM SMP","GO! SOLUTIONS"
"6779928","1","0","LST","","33.99","22.93","NOW DG GG SB AD WG SLM 3.5LB","NOW FRESH"
"6779954","1","0","LST","","109.99","74.19","NOW DG GG AD WG SLM 22LB","NOW FRESH"
"6777687","1","0","LST","","104.99","70.81","NOW DG GG AD WG CHK 22LB","NOW FRESH"
"6779955","1","0","LST","","1.49","0.05","NOW DG GG AD WG SLM SMP","NOW FRESH"
"6777482","1","0","LST","","1.49","0.05","NOW DG GG AD WG CHK SMP","NOW FRESH"
"6739796","1","0","LST","","67.99","46.58","VE DG FD RAW DK PATTIES 14oz","VITAL ESSENTIALS"
"6777483","1","0","LST","","67.99","45.86","NOW DG GG SB AD WG CHK 12LB","NOW FRESH"
"6777336","1","0","LST","","64.99","43.83","GO! DG WGT JNT GF SLM 12LB","GO! SOLUTIONS"
"6777486","1","0","LST","","29.99","20.23","NOW DG GG SB AD WG CHK 3.5LB","NOW FRESH"
"6777337","1","0","LST","","26.99","18.21","NOW DG GG AD WG CHK 3.5LB","NOW FRESH"
"6779960","1","0","LST","","29.99","20.23","NOW DG GG AD WG SLM 3.5LB","NOW FRESH"
"6777480","1","0","LST","","58.99","39.79","GO! DG GUT HLTH WG CHK 12LB","GO! SOLUTIONS"
"6739790","1","0","LST","","49.99","34.05","VE DG FD RAW BF PATTIES 14oz","VITAL ESSENTIALS"
"6777484","1","0","LST","","1.49","0.05","NOW DG GG SB AD WG CHK SMP","NOW FRESH"
"6739798","1","0","OOS","","76.99","52.75","VE DG FD RAW RB PATTIES 14oz","VITAL ESSENTIALS"
"90270","1","0","LST","","8.99","4.55","KOOK CNIP OIL SPRAY 1OZ","KOOKYKAT"
"IZ516","1","0","LST","","8.99","4.45","NYLABONE BLUE PUP CHEW XS 1EA","NYLABONE"
"90264","1","0","LST","","11.99","5.4","KOOK CNIP TUB 2OZ","KOOKYKAT"
"6773282","1","0","LST","","21.99","12.09","BRN TRP CRN NB AD GP FD 4LB","BROWNS"
"W5397","1","0","LST","6233953","14.99","7.5","LW ECO+ WATER BOTTLE 12OZ","LIVING WORLD"
"6776883","1","0","NEW","","11.99","6","CATIT LASER MOUSE TOY 1EA","CATIT"
"6484549","1","0","LST","","49.99","30","CATIT SENSES 2.0 MSHRM TOY 1EA","CATIT"
"6773283","1","0","LST","","21.99","12.09","BRN TRP CRN NB AD RBT 4LB","BROWNS"
"W5398","1","0","LST","6233954","19.99","10","LW ECO+ WATER BOTTLE 26OZ","LIVING WORLD"
"W5396","1","0.25","LST","6233952","10.99","5.5","LW ECO+ WATER BOTTLE 6OZ","LIVING WORLD"
"6773281","1","0","LST","","26.99","14.84","BRN TRP CRN NB GP FD 4LB","BROWNS"
"6484550","1","0","LST","","8.99","4.5","CATIT 2.0 MSHRM REPL FTHR 6PK","CATIT"
"6617729","1","0","LST","","7.99","4","CATIT PIXI TRT DSPNSR RSTR 1EA","CATIT"
"6764582","1","0","LST","","16.99","8.75","CRMPN DG CHICKEN BITES 3.5OZ","CRUMPS' NATURALS"
"6780602","1","0","LST","","21.99","12.59","OXB CC OMNIVORE 2.47OZ","OXBOW"
"Z0469","1","0","OOS","","33.99","17","MRN A300 AIR PUMP 70GAL","MARINA"
"U0549","1","0","LST","","23.99","12","MRN BATTERY AIR PUMP","MARINA"
"Z5375","1","0","LST","","17.99","10.45","OXB CC HERB APPL BANANA 4.97OZ","OXBOW"
"6780107","1","0","LST","","16.99","8.5","API TURTLE FIX 8OZ","API"
"W6509","1","0","LST","","14.99","7.5","MRN COOL AIR PUMP 5.5GAL","MARINA"
"1507531","1","0","LST","","79.99","40","FLVL M100 ADJ SBMRSBL HTR 100W","FLUVAL"
"U7839","1","0","LST","","29.99","15","MRN A200 AIR PUMP 60GAL","MARINA"
"U9371","1","0","LST","","27.99","13","MRN A100 AIR PUMP 40GAL","MARINA"
"B2076","1","0","LST","","64.99","30.31","OXB ESN ADULT GUINEA PIG 25LB","OXBOW"
"6780583","1","0","INOT","","149.99","74.22","MP DG LSH WRAP CLPSTRP 12PC","MULTIPET"
"Z4440","1","0","OOS","","21.99","12.83","OXB CC CARNIVORE 2.47OZ","OXBOW"
"6239453","1","0","LST","","35.99","17.5","FLVL P50 PRST SBMRSBL HTR 50W","FLUVAL"
"6780599","1","0","LST","","21.99","12.83","OXB CC HERB PAPAYA 3.53OZ","OXBOW"
"1506894","1","0","LST","","9.99","4.94","KONG REFILLABLES TURTLE 1EA","KONG"
"6773310","1","0","LST","","24.99","12.3","ZM JUVE BRD DRGN FD 10OZ","ZOO MED"
"1506895","1","0","ROS","","9.99","4.46","KONG CT REFIL SQUIRREL 1EA","KONG"
"6769373","1","0","LST","","16.99","8.75","CRMPN DG COLGN CHK JRKY 5.4OZ","CRUMPS' NATURALS"
"6773311","1","0","LST","","24.99","12.3","ZM AD BRD DRGN FD 10OZ","ZOO MED"
"6766894","1","0","LST","","28.99","17.46","CF RBT & FRRT LTR 10LB","CAREFRESH"
"76790","1","0","OOS","","34.99","18.67","KONG KING 1xxl","KONG"
"E1648","1","0","LST","","24.99","13.33","T&T DG SWP APPLE 11.46OZ","THIS & THAT"
"IZ517","1","0","OOS","","8.99","4.45","NYLABONE PINK PUP CHEW XS 1EA","NYLABONE"
"64091","1","0","LST","","21.99","10.99","NYLA DG PUP TEETHNG RNG CH 1M ","NYLABONE"
"6769837","1","0","LST","","13.99","7.69","T&T BW DG TRNRS VENISON 5.3OZ","BE WILD"
"E1647","1","0","LST","","24.99","13.33","T&T DG SWP BLUEBERRY 11.46OZ","THIS & THAT"
"6769833","1","0","LST","","13.99","8.04","T&T BW DG CROCODILE STICKS 6PC","BE WILD"
"E1646","1","0","LST","","22.99","12.58","T&T DG SW POTATO ORG 11.46OZ","THIS & THAT"
"6658113","1","0","LST","","12.99","7.29","T&T DG BEEF LUNG 5.3OZ","THIS & THAT"
"6658000","1","0","LST","","15.99","8.27","T&T DG LAMB LUNG 5.3OZ","THIS & THAT"
"6769835","1","0","LST","","13.99","7.69","T&T BW DG KANGAROO STICKS 6PC","BE WILD"
"6780228","1","0.25","OOS","","16.99","7.34","NYLA DG BASTED BLAST CHEW 1M ","NYLABONE"
"6780235","1","0","LST","","18.99","10.13","NYLA DG TACTILE PNT BUTTER 1S ","NYLABONE"
"6780238","1","0","LST","","24.99","15.75","NYLA DG CHW MRSHMLLW STCK 1L ","NYLABONE"
"6776614","1","0","LST","","14.99","6.87","NRTH BSC DG SOFTIE PB BCN 6OZ","NORTHERN BISCUIT"
"6773662","1","0","LST","","13.99","7.69","T&T BW DG EMU STICKS 6PC","BE WILD"
"6500967","1","0","LST","","14.99","7.25","T&T DG SWT POT BACON 5.3OZ","THIS & THAT"
"6780240","1","0","LST","","24.99","11.03","NYLA DG STRNG CHEW PNT TOY 1M ","NYLABONE"
"6658111","1","0","LST","","15.99","7.8","T&T DG 3IN TRACHEA 6PK","THIS & THAT"
"6780232","1","0","LST","","14.99","7.5","NYLA BASTED BLAST CHEW 1S ","NYLABONE"
"6769834","1","0","LST","","13.99","7.69","T&T BW DG VENISON STICKS 6PC","BE WILD"
"6769836","1","0","LST","","13.99","7.69","T&T BW DG BISON STICKS 6PC","BE WILD"
"6776615","1","0","LST","","14.99","6.87","NRTH DG SOFTIE LMB PUMP 6OZ","NORTHERN BISCUIT"
"6780234","1","0","LST","","18.99","9.36","NYLA DG TACTILE TEETH RING 1S ","NYLABONE"
"6776616","1","0","LST","","14.99","6.87","NRTH DG SOFTIE FISH BLUEBR 6OZ","NORTHERN BISCUIT"
"6780241","1","0","LST","","24.99","15.75","NYLA DG DONUT BACON CHEW 1L ","NYLABONE"
"6780199","1","0","LST","","22.99","10.97","NYLA DG BASTED CHEW STEAK 1L ","NYLABONE"
"6780236","1","0","LST","","24.99","15.75","NYLA DG ELK BONE VENISON 1XL ","NYLABONE"
"6658112","1","0","LST","","26.99","12.74","T&T DG 6IN TRACHEA 6PK","THIS & THAT"
"6780239","1","0","LST","","11.99","5.98","NYLA DG BASTED BLAST CHEW 1XS ","NYLABONE"
"6780230","1","0","LST","","26.99","13.5","NYLA DG BASTED BLST CHW STK XL","NYLABONE"
"6500968","1","0","LST","","24.99","13.33","T&T DG SWT POT BACON 11.46OZ","THIS & THAT"
"6780229","1","0","ROS","","17.99","8.59","NYLA DG DONUT BACON CHEW 1MD ","NYLABONE"
"6658114","1","0","LST","","27.99","15.05","T&T DG BEEF LUNG 12.35OZ","THIS & THAT"
"6769840","1","0","LST","","13.99","8.04","TT BW DG CROCODILE TRN 5.3OZ","BE WILD"
"6658264","1","0","LST","","19.99","11","NYLA DG LOBSTR CHEW MIGNON 1SM","NYLABONE"
"6749567","1","0","LST","","7.29","3.32","KM SMART DISH 5IN","KOMODO"
"6773301","1","0","OOS","","6.99","3.25","BRN TRP CRN NTRL TMTY SNKT 3OZ","BROWNS"
"6230991","1","0","LST","","16.99","8.83","PLAY DG ZMRX FANTASTUG 1SM","PLAY"
"6783132","1","0","","","1.49","0.05","GO! CT WGT&JNT GF SL SMP","GO! SOLUTIONS"
"6773307","1","0","LST","","48.99","26.94","BRN TRP CRN GRMT GP FD 10LB","BROWNS"
"6773285","1","0","NEW","","6.99","3.25","BRN TRP CRN NTRL P&C TRT 3.5OZ","BROWNS"
"6770055","1","0","LST","","25.99","12.36","KM RAVEN SKULL 8IN","KOMODO"
"6774051","1","0","LST","","21.99","10.75","KM COCONUT COIR FIBRE PAD 30IN","KOMODO"
"6230986","1","0","LST","","17.99","9.35","PLAY DG ZMRX INCREDIBALL 1SM","PLAY"
"6773654","1","0","LST","","31.99","15.8","KM WHT VEIN STANDING PLNT 18IN","KOMODO"
"6769397","1","0","OOS","","16.99","8.5","SS BATHING SAND 2.2LB","SCIENCE SELECTIVE"
"6212858","1","0","LST","","9.99","4.5","PERF ULT CHS PUFF TRD 2.5OZ","PERFORMATRIN ULTRA"
"6783131","1","0","","","1.49","0.05","GO! CT GT HLTH CHK WG SMP","GO! SOLUTIONS"
"6773636","1","0","LST","","23.99","11.95","KM FOREST LOG 9.5IN","KOMODO"
"6773297","1","0","NEW","","6.99","3.25","BRN TRP CRN NTRL GRDN HRVT 3OZ","BROWNS"
"6773306","1","0","LST","","48.99","24.5","BRN TRP CRN NB TMTHY HAY 96OZ","BROWNS"
"6773323","1","0","LST","","39.99","19.5","KM COCONUT COIR FIBER PAD 36IN","KOMODO"
"6230989","1","0","LST","","22.99","11.95","PLAY DG ZMRX INCREDIBALL 1LG","PLAY"
"6774046","1","0","LST","","51.99","25.98","KM BONSAI TREE 10IN","KOMODO"
"6773304","1","0","LST","","15.99","8","BRN TRP CRN NB TMTHY HY 24OZ","BROWNS"
"6230994","1","0","LST","","21.99","11.43","PLAY DG ZMRX FANTASTUG 1LG","PLAY"
"6773308","1","0","LST","","48.99","26.94","BRN TRP CRN GRMT RBT FD 10LB","BROWNS"
"6769606","1","0","OOS","","11.99","6","TFF HARRY HMSTR FRT & NUT 2LB","TINY FRIENDS FARM"
"6773284","1","0","LST","","16.99","9.34","BRN TRP CRN NB AD CHNCH FD 3LB","BROWNS"
"6773655","1","0","LST","","31.99","15.8","KM MONSTERA STANDING PLNT 18IN","KOMODO"
"6780186","1","0","LST","","19.99","10.26","PTSTG DG DNTL CHEW MINI SM 3PK","PETSTAGES"
"90983","1","0.25","LST","","17.99","9.05","SAFARI CT COMP BRSH 1ea","COASTAL PET PRODUCTS"
"V8892","1","0","LST","","19.99","10.8","OH SQUAWKER GRANDMA CH LG 1EA","OUTWARD HOUND"
"6780185","1","0","LST","","8.99","4.19","PTSTG DG CUTIECHW HDGHG BL 1EA","PETSTAGES"
"48927","1","0","LST","","19.99","10.8","OH SQUAWKER EARL TAN LG 1EA","OUTWARD HOUND"
"6780181","1","0","LST","","34.99","18.7","PTSTG DG WD ORG FRSH BR LG 2PK","PETSTAGES"
"6780179","1","0","LST","","19.99","10","OTWDHD DG FRE BTRZ FOX RCN 2PK","OUTWARD HOUND"
"6780182","1","0.25","LST","","27.99","14","PTSTG DG WD ORG CALM MD 2PK","PETSTAGES"
"Q9419","1","0","LST","","16.99","8.7","SAFARI CT SFT SLCKR 1ea","COASTAL PET PRODUCTS"
"X3136","1","0","LST","","7.99","3","MMTH DG XFRSH 2KNT RPE 1SM","MAMMOTH"
"F1238","1","0","OOS","","18.99","11.55","CRMP DG FD BF BITES 5.6OZ","CRUMPS' NATURALS"
"1502146","1","0","ROS","","19.99","9.03","OXB GARDEN SLECT ADULT GP 4LB","OXBOW"
"IY867","1","0.25","NEW","","9.99","5.4","MMTH DG XTRA 3KNT RPE TUG 1MD","MAMMOTH"
"A8163","1","0","LST","","11.99","5.78","MMTH DG XTRA 2KNT RPE BNE 1LG","MAMMOTH"
"G0162","1","0","LST","","9.99","5.5","CRMP DG MINI TRAIN FD BF 1.9OZ","CRUMPS' NATURALS"
"6739794","1","0","LST","","49.99","34.05","VE DG FD RAW TK PATTIES 14oz","VITAL ESSENTIALS"
"6666268","1","0","LST","","17.49","9.25","CRMP DG MINI TRAINER DCK 10.OZ","CRUMPS' NATURALS"
"IY869","1","0","LST","","5.99","2.89","MMTH DG XTRA 2KNT RPE BNE 1SM","MAMMOTH"
"X2576","1","0","OOS","","9.99","5.5","CRMP DG MINI TRAIN CH 4.7OZ","CRUMPS' NATURALS"
"Q5823","1","0","LST","","18.99","11.5","CRMP DG NAT LIVER FILLETS 6OZ","CRUMPS' NATURALS"
"G4072","1","0","OOS","","9.99","5.5","CRMP DG MINI TRAIN BF 4.7OZ","CRUMPS' NATURALS"
"A8164","1","0","LST","","17.99","9.75","MMTH DG XTRA 3KNT RPE TUG 1LG","MAMMOTH"
"1502145","1","0","ROS","","18.99","8.91","OXB GARDEN SLECT ADULT RBT 4LB","OXBOW"
"E9941","1","0","LST","","8.99","5.5","CRMP DG BF LIVER SPRINKL 4.2OZ","CRUMPS' NATURALS"
"IY868","1","0","LST","","6.99","3.75","MMTH DG XTRA 2KNT RPE BNE 1MD","MAMMOTH"
"X3137","1","0","LST","","9.99","5.25","MMTH DG XFRSH 2KNT RPE 1MD","MAMMOTH"
"X3138","1","0","LST","","12.99","6.25","MMTH DG XFRSH 2KNT RPE 1LG","MAMMOTH"
"F5906","1","0","LST","","34.99","16.3","MMTH DG 2KNT CLSL RPE TUG 1XXL","MAMMOTH"
"6666266","1","0.75","LST","","17.49","9.25","CRMP DG MINI TRAIN LMB 10.6OZ","CRUMPS' NATURALS"
"IC758","1","0","LST","","29.99","18","CRMP DG NAT SP FILLETS 21.6OZ","CRUMPS' NATURALS"
"75465","1","0","LST","","11.99","5.45","MMTH DG 2KNOT CLR RPE BNE 1XL","MAMMOTH"
"A8165","1","0","LST","","6.99","3.35","MMTH DG XTRA 3KNT RPE TUG 1SM","MAMMOTH"
"A2256","1","0","LST","","39.99","20.99","MMTH DG XTRA 4 KNT TUG 1XXL","MAMMOTH"
"U2634","1","0","LST","","9.99","5.5","CRMP DG FD BF BITES 2.5OZ","CRUMPS' NATURALS"
"IZ886","1","0","LST","","35.99","20.2","MMTH DG XTRA 5KNT TUG 1XL","MAMMOTH"
"F1167","1","1","LST","","28.99","18","CRMP DG FD BF BITES 10OZ","CRUMPS' NATURALS"
"6783200","1","0","LST","1500222","34.99","22.74","LITTER GENIE DESIGN PAIL 1EA","LITTER GENIE"
"6783202","1","0","LST","","4.99","2.8","LITTER GENIE LTR SCOOP 1EA","LITTER GENIE"
"6770117","1","0","LST","1506772","24.99","10.5","F4L CT DCRTV LTR PAN 20IN","FRESH 4 LIFE"
"6773633","1","0","LST","1506774","69.99","35.55","F4L CT DCRTV HOOD LTR BOX 1EA","FRESH 4 LIFE"
"6783147","20","0","LST","","39.99","18","PERF ULT DG REG BULL STCK36IN","PERFORMATRIN ULTRA"
"6782919","1","0","LST","","17.99","9.75","MMTH DG XTRA 4KNT RPE TUG 1LG","MAMMOTH"
"6785571","1","0","LST","","13.49","6.75","ER DG DEO RFRSH MST WT BSL 8OZ","EARTH RATED"
"6469659","1","0","LST","","18.99","10.5","MMTH DG XTRA MNKY FST RPE 1MD","MAMMOTH"
"6783038","1","0","LST","","69.99","35","GFP DG ACRYLIC FEEDER 1SM","GF PET"
"6666317","1","0","LST","","349.99","210","CATIT VESPER TREEHOUSE 1MD","CATIT"
"6782932","1","0.25","NEW","","24.99","9.62","MMTH DG XTRA SNKBTR RPE 1MD","MAMMOTH"
"6666208","1","0","LST","","199.99","150","FTCT CT BACKPACK NAVIGATOR EA","TRAVEL CAT"
"6656670","1","0","LST","","129.99","86.9","FTCT CT BACKPACK GREY MINI EA","TRAVEL CAT"
"6238317","1","0","OOS","","49.99","25","GFP DG WOOD & METAL FEEDER 1SM","GF PET"
"6656668","1","0","LST","","179.99","115.5","FTCT CT BACKPACK CHARCOAL L EA","TRAVEL CAT"
"75464","1","0","LST","","7.99","4.05","MMTH DG 2KNOT CLR RPE BNE 1LG","MAMMOTH"
"6480478","1","0","LST","","74.99","45","CATIT PIXI SCRATCHER WIDE 1EA","CATIT"
"6473701","1","0","OOS","","84.99","45.85","GFP DG WOOD & METAL FEEDER 1XL","GF PET"
"6656671","1","0","LST","","129.99","86.9","FTCT CT BACKPACK PURP MINI EA","TRAVEL CAT"
"6761228","1","0","LST","","17.99","9.75","MMTH DG X PB 3KNT RPE TUG 1LG","MAMMOTH"
"6761227","1","0","LST","","11.99","6.5","MMTH DG X PB 3KNT RPE TUG 1MD","MAMMOTH"
"6638399","1","0","LST","","35.99","18","CATIT PIXI RPLCE BOARD WIDE1EA","CATIT"
"6761226","1","0","LST","","6.99","3.6","MMTH DG X PB 3KNT RPE TUG 1SM","MAMMOTH"
"1506927","1","0","LST","","21.99","11.48","KONG GOODIE RIBBON 1MD","KONG"
"75554","1","0","LST","","21.99","11.75","MMTH DG 3KNOT CLR RPE TUG 1XL","MAMMOTH"
"6783023","1","0","LST","","89.99","45","GFP DG ACRYLIC FEEDER 1MD","GF PET"
"75462","1","0","LST","","4.99","2.15","MMTH DG 2KNOT CLR RPE BNE 1SM","MAMMOTH"
"6236246","1","0","LST","","199.99","120","CATIT VESPER HI BASE OAK 47IN","CATIT"
"6783199","1","0","LST","","19.99","12.4","LITTER GENIE JUMBO ECO RFL 1EA","LITTER GENIE"
"6785609","1","0","INOT","","124.99","53.63","CI DG NFD MD ECO BALL CS 12PC","CHUCKIT"
"6672961","1","0","LST","","349.99","210","CATIT VESPER PATIO 1LG","CATIT"
"1501507","1","0","LST","","12.99","6.32","KONG EXTREME 1sm","KONG"
"6750184","1","0","LST","","349.99","210","CATIT VESPER HIGH BS WLNT 53IN","CATIT"
"6776693","1","0","LST","","399.99","240","CATIT VESPER TREEHOUSE 1LG","CATIT"
"1504938","1","0.25","ROS","","11.99","5.9","KONG CMFRT KIDO LION 1xs","KONG"
"6666316","1","0","LST","","259.99","156","CATIT VESPER TREEHOUSE 1SM","CATIT"
"6465526","1","0","OOS","","64.99","32.5","GFP DG WOOD & METAL FEEDER 1LG","GF PET"
"6666209","1","0","LST","","179.99","115.5","FTCT CT BACKPACK AQUA L EA","TRAVEL CAT"
"6480241","1","0","LST","","119.99","60","GFP DG ACRYLIC FEEDER 1LG","GF PET"
"6776694","1","0","LST","","249.99","150","CATIT VESPER PATIO 1SM","CATIT"
"6638400","1","0","LST","","35.99","18","CATIT PIXI REPL CAT TAIL 1EA","CATIT"
"6473702","1","0","OOS","","54.99","27.5","GFP DG WOOD & METAL FEEDER 1MD","GF PET"
"6480479","1","0","LST","","69.99","42","CATIT PIXI SCRTCHR CT TAIL 1EA","CATIT"
"6785589","1","0","INOT","","523.99","245.23","CI DG NFD ECO PDQ 40PC","CHUCKIT"
"6472397","1","0","LST","","219.99","132","CATIT VESPER CUBE TOWER 34IN","CATIT"
"75463","1","0","LST","","6.99","3","MMTH DG 2KNOT CLR RPE BNE 1MD","MAMMOTH"
"6782920","1","0.25","NEW","","17.99","6.82","MMTH DG SNKBTR SHRTY RPE 1MD","MAMMOTH"
"6760343","1","0","LST","","9.99","5.4","MMTH DG MNKY FST DBL RPE 1SM","MAMMOTH"
"6638398","1","0","LST","","35.99","18","CATIT PIXI REPL BOARD TALL 1EA","CATIT"
"6760345","1","0","LST","","22.99","12.3","MMTH DG XTRA DBL RPE TUG 1MD","MAMMOTH"
"6480477","1","0","LST","","69.99","42","CATIT PIXI SCRTCHR TALL 1EA","CATIT"
"78683","25","0","LST","","0","0.2","MK 2024 LLH 25pk","PET VALU"
"6770125","1","0","LST","","36.99","26","TIKI CT AFTRDRK PAT VP 3.OZ","TIKI CAT"
"6782952","1","0","LST","","19.99","10","ER DG CRLY SHMP WT BSL 16OZ","EARTH RATED"
"6740856","1","0","LST","","29.99","20.4","TIKI KIT SHRD VRTY 12PK 2.4.OZ","TIKI CAT"
"6773647","1","0","LST","","31.99","12.75","WM DG ALOE OATMEAL SH CON 16OZ","WELLMARK"
"6782954","1","0.25","LST","","14.99","7.5","ER DG NO RINSE SHMP WT BSL 7OZ","EARTH RATED"
"6675382","1","0","LST","","29.99","20.3","TIKI CT SLV VRTY 12 PK 28.8.OZ","TIKI CAT"
"6672420","1","0","LST","","35.99","24.85","TIKI CT AFTRDRK VRTY 12PK2.8OZ","TIKI CAT"
"6783201","1","0","NEW","","15.99","9.9","LITTER GENIE JUMBO RFL 1EA","LITTER GENIE"
"6777355","1","0","LST","","22.99","15.56","BLU CT AD TF 3 OZ VP","BLUE BUFFALO"
"6777466","1","0","LST","","11.99","7.14","BLU CT TF KT CHK 6PK 3OZ","BLUE BUFFALO"
"6473206","24","0","LST","","2.79","1.7083","BLU CT TF BEEF 5.5OZ","BLUE BUFFALO"
"6783342","1","0","LST","67658","10.99","4.25","FLVL AC20/30 ZEO-CRB INRT 3PK","FLUVAL"
"6777371","1","0","LST","","18.99","9.03","OPFM DG FD BEEF LIVER3oz","OPEN FARM"
"6777309","1","0","LST","","84.99","63.67","BLU DG WILD HW LB AD CK WG24LB","BLUE BUFFALO"
"6783341","1","0","LST","","5.99","3","FLVL AC20/30 CLEAR-CRB INRT","FLUVAL"
"6777326","1","0","LST","","71.99","47.53","BLU CT TF HB IND CHK 15LB","BLUE BUFFALO"
"6476493","1","0","OOS","","57.99","30.89","BLU CT TS S&C SLM 6LB","BLUE BUFFALO"
"6740622","1","0","LST","","13.99","6.6","T&T DG SYDNEYS FSH SNPS3.5oz","THIS & THAT"
"6640347","1","0","LST","","66.99","50.61","BLU DG PUP LPF LAMB 26LB","BLUE BUFFALO"
"6632539","1","0","LST","","44.99","25.62","BLU CT WILD SNR CHK 5LB","BLUE BUFFALO"
"6777281","1","0","LST","","66.99","49.62","BLU DG SR LPF LB CHK 26LB","BLUE BUFFALO"
"6783343","1","0","LST","","12.99","6","FLVL AC20 MEDIA KIT 4PC","FLUVAL"
"6773489","1","0","LST","","13.99","6.6","T&T DG SYDNEYS BLTG HRRNG2.5oz","THIS & THAT"
"6782953","1","0","LST","","19.99","10","ER DG DBL SHMP WT BSL 16OZ","EARTH RATED"
"6776266","1","0","LST","","124.99","84.9","OPFM DG RAWMIX AG TD&TR 20LB","OPEN FARM"
"6474153","10","0","LST","","2.39","1.571","BLU CT TF TSS SLM PATE 2.6oz","BLUE BUFFALO"
"6769838","1","0","LST","","13.99","7.69","BW DG EMU TRAINERS 5.3oz","BE WILD"
"6776935","1","0","LST","","8.99","4.5","PWY PRFCT CT TREAT SPOON EA","PAWSITIVELY PURRFECT"
"6240881","1","0","LST","","29.99","20.3","WB DG PF TKY&PMKN 5LB","WHOLESOME BLEND"
"6777630","30","0","LST","","7.49","3.9517","RB DG BLLY WRPD CLLGN STK1eaM","REDBARN"
"6774255","1","0","LST","","31.99","15.8","ARK DG SOFT BRSHLS TPST 18OZLG","ARK NATURALS"
"6771285","1","0","LST","","13.99","7.69","BW DG BISON TRAINERS5.3oz","BE WILD"
"6761141","1","0","LST","","24.99","16.8","BLU CT TF CHK/TKY 2.6OZ","BLUE BUFFALO"
"6783166","1","0","LST","67690","159.99","107.5","FLVL AC 110 PWR FLTR 110GAL","FLUVAL"
"6777372","1","0","LST","","18.99","9.03","OPFM DG FD LAMB LIVER3oz","OPEN FARM"
"6777352","1","0","LST","","12.99","6.18","OPFM DG BTTR BISCT BF&OTML8oz","OPEN FARM"
"6777475","1","0","LST","","95.99","55","BLU CT TS S&C SLM 15LB","BLUE BUFFALO"
"6770111","1","0","LST","","14.99","7.85","LJ DG LOVEPUFFS GONANAS 4OZ","LORD JAMESON"
"6776259","1","0","LST","","114.99","78.1","OPFM DG RAWMIX AG LG BR 20LB","OPEN FARM"
"6777312","1","0","LST","","25.99","17.8","BLU DG DLGHTS FM/NY S 3.5OZ VP","BLUE BUFFALO"
"6777369","1","0","LST","","12.99","6.18","OPFM DG BTTR BISCT PB&BANNA8oz","OPEN FARM"
"6672921","1","0","OOS","","71.99","46.92","BLU CT TF WGHT MNG CK&BR 15LB","BLUE BUFFALO"
"6237479","1","0","LST","","58.99","40.57","LT DG PRK&OAT 25LB","LIFETIME"
"6780166","1","0","LST","","19.99","13.2","NM CT ADV PLAT CNIP SPR 236ML","NATURE'S MIRACLE"
"6770112","1","0","LST","","14.99","7.85","LJ DG LOVEPUFFS SW BEAT 4OZ","LORD JAMESON"
"6476491","12","0","LST","","4.89","2.965","BLU DG PUP HR CHK 12.5OZ","BLUE BUFFALO"
"6777636","30","0","LST","","11.99","5.645","RB DG BLLY WRPD CLLGN STK1eaLG","REDBARN"
"6777305","1","0","OOS","","84.99","65.92","BLU DG AD WILD LB SL WG 24 LB","BLUE BUFFALO"
"6640353","1","0","LST","","11.99","5.69","B BUL DG FD BISON LIVER2.1oz","BENNY BULLY'S"
"6777327","1","0","LST","","74.99","46.2","BLU CT WILD AD HB CHK 11LB","BLUE BUFFALO"
"6777373","1","0","LST","","13.99","6.65","OPFM DG GOOD BITES SALMON6oz","OPEN FARM"
"6774254","1","0","OOS","","27.99","13.8","ARK DG FRTF BRSHLS TPST 12OZSM","ARK NATURALS"
"6237481","1","0","LST","","48.99","34.66","LT CT CHK&OAT 14LB","LIFETIME"
"6777308","1","0","OOS","","84.99","63.67","BLU DG SNR WILD CKN WG 24LB","BLUE BUFFALO"
"6783165","1","0","LST","67680","99.99","70","FLVL AC 70 PWR FLTR 70GAL","FLUVAL"
"6774257","1","0","LST","","10.99","5.48","ARK DG BRTH BURSTS PMINT 4OZ","ARK NATURALS"
"6777467","1","0","LST","","44.99","25.62","BLU CT WILD ID HB CKN 5LB","BLUE BUFFALO"
"6779701","1","0","LST","","56.99","34.82","WB CT CHK & DK 11LB","WHOLESOME BLEND"
"6411400","1","0","LST","","19.99","12.13","LT DG PK&OAT 5LB","LIFETIME"
"6640847","24","0","LST","","1.99","1.3263","BLU CT TF KIT CHK 3OZ","BLUE BUFFALO"
"6776936","1","0","LST","","12.99","6.5","PWY PRFCT CT CAN COVR OPNR 2PC","PAWSITIVELY PURRFECT"
"6783164","1","0","LST","67670","79.99","54","FLVL AC 50 PWR FLTR 50GAL","FLUVAL"
"6777350","1","0","NEW","","28.99","19.74","BLU CT TF AD PATE 5.5OZ VP","BLUE BUFFALO"
"6655385","1","0","LST","","95.99","55","BLU CT TS WGT/CR CHK 15LB","BLUE BUFFALO"
"6777356","1","0","LST","","12.99","6.18","OPFM DG BTTR BISCT SLM&OTML8oz","OPEN FARM"
"6782951","1","0","LST","","19.99","10","ER DG SH SHMP WT BSL 16OZ","EARTH RATED"
"6240880","1","0","LST","","29.99","20.3","WB DG PF COD&PMKN 5LB","WHOLESOME BLEND"
"6240878","1","0","LST","","109.99","75","WB DG PF COD&PMPKN 25LB","WHOLESOME BLEND"
"6407298","1","0","LST","","85.99","58.11","WB DG CHK&DK 25LB","WHOLESOME BLEND"
"6774256","1","0","LST","","13.49","6.5","ARK DG BRTH BURSTS PMINT ST6OZ","ARK NATURALS"
"6240877","1","0","LST","","109.99","74.03","WB DG PF TRK&PMPKN 25LB","WHOLESOME BLEND"
"6474154","10","0","NEW","","2.39","1.623","BLU CT TF TSS TNA GRVY 2.6oz","BLUE BUFFALO"
"6777315","1","0","LST","","123.99","92.67","SD DG SLM & BRN RICE 33LB","HILL'S SCIENCE DIET"
"6777476","1","0","OOS","","74.99","46.8","BLU CT WILD HLTY W CHK 11LB","BLUE BUFFALO"
"6783163","1","0","LST","67660","69.99","45","FLVL AC 30 PWR FLTR 30GAL","FLUVAL"
"6407033","1","0","LST","","85.99","59.6","WB DG TKY& RB 25LB","WHOLESOME BLEND"
"6474152","10","0","LST","","2.39","1.571","BLU CT TF TSS TK Pate 2.6oz","BLUE BUFFALO"
"6783129","1","0","LST","67650","59.99","37.5","FLVL AC 20 PWR FLTR 20GAL","FLUVAL"
"6783344","1","0","LST","","17.99","8.5","FLVL AC50 MEDIA KIT 4PC","FLUVAL"
"6777353","1","0","OOS","","28.99","19.74","BLU CT AD TF FLK TUNA VP 12PK","BLUE BUFFALO"
"6776233","1","0","LST","","32.99","21.94","OPFM DG FD PUP C&S PATTY10.5OZ","OPEN FARM"
"6785763","1","0","LST","","59.99","28.5","CP DG NEOPRENE HRN BLK 1XL","CANADA POOCH"
"6785671","1","0","LST","","34.99","17.5","CP DG WATERPROF COLLAR LVNRD L","CANADA POOCH"
"6776263","1","0","LST","","36.99","24.78","OPFM DG RAWMIX AG TD&TR 3.5LB","OPEN FARM"
"6776206","1","0","LST","","48.99","32.58","OPFM DG FD PUP C&S 13.5OZ","OPEN FARM"
"6776235","1","0","LST","","50.99","33.91","OPFM DG FD RAWMIX PRAIR 13.5OZ","OPEN FARM"
"6776262","1","0","LST","","129.99","88.29","OPFM DG RAWMIX TD&TR 20LB","OPEN FARM"
"6776255","1","0","LST","","50.99","33.91","OPFM DG FD RAWMIX FR RG 13.5OZ","OPEN FARM"
"6783405","1","0","LST","","29.99","15","CP DG WATERPROF COLLAR LVNRD S","CANADA POOCH"
"6785760","1","0","LST","","52.99","26.5","CP DG NEOPRENE HRN BLK 1MD","CANADA POOCH"
"6785669","1","0","LST","","32.99","16.5","CP DG WATERPROF COLLAR LVNRD M","CANADA POOCH"
"6783408","1","0","LST","","49.99","25","CP DG NEOPRENE HRN BLK 1SM","CANADA POOCH"
"6776257","1","0","LST","","119.99","81.5","OPFM DG RAWMIX LG BR 20LB","OPEN FARM"
"6776256","1","0","LST","","50.99","33.91","OPFM DG FD RAWMIX TD&TR 13.5OZ","OPEN FARM"
"6776261","1","0","LST","","38.99","26.12","OPFM DG RAWMIX TD&TR 3.5LB","OPEN FARM"
"6785761","1","0","LST","","56.99","28.5","CP DG NEOPRENE HRN BLK 1LG","CANADA POOCH"
"6783130","1","0","LST","","67.99","45.86","GO! CT WGT&JNT GF SL 12LB","GO! SOLUTIONS"
"6777152","1","0","LST","","62.99","37.33","TRX CT LORENA WLL MNT GRY 1EA","TRIXIE"
"6777154","1","0","LST","","139.99","84.03","TRX CT MATEO WLL MNT BRDGE 1EA","TRIXIE"
"6783020","1","0","LST","","16.99","7.85","BIONIC DG BONE 1MD","BIONIC"
"6783103","1","0.5","LST","","25.99","17.53","GO! CT WGT&JNT GF SL 3LB","GO! SOLUTIONS"
"6785788","1","0","LST","","59.99","30","CP DG NEOPRENE HRN LVNDR 1XL","CANADA POOCH"
"6779764","1","0","LST","","16.99","10.19","CLIFFORD DG SLIDING FLYER 1EA","CLIFFORD"
"6744025","1","0","LST","","12.99","7.1","MP LSH WRAP DO NOT PET 1EA","MULTIPET"
"6779755","1","0","LST","","16.99","9.34","CLIFFORD DG RUFFNTGH PLSH 1EA","CLIFFORD"
"6777199","1","0","LST","","26.99","9.25","JMP CLR MRTNGL GEO ORG 1MD","JUMP"
"6783270","1","0","LST","","31.99","16","PDH DG BLSSM SNFFLE MT BLU 2PK","PET DREAM HOUSE"
"6782848","1","0","LST","","119.88","61.77","AB DG PUPLOVE BUBBLES PDQ 12PC","ATOMIC BUBBLES"
"6777175","1","0","LST","","24.99","8.6","JMP CLR MRTNGL TRZO GRN 1SM","JUMP"
"6779761","1","0","LST","","11.99","6.59","CLIFFORD DG RPE N WRNGLE 1EA","CLIFFORD"
"6777210","1","0","LST","","32.99","13.75","JMP DG VST HRN TRZO GRN 1SM","JUMP"
"6785756","1","0","LST","","27.99","14","CP DG EASY-ON HRNS BLK 1SM","CANADA POOCH"
"6779762","1","0","LST","","16.99","9.34","CLIFFORD DG FURRY FRD PLSH 1EA","CLIFFORD"
"6777183","1","0","LST","","24.99","8.6","JMP CLR MRTNGL PNT BLU 1SM","JUMP"
"6777316","12","0","LST","","5.79","3.6975","SD DG WT&JT SP VG&TN 12.5OZ","HILL'S SCIENCE DIET"
"6785564","1","0","LST","1504642","18.99","9.19","SKHNR DG HNYSUKL DEODR BIL 8OZ","SKOUT'S HONOR"
"6783097","1","0","LST","","39.99","26.97","GO! CT GUT HLTH CHK WG 6LB","GO! SOLUTIONS"
"6750178","1","0","LST","","12.99","7.1","MP LSH WRAP PET ME PLEASE 1EA","MULTIPET"
"6779756","1","0","LST","","24.99","13.74","CLIFFORD DG HOUSE PZL PLSH 1EA","CLIFFORD"
"6472020","1","0","LST","","38.99","19.5","PDH DG SPIN FDR BLU EASY 1EA","PET DREAM HOUSE"
"6785758","1","0","LST","","32.99","16.5","CP DG EASY-ON HRNS BLK 1LG","CANADA POOCH"
"6783413","1","0","NEW","","44.99","22.5","CP DG WALKING BAG BLK O/S","CANADA POOCH"
"6237294","1","0","LST","","19.99","9.16","HH KNOTTIE RAINBOW TROUT 1SM","HUGGLEHOUNDS"
"6777208","1","0","LST","","34.99","14.6","JMP DG VST HRN ZIGZAG B&W 1LG","JUMP"
"6777172","1","0","LST","","22.99","8","JMP CLR MRTNGL TRZO GRN 1XS","JUMP"
"6785672","1","0","LST","","54.99","27.5","CP DG WATERPROOF LSH BLK L/XL","CANADA POOCH"
"6785751","1","0","LST","","44.99","22.5","CP DG WALKING BAG GRN O/S","CANADA POOCH"
"6783406","1","0","LST","","26.99","13.5","CP DG EASY-ON HRNS BLK 1XS","CANADA POOCH"
"6776812","1","0","NEW","","139.99","84","CATIT PIXI SS 6 MEAL FDR 1EA","CATIT"
"6617472","1","0","LST","","49.99","30","CATIT FLUFFY BED WHITE 20IN","CATIT"
"6235220","1","0","LST","","15.99","8","MCAT SILCN FEED MAT GRY 1EA","MESSY CATS"
"6751227","1","0","LST","52706","9.79","4.95","LITTERLOCKER ECO RFL 1EA","LITTERLOCKER"
"6777211","1","0","LST","","34.99","14.6","JMP DG VST HRN TRZO GRN 1MD","JUMP"
"6785757","1","0","LST","","29.99","15","CP DG EASY-ON HRNS BLK 1MD","CANADA POOCH"
"6777228","1","0","LST","","34.99","14.6","JMP DG VST HRN TIE DYE PNK 1LG","JUMP"
"6777222","1","0","LST","","32.99","13.75","JMP DG VST HRN GEO ORG 1SM","JUMP"
"6529908","1","0","LST","","99.99","51","CATIT PIXI SMRT MSE CAMERA 1EA","CATIT"
"6779986","1","0","LST","","19.99","9.16","HH KNOTTIE MOBIE WHALE 1SM","HUGGLEHOUNDS"
"6777217","1","0","LST","","32.99","13.75","JMP DG VST HRN STRIPE RED 1XS","JUMP"
"6780367","1","0","INOT","","131.94","65.97","FITDOG DG 6PC CLIPSTRIP 1EA","FITDOG"
"6785663","1","0","LST","","34.99","17.5","CP DG WATERPROOF COLLAR BLK L","CANADA POOCH"
"6779985","1","0","LST","","22.99","11.45","HH FLUFFER PENELOPE PIG 1EA","HUGGLEHOUNDS"
"6782930","1","0","LST","","24.99","11.54","BIONIC DG BONE 1LG","BIONIC"
"6777169","1","0","LST","","24.99","8.6","JMP CLR MRTNGL ZIGZAG B&W 1SM","JUMP"
"6779982","1","0","LST","","14.99","7.49","HH HAMLET PIG RUFF-TEX 1LG","HUGGLEHOUNDS"
"6777213","1","0","LST","","32.99","13.75","JMP DG VST HRN PNT BLU 1XS","JUMP"
"6777185","1","0","LST","","28.99","10","JMP CLR MRTNGL PNT BLU 1LG","JUMP"
"6769470","1","0","LST","","13.99","6.99","FFIT DG FZY WZY OCTOPUS 1SM","FOUFIT"
"6773645","1","0","LST","","31.99","16.12","WM DG SEBORRHEA SHMP 16OZ","WELLMARK"
"6773640","1","0","LST","","32.99","18.75","WM DG CHLORHEXIDINE SPRY 8OZ","WELLMARK"
"6785786","1","0","LST","","56.99","28.5","CP DG NEOPRENE HRN LVNDR 1LG","CANADA POOCH"
"6783098","1","0","LST","","65.99","44.51","GO! CT GUTHLTH CHK WG 12LB","GO! SOLUTIONS"
"6785810","1","0","LST","","54.99","27.5","CP DG WATERPROOF LSH GRN L XL","CANADA POOCH"
"6777168","1","0","LST","","22.99","8","JMP CLR MRTNGL ZIGZAG B&W 1XS","JUMP"
"6783026","1","0","LST","","9.99","6","PCHPT DG TRLBLZN BELL BLK 1LG","POOCHIE PETS"
"6779984","1","0","LST","","22.99","11.45","HH FLUFFER LOUISE LAMB 1EA","HUGGLEHOUNDS"
"6782928","1","0","LST","","9.99","4.62","BIONIC DG BONE 1SM","BIONIC"
"6740434","1","0","LST","","119.99","72","CATIT PIXI SMRT VACM CONTNR1EA","CATIT"
"6405432","1","0","LST","","16.99","8.5","MCAT SILCN MAT MARBLE 1EA","MESSY CATS"
"6785664","1","0","LST","","32.99","16.5","CP DG WATERPROOF COLLAR GRN M","CANADA POOCH"
"6783269","1","0","LST","","31.99","16","PDH DG BLSSM SNFFLE MT PNK 2PK","PET DREAM HOUSE"
"6777188","1","0","LST","","22.99","8","JMP CLR MRTNGL STRIPE RED 1XS","JUMP"
"6777171","1","0","LST","","28.99","10","JMP CLR MRTNGL ZIGZAG B&W 1LG","JUMP"
"6785562","1","0","LST","6234139","27.99","14.39","SKHNR DG WD SHMP BIL 16OZ","SKOUT'S HONOR"
"6782925","1","0","LST","","24.99","11.54","BIONIC DG TRT STUFFER 1EA","BIONIC"
"6783410","1","0","LST","","49.99","25","CP DG NEOPRENE HRN LVNDR 1SM","CANADA POOCH"
"6782922","1","0","LST","","19.99","9.23","BIONIC DG URBAN STK 1MD","BIONIC"
"6779767","1","0","LST","","13.99","7.69","CLIFFORD DG LIL NAPPER 1EA","CLIFFORD"
"6777205","1","0","LST","","32.99","13.75","JMP DG VST HRN ZIGZAG B&W 1XS","JUMP"
"6239903","1","0","LST","","19.99","10.39","PLAY DG ZMRX INFINIDISC 1LG","PLAY"
"6776234","1","0","ROS","","167.99","100.8","KURGO DG RUCKSACK GREY 1EA","KURGO"
"6777265","1","0","LST","","24.99","12.5","MSCT CT SILCN MT W SNGL BWL1EA","MESSY CATS"
"6783411","1","0","LST","","49.99","25","CP DG WATERPROOF LSH BLK S/M","CANADA POOCH"
"6777196","1","0","LST","","22.99","8","JMP CLR MRTNGL GEO ORG 1XS","JUMP"
"6779768","1","0","LST","","18.99","10.44","CLIFFORD DG SNFFY MAT PLSH 1EA","CLIFFORD"
"6616570","1","0","LST","","7.99","4","CATIT PIXI SCOOP GREY 1EA","CATIT"
"6783025","1","0","LST","","9.99","6","PCHPT DG TRLBLZN BELL ORG 1SM","POOCHIE PETS"
"6785662","1","0","LST","","32.99","16.5","CP DG WATERPROOF COLLAR BLK M","CANADA POOCH"
"6777189","1","0","LST","","24.99","8.6","JMP CLR MRTNGL STRIPE RED 1SM","JUMP"
"6777203","1","0","LST","","26.99","9.25","JMP CLR MRTNGL TIE DYE PNK 1MD","JUMP"
"6783094","1","0.25","LST","","27.99","18.88","GO! CT GUT HLTH CHK WG 3LB","GO! SOLUTIONS"
"6779763","1","0","LST","","11.99","6.59","CLIFFORD DG TOUGHIE BONE 1EA","CLIFFORD"
"6776207","1","0","ROS","","192.99","115.75","KURGO DG GTRAIN BKPK NAVY 1EA","KURGO"
"6779889","1","0","LST","","82.99","41.58","VN VN HOODED PAN W FLIP DR 1EA","VAN NESS"
"6744024","1","0","LST","","12.99","7.1","MP LSH WRAP TRAINING 1EA","MULTIPET"
"6237293","1","0","LST","","24.99","13.74","HH KNOTTIE RAINBOW TROUT 1LG","HUGGLEHOUNDS"
"6777184","1","0","LST","","26.99","9.25","JMP CLR MRTNGL PNT BLU 1MD","JUMP"
"6480480","1","0","LST","","14.99","7.5","CATIT PIXI SNGL DISH WHITE 1EA","CATIT"
"6783027","1","0","LST","","9.99","6","PCHPT DG TRLBLZN BELL BLK 1SM","POOCHIE PETS"
"6640799","1","0","NEW","","19.99","10","CATIT PIXI FOUNTN SS TOP 1EA","CATIT"
"6779983","1","0","LST","","19.99","10.08","HH FLATTS DG BOBBIE BUNNY 1EA","HUGGLEHOUNDS"
"6777193","1","0","LST","","28.99","10","JMP CLR MRTNGL STRIPE RED 1LG","JUMP"
"6777469","1","0","LST","","14.99","7.79","PLAY DG ZMRX INFINIDISC 1SM","PLAY"
"6480329","1","0","LST","","32.99","16.5","MCAT SILCN FEEDING MAT 1EA","MESSY CATS"
"6779979","1","0","LST","","19.99","10.08","HH FLATTIES REGGIE RACCOON 1EA","HUGGLEHOUNDS"
"6777306","1","0","LST","","43.99","28.65","SD DG PUP SS&S S&BR 4LB","HILL'S SCIENCE DIET"
"6777272","1","0","LST","","39.99","22","MSCT CT SILCN MAT W DBL BWL1EA","MESSY CATS"
"6655242","1","0","LST","","34.99","18.8","BBONE DG FB/WB MED 2PC","BENEBONE"
"6779760","1","0","LST","","17.99","9.89","CLIFFORD DG SNGLE BUD PLSH 1EA","CLIFFORD"
"6776358","1","0","LST","","9.99","5","CATIT AIRSIFT POD 1EA","CATIT"
"6777170","1","0","LST","","26.99","9.25","JMP CLR MRTNGL ZIGZAG B&W 1MD","JUMP"
"6785791","1","0","LST","","54.99","27.5","CP DG WATERPROOF LSH LVND L XL","CANADA POOCH"
"6783404","1","0","LST","","29.99","15","CP DG WATERPROOF COLLAR GRN S","CANADA POOCH"
"6777221","1","0","LST","","32.99","13.75","JMP DG VST HRN GEO ORG 1XS","JUMP"
"6783024","1","0","LST","","9.99","6","PCHPT DG TRLBLZN BELL ORG 1LG","POOCHIE PETS"
"6776813","1","0","LST","","39.99","24","CATIT PIXI SS 6 ML RPL TRY","CATIT"
"6777158","1","0","LST","","155.99","93.54","TRX CT LTR BX PET HOUSE WH 1EA","TRIXIE"
"6785565","1","0","LST","6234141","18.99","9.19","SKHNR DG WD DEODR BIL 8OZ","SKOUT'S HONOR"
"6777224","1","0","LST","","34.99","14.6","JMP DG VST HRN GEO ORG 1LG","JUMP"
"6773643","1","0.5","LST","","32.99","18.75","WM DG CHLORHEXIDINE PADS 50CT","WELLMARK"
"6779989","1","0","LST","","24.99","13.74","HH KNOTTIE MOBIE WHALE 1LG","HUGGLEHOUNDS"
"6782926","1","0","LST","","12.99","6","BIONIC DG BALL 1MD","BIONIC"
"6782927","1","0","LST","","16.99","7.85","BIONIC DG BALL 1LG","BIONIC"
"6777220","1","0","LST","","34.99","14.6","JMP DG VST HRN STRIPE RED 1LG","JUMP"
"6773646","1","0","LST","","31.99","17.02","WM DG CHLORHEXIDINE SHMP 16OZ","WELLMARK"
"6783021","1","0","LST","","14.99","6.92","BIONIC DG TUG N TOSS RING 1EA","BIONIC"
"6777180","1","0","LST","","22.99","8","JMP CLR MRTNGL PNT BLU 1XS","JUMP"
"6777204","1","0","LST","","28.99","10","JMP CLR MRTNGL TIE DYE PNK 1LG","JUMP"
"6777218","1","0","LST","","32.99","13.75","JMP DG VST HRN STRIPE RED 1SM","JUMP"
"6500895","1","0","LST","","14.99","6.43","ATD DG WL DTNGL SPRY LVNDR 8OZ","ATTITUDE"
"6777192","1","0","LST","","26.99","9.25","JMP CLR MRTNGL STRIPE RED 1MD","JUMP"
"6760790","1","0","LST","","114.99","69.51","K9 PRAVENTA 360 XL DG 6PK","PARAPET"
"6777223","1","0","LST","","34.99","14.6","JMP DG VST HRN GEO ORG 1MD","JUMP"
"6777314","12","0","LST","","5.79","3.6975","SD DG PUP SS&S S&VGSTW 12.5OZ","HILL'S SCIENCE DIET"
"6782924","1","0","LST","","8.99","4.15","BIONIC DG BALL 1SM","BIONIC"
"6500892","1","0","LST","","14.99","5.7","ATD DG BTH WIPES UNSCNTD 72CT","ATTITUDE"
"6777212","1","0.25","LST","","34.99","14.6","JMP DG VST HRN TRZO GRN 1LG","JUMP"
"6783128","1","0","LST","","41.99","28.32","GO! CT WGT&JNT GF SL 6LB","GO! SOLUTIONS"
"6777219","1","0","LST","","34.99","14.6","JMP DG VST HRN STRIPE RED 1MD","JUMP"
"6785563","1","0","LST","6469888","27.99","14.39","SKHNR DG HP SHMP BIL 16OZ","SKOUT'S HONOR"
"6777313","1","0","LST","","91.99","63.99","SD DG PUP SS&S S&BR 13LB","HILL'S SCIENCE DIET"
"6776820","1","0","LST","","229.99","138","CATIT PIXI VISION SMRT FDR","CATIT"
"6655086","1","0","LST","","22.99","12.15","BBONE DG TRIPE BONE 1MD","BENEBONE"
"6777165","1","0","LST","","228.99","137.2","TRX CT LTR BX PET HOUSE WH 1XL","TRIXIE"
"6466613","1","0","LST","","19.99","10","PDH DG DISC LICKMAT BLU 1EA","PET DREAM HOUSE"
"6777225","1","0","LST","","32.99","13.75","JMP DG VST HRN TIE DYE PNK 1XS","JUMP"
"6779757","1","0","LST","","24.99","13.74","CLIFFORD DG SNFFLE MAT PZL 1EA","CLIFFORD"
"6779980","1","0","LST","","19.99","10.08","HH FLATTIES MORRIS MOOSE 1EA","HUGGLEHOUNDS"
"6785755","1","0","LST","","44.99","22.5","CP DG WALKING BAG LVNDR O/S","CANADA POOCH"
"6777200","1","0","LST","","28.99","10","JMP CLR MRTNGL GEO ORG 1LG","JUMP"
"6777207","1","0","LST","","34.99","14.6","JMP DG VST HRN ZIGZAG B&W 1MD","JUMP"
"6472531","1","0","LST","1501032","31.99","16","FLEXI DG NEON TAPE SM 16FT","FLEXI"
"6785566","1","0","LST","6469890","17.99","8.16","SKHNR DG HP DEODORIZER BIL 8OZ","SKOUT'S HONOR"
"6776932","1","0","LST","","62.99","37.33","TRX CT LORENA WLL MNT WH 1EA","TRIXIE"
"6777445","1","0","LST","","16.99","8.5","MSCT CT SHAPE SLCN MAT 1EA","MESSY CATS"
"6779769","1","0","LST","","18.99","10.44","CLIFFORD DG RPE PLSH 1EA","CLIFFORD"
"6777206","1","0","LST","","32.99","13.75","JMP DG VST HRN ZIGZAG B&W 1SM","JUMP"
"6500893","1","0","LST","","9.99","3.8","ATD DG AIR PURIFIER LVNDR 8OZ","ATTITUDE"
"6777215","1","0","LST","","34.99","14.6","JMP DG VST HRN PNT BLU 1MD","JUMP"
"6780697","1","0","LST","","14.99","6.92","BIONIC DG URBAN STK 1SM","BIONIC"
"6777202","1","0","LST","","24.99","8.6","JMP CLR MRTNGL TIE DYE PNK 1SM","JUMP"
"6466371","1","0","LST","","19.99","10","PDH DG DISC LICKMAT ORNG 1EA","PET DREAM HOUSE"
"6744023","1","0","LST","","12.99","7.1","MP LSH WRAP I AM FRIENDLY 1EA","MULTIPET"
"6783412","1","0","LST","","49.99","25","CP DG WATERPROOF LSH GRN S M","CANADA POOCH"
"6777197","1","0","LST","","24.99","8.6","JMP CLR MRTNGL GEO ORG 1SM","JUMP"
"6744768","1","0","LST","","13.99","7","MCAT SLOW FEEDER COOL GRY 1EA","MESSY CATS"
"6777179","1","0","LST","","28.99","10","JMP CLR MRTNGL TRZO GRN 1LG","JUMP"
"6777216","1","0","LST","","34.99","14.6","JMP DG VST HRN PNT BLU 1LG","JUMP"
"6779990","1","0","LST","","8.99","4.1","HH POPPY OWL RUFF-TEX 1SM","HUGGLEHOUNDS"
"6785674","1","0","LST","","49.99","25","CP DG WATERPROOF LSH LVND S M","CANADA POOCH"
"6655197","1","0","LST","","22.99","12.15","BBONE DG PUPPY FSHBNE TINY 2PC","BENEBONE"
"6236526","1","0","LST","","12.99","6.5","MCAT SILCN LICKING MAT GRY 1EA","MESSY CATS"
"6777226","1","-0.25","LST","","32.99","13.75","JMP DG VST HRN TIE DYE PNK 1SM","JUMP"
"6777229","1","0","LST","","34.99","14.6","JMP DG VST HRN TIE DYE PNK 1MD","JUMP"
"6785665","1","0","LST","","34.99","17.5","CP DG WATERPROOF COLLAR GRN L","CANADA POOCH"
"6776933","1","0","LST","","17.99","10.49","TLTL DG BULLY STK HLDR 1MD","TALL TAILS"
"6777166","1","0","LST","","228.99","137.2","TRX CT LTR BX PET HOUSE BR 1XL","TRIXIE"
"6783403","1","0","LST","","29.99","15","CP DG WATERPROOF COLLAR BLK S","CANADA POOCH"
"6777214","1","0","LST","","32.99","13.75","JMP DG VST HRN PNT BLU 1SM","JUMP"
"6776448","1","0","LST","1504645","27.99","14.39","SKHNR DG HNYSKL SHMP BIL 16oz","SKOUT'S HONOR"
"6750786","1","0","LST","","22.99","12.15","BBONE DG RING BCN 1MD","BENEBONE"
"6408339","1","0","LST","","9.99","4.77","KONG CT PULL-A-PARTZ YARNZ 1EA","KONG"
"6777209","1","0","LST","","32.99","13.75","JMP DG VST HRN TRZO GRN 1XS","JUMP"
"6785785","1","0","LST","","52.99","26.5","CP DG NEOPRENE HRN LVNDR 1MD","CANADA POOCH"
"6780389","1","0","LST","","9.99","6.13","CHUCKIT DG ULTRA BALL 1MD","CHUCKIT"
"6782923","1","0","LST","","24.99","11.54","BIONIC DG URBAN STK 1LG","BIONIC"
"6617471","1","0","LST","","49.99","30","CATIT FLUFFY BED GREY 20IN","CATIT"
"6777144","1","0","LST","","21.99","10.77","BBONE PUPPY WB&RB BCN TINY 2PC","BENEBONE"
"6777201","1","0","LST","","22.99","8","JMP CLR MRTNGL TIE DYE PNK 1XS","JUMP"
"6777176","1","0","LST","","26.99","9.25","JMP CLR MRTNGL TRZO GRN 1MD","JUMP"
"6783333","1","0","LST","67683","9.99","4","FLVL AC70/110 CRBN INRT 1EA","FLUVAL"
"6769536","1","0","LST","","11.99","6","PERF ULT DG TRNG BTS BF 6OZ","PERFORMATRIN ULTRA"
"6783274","1","0","LST","67677","9.99","4","FLVL AC50 BIO-FOAM INRT 3PK","FLUVAL"
"6773369","1","0","INOT","","29.99","15","GZ DG PACKABLE PONCHO ORG 1XS","GOO-EEZ"
"6773370","1","0","INOT","","29.99","15","GZ DG PACKABLE PONCHO ORN 1SM","GOO-EEZ"
"6783312","1","0","LST","67657","7.99","3","FLVL AC20 BIO-FOAM INRT 3PK","FLUVAL"
"6773365","1","0","INOT","","34.99","17.5","GZ DG PACKABLE PONCH CHRCL 1MD","GOO-EEZ"
"6773393","1","0","INOT","","39.99","20","GZ DG PACKABLE PONCHO BLUE 2XL","GOO-EEZ"
"6740621","1","0","LST","","12.99","6.13","T&T DG SYDNEYS FISH SNAP 3.5OZ","THIS & THAT"
"6780689","1","0","LST","","36.99","24.6","OPFM DG AD PLK&LMB 1LB","OPEN FARM"
"6770045","12","1.75","LST","","4.49","2.25","PERF PRM CT LCKBLS HW SPR 2OZ","PERFORMATRIN PRIME"
"6773376","1","0","INOT","","29.99","15","GZ DG PACKABLE PONCHO RED 1SM","GOO-EEZ"
"6783328","1","0","LST","67653","4.99","2","FLVL AC20/30 CRBN INRT 1EA","FLUVAL"
"6783324","1","0","LST","67664","4.99","2","FLVL AC30 BIO-FOAM INRT 1EA","FLUVAL"
"6773386","1","0","INOT","","39.99","20","GZ DG PACKABLE PONCHO RED 1XL","GOO-EEZ"
"6773366","1","0","INOT","","34.99","17.5","GZ DG PACKABLE PONCH CHRCL 1LG","GOO-EEZ"
"6780670","8","0","LST","6409655","5.99","4.0625","TIKI DG WRLD BEEF 9OZ","TIKI DOG"
"6773373","1","0","INOT","","39.99","20","GZ DG PACKABLE PONCHO ORG 1XL","GOO-EEZ"
"6739789","1","0","LST","","21.99","15.9","VE DG FD RAW BF NIBS 5.5OZ","VITAL ESSENTIALS"
"6476825","1","0","LST","","17.99","7.37","OXB ESN SENIOR RABBIT 4LB","OXBOW"
"6780693","1","0","OOS","","74.99","49.87","OPFM DG AD SRF&TRF 2LB","OPEN FARM"
"6783077","25","0","LST","","25.99","11.5","PERF ULT DG REG BULL STCK24IN","PERFORMATRIN ULTRA"
"6770011","12","1.5","LST","","4.49","2.25","PERF PRM CT LCKBLS S&C SLM 2OZ","PERFORMATRIN PRIME"
"6771016","12","0","LST","","3.79","2.5175","OPFM CT GF HRVST SL 5.3OZ","OPEN FARM"
"6656274","1","0","LST","","15.99","6.3","OXB CHICKEN FERRET TREATS 3OZ","OXBOW"
"6773375","1","0","INOT","","29.99","15","GZ DG PACKABLE PONCHO RED 1XS","GOO-EEZ"
"6773387","1","0","INOT","","39.99","20","GZ DG PACKABLE PONCHO RED 2XL","GOO-EEZ"
"6773374","1","0","INOT","","39.99","20","GZ DG PACKABLE PONCHO ORG 2XL","GOO-EEZ"
"6771014","18","0","LST","","2.79","1.8528","OPFM CT GF HRVST CHK 2.8OZ","OPEN FARM"
"6773385","1","0","INOT","","34.99","17.5","GZ DG PACKABLE PONCHO RED 1LG","GOO-EEZ"
"6654812","1","0","LST","","16.99","8.54","CHP DG BLUE MUSSEL 3.5OZ","CHARMY PET"
"6769484","16","1.25","LST","","4.49","1.8","PERF ULT DG JKYSTK BF 0.95OZ","PERFORMATRIN ULTRA"
"6780692","1","0","OOS","","62.99","41.89","OPFM DG AD PLK&LMB 2LB","OPEN FARM"
"6770043","12","7.5","LST","","4.49","2.25","PERF PRM CT LCKBLS HB TN 2OZ","PERFORMATRIN PRIME"
"6773392","1","0","INOT","","39.99","20","GZ DG PACKABLE PONCHO BLUE 1XL","GOO-EEZ"
"6473285","1","0","LST","","36.99","18.05","OXB ENLF TIMOTHY PARTY PK 1EA","OXBOW"
"6739791","1","0","LST","","19.99","14.45","VE DG FD RAW CK NIBS 5.5OZ","VITAL ESSENTIALS"
"6783329","1","0","LST","67676","11.99","6","FLVL AC50 CRBN INRT 3PK","FLUVAL"
"6783326","1","0","OOS","","2.99","1.5","FLVL AC70110 INTK STRNSPNG 1EA","FLUVAL"
"6657013","1","0","OOS","","12.49","5.07","RLLVR DG CRUNCHY BEEF SPINCH","ROLLOVER"
"6767409","12","2.5","LST","1000466","4.49","2.5692","PERF NTRL DG SLM&VG PATE 13OZ","PERFORMATRIN NATURALS"
"6783267","1","0","LST","67694","12.99","6.5","FLVL AC110 BIO-FOAM INRT 1EA","FLUVAL"
"6777160","1","0","LST","","0.01","0.01","BP DG SAMPLE PACKS MX1oz","BRIGHT PLANET"
"6769485","16","0","LST","","4.49","1.8","PERF ULT DG JKYSTK CHK 0.95OZ","PERFORMATRIN ULTRA"
"6767407","12","1","LST","1000464","4.49","2.5692","PERF NTRL DG TK&VG PATE 13OZ","PERFORMATRIN NATURALS"
"6407143","1","0","LST","","9.99","5.06","OXB ENLF TIMOTHY ORG SLICE 1EA","OXBOW"
"6771339","18","0","LST","","2.79","1.8528","OPFM CT GF HRVST KIT 2.8OZ","OPEN FARM"
"6773388","1","0","INOT","","29.99","15","GZ DG PACKABLE PONCHO BLUE 1XS","GOO-EEZ"
"6406951","1","0","OOS","","9.99","5.2","OXB ENLF APL STICK BOUQUET 1EA","OXBOW"
"6780668","8","0","LST","6409658","5.99","4.0625","TIKI DG WRLD CHKN SPEA 9 OZ","TIKI DOG"
"6233879","1","0","LST","","11.49","5.6","OXB ENLF TIMOTHY POP CAROT 1EA","OXBOW"
"6783327","1","0","LST","","1.99","1","FLVL AC203050 ITK STRN SPG 1EA","FLUVAL"
"6769480","16","0","LST","","4.49","1.8","PERF ULT DG JKYSTK SLM 0.95OZ","PERFORMATRIN ULTRA"
"6783334","1","0","LST","67686","17.99","7","FLVL AC70/110 CRBN INRT 3PK","FLUVAL"
"6739793","1","0","LST","","21.99","15.9","VE DG FD RAW TK NIBS 5.5OZ","VITAL ESSENTIALS"
"6777334","1","0","LST","","17.99","9.45","NTRIVT CT URN EASE GEL 3OZ","NUTRI-VET"
"6773368","1","0","INOT","","39.99","20","GZ DG PACKABLE PONCH CHRCL 2XL","GOO-EEZ"
"6770044","12","1.75","LST","","4.49","2.25","PERF PRM CT LCKBLS URN CHK 2OZ","PERFORMATRIN PRIME"
"6769494","1","0.25","LST","","11.99","6","PERF ULT DG TRNG BTS SP 6OZ","PERFORMATRIN ULTRA"
"6773371","1","0","INOT","","34.99","17.5","GZ DG PACKABLE PONCHO ORG 1MD","GOO-EEZ"
"6771017","12","0","LST","","3.79","2.5175","OPFM CT GF HRVST CHK&BF 5.3OZ","OPEN FARM"
"6654815","1","0","LST","","12.99","6.78","CHP DG BEEF SPLEEN 2.8OZ","CHARMY PET"
"6779734","1","0","LST","","9.99","4.5","PERF ULT CHS PUFF PB 2.5OZ","PERFORMATRIN ULTRA"
"Y2525","1","0","LST","","11.49","5.23","OXB ENLF ROLL AROUNDS 1EA","OXBOW"
"6407747","1","0","LST","","9.99","3.8","OXB ENLF CRUNCHY CARROT 1EA","OXBOW"
"6780730","18","0","LST","","2.79","1.8528","OPFM CT GF HRVST CHK&BF 2.8OZ","OPEN FARM"
"6739795","1","0","LST","","27.99","19.07","VE DG FD RAW DK NIBS 5.5OZ","VITAL ESSENTIALS"
"6780688","1","0","LST","","36.99","24.6","OPFM DG AD CHK 1LB","OPEN FARM"
"6656273","1","0","OOS","","15.99","6.3","OXB TURKEY FERRET TREATS 3OZ","OXBOW"
"6779733","1","0","LST","","9.99","4.5","PERF ULT DG CHS PUF TRMC 2.5OZ","PERFORMATRIN ULTRA"
"6780691","1","0","LST","","62.99","41.89","OPFM DG AD CHK 2LB","OPEN FARM"
"6739797","1","0","LST","","33.99","23.16","VE DG FD RAW RB NIBS 5.5OZ","VITAL ESSENTIALS"
"6773363","1","0","INOT","","29.99","15","GZ DG PACKABLE PONCH CHRCL 1XS","GOO-EEZ"
"6771018","12","0","LST","","3.79","2.5175","OPFM CT GF HRVST TKY 5.3OZ","OPEN FARM"
"6783332","1","0","LST","67673","6.99","2.75","FLVL AC50 CRBN INRT 1EA","FLUVAL"
"6771338","18","0","LST","","2.79","1.8528","OPFM CT GF HRVST TKY 2.8OZ","OPEN FARM"
"6773372","1","0","INOT","","34.99","17.5","GZ DG PACKABLE PONCHO ORG 1LG","GOO-EEZ"
"6767408","12","1.25","LST","1000465","4.49","2.5692","PERF NTRL DG BF&VG PATE 13OZ","PERFORMATRIN NATURALS"
"6769535","1","0.25","LST","","11.99","6","PERF ULT DG TRNG BTS SLM 6OZ","PERFORMATRIN ULTRA"
"6769493","1","0","LST","","11.99","6","PERF ULT DG TRNG BTS CHK 6OZ","PERFORMATRIN ULTRA"
"6773390","1","0","INOT","","34.99","17.5","GZ DG PACKABLE PONCHO BLUE 1MD","GOO-EEZ"
"6769839","1","0","LST","","13.99","7.69","BW DG KANGAROO TRNRS 5.3OZ","BE WILD"
"6655155","1","0","LST","","13.99","7.47","CHP DG RAINBOW FILLET 2.6OZ","CHARMY PET"
"6769483","16","0","LST","","4.49","1.8","PERF ULT DG JKYSTK SP 0.95OZ","PERFORMATRIN ULTRA"
"6783268","1","0","LST","67687","14.99","7","FLVL AC70 BIO-FOAM INRT 3PK","FLUVAL"
"6767406","12","0.25","LST","1000463","4.49","2.5692","PERF NTRL DG CK&VG PATE 13OZ","PERFORMATRIN NATURALS"
"6780669","8","0","LST","6409660","5.99","4.0625","TIKI DG WRLD DUCK 9OZ","TIKI DOG"
"6773389","1","0","INOT","","29.99","15","GZ DG PACKABLE PONCHO BLUE 1SM","GOO-EEZ"
"6657814","1","0","LST","","19.99","7.37","OXB ESN SENIOR GUINEA PIG 4LB","OXBOW"
"6773367","1","0","INOT","","39.99","20","GZ DG PACKABLE PONCH CHRCL 1XL","GOO-EEZ"
"6771020","12","0","LST","","3.79","2.5175","OPFM CT GF HRVST CHK 5.3OZ","OPEN FARM"
"6773391","1","0","INOT","","34.99","17.5","GZ DG PACKABLE PONCHO BLUE 1LG","GOO-EEZ"
"6780671","8","0","LST","6409656","5.99","4.0625","TIKI DG WRLD LAMB 9OZ","TIKI DOG"
"6773364","1","0","INOT","","29.99","15","GZ DG PACKABLE PONCH CHRCL 1SM","GOO-EEZ"
"6783331","1","0","LST","67656","9.99","4.5","FLVL AC20/30 CRBN INRT 3PK","FLUVAL"
"6777468","1","0","OOS","","24.99","14","CHP DG BLUE MUSSEL 6.3OZ","CHARMY PET"
"6783325","1","0","LST","67654","3.99","1.5","FLVL AC20 BIO-FOAM INRT 1EA","FLUVAL"
"6783323","1","0","LST","67667","8.99","3.5","FLVL AC30 BIO-FOAM INRT 3PK","FLUVAL"
"Y2519","1","0","LST","","9.49","3.8","OXB ENLF CRAZY HAY BALL 1EA","OXBOW"
"6771337","18","0","LST","","2.79","1.8528","OPFM CT GF HRVST SL 2.8OZ","OPEN FARM"
"6773384","1","0","INOT","","34.99","17.5","GZ DG PACKABLE PONCHO RED 1MD","GOO-EEZ"
"6780690","1","0","LST","","39.99","26.59","OPFM DG AD SRF&TRF 1LB","OPEN FARM"
"E6322","1","0","LST","","44.99","24.74","MRSHL SA BER RUG 1EA","MARSHALL"
"Y4770","1","0","LST","","10.99","7.35","PRB CT TKY 2.8OZ","PUREBITES"
"J1467","1","0","LST","","29.99","15","MRSHL HGH BCK LTR PAN 1EA","MARSHALL"
"6239837","1","0","LST","","9.99","5.49","MRSHL FRRT SNKR TOY 1EA","MARSHALL"
"Q4097","1","0","LST","","79.99","47.99","MRSHL SKYLGHT PLYPN CVR 1EA","MARSHALL"
"Q4040","1","0","LST","","69.99","35","MRSHL GDBYE ODR FRRT 32OZ","MARSHALL"
"Y4772","1","0","LST","","31.99","22.75","PRB CT CHK 9.2OZ","PUREBITES"
"IU044","1","0","OOS","","28.99","14.5","MRSHL PRM FRRT LTR 10LB","MARSHALL"
"74281","1","0","LST","","29.99","15","MRSHL GDBYE ODR FRRT 8OZ","MARSHALL"
"L8894","1","0","LST","","49.99","25","MRSHL FRT SPR THR-WY 1EA","MARSHALL"
"74288","1","0","LST","","21.99","11","MRSHL GRS HDE-A-WY HT 1EA","MARSHALL"
"R5313","1","0","LST","","21.99","12.09","MRSHL FRRT HRN & LSH RD 48IN","MARSHALL"
"J4256","1","0","OOS","","27.99","14","MRSHL LCK-ON LTR PAN 1EA","MARSHALL"
"Y4771","1","0","OOS","","31.99","22.75","PRB CT SAL 8OZ","PUREBITES"
"6783136","1","0","LST","","74.99","37.5","MRSHL FRRT-GO-RND 1EA","MARSHALL"
"Y4773","1","0","LST","","31.99","22.75","PRB CT TKY 9.2OZ","PUREBITES"
"6783125","1","0","LST","","69.99","41.99","MRSHL FRRT DIET 6LB","MARSHALL"
"J6785","1","0","LST","","17.99","9","MRSHL FRRT DLY SPRTZ 1EA","MARSHALL"
"Y4768","1","0","LST","","10.99","7.35","PRB CT SAL 2.4OZ","PUREBITES"
"Y4769","1","0","LST","","10.99","7.35","PRB CT CHK 2.8OZ","PUREBITES"
"6761140","10","0","LST","","2.39","1.571","BLU CT TF TSS CHK Pate 2.6oz","BLUE BUFFALO"
"IP195","1","0","LST","","39.99","21.99","MRSHL BNA HMMCK 1EA","MARSHALL"
"6783134","1","0","LST","","44.99","26.99","MRSHL SHK HDE-N-PLAY 1EA","MARSHALL"
"6235136","1","0","LST","","9.99","5.49","MRSHL FRRT SQK FSH TOY 1EA","MARSHALL"
"I2983","1","0","LST","","59.99","30","MRSHL PLYPN MAT 1EA","MARSHALL"
"A3266","1","0","LST","","23.99","12","MRSHL FRRT FRO-TONE 6OZ","MARSHALL"
"I0449","1","0","LST","","15.99","8","MRSHL FRRT SHMP TRFR 8OZ","MARSHALL"
"U2531","1","0","LST","","49.99","29.99","MRSHL HNG MNKY HMMCK 1EA","MARSHALL"
"74283","1","0","LST","","19.99","10","MRSHL FRRT LAX 3OZ","MARSHALL"
"6783336","1","0","LST","67672","6.99","2.75","FLVL AC50 AMMON RMVR INRT 1EA","FLUVAL"
"6783339","1","0","LST","71603","10.99","4.25","FLVL AC50 BIOMAX INRT 1EA","FLUVAL"
"6783340","1","0","LST","71604","18.99","9","FLVL AC70/110 BIOMAX INRT 2PK","FLUVAL"
"6783337","1","0","LST","67682","9.99","4","FL AC70/110 AMON RMVR INRT 1EA","FLUVAL"
"6783338","1","0","LST","71601","8.99","3","FLVL AC20/30 BIOMAX INRT 1EA","FLUVAL"
"6783335","1","0","LST","67652","4.99","2","FLVL AC20/30 AMMON RMVR INRT","FLUVAL"
"6254001","1","0","LST","","19.29","10","JAYS DG TID BITS DENTAL 16OZ","JAY'S"
"6480439","1","0","LST","","27.99","14.5","JAYS DG TID BITS JOINT PNB 2LB","JAY'S"
"6783392","1","0","LST","","18.99","10.25","JAYS DG BISON&BERRY TRT 16.OZ","JAY'S"
"6783391","1","0","LST","","8.99","4.75","JAYS DG BISON BERRY TRT 5.3OZ","JAY'S"
"6783394","1","0","LST","","18.99","10.25","JAYS DG LMB GRN APL TREAT 16OZ","JAY'S"
"6783409","1","0","LST","","49.99","25","CP DG NEOPRENE HRN GRN 1SM","CANADA POOCH"
"6783389","1","0","LST","","18.99","10.25","JAYS DG CANADN BACON TRT 16OZ","JAY'S"
"6785780","1","0","LST","","56.99","28.5","CP DG NEOPRENE HRN GRN 1LG","CANADA POOCH"
"6785781","1","0","LST","","59.99","28.5","CP DG NEOPRENE HRN GRN 1XL","CANADA POOCH"
"6785779","1","0","LST","","52.99","26.5","CP DG NEOPRENE HRN GRN 1MD","CANADA POOCH"
"F0417","1","0","LST","","19.99","10.36","JAYS DG TID BITS HIP JOINT16OZ","JAY'S"
"F6402","1","0","LST","","19.99","10.36","JAYS DG TID BIT JOINT PNB 16OZ","JAY'S"
"X7908","1","0","LST","","21.99","11.25","JAYS DG CHK&SEA VEG JERKY 16OZ","JAY'S"
"Y4134","1","0","LST","","11.99","6.5","JAYS DG GRASS-FED BEEF TRT 6OZ","JAY'S"
"Y4138","1","0","LST","","6.99","3.75","JAYS DG GRASS-FED BEEF TRT 3OZ","JAY'S"
"Y4140","1","0","LST","","21.99","11.87","JAYS DG GRASSFED BEEF TRT 14OZ","JAY'S"
"Y5235","1","0","LST","","27.99","14.5","JAYS DG BIG BITS HIP JOINT 2LB","JAY'S"
"A4140","1","0","LST","","25.99","13","BR CBF LG VRTY PLNT 3PK","BLUE RIBBON"
"B4521","1","0","LST","","49.99","29.99","BR INDONSN REEF CAVRN 8IN","BLUE RIBBON"
"6783407","1","0","LST","","26.99","13.5","CP DG EASY-ON HRNS PLUM 1XS","CANADA POOCH"
"R1539","1","0","LST","","19.99","10.39","BR CBF MD GRN VRTY PLNT 3PK","BLUE RIBBON"
"IG138","1","0","OOS","","10.99","5.71","BR CRASHED UFO W CAVE 2IN","BLUE RIBBON"
"6785659","1","0","LST","","27.99","14","CP DG EASY-ON HRNS PLUM 1SM","CANADA POOCH"
"U5883","1","0","LST","","22.99","11.95","BR WHT SHRK JAWS 5IN","BLUE RIBBON"
"6785660","1","0","LST","","29.99","15","CP DG EASY-ON HRNS PLUM 1MD","CANADA POOCH"
"Z8936","1","0","LST","","19.99","10.39","BR CBF MD VRTY PLNT 3PK","BLUE RIBBON"
"6786749","1","0","LST","","7.99","3.59","PERF ULT DG MT STK 4.23 OZ","PERFORMATRIN ULTRA"
"6750723","1","0.75","LST","","42.99","25.8","THRIVE DG SLMN OIL 1L","THRIVE"
"6779655","1","0","LST","","169.99","100","NOBA CT MURAL PRKR SCRTCH 1EA","NOBA"
"6785818","1","0","LST","","7.29","4.73","RB DG AD SM BRD CHK BB 2.5OZ","REDBARN"
"Q8407","1","0","LST","","23.99","12","JOLLY DG ROMP N ROLL RED 4.5IN","JOLLY PETS"
"6764638","1","0","LST","","17.99","9","PWRBNE DG TV REMOTE CHW 1EA","POWERBONE"
"6471323","1","0","LST","","54.99","38.77","RB DG AD BF 2LB","REDBARN"
"6471324","1","0","ROS","","59.99","40.81","RB DG AD FSH 2LB","REDBARN"
"6764760","12","0","LST","","2.39","1.5","GO!SLN CT BST DGST TNASLM2.5OZ","GO! SOLUTIONS"
"6785862","1","0","ROS","","63.99","43.54","RB DG AD SM BRD CHK BB 2LB","REDBARN"
"6655509","1","0","LST","","17.99","9","PWRBNE DG HOCKEY STCK CHW 1EA","POWERBONE"
"6643538","1","0","LST","","7.29","4.73","RB DG AD CHK 2.5OZ","REDBARN"
"6785861","1","0","ROS","","63.99","43.54","RB DG AD PUP CHK 2LB","REDBARN"
"6785817","1","0","LST","","7.29","4.73","RB DG AD PUP CHK 2.5OZ","REDBARN"
"W8494","1","0","LST","","29.99","16.53","JOLLY DG EGG YELLOW 12IN","JOLLY PETS"
"6783072","1","0","LST","","4.99","2.5","BR CBF FRNDLE BLU MN BTA 4IN","BLUE RIBBON"
"F0973","1","0","LST","","9.99","4.76","JAYS DG MY MIGHTY WLF DUCK 5OZ","JAY'S"
"Y4141","1","0","LST","","21.99","11.87","JAYS DG BACON JERKY 14OZ","JAY'S"
"6764761","12","0","LST","","2.39","1.5","GO! CT BST WHT CHKDK 2.5OZ","GO! SOLUTIONS"
"6785824","1","0","LST","","38.99","20","PERF ULT DG REG BULLSTK6IN PK8","PERFORMATRIN ULTRA"
"6779660","1","0","LST","","39.99","23","NOBA CT MURAL WALL SCRTCH 1EA","NOBA"
"F6990","1","0","LST","","23.99","12","JOLLY DG ROMP N ROLL BLU 4.5IN","JOLLY PETS"
"6471325","1","0","LST","","54.99","38.77","RB DG AD CHK 2LB","REDBARN"
"6777292","1","0","ROS","","63.99","43.54","RB DG AD BF&LMB GUT HLTH 2LB","REDBARN"
"6779657","1","0","LST","","49.99","23","NOBA CT MURAL HAMMOCK BLK 1EA","NOBA"
"6785657","1","0","LST","","38.99","20","PERF ULT DG REG BULLSTK12INPK4","PERFORMATRIN ULTRA"
"6777290","1","0","ROS","","63.99","43.54","RB DG AD CHK&TKY GUT HLTH 2LB","REDBARN"
"6764759","12","0","LST","","2.39","1.5","GO! CT BSTIH TNAPATE 2.5OZ","GO! SOLUTIONS"
"6764765","12","0","LST","","2.39","1.5","GO! CT BST BH TN&SLM 2.5OZ","GO! SOLUTIONS"
"6779654","1","0","LST","","289.99","170","NOBA CT MURAL TWR 4 TIERS 1EA","NOBA"
"6783379","1","0","LST","","19.99","10.36","JAYS DG TINY BITS BACON 16OZ","JAY'S"
"6783378","1","0","LST","","10.49","5.15","JAYS DG TINY BITS BACON 7OZ","JAY'S"
"6474458","1","0","LST","","21.99","11.87","JAYS DG PLANT BASED JERKY 14OZ","JAY'S"
"6643537","1","0","LST","","7.29","4.73","RB DG AD BF 2.5OZ","REDBARN"
"6779656","1","0","LST","","99.99","70","NOBA CT MURAL HUT HIDEOUT 1EA","NOBA"
"Y1606","1","0","LST","","10.49","5.15","JAYS DG TINY BITS BF LIVER 7OZ","JAY'S"
"6783377","1","0","LST","","10.49","5.15","JAYS DG TINY BITS SMOK BF 7OZ","JAY'S"
"W8491","1","0","LST","","19.99","10.85","JOLLY DG EGG YELLOW 8IN","JOLLY PETS"
"6641037","1","0","LST","","18.99","9.75","JAYS DG SENIOR TREATS 14OZ","JAY'S"
"6777291","1","0","ROS","","69.99","47.16","RB DG AD FSH GUT HLTH 2LB","REDBARN"
"Y4137","1","0","LST","","6.99","3.75","JAYS DG BACON JERKY 3OZ","JAY'S"
"6786018","1","0","LST","","17.99","9","PWRBNE DG THRW STCK CHW 1EA","POWERBONE"
"6231216","1","0","LST","","19.29","10","JAYS DG BIG BITS DENTAL 16OZ","JAY'S"
"R8261","1","0","ROS","","8.49","4.2","JWP DG DIA RBR DOG TOY 1EA","JW PET"
"IK577","1","0","LST","","11.99","6.06","JWP DG PROTEN HOLEE ROLLER 1SM","JW PET"
"6776587","1","0","LST","","17.99","9","PWRBNE DG GUITAR CHW 1EA","POWERBONE"
"I4189","1","0","ROS","","18.99","9.52","JWP DG DBL INV CHAINS 1LG","JW PET"
"6785752","1","0","LST","","9.99","5","JUST2 DG CHKN&CRNBY STKS2.82oz","JUST2"
"6783390","1","0","LST","","8.99","4.75","JAYS DG CANADN BACON TRT 5.3OZ","JAY'S"
"6751228","1","0","LST","","9.49","5.15","JAYS DG BIG BITS DENTAL 7OZ","JAY'S"
"6785753","1","0","LST","","9.99","5","JUST2 DG CHKN&PRSLY STKS2.82oz","JUST2"
"I1421","1","0","ROS","","15.99","8.42","JWP DG ISQUEAK BALL 1LG","JW PET"
"I1367","1","0","ROS","","17.49","9.52","JWP DG ISQUEAK BONE 1LG","JW PET"
"E3971","1","0.25","LST","","16.99","9.24","JOLLY DG FOOTBALL ORNG 8IN","JOLLY PETS"
"E2988","1","0","ROS","","25.99","13.15","JOLLY DG CHW BONE 1LG","JOLLY PETS"
"6783196","1","0","ROS","","29.99","15.9","TLTL DG ROCK FORAGING MAT 1EA","TALL TAILS"
"6786017","1","0","LST","","17.99","9","PWRBNE DG GOLF CLUB CHW 1EA","POWERBONE"
"6783496","1","0","OOS","","22.99","12.4","HH SA ROAM EXERCISE BALL 7IN","HAPPY HABITATS"
"W2881","1","0","LST","","15.99","8.07","CHUCKIT DG WHSTLER BALL SM 2PK","CHUCKIT"
"G3760","1","0","LST","","21.99","12.9","JOLLY DG SOCCER BALL ASRTD 6IN","JOLLY PETS"
"6785568","1","0","OOS","","12.99","6","DTN DG SPRFD STCKS PRK&PCH 6oz","DOG TREAT NATURALS"
"6785948","1","0","LST","","15.99","8","PWRBNE DG TWIST TAIL CHW 1EA","POWERBONE"
"X7904","1","0","LST","","11.99","5.7","JAYS DG CHK SEA VEG JERKY 7OZ","JAY'S"
"6785572","1","0","OOS","","12.99","6","DTN DG SPRFD STCKS SP&QNOA6oz","DOG TREAT NATURALS"
"6783181","1","0","LST","","29.99","15.9","TLTL DG CLVR FORAGING MAT 1EA","TALL TAILS"
"6785754","1","0","LST","","9.99","5","JUST2 DG CHKN&PB STKS2.82oz","JUST2"
"6655510","1","0","LST","","17.99","9","PWRBNE DG BASEBALL BAT CHW 1EA","POWERBONE"
"6787410","1","0","LST","","21.99","10.15","BIONIC DG TREAT STAR 1EA","BIONIC"
"O2620","1","0","LST","","7.99","3.5","FLVL FEED RING 1EA","FLUVAL"
"6787412","1","0","LST","","8.99","4.15","BIONIC DG TREAT SHAKER 1SM","BIONIC"
"6787411","1","0","LST","","16.99","7.85","BIONIC DG TOSS N TUG TURBO 1EA","BIONIC"
"Z6079","1","0","LST","","1.99","1","MRN SLM FLTR INTK STNR SPG 1EA","MARINA"
"6472735","1","0","LST","","10.49","5.29","JAYS DG CHK DOGGY BITES 6OZ","JAY'S"
"6787414","1","0","LST","","17.99","8.31","BIONIC DG TREAT SHAKER 1LG","BIONIC"
"Y4139","1","0","LST","","11.99","6.46","JAYS DG BACON JERKY 6OZ","JAY'S"
"6786867","1","0","LST","","9.99","5.34","JOLLY DG SOCCER BALL ASRTD 3IN","JOLLY PETS"
"6787407","1","0","LST","","32.99","16.5","CP DG EASY-ON HRNS PLUM 1LG","CANADA POOCH"
"6767171","1","0","LST","","26.99","14.58","SKHNR CT DENTAL DROP 4OZ","SKOUT'S HONOR"
"IR452","1","0","LST","","11.99","5.65","OP DG TRICKY TRT BALL 1MD","OMEGA PAW"
"6787413","1","0","LST","","11.99","5.54","BIONIC DG TREAT SHAKER 1MD","BIONIC"
"X5319","1","0","LST","","12.99","5.75","EXO TR MD WET RCK 1EA","EXO TERRA"
"6641036","1","0","LST","","10.49","5.15","JAYS DG SENIOR TREATS 6OZ","JAY'S"
"6786850","1","0.25","LST","","13.99","7.6","JOLLY DG SOCCER BALL ASRTD 4IN","JOLLY PETS"
"Y5610","1","0","LST","","17.99","9","MRN IGLO ORN MSRM HSE 4IN","MARINA"
"6787121","1","0","INOT","","115.99","58","CP DG WTRPRF RAINCOAT YEL SZ26","CANADA POOCH"
"6787116","1","0","INOT","","87.99","44","CP DG WTRPRF RAINCOAT YEL SZ16","CANADA POOCH"
"6787095","1","0","LST","","29.99","15.45","JOLLY DG ROMP N ROLL BLU 6IN","JOLLY PETS"
"6786090","1","0","LST","","33.99","19.33","JWP DG PALM NAIL GRINDER 1EA","JW PET"
"6787093","1","0","LST","","33.99","19.5","JOLLY DG ROMP N ROLL RED 8IN","JOLLY PETS"
"6787117","1","0","INOT","","92.99","46.5","CP DG WTRPRF RAINCOAT YEL SZ18","CANADA POOCH"
"6787114","1","0","INOT","","76.99","38.5","CP DG WTRPRF RAINCOAT YEL SZ12","CANADA POOCH"
"6787118","1","0","INOT","","97.99","49","CP DG WTRPRF RAINCOAT YEL SZ20","CANADA POOCH"
"6780409","1","0.25","LST","","14.99","7.5","SKHNR CT PRBTIC EAR CLN 4OZ","SKOUT'S HONOR"
"6767167","1","0","LST","","23.99","13.51","SKHNR CT DNTL WIPES 50PK","SKOUT'S HONOR"
"6787119","1","0","INOT","","105.99","53","CP DG WTRPRF RAINCOAT YEL SZ22","CANADA POOCH"
"6787113","1","0","INOT","","71.99","36","CP DG WTRPRF RAINCOAT YEL SZ10","CANADA POOCH"
"6786088","1","0","LST","","19.99","10.13","JWP DG HOLEE RLLR ASRTD 1LG","JW PET"
"6787120","1","0","INOT","","110.99","55.5","CP DG WTRPRF RAINCOAT YEL SZ24","CANADA POOCH"
"6787115","1","0","INOT","","82.99","41.5","CP DG WTRPRF RAINCOAT YEL SZ14","CANADA POOCH"
"6744034","1","0","LST","","24.99","13.8","SKTS HNR CT HNYSKL SH CON 16OZ","SKOUT'S HONOR"
"6787122","1","0","INOT","","120.99","60.5","CP DG WTRPRF RAINCOAT YEL SZ28","CANADA POOCH"
"6776529","1","0","NEW","","29.99","16.5","WM DG KIDNEY HEALTH 3.5 Oz","WELLMARK"
"6786145","1","0.25","LST","44124","16.99","9.16","BURTS DG OATMEAL SHAM BIL 16OZ","BURT'S BEES"
"6773638","1","0","LST","","36.99","19.5","WM DG LIVER SUPPLT 30CT","WELLMARK"
"6753299","1","0","LST","","30.99","21","PB CT CHK BREAST TRT 5.5OZ","PUREBITES"
"6787128","1","0","INOT","","85.99","43","CP HARNESS RAINCOAT LVNDR SZ18","CANADA POOCH"
"6786871","1","0","LST","","18.99","10.5","JOLLY DG TUG TOSS BLU 4.5IN","JOLLY PETS"
"6767170","1","0","LST","","21.99","11.96","SKHNR CT ORAL GEL 4OZ","SKOUT'S HONOR"
"6787132","1","0","INOT","","98.99","49.5","CP HARNESS RAINCOAT LVNDR SZ26","CANADA POOCH"
"X1658","1","0","LST","","9.99","5","FFIT DG DESERT CHW CRMSICL 6IN","FOUFIT"
"6787097","1","0","LST","","18.99","10.5","JOLLY DG TUG&TOSS RED 4.5IN","JOLLY PETS"
"6783079","1","0","LST","","8.99","4.5","BR CBF AMZON SWD RED 8IN","BLUE RIBBON"
"6783108","1","0","LST","","14.99","7.79","BR BTA HUT PALM TREE 3.25IN","BLUE RIBBON"
"IT912","1","0","LST","","19.99","11","VTRCYN DG ADVND SKIN CR 3Oz","VETERICYN"
"6783078","1","0","LST","","8.99","4.5","BR CBF LILY LEAF YLW 8IN","BLUE RIBBON"
"6786146","1","0","INOT","","9.99","5.72","PWSCT DG SMRT PET TAG 1EA","PAWSCOUT"
"6655639","1","0","ROS","","25.99","13","FFP DG HIDE'N SEEK ZEBRA 11IN","FOUFIT"
"6787133","1","0","INOT","","102.99","51.5","CP HARNESS RAINCOAT LVNDR SZ28","CANADA POOCH"
"6787130","1","0","INOT","","91.99","46","CP HARNESS RAINCOAT LVNDR SZ22","CANADA POOCH"
"6764826","1","0.25","OOS","","31.99","17.5","CRMPN DG ORIGINAL DENTAL 35OZ","CRUMPS' NATURALS"
"6773644","1","0","LST","","26.99","14.25","WM DG URINARY SUPP 3.5Oz","WELLMARK"
"6787131","1","0","INOT","","96.99","48.5","CP HARNESS RAINCOAT LVNDR SZ24","CANADA POOCH"
"Y5611","1","0","LST","","22.99","11.5","MRN IGLO ORN SKL W VINES 3 IN","MARINA"
"6783076","1","0","LST","","4.99","2.5","BR CBF WLLW BLU MN BTA 4IN","BLUE RIBBON"
"6779993","1","0","LST","","12.99","8.8","PRB CT TUNA TRT 1.8OZ","PUREBITES"
"6240053","1","0","LST","","45.99","25","FLVL AQSCPNG PLNTNG TOOL 3PK","FLUVAL"
"6783081","1","0","LST","","19.99","10","BR CBF APL LEAF GRN 19IN","BLUE RIBBON"
"6787124","1","0","INOT","","70.99","35.5","CP HARNESS RAINCOAT LVNDR SZ10","CANADA POOCH"
"Y5327","1","0","LST","","5.49","2.75","MRN IGLO FLRCNT FRN PLNT 5.5IN","MARINA"
"6773642","1","0","LST","","19.99","10.8","WM DG DENTAL RINSE 4Oz","WELLMARK"
"6785860","1","0","LST","","29.99","16.49","JOLLY DG TUG&TOSS BLU 8IN","JOLLY PETS"
"6777239","1","0","LST","","19.99","10","FFP DG HD N SK BR CAKE PINK1EA","FOUFIT"
"6785859","1","0","LST","","23.99","13.19","JOLLY DG TUG TOSS RED 6IN","JOLLY PETS"
"6773641","1","0.5","LST","","19.99","10.57","WM DG EAR CLNG & DRYG SLNT 8Oz","WELLMARK"
"6787127","1","0","INOT","","82.99","41.5","CP HARNESS RAINCOAT LVNDR SZ16","CANADA POOCH"
"6786143","1","0","LST","44122","16.99","9.16","BURTS DG ITCH SHAM BIL 16OZ","BURT'S BEES"
"6787464","1","0","LST","1502690","43.99","24.04","PETAG CT KMR MILK POWDER 12OZ","PETAG"
"6783497","1","0","LST","","49.99","29.99","HH SA HALO CARRIER 12IN","HAPPY HABITATS"
"6783095","1","0","LST","","19.99","10.39","BR CBF SM MD VRTY PLNT 3PK","BLUE RIBBON"
"6783096","1","0","LST","","25.99","13.51","BR CBF SM LG VRTY PLNT 3PK","BLUE RIBBON"
"6239156","1","0.25","LST","44121","16.99","9.16","BURTS DG 2IN1 PUP SHM BIL 16OZ","BURT'S BEES"
"6783082","1","0","LST","","13.99","7.27","BR CBF MN VRTY PLNT 3PK","BLUE RIBBON"
"6787112","1","0","INOT","","67.99","34","CP DG WTRPRF RAINCOAT YEL SZ8","CANADA POOCH"
"6501065","1","0","LST","","16.99","9.24","JOLLY DG FOOTBALL GRN 8IN","JOLLY PETS"
"Y5318","1","0","LST","","15.99","8","MRN IGLO FLRCNT PLNT 12.5IN","MARINA"
"6657486","25","0","LST","","14.99","7.5","BFL DG CHW MAPLE BACON M","BLENDS FOR LIFE"
"6764880","1","0.5","OOS","","31.99","17.5","CRMPN DG PMPKN DENTAL STK 30OZ","CRUMPS' NATURALS"
"48895","1","0","LST","","9.99","4.7","OP DG TRICKY TRT BALL 1SM","OMEGA PAW"
"6655647","1","0","ROS","","19.99","10","FFP DG HIDE N SEEK LEMUR S","FOUFIT"
"6655635","1","0","ROS","","29.99","15.5","FFP DG HIDE N SEEK LEMUR L","FOUFIT"
"6480440","1","0","LST","","27.99","14.5","JAYS DG TINY BITS TRAINING 2LB","JAY'S"
"6235779","1","0","LST","","14.99","7.5","LIVSTRONG DG CHW COCONUT M","LIVSTRONG"
"6763334","24","0","LST","","7.79","5.4158","DYD DG FIRM UP PMPKN BAR 2.1OZ","DIGGIN' YOUR DOG"
"6780129","1","0","ROS","","14.99","7","FFP DG TUFFTUGG RING YELLOW SM","FOUFIT"
"6666187","25","0","LST","","10.99","5.5","OPN RNG DG FETCH STICK 19.5IN","OPEN RANGE"
"6655638","1","0","ROS","","19.99","10","FFP DG HIDE N SEEK PARROT S","FOUFIT"
"6783393","1","0","LST","","8.99","4.75","JAYS DG LMB&GRN APL TRT 5.3OZ","JAY'S"
"6767120","1","0","LST","","8.99","5.8","CRMPN DG CHK SPRINKELS 4OZ","CRUMPS' NATURALS"
"6780133","1","0","ROS","","16.99","8.5","FFP DG TUFFTUGGS RING ORANGE L","FOUFIT"
"6780134","1","0","ROS","","16.99","8.5","FFP DG TUFFTUGGS RING YELLOW L","FOUFIT"
"6783376","1","0","LST","","19.99","10.36","JAYS DG TINY BITS SMOK BF 16OZ","JAY'S"
"6764879","1","0","LST","","31.99","17.5","CRMPN DG BACON DENTAL 35OZ","CRUMPS' NATURALS"
"Y4633","1","0","LST","","10.49","5.15","JAYS DG TID BITS DENTAL 7OZ","JAY'S"
"6470997","1","0","LST","","14.99","7.5","BLF DG CHW BERRY M","BLENDS FOR LIFE"
"6786743","1","0","LST","","28.99","14.49","PERF ULT DG MT STK 17.6 OZ","PERFORMATRIN ULTRA"
"6783466","1","0","ROS","","9.99","4.99","FFP DG TUFFX BOUNCER SM","FOUFIT"
"6779957","1","0","LST","","11.99","6.47","B BUL DG TRK CHOPS 2OZ","BENNY BULLY'S"
"6656615","60","0","LST","","4.99","2.68","OPN RNG DG PORK STICK 6IN","OPEN RANGE"
"6777242","1","0","LST","","11.99","5.11","B BUL DG LVR&MASHROM CHOPS 2OZ","BENNY BULLY'S"
"6779849","1","0","LST","","12.99","6.5","FFP DG BR CAKE CHEW UNISEX","FOUFIT"
"6739478","25","0","LST","","14.99","7.5","BFL DG CHW PB HONEY M","BLENDS FOR LIFE"
"6233949","1","0","LST","","15.99","6.5","FFP DG BR CAKE PLUSH TOY PINK","FOUFIT"
"6407800","1","0","LST","","9.99","5","FFIT DG CHEW BELGAN WAFFLE 4IN","FOUFIT"
"6783467","1","0","ROS","","18.99","8.5","FFP DG TUFFX BOUNCER ORANGE LG","FOUFIT"
"6655642","1","0","ROS","","29.99","15.5","FFIT DG HIDE'N SEEK PARROT L","FOUFIT"
"6473173","1","0","LST","","12.99","6","FFIT DG ZOO CHEW OCTOPUS 5IN","FOUFIT"
"6465787","1","0","LST","","8.99","4.5","FLVL BTA TLSCPC NET 1EA","FLUVAL"
"6235955","1","0","LST","","9.99","4.99","FFP FIESTA CHEW PINEAPPLE 6IN","FOUFIT"
"6777284","1","0.25","OOS","","12.99","6.5","FFIT DG BR HAT CRINKLE PLUSH ","FOUFIT"
"6655646","1","0","LST","","12.99","6","FFIT DG ZOO CHW ELPHNT PNK 4IN","FOUFIT"
"6655641","1","0","LST","","21.99","11","FFIT DG WOODLAND SNFL SQUIRREL","FOUFIT"
"6473476","1","0","LST","","12.99","6","FFIT DG ZOO CHEW SEAHORSE 3IN","FOUFIT"
"6780056","1","0","ROS","","9.99","5","FFP DG ONE LOVE CHW SUGR COOKI","FOUFIT"
"6777641","1","0","LST","","9.99","4.99","FFIT DG ONE LV CHEW DONUT 4IN","FOUFIT"
"6235956","1","0","LST","","9.99","4.99","FFIT DG FIESTA CHEW CACTUS 6IN","FOUFIT"
"6407803","1","0","LST","","9.99","5","FFIT DG DESSRT CHEW PUPTART4IN","FOUFIT"
"6407801","1","0","LST","","9.99","5","FFP DG DSERT CHOCO PRTZEL4.5IN","FOUFIT"
"6655860","1","0","LST","","12.99","6","FFIT DG ZOO CHEW MONKEY 5IN","FOUFIT"
"6235965","1","0","LST","","9.99","4.99","FFIT CHI FIESTA CHEW PINATA5IN","FOUFIT"
"6655644","1","0","ROS","","25.99","13","FFIT DGHIDE'N SEEK GIRAFFE","FOUFIT"
"6655116","1","0","LST","","12.99","6","FFIT DG ZOO CHEW LION 5IN","FOUFIT"
"6235799","1","0","LST","","27.99","14.5","JAYS DG TID BITS HIP JOINT 2LB","JAY'S"
"6239507","12","0","LST","","3.49","1.6108","JAYS DG TRK BERRY MEATBARS 1OZ","JAY'S"
"6787280","1","0","LST","","39.99","23","NOBA CT SCRATCHING POST 15IN","NOBA"
"6787278","1","0","ROS","","139.99","80","NOBA CT TREE TIER 2 B 32IN","NOBA"
"6788100","1","0","OOS","6470049","34.99","18.65","BFL DG BEE POLLEN 5.6OZ","BLENDS FOR LIFE"
"6780610","1","0","LST","","199.99","120","EXO TR TRRSKY UVB LED LGHT 10W","EXO TERRA"
"6787251","1","0","LST","","399.99","259.99","AE FLIGHT CAGE STAND 1EA","A&E CAGE"
"6788124","1","0","OOS","6617530","34.99","18.65","BFL DG NATURE SHIELD 3.9OZ","BLENDS FOR LIFE"
"6780605","1","0","LST","","119.99","71.99","AE FLIGHT CAGE SINGLE PK 24IN","A&E CAGE"
"6787249","1","0","LST","","169.99","101.99","AE TRIPLE TOP CAGE 23IN","A&E CAGE"
"6785586","1","0","LST","","69.99","42","EXO TR TRRSKY UVB LED SPT 3W","EXO TERRA"
"6787250","1","0","LST","","69.99","38.49","AE ORNATE TOP CAGE WHITE 1EA","A&E CAGE"
"6787358","1","0","INOT","","498.99","241.8","TLTL DG PLSH FTCH BL PDQ 32PC","TALL TAILS"
"6763544","1","0","LST","","33.99","26.67","OKOCT CT CLUMPING 18.8LB","OKOCAT"
"6760824","1","0","LST","","33.99","26.67","OKOCT CT LOW TRACK CAT 21.5LB","OKOCAT"
"F4454","1","0","LST","","5.99","3.5","JAYS CT MIGHTY DUCK 2.65OZ","JAY'S"
"6655523","1","0","LST","","24.99","11.5","FFP DG HD N SEEK BR CAKE BLU L","FOUFIT"
"6740807","1","0","LST","","9.99","4.99","FFP DG FUZZY WUZZIES RAINBOW S","FOUFIT"
"6788190","1","0.25","LST","","16.99","9.16","BURTS DG MH OAT COND BIL 10OZ","BURT'S BEES"
"Y5255","1","0","LST","","16.99","9.41","BBONE DG ZAGLER BCN S","BENEBONE"
"Y5257","1","0","LST","","28.99","16.19","BBONE DG ZAGLER BCN L","BENEBONE"
"6740808","1","0","LST","","14.99","7.49","FFP DG FUZZY WUZZIES BLU GRN L","FOUFIT"
"6655243","1","0","NEW","","34.99","18.8","BBONE DG DNTL CHEW BCN MD 2PC","BENEBONE"
"Y5256","1","0","LST","","21.99","11.05","BBONE DG ZAGLER BCN M","BENEBONE"
"6777240","1","0","LST","","19.99","10","FFP DG HIDE N SK BR CK BLU 1EA","FOUFIT"
"6769464","1","0","ROS","","12.99","6.5","FFP DG HD N SK ROPE RING 1EA","FOUFIT"
"6788188","1","0.25","LST","","16.99","9.16","BURTS DG MH HYP SHMP BIL 16OZ","BURT'S BEES"
"6257105","1","0","LST","","34.99","18.8","BBONE DG WISHBONE PB XL","BENEBONE"
"6251907","1","0","LST","","34.99","18.8","BBONE DG ZAGLER BCN XL","BENEBONE"
"6769463","1","0","ROS","","10.99","5.49","FFP DG HIDE N SEEK ROPE PULLY","FOUFIT"
"6767266","24","0.25","LST","1000444","1.89","1.0846","PERF NTRL CT CK&VG PATE 3OZ","PERFORMATRIN NATURALS"
"6655524","1","0","LST","","24.99","11.5","FFP DG HD N SEEK BR CAKE BLU L","FOUFIT"
"6788189","1","0.25","LST","","16.99","9.16","BURTS DG MH WL SHMP BIL 10OZ","BURT'S BEES"
"6787622","1","0","LST","","29.99","16.55","BFL DG PUMPKING BOOST 5.3 OZ","BLENDS FOR LIFE"
"6773668","1","0","LST","12182","39.99","26.03","ESN WILD BIRD SEED 37.5LB","ESSENTIALS"
"X1060","1","0","LST","","11.99","6","NOBA CATECO DRY PADS 10PK","NOBA"
"71742","1","0","LST","","9.99","4","ES PRGLO AQRM GRVL RBW 5LB","CLIFFORD W. ESTES"
"6787645","1","0","LST","","34.99","18.65","BFL DG SLIPPERY ELM BARK 3.5OZ","BLENDS FOR LIFE"
"6787647","1","0","LST","","29.99","16.55","BFL DG URINARY DEFENSE 3.5OZ","BLENDS FOR LIFE"
"6787624","1","0","LST","","29.99","16.55","BFL DG SPARKLING EYE 3.9OZ","BLENDS FOR LIFE"
"X8619","1","0","LST","","9.99","4.5","ES AQRM SND WHT 5LB","CLIFFORD W. ESTES"
"55933","1","0","LST","","31.99","17.59","ES AQRM GRVL SPCL BLU 25LB","CLIFFORD W. ESTES"
"6787172","1","0","LST","","26.99","14.7","TTLY DG BEEF CHEEK ROLLS 5PK M","TREATLY"
"6787177","1","0","LST","","16.99","9.28","TTLY DG COLLAGEN ROLLS 3PK L","TREATLY"
"90942","1","0","ROS","","17.99","9.39","KONG SM FLYER FRISBE 1ea","KONG"
"6787713","1","0","LST","","39.99","21.05","BFL DG BODY DEFENSE 5.3OZ","BLENDS FOR LIFE"
"6787619","1","0","LST","","29.99","16.55","BFL DG GARDEN GREENS 4.6OZ","BLENDS FOR LIFE"
"Z3339","1","0","LST","","9.99","4","ES NTRL GRVL SHLW CRK REG 5LB","CLIFFORD W. ESTES"
"55952","1","0","LST","","9.99","4","ES AQRM GRVL SPCL BLK 5LB","CLIFFORD W. ESTES"
"6787616","1","0","LST","","29.99","16.55","BFL DG COLLAGEN SUPPORT 5.3OZ","BLENDS FOR LIFE"
"6787179","1","0","LST","","16.99","9.28","TTLY DG CHK MEAT CLLGN 3PK","TREATLY"
"6787620","1","0","LST","","29.99","16.55","BFL DG MILK THISTLE 4.6 OZ","BLENDS FOR LIFE"
"6787178","1","0","LST","","16.99","9.28","TTLY DG CHK COLLAGEN ROLLS 3PK","TREATLY"
"71713","1","0","LST","","31.99","17.59","ES AQRM GRVL SPCL WHT 25LB","CLIFFORD W. ESTES"
"6773670","1","0.25","LST","12348","12.99","8.46","ESN WILD BIRD SEED 8.8LB","ESSENTIALS"
"6787625","1","0","LST","","29.99","16.55","BFL DG TURMERIC GOLD 6.2OZ","BLENDS FOR LIFE"
"6787640","1","0","OOS","","29.99","16.55","BFL DG DANDELION ROOT 4.6OZ","BLENDS FOR LIFE"
"6787535","1","0","LST","","24.99","12.89","PP SUCCULENT ORN KIT 3PK","PENN-PLAX"
"X7367","1","0","NEW","","5.99","3","NOBA CATECO SCOOP CHARCOAL 1EA","NOBA"
"6787644","1","0","OOS","","34.99","18.65","BFL DG PANCREAS SUPPORT 3.5OZ","BLENDS FOR LIFE"
"6773669","1","0","LST","12230","19.99","13.01","ESN WILD BIRD SEED 17.6LB","ESSENTIALS"
"6787710","1","0","LST","","39.99","21.05","BFL DG MTHERS FIRST MILK2.1 OZ","BLENDS FOR LIFE"
"6787621","1","0","OOS","","29.99","16.55","BFL DG PEACEFUL TUMMY 6.2OZ","BLENDS FOR LIFE"
"6787171","1","0","LST","","6.99","3.82","TTLY DG BEEF CHEEK ROLLS L","TREATLY"
"6787643","1","0","LST","","34.99","18.65","BFL DG OLIVE LEAF 4.9OZ","BLENDS FOR LIFE"
"6787173","1","0","LST","","24.99","13.65","TTLY DG BEEF CHEEK ROLLS 4PK L","TREATLY"
"6787623","1","0","LST","","29.99","16.55","BFL DG SEAVITA W KELP 4.9OZ","BLENDS FOR LIFE"
"6787690","1","0","LST","","39.99","21.05","BFL DG SHIELD MOBILITY 6.2OZ","BLENDS FOR LIFE"
"6786787","1","0","LST","","14.99","9.9","BFL DG DE GUARD 7.8 OZ","BLENDS FOR LIFE"
"Z3331","1","0","LST","","9.99","4","ES OCN BCH PBLE 5LB","CLIFFORD W. ESTES"
"6787701","1","0","LST","","39.99","21.05","BFL DG GUT HEALTH PROBIO 5.3OZ","BLENDS FOR LIFE"
"6787627","1","0","OOS","","29.99","16.55","BFL DG WEIGHT CONTROL 5.3OZ","BLENDS FOR LIFE"
"A0760","1","0","LST","","31.99","17.59","ES AQRM GRVL BLU JEAN 25LB","CLIFFORD W. ESTES"
"6787709","1","0","LST","","39.99","21.05","BFL DG GRN LIPPED MUSSEL5.6OZ","BLENDS FOR LIFE"
"6787698","1","0","LST","","39.99","21.05","BFL DG JOINT HEALTH 5.3OZ","BLENDS FOR LIFE"
"X1059","1","0","LST","","19.99","10","NOBA CATECO AERATOR REPLAC 2PK","NOBA"
"30269","1","0","LST","","4.99","2.15","B BUL CT LVR&HRT TRT 0.88oz","BENNY BULLY'S"
"6780126","25","0","LST","","5.49","2.338","KOOK CT CNIP TOY PILLOW 1EA","KOOKYKAT"
"30271","1","0","LST","","4.99","2.15","B BUL CT LVR&CRN TRT 0.88oz","BENNY BULLY'S"
"6777685","1","0","LST","","9.99","5","NOBA CT BLISS CATNIP 1OZ","NOBA"
"30268","1","0","LST","","4.99","2.15","B BUL CT LVR&FSH TRT 0.88oz","BENNY BULLY'S"
"G7916","1","0","LST","","89.99","45","MM DG ELEV SS DBL FDR GRY 1EA","MESSY MUTTS"
"6777686","1","0","LST","","10.99","5.5","NOBA CT MIST CTNP SPRAY 1.56OZ","NOBA"
"6787490","1","0","LST","","7.99","4.8","PERF ULT DG SPRKLS BSN 3.5OZ","PERFORMATRIN ULTRA"
"Y2613","1","0","LST","","9.99","4.5","ES AQRM SND BLK 5LB","CLIFFORD W. ESTES"
"6472736","1","0","LST","","4.99","2.8","JAYS CT DUCK KITTY BITS 2.13OZ","JAY'S"
"6743056","1","0","LST","","12.99","6.75","PB DG FD MINI TRAIN SL 1.7OZ","PUREBITES"
"6787485","1","0","LST","","7.99","4.8","PERF ULT DG SPRKLS SLM 3.5OZ","PERFORMATRIN ULTRA"
"6743054","1","0","LST","","36.99","19.6","PB DG FD MINI TRN BF LIVR9.5OZ","PUREBITES"
"6783387","1","0","LST","","21.99","14.55","JAYS CT RAW DHD CHK BEEF 16OZ","JAY'S"
"6750066","1","0","OOS","","31.99","17.59","ES NTRL GRVL SHLW CRK REG 25LB","CLIFFORD W. ESTES"
"53909","1","0","LST","","8.99","4.1","HH HAMLET PIG RUFF-TEX 1SM","HUGGLEHOUNDS"
"6787491","1","0.25","LST","","7.99","4.8","PERF ULT DG SPRKLS LMB 3.5OZ","PERFORMATRIN ULTRA"
"6786086","6","1.25","LST","","4.99","2.995","INB CT CHURU SALMON 2OZ","INABA"
"6767405","12","5.25","LST","1000455","3.99","2.2442","PERF NTRL CT SLM&VG PATE 13OZ","PERFORMATRIN NATURALS"
"6767268","24","0.25","LST","1000451","2.49","1.4271","PERF NTRL CT SLM&VG PATE 5.5OZ","PERFORMATRIN NATURALS"
"6767404","12","5.75","LST","1000452","3.99","2.2442","PERF NTRL CT CK&VG PATE 13OZ","PERFORMATRIN NATURALS"
"6783149","1","0","LST","","20.99","10.05","HP FELINE DG DIGSTV 15ML","HOMEOPET"
"6777346","12","0","LST","","5.89","3.9233","OPFM DG SURF TURF 12.5OZ","OPEN FARM"
"6767267","24","0","LST","1000460","2.49","1.4271","PERF NTRL CT CK&VG KIT 5.5OZ","PERFORMATRIN NATURALS"
"6767270","24","0.5","LST","1000448","2.49","1.4271","PERF NTRL CT CK&VG PATE 5.5OZ","PERFORMATRIN NATURALS"
"6767269","24","0.25","LST","1000449","2.49","1.4271","PERF NTRL CT TK&VG PATE 5.5OZ","PERFORMATRIN NATURALS"
"6767227","24","0.5","LST","1000456","1.89","1.0846","PERF NTRL CT CK&VG KIT 3OZ","PERFORMATRIN NATURALS"
"6767265","24","1","LST","1000447","1.89","1.0846","PERF NTRL CT SLM&VG PATE 3OZ","PERFORMATRIN NATURALS"
"6238954","1","0","LST","","15.99","7.79","VN DG ECOWARE BOWL GRY 25OZ","VAN NESS"
"6238953","1","0","LST","","9.99","5.2","VN DG ECOWARE BOWL BLU 15OZ","VAN NESS"
"6786122","1","0","LST","","39.99","27.95","WBCL CT POOP FIGHTER 14LB","WORLD'S BEST"
"6787536","1","0","LST","","37.99","19.33","PP NAUTICAL ORN KIT 4PK","PENN-PLAX"
"6790876","1","0","LST","","28.49","14.3","MYFAM HSHTG PLS QR BNE BLK 1EA","MYFAMILY"
"6790877","1","0","LST","","28.49","14.3","MYFAM HSHTG PLS QR BNE PNK 1EA","MYFAMILY"
"6790878","1","0","LST","","28.49","14.3","MYFAM HSHTG QR CIRCLE BLK 1EA","MYFAMILY"
"6790879","1","0","LST","","28.49","14.3","MYFAM HSHTG QR CIRCLE PNK 1EA","MYFAMILY"
"IJ839","1","0","LST","","1.79","0.78","VN DG PET FOOD CAN CVR WHT 1EA","VAN NESS"
"6739477","1","0","LST","","27.99","15","LIVSTRNG DG CHW COCONUT XL","LIVSTRONG"
"6770012","1","0.5","LST","","9.99","4.48","KONG DG SNUZZLES MINI DUCK 1XS","KONG"
"6782819","1","0","LST","","14.99","9.4","CRMPN DG GUTSY TPR CHK 3.5OZ","CRUMPS' NATURALS"
"6779739","12","0.5","LST","","2.39","1.37","PERF ULT CT GF TU & SL 2.8 OZ","PERFORMATRIN ULTRA"
"6787496","1","0","LST","","7.99","4","HGNS ITD CONURE CRNBERRIES 85G","HIGGINS"
"6235218","1","0","LST","","24.99","13","MM DG SIL FOOD MAT GREY 1MD","MESSY MUTTS"
"6779737","12","0.25","LST","","2.39","1.37","PERF ULT CT GF TU & PMP 2.8 OZ","PERFORMATRIN ULTRA"
"6744767","1","0","LST","","9.99","5","MM DG TRI LCKMT GRY 1EA","MESSY MUTTS"
"6787492","1","0","LST","","7.99","4","HGNS ITD PRT SWT PT 85G","HIGGINS"
"6234947","1","0","LST","","21.99","11","DOGIT DG SS SLOW BOWL 57.5OZ","DOGIT"
"6764524","1","0","LST","","41.99","23.51","PERF PRM CT ORAL CARE 6LB","PERFORMATRIN PRIME"
"6787493","1","0","LST","","7.99","4","HGNS ITD PRT BANANA 85G","HIGGINS"
"6410928","1","0","LST","","19.99","10","MM DG BWL LCKMT GRY 1EA","MESSY MUTTS"
"6764525","1","0","LST","","66.99","37.51","PERF PRM CT ORAL CARE 13.2LB","PERFORMATRIN PRIME"
"6779741","1","0","LST","","42.99","28.41","SD CT AD SL&BR 3.5LB","HILL'S SCIENCE DIET"
"6786750","1","0.75","LST","","19.99","10","PERF ULT DG BF TNDRS 8 OZ","PERFORMATRIN ULTRA"
"6782820","1","0","LST","","14.99","9.4","CRMPN DG GTSY TPR LMB SP 3.5OZ","CRUMPS' NATURALS"
"6764522","1","0.25","LST","","26.99","15.11","PERF PRM CT ORAL CARE 3LB","PERFORMATRIN PRIME"
"6779736","1","0","LST","","44.99","28.31","SD CT KTN SENS SL&BR 3.5LB","HILL'S SCIENCE DIET"
"6236522","1","0","LST","","21.99","11","MM DG BNE TRT MLD BL GRN 2PK","MESSY MUTTS"
"6779752","24","0","LST","","3.49","2.3213","SD CT AD SS DK&VG 2.9OZ","HILL'S SCIENCE DIET"
"6779740","24","0","LST","","3.49","2.1883","SD CT KTN SS SL&VG 2.8OZ","HILL'S SCIENCE DIET"
"6235224","1","0","LST","","39.99","20","MM DG SIL FOOD MAT GREY 1LG","MESSY MUTTS"
"6739476","1","0","LST","","27.99","15","BFL DG CHW BERRY XL","BLENDS FOR LIFE"
"6787494","1","0","LST","","7.99","4","HGNS ITD CONURE APPLE 85G","HIGGINS"
"6235906","1","0","LST","","19.99","10","MM DG LCKMT & SPTLA GRY 1EA","MESSY MUTTS"
"6740467","1","0","LST","","29.99","18","CRMP DG SWT POT FRS 20OZ","CRUMPS' NATURALS"
"6779738","12","1.25","LST","","2.39","1.37","PERF ULT CT GF TU & BF SL2.8OZ","PERFORMATRIN ULTRA"
"6655643","1","0","LST","","21.99","10.99","FFIT DG WOODLAND SNUFFEL FOX","FOUFIT"
"6770013","1","0.5","LST","","9.99","4.48","KONG DG SNUZZLES MINI FROG 1XS","KONG"
"6764841","1","0","OOS","","12.99","7","PROJH DG TRAINING TREAT PB 6OZ","PROJECT HIVE"
"6750670","15","0","LST","","27.99","15","BFL DG CHW MPLE BACON XL","BLENDS FOR LIFE"
"6779721","12","0.5","LST","","1.89","0.99","PERF ULT CT GF TN BRTH 1.3 OZ","PERFORMATRIN ULTRA"
"6234946","1","0","LST","","16.99","8.5","DOGIT DG SS SLOW BOWL 30.5OZ","DOGIT"
"6779719","12","2.25","LST","","1.89","0.99","PERF ULT CT GF CHK BRTH 1.3 OZ","PERFORMATRIN ULTRA"
"6740855","1","0","LST","","27.99","15","BFL DG CHW PB&HONEY XL","BLENDS FOR LIFE"
"6655201","1","0","LST","","17.99","8","FFIT DG HNS BR CAKE PNK S","FOUFIT"
"6779743","1","0","LST","","116.99","83.11","SD CT AD SL&BR 15LB","HILL'S SCIENCE DIET"
"6779723","12","0","LST","","2.39","1.37","PERF ULT CT GF CHK PMP 2.8 OZ ","PERFORMATRIN ULTRA"
"6764333","1","0","LST","","1.49","0.05","PERF PRM CT ORAL CARE SMP 4OZ","PERFORMATRIN PRIME"
"6786671","6","1.75","LST","","4.99","2.995","INB CT CHURU SL&TU 2OZ","INABA"
"6786116","6","1","LST","","4.99","2.995","INB CT CHURU SNR TUNA 2OZ","INABA"
"6786119","4","0.5","LST","","4.19","2.4925","INB CT CHURU PNS CHK 2PK","INABA"
"6786115","6","3","LST","","4.99","2.995","INB CT CHURU SNR CHK 2OZ","INABA"
"6786118","4","0.5","LST","","4.19","2.4925","INB CT CHURU PNS TUNA 2PK","INABA"
"6786120","4","0","LST","","4.19","2.4925","INB CT CHURU PNS CHK SCLP 2PK","INABA"
"6786117","6","3.75","LST","","4.99","2.995","INB CT CHURU CK&CH 2OZ","INABA"
"IC225","1","0.25","LST","","164.99","103.94","SMACK DG DEHY CRBBN SLMN 5.5LB","SMACK"
"A7103","1","0","LST","","9.99","5.01","VL COMPLETE CUNI JNR 1.1LB","VERSELE-LAGA"
"E6334","1","0.25","LST","6227352","24.99","12.5","VL COMPLETE CUNI ADULT 3.86LB","VERSELE-LAGA"
"X8995","1","0","LST","6227354","34.99","17.5","VL COMPLETE HAMSTR GERBL 2KG","VERSELE-LAGA"
"Y1208","1","0.5","LST","","164.99","103.94","SMACK DG DEHY HRVST PRK 5.5LB","SMACK"
"I3105","1","0","LST","","9.99","5.01","VL COMPLETE CHNCH DEGU 1.1LB","VERSELE-LAGA"
"X8994","1","0","LST","6227353","24.99","12.5","VL COMPLETE CUNI JNR 3.86LB","VERSELE-LAGA"
"IC222","1","0","LST","","22.99","14.48","SMACK DG DEHY CHNKY CHK 8.8OZ","SMACK"
"I8949","1","0","LST","","9.99","5.01","VL COMPLETE CUNI ADULT 1.1LB","VERSELE-LAGA"
"A3134","1","0","LST","","24.99","12.5","VL COMPLETE CHNCH DEGU 3.8LB","VERSELE-LAGA"
"I8948","1","0","OOS","","9.99","5.01","VL COMPLETE CAVIA 1.1LB","VERSELE-LAGA"
"IC224","1","0","LST","","22.99","14.48","SMACK DG DEHY BRRY CHK 8.8OZ","SMACK"
"G6833","1","0","OOS","","31.99","16","VL COMPLETE RAT MOUSE 4.41LB","VERSELE-LAGA"
"Y1207","1","0","LST","","24.99","15.74","SMACK DG DEHY HRVST PRK 8.8OZ","SMACK"
"IC223","1","0.25","LST","","139.99","88.19","SMACK DG DEHY BRRY CHK 5.5LB","SMACK"
"IC221","1","0","LST","","139.99","88.19","SMACK DG DEHY CHNKY CHK 5.5LB","SMACK"
"G3710","1","0","LST","","11.99","6.01","VL COMPLETE RAT MOUSE 1.1LB","VERSELE-LAGA"
"X8993","1","0","LST","6227351","24.99","12.5","VL COMPLETE CAVIA 3.86LB","VERSELE-LAGA"
"X3021","1","0","LST","","164.99","103.94","SMACK DG DEHY RCK RCKFSH 5.5LB","SMACK"
"6776347","1","0","LST","","311.99","205.8","TRX DG WOOD/WIRE CRATE TABL LG","TRIXIE"
"6786657","4","0","LST","","4.19","2.4925","INB CT CHURU PNS TU&BON 2PK","INABA"
"6787641","1","0","LST","","21.99","12","CANPR CT CAM OL 8.5OZ","CANPRESSCO"
"6776325","1","0","LST","","207.99","135.12","TRX DG WOOD/WIRE CRATE TABL SW","TRIXIE"
"6776330","1","0","LST","","207.99","135.12","TRX DG WOOD/WIRE CRATE TABL SB","TRIXIE"
"X2868","1","0","OOS","","24.99","15.74","SMACK DG DEHY RCK RCKFSH 7.4OZ","SMACK"
"6770020","1","0","LST","","21.99","10.63","KONG DG SCRUFFS CHKN 1MDLG","KONG"
"6786928","1","0","LST","","39.99","18.5","VL COMPLETE CUNI ADULT 6.61LB","VERSELE-LAGA"
"6776338","1","0","LST","","311.99","205.8","TRX DG WOOD/WIRE CRATE TABL LW","TRIXIE"
"IC226","1","0","LST","","24.99","15.74","SMACK DG DEHY CRBBN SLMN 7.4OZ","SMACK"
"6776309","1","0","LST","","519.99","346.13","TRX DG FOLD OUTDOOR KENNEL XXL","TRIXIE"
"6743840","1","0","LST","","17.99","7.72","KONG DG KNOTS TEDDY ASTD 1SM","KONG"
"6787520","1","0","LST","","311.99","205.8","TRX DG NATURA KENNEL XL B","TRIXIE"
"6787500","1","0","LST","","342.99","207.87","TRX DG FOLD OUTDOOR KENNEL LXL","TRIXIE"
"6672814","1","0","LST","","21.99","13","AS ULTRA BLEND 8.8LB","ARMSTRONG"
"6640727","1","0","LST","","19.99","13.5","AS FAVOURITE FINCH 9.9LB","ARMSTRONG"
"6776310","1","0","LST","","207.99","138.24","TRX DG FOLD OUTDOOR KENNEL S/M","TRIXIE"
"6790655","1","0","OOS","","36.99","18.5","VL COMPLETE CAVIA 6.61LB","VERSELE-LAGA"
"6787515","1","0","LST","","166.99","105.5","TRX DG NATURA KENNEL BRN S/M","TRIXIE"
"6790821","1","0","LST","","14.99","7.5","MX&ML DG MTRX DSPNSR TURQ 1EA","MAX & MOLLY URBAN PETS"
"6787528","1","0","LST","","259.99","171.77","TRX DG NATURA KENNEL BRN M/L","TRIXIE"
"6790607","1","0","OOS","","19.99","12","FLKR FD DUB ROC 1.3OZ","FLUKERS"
"6790617","1","0","LST","","49.99","29.99","MRSHL FRRT DIET DG SUPPRT 4LB ","MARSHALL"
"6790624","1","0","LST","","10.99","5.12","KONG CT FLICKER MOUSE 1EA","KONG"
"6790549","1","0","LST","","29.99","14.14","KONG CT CMFT KEY PLAY MAT 1EA","KONG"
"6790621","1","0","LST","","17.99","8.18","KONG CT ANGLER DOOR TSR 1EA","KONG"
"6790600","1","0","LST","","49.99","25.55","BFL DG OMEGA 3.8OZ","BLENDS FOR LIFE"
"6787363","1","0","OOS","","9.99","5","HARI CLAW GROOMING SISSORS 1SM","HARI"
"6786776","1","0","LST","","11.99","5.5","KONG CT LASER CHIRPS BIRD 1EA","KONG"
"6788183","1","0","LST","","19.99","10","MM DG CRATE LICK PLATE GRY 1EA","MESSY MUTTS"
"6790616","1","0","LST","","8.99","4.09","KONG CT SNUZZLE MOUSE 1EA","KONG"
"6241167","1","0","LST","","6.99","3.8","FLKR FF VAC PK DUB ROC 0.7OZ","FLUKERS"
"6465713","1","0","LST","","6.99","2.75","FLKR FF VAC PK CRCKT 0.7OZ","FLUKERS"
"6786767","1","0","NEW","","11.99","4.79","KONG CT LUVS MOUSE 1EA","KONG"
"6776440","1","0","LST","","12.99","6.15","KONG CT TSR CHIRPZ CHICK 1EA","KONG"
"6791313","1","0","INOT","","15.99","6.28","MLPT DG WRNKLEZ ASRTD PLSH 1EA","MULTIPET"
"6617517","1","0","OOS","","9.99","5.25","FLKR GRMT DUB ROC 1.2OZ","FLUKERS"
"6773639","1","0","LST","","19.99","10.8","WM DG pH BLNCD ER CLNG SLT 8OZ","WELLMARK"
"6786775","1","0","LST","","8.99","4.09","KONG CT CLACKZ CATERPILLAR 1EA","KONG"
"6791396","1","0","LST","","39.99","21.05","BFL DG MUSHROOM FOURMIX 4.2OZ","BLENDS FOR LIFE"
"6764877","1","0","LST","","14.99","6.81","KONG CT TROPICS PALS 2PK","KONG"
"6790654","1","0","LST","","13.99","7.25","FLKR GRMT INSCT MX 2.75OZ","FLUKERS"
"6790629","1","0","LST","","5.99","3.25","FLKR FF VAC PK VRTY MX 0.7OZ","FLUKERS"
"6780050","1","0","LST","","32.99","16.87","KONG CT GLAMPING TENT 1EA","KONG"
"6787361","1","0","NEW","","11.99","6","HARI CLAW GROOMING SISSORS 1LG","HARI"
"6790598","1","0","LST","","39.99","21.05","BFL DG SENIOUR VITALITY 6.2OZ","BLENDS FOR LIFE"
"6790620","1","0","NEW","","12.99","7.5","FLKR FD SWM 1.7OZ","FLUKERS"
"X7895","1","0","OOS","","21.99","12.64","SC DG FD LB HEART 3OZ","STELLA & CHEWY'S"
"X7892","1","0","OOS","","21.99","12.64","SC DG FD BF HEARTS 3OZ","STELLA & CHEWY'S"
"A3710","1","0","INOT","","6.19","2.2","MLPT DG MINI LTX ANMLS AST 1EA","MULTIPET"
"6773637","1","0","LST","","26.99","14.62","WM DG DENTAL WIPES 50 PDS","WELLMARK"
"K6599","1","0","LST","","17.99","8.75","HARI TRPMX CKCTL & LB 2OZ","HARI"
"Y1100","1","0","NEW","","8.99","4.25","HARI TRPCN EGG GRANUALE 5.29OZ","HARI"
"G4878","1","0","LST","","10.99","5.25","HARI TRPCN HND FDNG 0.88LB","HARI"
"6791125","8","0","LST","","49.99","28.5813","RB DG BULLY RING 3PK","REDBARN"
"6251916","1","0","LST","","14.99","7.5","HARI SP PARROT SPR BALL 1EA","HARI"
"6790469","1","0","LST","1000361","10.99","8.53","LVBLS CT WING MAN 12VP","LOVIBLES"
"6253737","1","0","LST","","20.99","10.25","HARI SP PARROT COLADA TOY 1EA","HARI"
"6470964","1","0","LST","","20.99","10.25","HARI SP PARROT LOOFAH TOY 1EA","HARI"
"6228246","1","0","LST","","8.99","4.25","HARI TRPMX EGG FD MIX 6.5OZ","HARI"
"6794033","1","0","LST","","59.99","35.99","MRSHL DIG BOX PLAY CENTR 1EA","MARSHALL"
"6791126","12","0","LST","","47.99","27.7275","RB DG BRAIDED BULLY STICK 12IN","REDBARN"
"6632483","1","0","LST","","21.99","11.95","RB DG BULLY TWIST 1.65OZ","REDBARN"
"6617833","1","0","LST","","18.99","10.63","RB DG PRK SKIN TWIST 1.65OZ","REDBARN"
"6793813","1","0","OOS","","34.99","18.65","BFL DG CALMIMNG DREAM 4.6OZ","BLENDS FOR LIFE"
"6529726","15","0","LST","","51.99","30.488","RB DG BULLY 7IN 6PK","REDBARN"
"6252282","18","0","LST","","29.99","17.3267","RB DG BULLY 12IN 2PK","REDBARN"
"6786887","1","0","ROS","","44.99","28.06","TRXE DG ACTIVTY TUNNEL BLUE","TRIXIE"
"6786883","1","0","LST","","197.99","130.97","TRXE DG ACTIVTY AGILTY SEESAW","TRIXIE"
"6787111","1","0","LST","","0.02","0.02","LOLO WOOD DISPLAY ","LOLO PETS CLASSIC"
"6786882","1","0","LST","","332.99","221.4","TRXE DG ACTVTY AGILITY DOGWALK","TRIXIE"
"A2129","4","0","LST","","12.99","6.5","PTRGS CT LUCY PAWS BOWL 5IN","PETRAGEOUS"
"6794039","1","0","LST","","44.99","22.5","CP DG JACQUARD LSH BLK 1EA","CANADA POOCH"
"6786888","1","0","LST","","86.99","54.15","TRXE DG CAR GRID W HEAD REST","TRIXIE"
"6793853","1","0","LST","","11.99","6","PDH DG COLLAPS BWL PRP 1EA","PET DREAM HOUSE"
"6788136","1","0","ROS","","14.49","7.03","CNT DG PNB CTD CHW 5.2OZ 3P","CANINE NATURALS"
"6801857","1","0","LST","","44.99","22.5","CP DG JACQUARD LSH PRP 1EA","CANADA POOCH"
"6788139","1","0","LST","","25.99","13.43","CNT DG PUPPY CHK CHW 10OZ 6PC","CANINE NATURALS"
"FA799","6","0","NEW","","12.99","6.5","PTRGS CT SLEEPY KITTY BOWL 5.5","PETRAGEOUS"
"6786890","1","0","LST","","103.99","67.56","TRX DG CAR GRID ","TRIXIE"
"IU120","1","0","LST","","36.99","19","SFRI DG SH DESHED TOOL 1MD","COASTAL PET PRODUCTS"
"IJ161","1","0","OOS","","44.99","23.35","SFRI DG LH DESHED TOOL 1LG","COASTAL PET PRODUCTS"
"E3565","1","0","LST","","18.99","9.5","ZIL REP MNCHS VEG FRT MIX 4OZ","ZILLA"
"A7268","1","0","LST","","44.99","23.35","SFRI DG SH DESHED TOOL 1LG","COASTAL PET PRODUCTS"
"ID593","1","0","LST","","16.99","8.85","SFRI DG MASSAGE BRSH 1EA","COASTAL PET PRODUCTS"
"Y1255","1","0","LST","","25.99","13","ZIL RCK DEN 1MED","ZILLA"
"90987","1","0","LST","","14.99","7.75","SFRI DG GUILLOTINE CLPR 1SM","COASTAL PET PRODUCTS"
"90977","1","0","LST","","16.99","8.19","SFRI DG GUILLOTINE CLPR 1LG","COASTAL PET PRODUCTS"
"FD761","1","0","LST","","22.99","12.6","SFRI DG COMPLETE BRSH 1EA","COASTAL PET PRODUCTS"
"IJ162","1","0","LST","","36.99","19","SFRI DG LH DESHED TOOL 1MD","COASTAL PET PRODUCTS"
"6790439","24","8","LST","1000336","0.99","0.7221","LVBLS CT SL DNR PATE 5.5OZ","LOVIBLES"
"6790827","1","0","LST","","62.99","31.5","CP DG REDIRECT HARN BLK 1LG","CANADA POOCH"
"6801862","1","0","LST","","64.99","32.5","CP DG REDIRECT HARN PRP 1XL","CANADA POOCH"
"6790434","24","0.25","LST","1000330","0.99","0.7042","LVBLS CT TK&GIB ENT PATE 3OZ","LOVIBLES"
"6787806","24","0.25","LST","1000323","0.99","0.7042","LVBLS CT BF ENT PATE 3OZ","LOVIBLES"
"6790432","24","3","LST","1000327","0.99","0.7042","LVBLS CT LVR&CHK ENT PATE 3OZ","LOVIBLES"
"6790433","24","1","LST","1000332","0.99","0.7042","LVBLS CT CHK ENT PATE 3OZ","LOVIBLES"
"6790825","1","0","LST","","54.99","27.5","CP DG REDIRECT HARN BLK 1SM","CANADA POOCH"
"6790631","24","7","LST","6468414","0.99","0.7238","LVBLS CT WHTFSH&TUNA DNR5.5OZ","LOVIBLES"
"6801861","1","0","LST","","59.99","30","CP DG REDIRECT HARN PRP 1MD","CANADA POOCH"
"6801863","1","0","LST","","69.99","35","CP DG REDIRECT HARN PRP 1XXL","CANADA POOCH"
"6790463","24","0.25","LST","6468410","0.99","0.7079","LVBLS CT WHTFSH&TUNA PATE 3OZ","LOVIBLES"
"6790826","1","0","LST","","59.99","30","CP DG REDIRECT HARN BLK 1MD","CANADA POOCH"
"6790633","24","3.25","LST","6468416","0.99","0.7238","LVBLS CT CHK&TUNA DNR5.5OZ","LOVIBLES"
"Q7451","1","0","LST","","18.99","9.5","PTRGS CT CITY PET DISH 6.25IN","PETRAGEOUS"
"E7947","1","0","NEW","","29.99","14.14","KNG DG COZIE ALI ALLIGATOR XL","KONG"
"6793850","1","0","LST","","62.99","31.5","CP DG REDIRECT HARN PRP 1LG","CANADA POOCH"
"6830713","25","0","","","0","0.3432","MK PM 2025 PET PAR GUIDE 25pk","PET VALU"
"6790521","24","3.75","LST","6468409","0.99","0.7079","LVBLS CT COD&SOLE&SHP PATE3OZ","LOVIBLES"
"E2235","1","0","LST","","7.29","3.63","NTIZ DG LED SBINER TAGLOCK ","NITE IZE"
"6790438","24","5.25","LST","6468411","0.99","0.7079","LVBLS CT SL DNR PATE 3OZ","LOVIBLES"
"6801859","1","0","LST","","69.99","35","CP DG REDIRECT HARN BLK 1XXL","CANADA POOCH"
"6790435","24","4.25","LST","1000342","0.99","0.7221","LVBLS CT CHK DNR PATE 5.5OZ","LOVIBLES"
"6790632","24","0.25","LST","6468415","0.99","0.7238","LVBLS CT MXD GRILL DNR5.5OZ","LOVIBLES"
"6801858","1","0","LST","","64.99","32.5","CP DG REDIRECT HARN BLK 1XL","CANADA POOCH"
"6790614","24","0.25","LST","6468412","0.99","0.7875","LVBLS CT TK&CHS SHRD 5.5OZ","LOVIBLES"
"6801860","1","0","LST","","54.99","27.5","CP DG REDIRECT HARN PRP 1SM","CANADA POOCH"
"6830712","25","0","","","0","0.3432","MK PV 2025 PET PAR GUIDE 25pk","PET VALU"
"6790630","24","0.5","LST","6468413","0.99","0.7875","LVBLS CT CHK SHRD 5.5OZ","LOVIBLES"
"6790452","24","4","LST","1000339","0.99","0.7221","LVBLS CT TK&GIB DNR PATE5.5OZ","LOVIBLES"
"6655175","1","0.25","NEW","","32.99","17.75","KOG DG COZIE MARVIN XXL","KONG"
"6796625","6","0","OOS","","12.99","6.5","PTRGS CT SLLY KITTY SAUCER 5IN","PETRAGEOUS"
"6796623","6","0","OOS","","12.99","6.5","PTRGS CT LOVE CATS SAUCER 5IN","PETRAGEOUS"
"6797731","1","0","NEW","","30.99","16.09","KNG DG WILDKNOT BEAR XXL","KONG"
"6791137","1","0","LST","","22.99","11.5","ZIL TRTL MRCL BALL 1EA","ZILLA"
"6797690","1","0","INOT","","44.99","24.74","DGS DG CK BLNKT GRY 1MD","DOG GONE SMART"
"Y5338","1","0","LST","","16.99","9","TNK DG MEGA TREAD BALL 3IN","TONKA"
"A1763","1","0","LST","","22.99","11.5","SFRI DG NYLON TIP BRSH 1EA","COASTAL PET PRODUCTS"
"6797643","1","0","INOT","","39.99","20.8","DGS DG CREW BUNDLE 1EA","DOG GONE SMART"
"6793691","1","0","LST","","3.99","2.17","LOLO DG VANILLA BISCUIT 1.41OZ","LOLO PETS CLASSIC"
"6770015","1","0","NEW","","12.99","7.21","KNG DG SOFTIES BALLS 2PK L","KONG"
"6785637","1","0","INOT","","64.99","38.99","DGS DG CK BLNKT GRY 1LG","DOG GONE SMART"
"6791136","1","0","LST","","12.99","6.5","ZIL CRCKT GLW PWDR 4OZ","ZILLA"
"6791098","1","0","LST","","23.99","11.64","VSCNC CT LYSINE PL SUPPL 90PC","VETRISCIENCE"
"6776433","1","0","NEW","","39.99","21.79","KONG CT PLYSPCS RAVE CAVE 1EA","KONG"
"6793743","1","0","NEW","","19.99","10.28","KNG DG KNOTS BELLY HIPPO ML","KONG"
"6407710","1","0","LST","","23.99","11.65","SFRI DG BMBO WIRE BRSH 1EA","COASTAL PET PRODUCTS"
"6798778","1","0","LST","","13.99","6.9","NTIZ DG MICRLINK TAG CRBNR 2PK","NITE IZE"
"6797708","1","0","NEW","","2.99","1.5","CATIT PIXI FTN SPOUT 3PK","CATIT"
"6236591","1","0","LST","","16.99","9","TNK DG GORILLA TIRE FEEDER 4IN","TONKA"
"6791103","1","0","LST","","15.99","8.48","NUCAT CT SNR MV 30PC","VETRISCIENCE"
"Y2734","1","0","LST","","21.99","13","TNK DG TREAD 3-RINGTUG 10.5 IN","TONKA"
"6797724","1","0","LST","","9.99","5","CATIT CATNIP RPLMT BAGS 6PK","CATIT"
"6759734","1","0","LST","","46.99","21.82","NTIZ DG LED SAFETY NCKLC","NITE IZE"
"6407711","1","0","LST","","23.99","9.99","SFRI DG BMBO BRSTLE BRSH 1EA","COASTAL PET PRODUCTS"
"6793693","1","0","OOS","","4.99","2.7","LOLO DG TASTIES STRWBERRY 10CT","LOLO PETS CLASSIC"
"6798779","1","0","LST","","8.99","4.87","NTIZ DG SLIDELOCK PET SBINER","NITE IZE"
"6764876","1","0.25","NEW","","32.99","16.02","KNG DG MAXX RINO L","KONG"
"6764873","1","0.5","NEW","","19.99","9.6","KNG DG MAXX ARMADILLO S","KONG"
"6764875","1","0","NEW","","26.99","12.81","KNG DG MAXX TURTLE M","KONG"
"6236590","1","0","LST","","29.99","17","TNK DG INFNTY TREAD TUG 11.5IN","TONKA"
"6793742","1","0","OOS","","19.99","9.63","KNG DG MAXX TUG L","KONG"
"Y4407","1","0","LST","","17.99","10","TNK DG RUBBER TREAD TIRE 5IN","TONKA"
"6763568","1","0","LST","","25.99","13.51","NTIZ DG SPOTLIT JEWEL DISC-O","NITE IZE"
"6791152","1","0","LST","","49.99","24.95","COA DG WIDE MUZZLE SZ 1","COMPANY OF ANIMALS"
"6797696","1","0","INOT","","44.99","24.74","DGS DG IW BLNKT BRWN 1MD","DOG GONE SMART"
"6793740","1","0","NEW","","19.99","10.28","KNG DG KNOTS BELLY GORILLA ML","KONG"
"6797737","1","0","NEW","","10.99","5.12","KONG CT FLINGAROO CORNY 1EA","KONG"
"6780718","1","0","INOT","","179.99","98.99","DGS DG CK RND BD GRY 1LG","DOG GONE SMART"
"6780719","1","0","INOT","","87.99","48.39","DGS DG CK RND BD GRY 1SM","DOG GONE SMART"
"6780051","1","0","NEW","","23.99","12.51","KOG DG KNOTS FROG LXL ","KONG"
"6791101","1","0","LST","","18.99","9.1","VSCNC CT GLYC H&J SUPPL 30PC","VETRISCIENCE"
"6407714","1","0","LST","","26.99","14.2","SFRI DG BMBO P&B BRSH 1EA","COASTAL PET PRODUCTS"
"6796621","4","0","LST","","18.99","9.5","PTRGS CT LOVE CATS BOWL 5IN","PETRAGEOUS"
"6791102","1","0","LST","","15.99","8.48","NUCAT CT MV 30PC","VETRISCIENCE"
"6770017","1","0","NEW","","12.99","6.63","KNG DG SPORT SOFTIES MD 3PK","KONG"
"6771316","1","0","NEW","","32.99","17.75","KNG DG COZIE ALI XXL","KONG"
"6794038","1","0","LST","","57.99","29","COA DG WIDE MUZZLE SZ 2","COMPANY OF ANIMALS"
"6797697","1","0","INOT","","64.99","38.99","DGS DG IW BLNKT BRWN 1LG","DOG GONE SMART"
"6793778","12","1.75","LST","","5.79","3.4142","PERF ULT DG GF CHK&SL 13.2OZ","PERFORMATRIN ULTRA"
"6793777","12","2.5","LST","","5.79","3.4142","PERF ULT DG GF CHK&BF 13.2OZ","PERFORMATRIN ULTRA"
"6739447","1","0","LST","","28.99","15.78","CPP DG LIL PAL PUP GRM KIT 3PC","COASTAL PET PRODUCTS"
"6793776","12","3.5","LST","","5.79","3.4142","PERF ULT DG GF CHK 13.2OZ","PERFORMATRIN ULTRA"
"6794012","1","0","LST","","22.99","11.5","CEC CT HARNESS CAMO LGXL","CLOE E CLUZO"
"6794036","1","0","LST","","21.99","11","CEC CT CMFRT LTR MT ZIGZAG 1EA","CLOE E CLUZO"
"6790605","1","0","LST","","29.99","15","CEC CT 4 WAY TUNNEL ORANGE 1EA","CLOE E CLUZO"
"6794011","1","0","LST","","21.99","11","CEC CT HARNESS CAMO SMMD","CLOE E CLUZO"
"6791480","1","0","LST","","21.99","11","CEC CT HARNESS FLORAL SMMD","CLOE E CLUZO"
"6786895","1","0","LST","","22.99","11.5","CEC CT 3 WAY TUNNEL ORANGE 1EA","CLOE E CLUZO"
"6797722","1","0.25","LST","","13.99","6.94","YEOWWW! RED MO BETTA FISH 1EA","YEOWWW!"
"6794037","1","0","NEW","","17.99","9","CEC CT ALUMNM LTR SCOOP 1EA","CLOE E CLUZO"
"6794034","1","0","LST","","21.99","11","CEC CT FIBRE LTR MAT 1LG","CLOE E CLUZO"
"6793654","1","0","LST","","22.99","11.5","CEC CT HARNESS FLORAL LGXL","CLOE E CLUZO"
"6744033","1","0","NEW","","21.99","11","CEC CT DOUBLE FEEDER BOWL 1EA","CLOE E CLUZO"
"6790819","1","0","LST","","14.99","7.5","MX&ML DG MTRX DSPNSR BLK 1EA","MAX & MOLLY URBAN PETS"
"6794013","1","0","LST","","22.99","11.5","CEC CT 3 WAY TUNNEL GREEN 1EA","CLOE E CLUZO"
"6793656","1","0","LST","","22.99","11.5","CEC CT HARNESS DOTED LGXL","CLOE E CLUZO"
"6793655","1","0","LST","","21.99","11","CEC CT HARNESS DOTED SMMD","CLOE E CLUZO"
"6794010","1","0","LST","","22.99","11.5","CEC CT HARNESS LEOPARD LGXL","CLOE E CLUZO"
"6793692","32","0","LST","","3.99","2.17","LOLO DG VANILLA DONUT 2.11OZ","LOLO PETS CLASSIC"
"6794015","1","0","LST","","13.99","7","CEC CT FIBRE LTR MAT 1SM","CLOE E CLUZO"
"6787292","1","0","LST","","9.99","4.39","YEOWWW! PLAIN STRAWBERRY 1EA","YEOWWW!"
"6793657","1","0","LST","","21.99","11","CEC CT HARNESS LEOPARD SMMD","CLOE E CLUZO"
"6794035","1","0","LST","","21.99","11","CEC CT CMFRT LTR MT GRY 1EA","CLOE E CLUZO"
"6764250","1","0","LST","","8.99","4.92","YEOWWW! BLUE DAISY FLOWER 1EA","YEOWWW!"
"6790820","1","0","LST","","14.99","7.5","MX&ML DG MTRX DSPNSR ROSE 1EA","MAX & MOLLY URBAN PETS"
"6847958","12","1.25","LST","","10.99","4.99","TB DG BF CRANBERYY TRT 3.5OZ","TILTED BARN PET CO."
"6847974","1","0","INOT","","377.76","189","WNDRBLL DG CNTR DSPLY 24PC 1EA","WUNDERBALL"
"6847957","10","0.5","LST","","14.99","7.233","TB DG BISON MINIWAGS3.53oz","TILTED BARN PET CO."
"6847959","10","1","LST","","10.99","4.997","TB DG B CRANBERRY MINIWAGS3.53","TILTED BARN PET CO."
"6847956","12","0","LST","","14.99","7","TB DG BISON TRT 3.53OZ","TILTED BARN PET CO."
"6785894","12","0","LST","","3.99","2","B BUL DG BF LVR&BLB MINI .6OZ","BENNY BULLY'S"
"6785897","12","0","LST","","3.99","2","B BUL DG BF LVR MINIBITES .6OZ","BENNY BULLY'S"
"6785895","12","0","LST","","3.99","2","B BUL DG BF LVR PLS APPLE .6OZ","BENNY BULLY'S"
"6785898","12","0","LST","","3.99","2","B BUL DG BS LVR MINIBITES .6OZ","BENNY BULLY'S"
"6785888","12","0","LST","","3.99","2","B BUL DG BF LVRP&PMP MINI .6OZ","BENNY BULLY'S"
"W8390","1","0.25","NEW","","9.99","6.13","YEOWWW! CIGAR BLUE 7IN","YEOWWW!"
"W8391","1","0.5","NEW","","9.99","6.13","YEOWWW! CIGAR PINK 7IN","YEOWWW!"
"I9515","1","0","LST","","12.99","7.27","YEOWWW! HAPPY KITTY 4IN","YEOWWW!"
"43182","1","0","ROS","","19.99","9.76","GD DRAGON CORAL 1sm","GO DOG"
"R0809","1","0","NEW","","12.99","7.27","YEOWWW! LICKME/BITEME 4IN","YEOWWW!"
"6776924","1","0","OOS","","22.99","12.5","YEOWWW! STRAWBERRIES 3PK","YEOWWW!"
"6476859","1","0.25","ROS","","14.99","7.72","YEOWWW! CATNIP BUDS 0.35OZ","YEOWWW!"
"41023","1","0","INOT","","35.99","19.5","LAG BIO SLDG CNTRL 16OZ","LAGUNA"
"E6415","1","0","INOT","","22.99","11.5","LAG SG/FL WHT GRM SPRLN 17OZ","LAGUNA"
"41022","1","0","INOT","","19.99","10.5","LAG CLR FST 16OZ","LAGUNA"
"6848433","1","0","LST","1500244","21.99","10.72","SKHNR CT URN ODR DSTRY 35OZ","SKOUT'S HONOR"
"W8262","1","0","INOT","","35.99","19.5","LAG BIO BSTR 16OZ","LAGUNA"
"1502192","1","0.25","LST","","17.99","9.27","JAYS DG MGHTY WLF SLM SRD 16OZ","JAY'S"
"6776925","1","0","LST","","18.99","9.35","YEOWWW! CATNIP CATRINA 5IN","YEOWWW!"
"41032","1","0","INOT","","19.99","11.25","LAG WTR PRP 16OZ","LAGUNA"
"A9708","1","0","LST","","16.99","8.5","LAG ALL SSN PND FLTNG FD 17OZ","LAGUNA"
"6764260","1","0","LST","","8.99","4.92","YEOWWW! FLOWER WHITE 1EA","YEOWWW!"
"6764259","1","0","OOS","","8.99","4.92","YEOWWW! FLOWER PINK 1EA","YEOWWW!"
"6848431","1","0","LST","1500243","21.99","10.72","SKHNR CT LTR BOX DEO 35OZ","SKOUT'S HONOR"
"E6776","1","0","INOT","","24.99","12","LAG CLR ENHCG PND FD 17OZ","LAGUNA"
"E6533","1","0","INOT","","19.99","10.5","LAG GRWTH ENHCG PND FD 17OZ","LAGUNA"
"6408819","1","0","NEW","","18.99","9.77","YEOWWW! BANANA PEELED 6IN","YEOWWW!"
"6848516","1","0","INOT","","82.99","41.5","CP DG WTRPRF RAINCOAT BL SZ14","CANADA POOCH"
"6848514","1","0","INOT","","71.99","36","CP DG WTRPRF RAINCOAT BL SZ10","CANADA POOCH"
"6848517","1","0","INOT","","87.99","44","CP DG WTRPRF RAINCOAT BL SZ16","CANADA POOCH"
"R5187","1","0","INOT","","32.99","16.5","LAG PND CLN 16OZ","LAGUNA"
"6848521","1","0","INOT","","110.99","55.5","CP DG WTRPRF RAINCOAT BL SZ24","CANADA POOCH"
"6848441","1","0","INOT","","67.99","64","CP DG WTRPRF RAINCOAT BL SZ8","CANADA POOCH"
"6848522","1","0","INOT","","115.99","58","CP DG WTRPRF RAINCOAT BL SZ26","CANADA POOCH"
"6848523","1","0","INOT","","120.99","60.5","CP DG WTRPRF RAINCOAT BL SZ28","CANADA POOCH"
"6848518","1","0","INOT","","92.99","46.5","CP DG WTRPRF RAINCOAT BL SZ18","CANADA POOCH"
"6480846","1","0","LST","","21.99","11.04","YEOWWW! MITTENS 3PK","YEOWWW!"
"6848519","1","0","INOT","","97.99","49","CP DG WTRPRF RAINCOAT BL SZ20","CANADA POOCH"
"6848515","1","0","INOT","","76.99","38.5","CP DG WTRPRF RAINCOAT BL SZ12","CANADA POOCH"
"95065","1","0","LST","","10.49","5.69","WAG BIG BITES H&J 0.44lb","JAY'S"
"6824575","1","0","LST","6406219","32.99","17.79","LITTER GENIE LTR BOX HOOD 1EA","LITTER GENIE"
"6640800","1","0","LST","","19.99","10.2","PH DG HIVE CHEW TOY 1SM","PROJECT HIVE"
"6793779","12","2","LST","","5.79","3.4142","PERF ULT DG GF BF 13.2OZ","PERFORMATRIN ULTRA"
"6847984","1","0","ROS","","31.99","16.26","GD DG BRNYRD SQKY LMB CRM 1LG","GO DOG"
"6848625","1","0","NEW","","19.99","10.96","PROJH DG LOOP BALL ORNG 1LG","PROJECT HIVE"
"6786387","1","0","NEW","","16.99","11","LITTER GENIE GENIUNE RFL 3PK","LITTER GENIE"
"6824576","1","0","LST","1504020","32.99","17.79","LITTER GENIE LTR BOX 1EA","LITTER GENIE"
"6830719","1","0","LST","6465317","6.19","3.12","MC CRAZY CHASERS 3PK","MAD CAT"
"6830721","1","0","LST","","13.99","6.76","MC CANNED HAM 2PK","MAD CAT"
"6830717","1","0","OOS","","9.99","5.19","MC DIZZY DESERT KICKER 1EA","MAD CAT"
"6848624","1","0","LST","","19.99","10.96","PROJH DG LOOPED HIVE 1SM","PROJECT HIVE"
"6776449","1","0","LST","6229273","14.99","7.5","SKHNR DG PROB EAR CLNR 4OZ","SKOUT'S HONOR"
"6830718","1","0","LST","1506921","8.99","4.5","MC FUZZY FLUFFS 3PK","MAD CAT"
"6776473","1","0","LST","6235139","14.99","7.1","SKHNR DG SS ANTICHW BIL 8OZ","SKOUT'S HONOR"
"6776452","1","0","LST","1500240","19.99","9.36","SKHNR DG STN ODR RMVR BIL 35OZ","SKOUT'S HONOR"
"6847982","1","0","ROS","","31.99","16.26","GD DG BRNYRD SQKY PIG PNK 1LG","GO DOG"
"6847977","1","0","LST","","29.99","16.45","PROJH DG LP BALL BLUPNK S 2PK","PROJECT HIVE"
"6848621","1","0","LST","","29.99","16.45","PROJH DG LP BALL BLU GRN S 2PK","PROJECT HIVE"
"6830722","1","0","LST","","12.99","6.23","MC BUZZING 4 BREAKIE 1EA","MAD CAT"
"6830720","1","0","LST","","13.99","6.76","MC ORANGE SODA 2PK","MAD CAT"
"6786388","1","0","LST","1505827","21.99","11.5","LITTER GENIE LITTER MAT 1EA","LITTER GENIE"
"6776451","1","0","LST","1500241","19.99","9.55","SKHNR DG URN DSTRY BIL 35OZ","SKOUT'S HONOR"
"6847975","1","0","LST","","29.99","16.45","PROJH DG HIVE ZMR LNCHR 1EA","PROJECT HIVE"
"6848547","1","0","LST","6409720","26.99","13.5","SKHNR DG S&O MESS BIL 35OZ","SKOUT'S HONOR"
"6848717","1","0","LST","","17.99","8.75","TT EVEREST BLBERRY CHW 3.5OZ","THIS & THAT"
"Y2501","1","0","INOT","","49.99","27.6","LAG FLYMIX PND FD 3.75LB","LAGUNA"
"6848399","1","0","LST","","9.99","5","KRAZY KITTY SLVRVN STICKS 2PK","KRAZY KITTY"
"6848724","1","0.25","LST","","22.99","11.5","TT EVEREST BLBERRY CHW 5OZ","THIS & THAT"
"6848716","1","0","LST","","13.99","6.75","TT EVEREST BLBERRY CHW 2.5OZ","THIS & THAT"
"Y2220","1","0","INOT","","26.99","13.8","LAG FLYMIX PND FD 26OZ","LAGUNA"
"6848520","1","0","INOT","","105.99","53","CP DG WTRPRF RAINCOAT BL SZ22","CANADA POOCH"
"6848398","1","0","LST","","24.99","12.5","KRAZY KITTY SLRVN TIGERTAIL1EA","KRAZY KITTY"
"6848427","1","0","LST","","8.99","3.85","KONG CT LICKS 1SM","KONG"
"6848255","1","0","LST","","24.99","12.5","SN BOTANICALS RABBIT FD 3.3LB","SELECTIVE NATURALS"
"6848613","1","0.25","NEW","","16.99","10.2","CATIT GROOVY FISH BL 1SM","CATIT"
"6848258","1","0","LST","","9.99","5","SS SKN COAT CARE SUPLMNT 3.5OZ","SCIENCE SELECTIVE"
"6848620","1","0","LST","6447102","16.99","10.2","CATIT GROOVY GECKO 1SM","CATIT"
"6848257","1","0","OOS","","9.99","5","SS DIGESTV CARE SUPLMNT 3.5OZ","SCIENCE SELECTIVE"
"6848259","1","0","LST","","9.99","5","SS URINARY CARE SUPLMNT 3.5OZ","SCIENCE SELECTIVE"
"6848727","1","0","LST","","13.99","6.75","TT EVEREST PMPKN CHEW 2.5OZ","THIS & THAT"
"6848732","1","0","LST","","22.99","11.5","TT EVEREST PMPKN CHEW 5OZ","THIS & THAT"
"6848256","1","0","OOS","","24.99","12.5","SN BOTANICALS GUINEA PIG 3.3LB","SELECTIVE NATURALS"
"6848260","1","0","LST","","9.99","5","SS VITAMN C CARE SUPLMNT 3.5OZ","SCIENCE SELECTIVE"
"6848728","1","0","LST","","17.99","8.75","TT EVEREST PMPKN CHEW 3.5OZ","THIS & THAT"
"6235062","25","0","LST","","49.99","26.2416","RB DG BULLY STICKS 36IN","REDBARN"
"6848265","1","0","LST","","17.99","7.8","PERF ULT DG CLGN CHW BF 6IN4PK","PERFORMATRIN ULTRA"
"6848269","1","0","LST","","10.99","4.7","PERF ULT DG CLGN CHW BF5IN15PK","PERFORMATRIN ULTRA"
"6848254","30","2.25","LST","","5.99","2.53","PERF ULT DG CLGN CHW BF 6IN","PERFORMATRIN ULTRA"
"6848266","18","1","LST","","11.99","4.6","PERF ULT DG CLGN CHW BF 12IN","PERFORMATRIN ULTRA"
"6848267","1","0","LST","","17.99","7.8","PERF ULT DG CLGN CHW BF12IN2PK","PERFORMATRIN ULTRA"
"6799783","1","0","LST","","9.99","5","FLVL BTA STRTM 1.76LB","FLUVAL"
"6475218","20","0","LST","","20.99","10.787","T&T EVEREST CHS CHEW XL 1EA","THIS & THAT"
"6475220","20","0","LST","","11.99","6.009","T&T DG EVEREST CHS CHEW MD 1EA","THIS & THAT"
"6475219","20","0","LST","","15.99","8.043","T&T EVEREST CHS CHEW LG 1EA","THIS & THAT"
"6848471","17","0","LST","","3.29","2.0394","OPFM CT SLM&COD TPR 3.17OZ","OPEN FARM"
"6848472","17","0","LST","","3.29","2.0394","OPFM CT ARC CHR TPR 3.17OZ","OPEN FARM"
"6848470","17","0","OOS","","3.29","2.0394","OPFM CT SLM TPR 3.17OZ","OPEN FARM"
"43241","1","0","LST","","22.99","11.45","HH KNOTTIE MOOSE 1SM","HUGGLEHOUNDS"
"43239","1","0","LST","","26.99","16.19","HH KNOTTIE OCTOPUS 1LG","HUGGLEHOUNDS"
"54119","1","0","LST","","26.99","16.19","HH KNOTTIE COW 1lg","HUGGLEHOUNDS"
"43243","1","0","LST","","26.99","16.19","HH KNOTTIES DUCK 1LG","HUGGLEHOUNDS"
"54115","1","0","LST","","22.99","11.45","HH KNOTTIE COW 1sm","HUGGLEHOUNDS"
"43236","1","0","OOS","","26.99","16.19","HH KNOTTIES BUNNY 1LG","HUGGLEHOUNDS"
"43235","1","0","OOS","","26.99","16.19","HH KNOTTIES MOOSE 1LG","HUGGLEHOUNDS"
"43244","1","0","LST","","22.99","11.45","HH KNOTTIE DUCK 1SM","HUGGLEHOUNDS"
"43242","1","0","LST","","22.99","11.45","HH KNOTTIE BUNNY 1SM","HUGGLEHOUNDS"
"6848235","1","0","INOT","","82.99","41.5","CP DG HRNS RAINCOAT YELLW SZ16","CANADA POOCH"
"52513","1","0","LST","","12.99","6.92","YEOWWW! YELLOW FISH 7IN","YEOWWW!"
"6848239","1","0","INOT","","96.99","48.5","CP DG HRNS RAINCOAT YELLW SZ24","CANADA POOCH"
"6849569","1","0","LST","","93.99","52.89","TLTL DG CDLR BED GRY 1EA","TALL TAILS"
"6848241","1","0","INOT","","102.99","51.5","CP DG HRNS RAINCOAT YELLW SZ28","CANADA POOCH"
"6848233","1","0","INOT","","72.99","36.5","CP DG HRNS RAINCOAT YELLW SZ12","CANADA POOCH"
"6848237","1","0","INOT","","88.99","44.5","CP DG HRNS RAINCOAT YELLW SZ20","CANADA POOCH"
"6849130","1","0.75","LST","","34.99","23.6","OPFM DG S&C SLM OAT 4LB","OPEN FARM"
"6848234","1","0","INOT","","76.99","38.5","CP DG HRNS RAINCOAT YELLW SZ14","CANADA POOCH"
"6849126","1","0.25","LST","","34.99","23.6","OPFM DG HW CH WHT F 4LB","OPEN FARM"
"6848469","12","0","LST","","3.49","2.1533","OPFM DG SLM TPR 4.59OZ","OPEN FARM"
"6849187","1","0","INOT","","931.39","458.56","KONG PLAY IT FWD DSPY 61PC 1EA","KONG"
"6848467","12","0","LST","","3.49","2.1533","OPFM DG ARC CHAR TPR 4.59OZ","OPEN FARM"
"6848468","12","0","LST","","3.49","2.1533","OPFM DG SLM COD TPR 4.59OZ","OPEN FARM"
"6848240","1","0","INOT","","98.99","49.5","CP DG HRNS RAINCOAT YELLW SZ26","CANADA POOCH"
"52516","1","0","NEW","","9.99","5.77","YEOWWW CT CIGAR 1EA","YEOWWW!"
"6848238","1","0","INOT","","91.99","46","CP DG HRNS RAINCOAT YELLW SZ22","CANADA POOCH"
"6849570","1","0","LST","","93.99","52.89","TLTL DG CDLR BED KHAKI 1EA","TALL TAILS"
"6849128","1","0.25","LST","","34.99","23.6","OPFM DG DH PLK OATML 4LB","OPEN FARM"
"6848236","1","0","INOT","","85.99","43","CP DG HRNS RAINCOAT YELLW SZ18","CANADA POOCH"
"6849127","1","0","LST","","114.99","78.1","OPFM DG HW CH WHT F 22LB","OPEN FARM"
"6848160","1","0","INOT","","70.99","35.5","CP DG HRNS RAINCOAT YELLW SZ10","CANADA POOCH"
"6849148","1","0.25","LST","","114.99","78.1","OPFM DG S&C SLM OAT 22LB","OPEN FARM"
"6849129","1","0.25","LST","","114.99","78.1","OPFM DG DH PLK OATML 22LB","OPEN FARM"
"6229192","1","0","INOT","","67.99","33.99","CP DG TORRNTL TRACKER PNK SZ24","CANADA POOCH"
"6849071","12","0","LST","","4.19","2.7683","ACANA CT CHK&TNA BN BRTH 5.5OZ","ACANA"
"6229187","1","0","INOT","","49.99","24.99","CP DG TORRNTL TRACKER PNK SZ14","CANADA POOCH"
"6229182","1","0","INOT","","43.99","22","CP TORRNT TK RAINCOAT YLW 8IN","CANADA POOCH"
"6229194","1","0","INOT","","75.99","38","CP DG TORRNTL TRACKER PNK SZ28","CANADA POOCH"
"6849070","12","0","LST","","4.69","3.4567","ORIJEN CT CHK&SLM BN BTH 5.5OZ","ORIJEN"
"6849064","12","0.25","LST","","5.09","3.4442","ORIJEN CT C&S RGNL RED 5.5OZ","ORIJEN"
"6849063","12","3.5","LST","","5.09","3.4442","ORIJEN CT C&S SLM&CHK 5.5OZ","ORIJEN"
"6229189","1","0","INOT","","56.99","28.5","CP DG TORRNTL TRACKER PNK SZ18","CANADA POOCH"
"6849578","1","0","LST","","25.99","14.64","TLTL DG HIGHLAND COW 1EA","TALL TAILS"
"6229184","1","0","INOT","","43.99","21.99","CP DG TORRNTL TRACKER PNK SZ8","CANADA POOCH"
"6229191","1","0","INOT","","64.99","32.49","CP DG TORRNTL TRACKER PNK SZ22","CANADA POOCH"
"6849069","12","0","LST","","5.09","3.4442","ORIJEN KIT CHNKS CHK&TNA 5.5OZ","ORIJEN"
"6229186","1","0","INOT","","47.99","23.99","CP DG TORRNTL TRACKER PNK SZ12","CANADA POOCH"
"X5388","1","0","INOT","","45.99","23","CP TORRNT TK RAINCOAT YLW 10IN","CANADA POOCH"
"6849059","12","1.25","LST","","4.59","3.0975","ACANA CT CIB LMB KDNY 5.5OZ","ACANA"
"6849575","1","0","ROS","","25.99","14.64","TLTL DG HDGHOG RLY PLY 1EA","TALL TAILS"
"X6138","1","0","INOT","","72.99","36.5","CP TORRNT TK RAINCOAT YLW 26IN","CANADA POOCH"
"6229183","1","0","INOT","","75.99","38","CP TORRNT TK RAINCOAT YLW 28IN","CANADA POOCH"
"6849060","12","1.25","LST","","4.59","3.0975","ACANA CT CIB CHK&TUNA 5.5OZ","ACANA"
"6229185","1","0","INOT","","45.99","22.99","CP DG TORRNTL TRACKER PNK SZ10","CANADA POOCH"
"6849030","12","2.5","LST","","4.59","3.0975","ACANA CT CIB SLM&CHK 5.5OZ","ACANA"
"6229193","1","0","INOT","","72.99","36.49","CP DG TORRNTL TRACKER PNK SZ26","CANADA POOCH"
"6849062","12","0","LST","","5.09","3.4442","ORIJEN CT C&S DUCK/CHK 5.5OZ","ORIJEN"
"6849068","12","0","LST","","5.09","3.4442","ORIJEN CT C&S ORIGN ENTR 5.5OZ","ORIJEN"
"6849067","1","0","LST","","43.99","30.26","ACANA CT FIRST FEAST 7LB","ACANA"
"6229188","1","0","INOT","","53.99","26.99","CP DG TORRNTL TRACKER PNK SZ16","CANADA POOCH"
"6229190","1","0","INOT","","61.99","30.99","CP DG TORRNTL TRACKER PNK SZ20","CANADA POOCH"
"6849577","1","0","LST","","25.99","14.64","TLTL DG ARMADILLO RLY PLY 1EA","TALL TAILS"
"6849579","1","0","LST","","27.99","15.24","TLTL DG FLYING BAT 1EA","TALL TAILS"
"6849061","12","4.25","LST","","4.59","3.0975","ACANA KIT CIB CHK&SLM 5.5OZ","ACANA"
"6849188","1","0","LST","","12.99","4.69","JMP CT BTRFY KCKR 1EA","JUMP"
"6848099","1","0","INOT","","50.99","25.5","CP DG PICKME PNCH STRWBRY SZ28","CANADA POOCH"
"6848111","1","0","INOT","","37.99","19","CP DG PICKME PONCHO PANDA SZ16","CANADA POOCH"
"6743125","1","0","INOT","","49.99","24.99","CP DG TRRNTL TRACKER BLK SZ14","CANADA POOCH"
"6229116","1","0","INOT","","28.99","14.5","CP DG PICKME PONCHO TIEDY SZ8","CANADA POOCH"
"6848107","1","0","INOT","","29.99","15","CP DG PICKME PONCHO PANDA SZ10","CANADA POOCH"
"6848252","1","0","INOT","","88.99","44.5","CP DG HRNS RNCT FOREST GR SZ20","CANADA POOCH"
"6229123","1","0","INOT","","43.99","20.93","CP DG PICKME PONCHO TIEDY SZ22","CANADA POOCH"
"6848591","1","0","INOT","","121.99","61","CP DG CMPLT CVRG RNCT BLK SZ32","CANADA POOCH"
"6229125","1","0","INOT","","47.99","24","CP DG PICKME PONCHO TIEDY SZ26","CANADA POOCH"
"6229118","1","0","INOT","","32.99","15.59","CP DG PICKME PONCHO TIEDY SZ12","CANADA POOCH"
"6849143","1","0","LST","","3.99","2.38","EXCD DG PUMPKIN PUREE 13.2OZ","EXCEED"
"6848581","1","0","INOT","","69.99","35","CP DG CMPLT CVRG RNCT BLK SZ12","CANADA POOCH"
"6848117","1","0","INOT","","47.99","24","CP DG PICKME PONCHO PANDA SZ26","CANADA POOCH"
"6848103","1","0","INOT","","28.99","14.5","CP DG PICKME PONCHO PANDA SZ8","CANADA POOCH"
"6848442","1","0","INOT","","62.99","31.5","CP DG COMPLT CVRG RNCT BLK SZ8","CANADA POOCH"
"6848096","1","0","INOT","","43.99","20.93","CP DG PICKME PNCH STRWBRY SZ22","CANADA POOCH"
"6848585","1","0","INOT","","87.99","44","CP DG CMPLT CVRG RNCT BLK SZ20","CANADA POOCH"
"6848095","1","0","INOT","","41.99","21","CP DG PICKME PNCH STRWBRY SZ20","CANADA POOCH"
"6848116","1","0","INOT","","45.99","21.98","CP DG PICKME PONCHO PANDA SZ24","CANADA POOCH"
"6848295","1","0","INOT","","61.99","30.99","CP DG TRRNTL TRACKER BLK SZ20","CANADA POOCH"
"6848067","1","0","INOT","","47.99","24","CP DG PICKME PNCH CLUD DRM S26","CANADA POOCH"
"6848292","1","0","INOT","","47.99","23.99","CP DG TRRNTL TRACKER BLK SZ12","CANADA POOCH"
"6849146","1","0","LST","","3.99","2.38","EXCD DG PMP PUREE GNGTR 13.2OZ","EXCEED"
"6848290","1","0","INOT","","45.99","22.99","CP DG TRRNTL TRACKER BLK SZ10","CANADA POOCH"
"6848037","1","0","INOT","","32.99","16.5","CP DG PICKME PNCH CLUD DRM S12","CANADA POOCH"
"6848596","1","0","INOT","","126.99","63.5","CP DG CMPLT CVRG RNCT BLK SZ34","CANADA POOCH"
"6848299","1","0","INOT","","75.99","37.99","CP DG TRRNTL TRACKER BLK SZ28","CANADA POOCH"
"6229117","1","0","INOT","","29.99","15","CP DG PICKME PONCHO TIEDY SZ10","CANADA POOCH"
"6848049","1","0","INOT","","43.99","20.93","CP DG PICKME PNCH CLUD DRM S22","CANADA POOCH"
"6848253","1","0","INOT","","91.99","46","CP DG HRNS RNCT FOREST GR SZ22","CANADA POOCH"
"6848120","1","0","INOT","","50.99","25.5","CP DG PICKME PONCHO PANDA SZ28","CANADA POOCH"
"6848242","1","0","INOT","","70.99","35.5","CP DG HRNS RNCT FOREST GR SZ10","CANADA POOCH"
"6848589","1","0","INOT","","110.99","55.5","CP DG CMPLT CVRG RNCT BLK SZ28","CANADA POOCH"
"6848294","1","0","INOT","","56.99","28.49","CP DG TRRNTL TRACKER BLK SZ18","CANADA POOCH"
"6848579","1","0","INOT","","65.99","33","CP DG CMPLT CVRG RNCT BLK SZ10","CANADA POOCH"
"6848293","1","0","INOT","","53.99","26.99","CP DG TRRNTL TRACKER BLK SZ16","CANADA POOCH"
"6848262","1","0","INOT","","96.99","48.8","CP DG HRNS RNCT FOREST GR SZ24","CANADA POOCH"
"6848583","1","0","INOT","","79.99","40","CP DG CMPLT CVRG RNCT BLK SZ16","CANADA POOCH"
"6848113","1","0","INOT","","41.99","21","CP DG PICKME PONCHO PANDA SZ20","CANADA POOCH"
"6848044","1","0","INOT","","41.99","21","CP DG PICKME PNCH CLUD DRM S20","CANADA POOCH"
"6848590","1","0","INOT","","115.99","58","CP DG CMPLT CVRG RNCT BLK SZ30","CANADA POOCH"
"6848264","1","0","INOT","","102.99","51.5","CP DG HRNS RNCT FOREST GR SZ28","CANADA POOCH"
"6848586","1","0","INOT","","92.99","46.5","CP DG CMPLT CVRG RNCT BLK SZ22","CANADA POOCH"
"6848068","1","0","INOT","","50.99","25.5","CP DG PICKME PNCH CLUD DRM S28","CANADA POOCH"
"6848031","1","0","INOT","","28.99","14.5","CP DG PICKME PNCH CLUD DRM S8","CANADA POOCH"
"6848587","1","0","INOT","","98.99","49.5","CP DG CMPLT CVRG RNCT BLK SZ24","CANADA POOCH"
"6229121","1","0","INOT","","39.99","20","CP DG PICKME PONCHO TIEDY SZ18","CANADA POOCH"
"6849147","1","0","LST","","3.39","2.03","EXCD DG PUMPKIN PUREE 5.5OZ","EXCEED"
"6848284","1","0","INOT","","43.99","21.99","CP DG TRRNTL TRACKER BLK SZ8","CANADA POOCH"
"6848114","1","0","INOT","","43.99","20.93","CP DG PICKME PONCHO PANDA SZ22","CANADA POOCH"
"6848042","1","0","INOT","","37.99","19","CP DG PICKME PNCH CLUD DRM S16","CANADA POOCH"
"6848033","1","0","INOT","","29.99","15","CP DG PICKME PNCH CLUD DRM S10","CANADA POOCH"
"6848043","1","0","INOT","","39.99","20","CP DG PICKME PNCH CLUD DRM S18","CANADA POOCH"
"6848263","1","0","INOT","","98.99","49.5","CP DG HRNS RNCT FOREST GR SZ26","CANADA POOCH"
"6848112","1","0","INOT","","39.99","20","CP DG PICKME PONCHO PANDA SZ18","CANADA POOCH"
"6848582","1","0","INOT","","75.99","38","CP DG CMPLT CVRG RNCT BLK SZ14","CANADA POOCH"
"6848297","1","0","INOT","","67.99","33.99","CP DG TRRNTL TRACKER BLK SZ24","CANADA POOCH"
"6229120","1","0","INOT","","37.99","19","CP DG PICKME PONCHO TIEDY SZ16","CANADA POOCH"
"6848243","1","0","INOT","","72.99","36.5","CP DG HRNS RNCT FOREST GR SZ12","CANADA POOCH"
"6848584","1","0","INOT","","83.99","42","CP DG CMPLT CVRG RNCT BLK SZ18","CANADA POOCH"
"6848298","1","0","INOT","","72.99","36.49","CP DG TRRNTL TRACKER BLK SZ26","CANADA POOCH"
"6848051","1","0","INOT","","45.99","21.98","CP DG PICKME PNCH CLUD DRM S24","CANADA POOCH"
"6229126","1","0","INOT","","50.99","25.5","CP DG PICKME PONCHO TIEDY SZ28","CANADA POOCH"
"6229119","1","0","INOT","","35.99","17.16","CP DG PICKME PONCHO TIEDY SZ14","CANADA POOCH"
"6848588","1","0","INOT","","104.99","52.5","CP DG CMPLT CVRG RNCT BLK SZ26","CANADA POOCH"
"6848296","1","0","INOT","","64.99","32.49","CP DG TRRNTL TRACKER BLK SZ22","CANADA POOCH"
"6229122","1","0","INOT","","41.99","21","CP DG PICKME PONCHO TIEDY SZ20","CANADA POOCH"
"6229124","1","0","INOT","","45.99","21.98","CP DG PICKME PONCHO TIEDY SZ24","CANADA POOCH"
"6848038","1","0","INOT","","35.99","18","CP DG PICKME PNCH CLUD DRM S14","CANADA POOCH"
"6848598","1","0","INOT","","131.99","66","CP DG CMPLT CVRG RNCT BLK SZ36","CANADA POOCH"
"6848775","1","0","LST","","26.99","13.5","CEC CT DBL LAYER LITTER MAT SM","CLOE E CLUZO"
"6848771","1","0","LST","","16.99","8.5","CEC CT SCRATCHER PAD 1EA","CLOE E CLUZO"
"6786896","1","0","LST","","38.99","19.5","CEC CT DBL LAYER LITTER MAT LG","CLOE E CLUZO"
"6786054","1","0","LST","","20.99","10.5","CEC CT HARNESS BL 1SMMD","CLOE E CLUZO"
"6786055","1","0","LST","","21.99","11","CEC CT HARNESS BL 1MDLG","CLOE E CLUZO"
"6769715","1","0","LST","","29.99","14.9","TICKMITT DG RMVL MITT YLW 1EA","TICK MITT"
"6849560","1","0","LST","","11.99","5.18","JMP CT JMBO CTPLR KCKR 1EA","JUMP"
"6849589","1","0","LST","","9.99","5.09","JNP DG PNB BANANA TRT 3.5OZ","JUST NATURAL PAWS"
"6849137","1","0","LST","6467145","7.99","4","NOBA CT ZERO REFILL 4PC","NOBA"
"6849591","1","0","LST","","9.99","5.09","JNP DG STRAWBERY BLB TRT 3.5OZ","JUST NATURAL PAWS"
"6849592","1","0","LST","","9.99","5.09","JNP DG BLB PUMPKIN TRT 3.5OZ","JUST NATURAL PAWS"
"6849536","1","0","LST","","9.99","5.09","JNP DG SWP PUMKIN TRT 3.5OZ","JUST NATURAL PAWS"
"6849535","1","0","LST","","9.99","5.09","JNP DG PNB PUMKIN TRT 3.5OZ","JUST NATURAL PAWS"
"6849590","1","0","LST","","9.99","5.09","JNP DG SWP STRAWBERY TRT 3.5OZ","JUST NATURAL PAWS"
"6849558","1","0","LST","","16.99","8","JMP CT 2IN1 FELT TNL & BKT 1EA","JUMP"
"6849557","1","0.25","LST","","12.99","6.4","JMP CT JNGL TENT 1EA","JUMP"
"6237002","1","0","LST","","62.99","42.78","FM DG WG HGH PERF 25 LB","FIRST MATE"
"6237001","1","0","LST","","23.99","16.29","FM DG WG HGH PERF 5 LB","FIRST MATE"
"6845622","1","0","LST","","30.99","21.04","FM DG LID NZ BF SB 4 LB ","FIRST MATE"
"6739571","1","0","OOS","","36.99","25.11","FM DG LID NZ BF 5 LB ","FIRST MATE"
"6848282","12","0","LST","","4.79","3.2592","FM DG LID PRK & APL 12.2 OZ","FIRST MATE"
"6668541","1","0","OOS","","63.99","43.45","FM DG LID DCK & PMPK SB 12LB","FIRST MATE"
"6848283","12","0","OOS","","4.79","3.2592","FM DG PRK & RICE 12.2 OZ","FIRST MATE"
"6675563","1","0","OOS","","24.99","16.97","FM DG WG NZ BF & OAT 5 LB ","FIRST MATE"
"6845623","1","0","OOS","","54.99","37.34","FM DG LID NZ BF SB 12 LB ","FIRST MATE"
"6675565","1","0","LST","","99.99","67.89","FM DG LID NZ BF 25 LB ","FIRST MATE"
"6675564","1","0","LST","","66.99","44.85","FM DG WG NZ BF & OAT 25 LB ","FIRST MATE"
"6766837","1","0","LST","","35.99","24.43","FM DG LID DCK & PMPK SB 4LB","FIRST MATE"
"6849713","1","0.25","LST","","14.99","7.2","JMP DG BTL CRNCH PIG 1EA","JUMP"
"6849712","1","0","LST","","14.99","7.2","JMP DG BTL CRNCH COW 1EA","JUMP"
"6849722","1","0.25","LST","","9.99","4.8","JMP DG MESH BONE PLSH 1EA","JUMP"
"6849717","1","0.25","LST","","18.99","9.12","JMP DG KNIT TUFF PLPS PLSH 1EA","JUMP"
"6849723","1","0.5","LST","","18.99","9.12","JMP DG MESH ALLIG PLSH 1EA","JUMP"
"6849719","1","0.5","LST","","12.99","6.24","JMP DG PUL APRT CRODL PLSH 1EA","JUMP"
"6849721","1","0.25","LST","","8.99","4.32","JMP DG BNA TWINS PLSH 2PC","JUMP"
"6849715","1","0.25","LST","","12.99","6.24","JMP DG BNGE MKEY PLSH 1EA","JUMP"
"6849718","1","1","LST","","12.99","6.24","JMP DG STFLS FOX PLSH 1EA","JUMP"
"6849724","1","0","LST","","21.99","10.56","JMP DG TUFF HIPO 1EA","JUMP"
"6849716","1","0.5","LST","","18.99","9.12","JMP DG KNIT TUFF ELPH PLSH 1EA","JUMP"
"6849725","1","0.25","LST","","21.99","10.56","JMP DG TUFF PANDA 1EA","JUMP"
"6849711","1","0","LST","","14.99","7.2","JMP DG SPKY BALL BEAR 1EA","JUMP"
"6849720","1","0","LST","","18.99","9.12","JMP DG SHRS PLSH W BALL 2PC","JUMP"
"6849714","1","0","LST","","12.99","6.24","JMP DG BNGE BUNNY PLSH 1EA","JUMP"
"6257134","6","0","LST","","6.49","3.6083","INB CT JCY BTS SCLP CRB 1.2OZ","INABA"
"6849496","1","0","LST","","6.29","2.86","JMP CT TMBL PZL TRT DSP 1EA","JUMP"
"6849495","1","0","LST","","8.29","3.9","JMP CT BLBRD DRFRM TSR 1EA","JUMP"
"6849492","1","0","LST","","8.49","4.05","JMP CT ADJ TRT BALL 1EA","JUMP"
"6849493","1","0","LST","","9.99","4.16","JMP CT CSHN KCKR 1EA","JUMP"
"6849497","1","0","LST","","9.49","3.95","JMP CT SILVERVINE SPR 1.8OZ.","JUMP"
"6849494","1","0","LST","","21.99","9.28","JMP CT ATMC BALL W MSE TSR 1EA","JUMP"
"X0336","1","0","NEW","","22.49","10.6","MYFAM CLSC PAW PINK 1EA","MYFAMILY"
"X0222","1","0","LST","","13.49","4.62","MYFAM RED CIRCLE 1SM","MYFAMILY"
"X0153","1","0","ROS","","24.49","12.03","MYFAM MOON 1EA","MYFAMILY"
"X0331","1","0","LST","","22.49","10.6","MYFAM CLSC BNE PINK 1EA","MYFAMILY"
"6849740","1","0","LST","","6.99","4.78","FM DG LID FISH 1LB","FIRST MATE"
"6849739","1","0","LST","","6.99","4.78","FM DG LID DCK PMPK 1LB","FIRST MATE"
"X3295","1","0","LST","","22.49","10.6","MYFAM GLTR CIRCLE BLK 1LG","MYFAMILY"
"6849738","1","0","LST","","6.99","4.78","FM DG LID NZ BF 1LB","FIRST MATE"
"X0224","1","0","OOS","","19.99","8.87","MYFAM GOLD CIRCLE 1LG","MYFAMILY"
"6850117","12","0","LST","","3.99","2.2442","PERF NTRL CT TRKY VEG 13OZ","PERFORMATRIN NATURALS"
"X0220","1","0","LST","","13.49","4.62","MYFAM BLUE CIRCLE 1SM","MYFAMILY"
"X0244","1","0","LST","","13.49","4.62","MYFAM GREEN BONE 1SM","MYFAMILY"
"X0258","1","0","LST","","13.49","4.62","MYFAM PURPLE BONE 1SM","MYFAMILY"
"X0151","1","0","LST","","24.49","12.03","MYFAM DAISY 1SM","MYFAMILY"
"X0253","1","0","LST","","13.49","4.62","MYFAM PURPLE BONE 1LG","MYFAMILY"
"6849789","12","0","LST","","4.49","2.5692","PERF NTRL DG CK VG PUP 13OZ","PERFORMATRIN NATURALS"
"X0223","1","0","LST","","18.49","7.47","MYFAM CHROME CIRCLE 1LG","MYFAMILY"
"U3607","1","0","LST","","5.99","2.91","FM DG FSH BLB 8 OZ","FIRST MATE"
"X0230","1","0","LST","","13.49","4.62","MYFAM BLUE HEART 1SM","MYFAMILY"
"X0226","1","0","LST","","13.49","4.62","MYFAM PINK CIRCLE 1LG","MYFAMILY"
"6850118","24","0","LST","","2.49","1.4271","PERF NTRL CT TUNA CK PATE5.5OZ","PERFORMATRIN NATURALS"
"X0245","1","0","OOS","","13.49","4.62","MYFAM GREEN BONE 1LG","MYFAMILY"
"X2473","1","0","LST","","22.49","10.6","MYFAM GLTR PAW PINK 1LG","MYFAMILY"
"X3292","1","0","OOS","","22.49","10.6","MYFAM GLTR PAW BLK 1LG","MYFAMILY"
"W2684","1","0","LST","","6.99","4.78","FM DG LID AUST LMB 1LB","FIRST MATE"
"X0221","1","0","LST","","13.49","4.62","MYFAM PINK CIRCLE 1SM","MYFAMILY"
"6849741","1","0","LST","","6.99","4.78","FM DG LID CHK & BLB 1 LB","FIRST MATE"
"6850116","12","0","LST","","3.99","2.2442","PERF NTRL CT TUNA CK PATE 13OZ","PERFORMATRIN NATURALS"
"X0234","1","0","OOS","","19.99","8.87","MYFAM GOLD HEART 1LG","MYFAMILY"
"X3294","1","0","LST","","22.49","10.6","MYFAM GLTR CIRCLE SLVR 1LG","MYFAMILY"
"6849859","12","0","LST","","3.99","2.2442","PERF NTRL CT CK VG KIT 13OZ","PERFORMATRIN NATURALS"
"X0225","1","0","LST","","13.49","4.62","MYFAM BLUE CIRCLE 1LG","MYFAMILY"
"X0227","1","0","LST","","13.49","4.62","MYFAM RED CIRCLE 1LG","MYFAMILY"
"X0152","1","0","OOS","","24.49","12.03","MYFAM LADYBUG 1SM","MYFAMILY"
"6751612","1","0","LST","","24.49","12.03","MYFAM MOUNTAIN 1EA","MYFAMILY"
"6616571","1","0","LST","","5.99","2.91","FM DG DCK BLB MINI 8 OZ","FIRST MATE"
"6656713","1","0","LST","","5.99","2.91","FM DG FSH BLB MINI 8 OZ","FIRST MATE"
"6759753","1","0","LST","","24.49","12.03","MYFAM COLA 1EA","MYFAMILY"
"Y4532","1","0","LST","","24.49","12.03","MYFAM GOLD BONE 1XL","MYFAMILY"
"6472409","1","0","LST","","19.99","8.87","MYFAM ENML BNE BLU 1LG","MYFAMILY"
"6471598","1","0","NEW","","24.49","12.03","MYFAM STRAWBERRY 1EA","MYFAMILY"
"6759932","1","0","OOS","","24.49","12.03","MYFAM CLOVER 1LG","MYFAMILY"
"6471459","1","0","LST","","24.49","12.03","MYFAM STEAK 1EA","MYFAMILY"
"6640042","1","0","LST","","5.99","2.91","FM DG LMB BLB MINI 8 OZ","FIRST MATE"
"6753325","1","0","OOS","","24.49","12.03","MYFAM YLW STAR 1LG","MYFAMILY"
"6472408","1","0","OOS","","19.99","8.87","MYFAM ENML BNE LT PNK 1LG","MYFAMILY"
"6759746","1","0","LST","","24.49","12.03","MYFAM CHOCOLATE 1EA","MYFAMILY"
"6501046","1","0","LST","","5.99","2.91","FM DG DCK BLB 8 OZ","FIRST MATE"
"6471456","1","0","LST","","24.49","12.03","MYFAM BURGER 1EA","MYFAMILY"
"6751607","1","0","LST","","24.49","12.7","MYFAM THUNDERBOLT 1EA","MYFAMILY"
"6751606","1","0","LST","","24.49","12.03","MYFAM LOVE HEART 1EA","MYFAMILY"
"6751610","1","0","LST","","24.49","12.03","MYFAM ROCKET 1EA","MYFAMILY"
"6471301","1","0","LST","","19.99","8.87","MYFAM ENML BNE LILAC 1LG","MYFAMILY"
"6616572","1","0.25","LST","","5.99","2.91","FM DG CHK BLB MINI 8 OZ","FIRST MATE"
"6471299","1","0","OOS","","19.99","8.87","MYFAM ENML BNE LT BLU 1LG","MYFAMILY"
"6751609","1","0","LST","","24.49","12.03","MYFAM UFO 1EA","MYFAMILY"
"6472410","1","0","LST","","19.99","8.87","MYFAM ENML BNE BLK 1LG","MYFAMILY"
"6771320","1","0","LST","","5.99","2.91","FM DG BF BLB 8 OZ","FIRST MATE"
"6471457","1","0","LST","","24.49","12.03","MYFAM HOT DOG 1EA","MYFAMILY"
"6850293","1","0","LST","","24.49","12.03","MYFAM PET VALU 1EA","MYFAMILY"
"Y5083","1","0","LST","","5.99","2.91","FM DG LMB BLB 8 OZ","FIRST MATE"
"6771321","1","0","LST","","5.99","2.91","FM DG BF BLB MINI 8 OZ","FIRST MATE"
"Y4530","1","0","LST","","19.99","8.87","MYFAM CHROME BONE 1XL","MYFAMILY"
"Y5082","1","0","LST","","5.99","2.91","FM DG CHK BLB 8 OZ","FIRST MATE"
"6753323","1","0","LST","","24.49","12.03","MYFAM DESERT 1EA","MYFAMILY"
"6849728","1","0","LST","","14.99","6.81","JMP CT ATMC SPIN N WBL TSR 1EA","JUMP"
"6849737","1","0.25","LST","","12.99","5.75","JMP CT FSHNG FUN TSR 1EA","JUMP"
"6849727","1","0.25","NEW","","12.99","5.9","JMP CT ATMC DNCG BTRFY TSR 1EA","JUMP"
"6850091","1","0","ROS","","25.99","14.64","TLTL DG PANDA RLY PLY 1EA","TALL TAILS"
"6226423","1","0","LST","","109.99","85.67","PPLN DG PUP DEV SB CK&R 34LB","PURINA PRO PLAN"
"6850119","1","0","LST","","27.99","15.24","TLTL DG FLYING PIG 1EA","TALL TAILS"
"X5394","1","0","INOT","","64.99","32.5","CP TORRNT TK RAINCOAT YLW 22IN","CANADA POOCH"
"6850373","1","0","LST","6409354","56.99","31","DGRA DG MEDICAL SNUGGIE 1MD LG","DOGORA"
"6850379","1","0","OOS","6409356","62.99","34.5","DGRA DG MEDICAL SNUGGIE 1XL","DOGORA"
"6850371","1","0","LST","","52.99","29","DGRA DG MEDICAL SNUGGIE 1MD","DOGORA"
"6850375","1","0","LST","6409355","59.99","33","DGRA DG MEDICAL SNUGGIE 1LG","DOGORA"
"6850356","1","0","LST","6409351","46.99","25.5","DGRA DG MEDICAL SNUGGIE 1XS","DOGORA"
"6850370","1","0","OOS","6409353","52.99","28.75","DGRA DG MEDICAL SNUGGIE 1SM MD","DOGORA"
"6744588","1","0","LST","","24.49","12.03","MYFAM DG PIRATE SKULL BRNX 1EA","MYFAMILY"
"6850821","1","0","LST","6769575","17.99","8.62","TRPCLN DG WM DEO SPRY BIL 8OZ","TROPICLEAN"
"6850677","1","0","LST","44014","20.99","9.7","TRPCLN DG HYPO SHMP BIL 20OZ","TROPICLEAN"
"6850816","1","0.75","LST","","24.99","12","TRPCLN DG OXY TRTMNT BIL 20OZ","TROPICLEAN"
"6850815","1","0","LST","","24.99","12","TRPCLN DG OXY ITCH BIL 20OZ","TROPICLEAN"
"6850810","1","0","LST","44084","22.99","10.8","TRPCLN DG TNGL RMR SP BIL 16OZ","TROPICLEAN"
"6850551","1","0.25","LST","44016","20.99","9.7","TRPCLN DG PPYA SHMP BIL 20OZ","TROPICLEAN"
"6850500","1","0","LST","","74.99","44.24","PERF ULT DG WG L&R PUP 24LB","PERFORMATRIN ULTRA"
"6849103","24","0","LST","","5.79","2.6","PERF ULT DG CLGN SPRNG 6IN","PERFORMATRIN ULTRA"
"6850811","1","0.5","LST","44015","20.99","9.7","TRPCLN DG BRY SHMP BIL 20OZ","TROPICLEAN"
"6850393","1","0","LST","","7.99","4.75","JNP CT CHK CATNIP TOPPER .88OZ","JUST NATURAL PAWS"
"6850813","1","0","LST","44013","20.99","9.7","TRPCLN DG TTREE SHMP BIL 20OZ","TROPICLEAN"
"6850590","1","0","LST","","78.99","44.23","PERF PRM DG L&R PUP 26LB","PERFORMATRIN PRIME"
"6850814","1","0","LST","1500455","19.99","8.42","TRPCLN CT WTLS SHMP DNDR 7.4OZ","TROPICLEAN"
"6666319","1","0.5","LST","","11.49","5.5","CHARLEE DG GR BF CHEESE 8OZ","CHARLEE BEAR"
"6850394","1","0","LST","","7.99","4.75","JNP CT TRK CATNIP TOPPER .88OZ","JUST NATURAL PAWS"
"6849104","1","0","LST","","34.99","11","PERF ULT DG CLGN BRAID 6PK","PERFORMATRIN ULTRA"
"6850818","1","0","LST","1500454","19.99","8.27","TROPCLN CT WL DPCLN SHMP 7.4OZ","TROPICLEAN"
"6850822","1","0","LST","6769574","23.49","11","TRPCLN DG WM SHMP BIL 20OZ","TROPICLEAN"
"6849896","1","0","LST","1500456","21.49","9.5","TRPCLN DG HYPO WIPES BIL 100CT","TROPICLEAN"
"6849105","1","0","LST","","34.99","13.8","PERF ULT DG CLGN BRAID 4PK","PERFORMATRIN ULTRA"
"6848786","24","0","LST","","5.49","2.6","PERF ULT DG CLGN RNG 3IN","PERFORMATRIN ULTRA"
"6850819","1","0.25","LST","44047","17.99","8.62","TRPCLN DG PPYA DEO MST BIL 8OZ","TROPICLEAN"
"6850501","1","0","LST","","69.99","41.29","PERF ULT DG WG CK&R PUP 24LB","PERFORMATRIN ULTRA"
"6672964","1","0","LST","","24.49","12.03","MYFAM DG WINGED SKULL BRNX 1EA","MYFAMILY"
"6666318","1","0","LST","","11.49","5.5","CHARLEE DG GF PB BANANA 8OZ","CHARLEE BEAR"
"6743962","1","0","ROS","","24.99","13.2","GURU DG SCENTS PIG 1MD","GURU"
"6743919","1","0","LST","","19.99","11.3","GURU DG DUO BALL 1MD","GURU"
"6743959","1","0.25","ROS","","24.99","13.2","GURU DG SCENTS FROG 1MD","GURU"
"6743925","1","0","LST","","18.99","9.5","GURU DG ROCK N TREAT 1MD","GURU"
"6793844","1","0","LST","","11.99","6.1","GURU DG CRNCH&SQK BALLS MD 2PK","GURU"
"6743923","1","0","LST","","16.99","8.8","GURU DG POCKET BALL 1MD","GURU"
"6743988","1","0","ROS","","44.99","26.1","GURU DG FRY GUYS MD 5PC","GURU"
"6743913","1","0","ROS","","21.99","12.1","GURU DG ADJUST A CHEW 1MD","GURU"
"6743915","1","0","NEW","","19.99","10","GURU DG BUSY BALL 1MDLG","GURU"
"6743914","1","0","ROS","","18.99","9.5","GURU DG BONANZA BALL 1MD","GURU"
"6850860","1","0","LST","","17.99","9.7","SKHNR DG LNDRYBSTR BIL 32OZ","SKOUT'S HONOR"
"6845609","1","0","LST","","19.99","9.19","SKHNR DG SKC DEO BIL 8OZ","SKOUT'S HONOR"
"6845608","1","0","LST","","27.99","14.39","SKHNR DG SKC SHMP BIL 16OZ","SKOUT'S HONOR"
"6850397","1","0","OOS","","15.99","9.59","ZUKES DG SVRY CHEWS BEEF 10OZ","ZUKE'S"
"6850412","1","0","LST","","11.99","7.15","ZUKES DG LIL CHK APL 6OZ","ZUKE'S"
"6850006","1","0","LST","","69.99","42.99","NH CT AD MULTI 10LB","NATURE'S HUG"
"6793835","1","0","LST","","39.99","23.5","NH DG AD SBRD 5 LB","NATURE'S HUG"
"6850396","1","0.5","LST","56924","11.99","7.15","ZUKES DG MINI NTRLS PB 6OZ","ZUKE'S"
"6850607","1","0","LST","","39.99","21.95","ESN DG CAR TRNK CVR BLK 1 EA","ESSENTIALS"
"6793836","1","0","OOS","","99.99","65.99","NH DG AD 20LB","NATURE'S HUG"
"6850606","1","0","LST","","19.99","10","ESN DG CAR NET BKST BARR BLK","ESSENTIALS"
"6850090","1","0","OOS","","68.99","40.99","NH CT SNR 10 LB","NATURE'S HUG"
"6850410","1","0.75","LST","","21.99","13.75","ZUKES DG MINI NTRLS BEEF 1lb","ZUKE'S"
"6850414","1","0","LST","","11.99","7.15","ZUKE'S CHWY BF STCK 6OZ","ZUKE'S"
"6850089","1","0","OOS","","35.99","19.99","NH CT SNR 4 LB","NATURE'S HUG"
"6793834","1","0","OOS","","99.99","64.99","NH DG PUP 20LB","NATURE'S HUG"
"6793838","1","0","LST","","99.99","65.99","NH DG SNR 20LB","NATURE'S HUG"
"6864508","1","0","INOT","","674.55","360","OH DG TOUGHSKINZ 45PC DSPL 1EA","OUTWARD HOUND"
"6850411","1","0.25","OOS","10670","21.99","13.75","ZUKES DG MINI NTRLS DUCK 1LB","ZUKE'S"
"6850416","1","0","LST","21825","21.99","13.75","ZUKES DG MINI NTRLS PB 1LB","ZUKE'S"
"6850605","1","0","LST","","29.99","14.95","ESN DG CAR NET TRUNK BARR BLK","ESSENTIALS"
"6850608","1","0","LST","","39.99","21.99","ESN DG CAR HAMMOCK BLK 1 EA","ESSENTIALS"
"6850088","1","0","OOS","","69.99","43.99","NH CT INDR HB 10LB","NATURE'S HUG"
"6850415","1","0","LST","56885","21.99","13.75","ZUKES DG MINI NTRLS CHK 1LB","ZUKE'S"
"6850398","1","0.25","LST","56884","11.99","7.15","ZUKES DG MINI NTRLS SL 6OZ","ZUKE'S"
"6793832","1","0","OOS","","37.99","21.99","NH DG SMBRD PUP 5LB","NATURE'S HUG"
"6850288","1","0.5","LST","56923","11.99","7.15","ZUKES DG MINI NTRLS CHK 6OZ","ZUKE'S"
"6850409","1","0","OOS","","11.99","7.15","ZUKE'S H&J CHK 6OZ","ZUKE'S"
"6850395","1","0.5","LST","6760958","11.99","7.15","ZUKES DG MINI NTRLS BEEF 6OZ","ZUKE'S"
"6850413","1","0","OOS","","11.99","7.15","ZUKE'S LINKS PRK APL 6OZ","ZUKE'S"
"6850007","1","0","OOS","","37.99","21.99","NH CT INDR HB 4LB","NATURE'S HUG"
"6850417","1","0.25","LST","J9521","21.99","13.75","ZUKES DG MINI NTRLS SL 1lb","ZUKE'S"
"6848757","1","0","OOS","","36.99","19.99","NH CT KIT GRWTH 4LB","NATURE'S HUG"
"6793837","1","0","OOS","","38.99","21.99","NH DG SN SBRD 5 LB","NATURE'S HUG"
"6858765","1","0","LST","","24.99","11.1","B&B DG WP CLR BLK 10-14IN SM","BAILEY & BELLA"
"6850763","1","0","LST","","74.99","41.99","PERF PRM DG CK&R PUP 26LB","PERFORMATRIN PRIME"
"6858764","1","0","LST","","24.99","11.1","B&B DG WP CLR BLK 8-11IN XS","BAILEY & BELLA"
"6860608","1","0","LST","","36.99","17.75","B&B CT CAVE BED GRY 17.7X13IN","BAILEY & BELLA"
"IZ180","1","0","LST","","14.99","7.02","CSTL CT ADJ LAZR PNK HEART 1EA","COASTAL PET PRODUCTS"
"X2949","1","0","LST","","13.99","6.94","CSTL KTN COL ADJ BLK W BOW 1EA","COASTAL PET PRODUCTS"
"IZ198","1","0","LST","","24.99","12.5","CSTL CT ADJ MSH HRN&LSH BL 1EA","COASTAL PET PRODUCTS"
"E2733","1","0","LST","","13.99","6.5","CSTL CT ADJ PRPL JEWL BCKL 1EA","COASTAL PET PRODUCTS"
"IT332","1","0","LST","","14.99","6.32","CSTL CT ADJ COL SOY-PUMPKN 1EA","COASTAL PET PRODUCTS"
"IZ195","1","0","LST","","9.99","5.03","CSTL KTN COL ADJ DAISY 1EA","COASTAL PET PRODUCTS"
"IZ188","1","0","LST","","9.99","5.03","CSTL KTN COL ELSTCZD YELLW 1EA","COASTAL PET PRODUCTS"
"9100437","1","0","LST","","12.99","5.9","CSTL CT ADJ COL BLK SKULLS 1EA","COASTAL PET PRODUCTS"
"X4491","1","0","LST","","13.99","6.94","CSTL CT ADJ GLOW BLUE FISH 1EA","COASTAL PET PRODUCTS"
"M7407","1","0","LST","","12.99","5.85","CSTL CT ADJ COL HNTR GREEN 1EA","COASTAL PET PRODUCTS"
"6780785","1","0","LST","","34.99","17.23","CSTL CT ADJ HRN LSH OMBRE 1EA","COASTAL PET PRODUCTS"
"6858771","1","0","LST","","24.99","11.1","B&B DG WP CLR LILAC 13-17IN MD","BAILEY & BELLA"
"6472461","1","0.25","OOS","","44.99","25.64","OPFM DG PROBIOTIC CHEWS 90CT","OPEN FARM"
"6864622","1","0","LST","G3848","59.99","24","EXO TR HEAT MAT 16W","EXO TERRA"
"6472459","1","0","NEW","","38.99","22.22","OPFM DG SKIN COAT CHEWS 90PK","OPEN FARM"
"6858780","1","0","LST","","44.99","19.9","B&B DG WP HRN LILAC MD","BAILEY & BELLA"
"6858774","1","0","LST","","39.99","17.7","B&B DG WP LSH BLK 4FT","BAILEY & BELLA"
"6858773","1","0","LST","","24.99","11.1","B&B DG WP CLR LILAC 20-26IN XL","BAILEY & BELLA"
"6858815","1","0","LST","","13.99","6.5","CSTL CT ADJ HRTBRKR OMBRE 1EA","COASTAL PET PRODUCTS"
"6858766","1","0","LST","","24.99","11.1","B&B DG WP CLR BLK 13-17IN MD","BAILEY & BELLA"
"6858781","1","0","LST","","49.99","21.8","B&B DG WP HRN LILAC LG","BAILEY & BELLA"
"6472458","1","0","LST","","38.99","22.22","OPFM DG HIP JOINT CHEWS 90PK","OPEN FARM"
"6858768","1","0","LST","","24.99","11.1","B&B DG WP CLR BLK 20-26IN XL","BAILEY & BELLA"
"6858769","1","0","LST","","24.99","11.1","B&B DG WP CLR LILAC 8-11IN XS","BAILEY & BELLA"
"6858776","1","0","LST","","39.99","17.7","B&B DG WP HRN BLK SM","BAILEY & BELLA"
"6472460","1","0","NEW","","44.99","25.64","OPFM DG CALMING CHEWS 90PK","OPEN FARM"
"6858770","1","0","LST","","24.99","11.1","B&B DG WP CLR LILAC 10-14IN SM","BAILEY & BELLA"
"6858778","1","0","LST","","49.99","21.8","B&B DG WP HRN BLK LG","BAILEY & BELLA"
"6858767","1","0","LST","","24.99","11.1","B&B DG WP CLR BLK 17-21IN LG","BAILEY & BELLA"
"6864621","1","0","LST","G3847","49.99","21","EXO TR HEAT MAT 8W","EXO TERRA"
"6858779","1","0","LST","","39.99","17.7","B&B DG WP HRN LILAC SM","BAILEY & BELLA"
"6472462","1","0","NEW","","44.99","25.64","OPFM DG IMMUNITY CHEWS 90CT","OPEN FARM"
"6858772","1","0","LST","","24.99","11.1","B&B DG WP CLR LILAC 17-21IN LG","BAILEY & BELLA"
"6864532","1","0","LST","","86.99","59.45","SD DG AD 7PLUS CHK BAR 15.5LB","HILL'S SCIENCE DIET"
"6858777","1","0","LST","","44.99","19.9","B&B DG WP HRN BLK MD","BAILEY & BELLA"
"6858775","1","0","LST","","39.99","17.7","B&B DG WP LSH LILAC 4FT","BAILEY & BELLA"
"6467180","1","0","LST","","51.99","35.31","FM DG GF LID CHK/BLR SB 12LB","FIRST MATE"
"6232541","1","0","LST","","23.99","16.29","FM DG WG LMB&OAT 5LB","FIRST MATE"
"6447208","1","0","LST","","93.99","63.82","FM DG GF LID LB PCFC FSH 25LB","FIRST MATE"
"6912327","1","0","LST","6409352","49.99","27.25","DGRA DG MEDICAL SNUGGIE 1SM","DOGORA"
"6237005","1","0","LST","","24.99","16.97","FM DG WG DCK&OAT 5LB","FIRST MATE"
"6447211","1","0","LST","","93.99","63.82","FM DG GF LID AUS LMB 25LB","FIRST MATE"
"6229552","12","0","LST","","4.39","2.9875","FM DG WG TK&R 12.2OZ","FIRST MATE"
"6467182","1","0","LST","","51.99","35.31","FM DG GF LID AUS LMB SB 12LB","FIRST MATE"
"6232543","1","0.5","LST","","22.99","15.61","FM CT WG INDR 5LB","FIRST MATE"
"6467184","1","0","LST","","51.99","35.31","FM DG GF LID PCFC FSH SB 12LB","FIRST MATE"
"6467179","1","0","LST","","28.99","19.68","FM DG GF LID CHK/BLR SB4LB","FIRST MATE"
"6446092","1","0","LST","","23.99","16.29","FM DG WG SNR WGTCNTR FISH 5LB","FIRST MATE"
"6237006","1","0","LST","","66.99","44.85","FM DG WG DCK&OAT 25LB","FIRST MATE"
"6237004","1","0","LST","","99.99","67.89","FM DG GF LID DK/PMP 25LB","FIRST MATE"
"6447207","1","0","LST","","93.99","63.82","FM DG GF LID PCFC FSH 25LB","FIRST MATE"
"6232534","1","0","LST","","62.99","42.78","FM DG WG CHK&OAT 25LB","FIRST MATE"
"6232536","1","0","LST","","62.99","42.78","FM DG WG PCFC OCN FSH&OAT 25LB","FIRST MATE"
"6446093","1","0","LST","","62.99","42.78","FM DG WG SNR WGTCNTR FISH25LB","FIRST MATE"
"6467181","1","0","LST","","28.99","19.68","FM DG GF LID AUS LMB SB 4LB","FIRST MATE"
"6506834","1","0","LST","","62.99","42.78","FM DG WG LB OCN FSH&OAT 25LB","FIRST MATE"
"6447209","1","0","LST","","93.99","63.82","FM DG GF LID SN WCTR FSH25LB","FIRST MATE"
"6232542","1","0","LST","","62.99","42.78","FM DG WG LMB&OAT 25LB","FIRST MATE"
"6229553","12","0","LST","","4.39","2.9875","FM DG WG CH&R 12.2OZ","FIRST MATE"
"6467183","1","0.25","LST","","28.99","19.68","FM DG GF LID PCFC FSH SB 4LB","FIRST MATE"
"6232544","1","0","LST","","47.99","32.59","FM CT WG INDR 13.2LB","FIRST MATE"
"6232535","1","0","LST","","23.99","16.29","FM DG WG PCFC OCN FSH&OAT 5LB","FIRST MATE"
"6237003","1","0","LST","","36.99","25.11","FM DG GF LID DK/PMP 5LB","FIRST MATE"
"6447210","1","0","LST","","93.99","63.82","FM PUP GF LID PCFC FSH 25LB","FIRST MATE"
"6447212","1","0","LST","","93.99","63.82","FM DG GF LID CHK/BLR 25LB","FIRST MATE"
"6232533","1","0","LST","","23.99","16.29","FM DG WG CHK&OAT 5LB","FIRST MATE"
"95116","1","0","LST","","33.99","23.08","FM DG GF LID AUS LMB 5LB","FIRST MATE"
"94755","1","0","OOS","","33.99","23.08","FM DG SNR WGT CNTRL FSH 5lb","FIRST MATE"
"26878","1","0","LST","","28.99","19.68","FM CT GF CHK BLR 4LB","FIRST MATE"
"94482","1","0","LST","","33.99","23.08","FM PUP GF LID PCFC FSH 5LB","FIRST MATE"
"1100266","24","0","LST","","3.39","2.3183","FM CT FREE RUN CHK&TUNA 5.5OZ","FIRST MATE"
"94503","12","0","LST","","4.39","2.9875","FM DG GF CHK 12.5oz","FIRST MATE"
"94738","24","0.25","LST","","3.69","2.5025","FM CT SL 5.5OZ","FIRST MATE"
"94766","1","0","LST","","58.99","40.05","FM DG GF LID SN WCTR FSH14.5LB","FIRST MATE"
"95106","1","0","LST","","33.99","23.08","FM DG GF LID PCFC FSH 5LB","FIRST MATE"
"95115","1","0","LST","","33.99","23.08","FM DG GF LID CHK BLR 5LB","FIRST MATE"
"94255","24","0","OOS","","3.39","2.3183","FM CT FREE RUN TKY 5.5OZ","FIRST MATE"
"6229551","12","0","LST","","4.79","3.2592","FM DG WG SL&R 12.2OZ","FIRST MATE"
"1102284","1","0","LST","","47.99","32.59","FM WG CT&KIT 13.2LB","FIRST MATE"
"95108","1","0","OOS","","58.99","40.05","FM DG GF LID CHK BLR 14.5LB","FIRST MATE"
"95101","1","0","LST","","28.99","19.68","FM CT GF OCN FSH BLR 4LB","FIRST MATE"
"95105","1","0","LST","","58.99","40.05","FM DG GF LID AUS LMB 14.5LB","FIRST MATE"
"26877","1","0","LST","","47.99","32.58","FM CT GF CHK BLR 10LB","FIRST MATE"
"95117","1","0","LST","","47.99","32.58","FM CT GF OCN FSH BLR 10LB","FIRST MATE"
"1102283","1","0","LST","","22.99","15.61","FM WG CT&KIT 5LB","FIRST MATE"
"1100262","24","0","LST","","3.69","2.5025","FM CT SL&TUNA 5.5OZ","FIRST MATE"
"95107","1","0","LST","","58.99","40.05","FM DG GF LID PCFC FSH 14.5LB","FIRST MATE"
"94737","24","0.25","LST","","3.39","2.3183","FM CT FREE RUN CHK 5.5OZ","FIRST MATE"
"94581","12","0","OOS","","4.39","2.9875","FM DG GF TKY 12.5oz","FIRST MATE"
"94722","12","0","LST","","4.79","3.2592","FM DG GF WLD SL 12.5oz","FIRST MATE"
"6230688","1","0","LST","","35.99","18","VL PRS PRM BDG 5.5LB","VERSELE-LAGA"
"6232214","1","0","LST","","39.99","20","VL PRS LRPRQ AFR PRKT 5.5LB","VERSELE-LAGA"
"6230578","1","0","NEW","","35.99","18","VL PRS LRPRQ PRKT 5.5LB","VERSELE-LAGA"
"6850891","1","0","LST","","24.99","11.65","JMP DG WP LSH PNK 4FT","JUMP"
"6850882","1","0","LST","","17.99","8.4","JMP DG WP CLR BLU 8-11IN XS","JUMP"
"6850889","1","0","LST","","17.99","8.4","JMP DG WP CLR PNK 14-17IN MD","JUMP"
"6850887","1","0","LST","","17.99","8.4","JMP DG WP CLR PNK 8-11IN XS","JUMP"
"6850883","1","0","LST","","17.99","8.4","JMP DG WP CLR BLU 11-14IN SM","JUMP"
"6850886","1","0","LST","","24.99","11.65","JMP DG WP LSH BLU 4FT","JUMP"
"6850884","1","0","LST","","17.99","8.4","JMP DG WP CLR BLU 14-17IN MD","JUMP"
"Y1248","1","0","LST","","9.99","5","VL HMS CRL RCH MX 0.88LB","VERSELE-LAGA"
"6860610","1","0","LST","","8.99","4.5","VL PRS TRT STCK BNA 2PK 140G","VERSELE-LAGA"
"U6531","1","0","LST","","16.99","8.5","VL CHNCHL BTH SND 2.86LB","VERSELE-LAGA"
"6850888","1","0","LST","","17.99","8.4","JMP DG WP CLR PNK 11-14IN SM","JUMP"
"6860611","1","0","LST","","8.99","4.5","VL PRS TRT STCK VEG 2PK 140G","VERSELE-LAGA"
"6860555","1","0","LST","","8.99","4.5","VL PRS TRT STCK NUT 2PK 140G","VERSELE-LAGA"
"6850890","1","0","LST","","17.99","8.4","JMP DG WP CLR PNK 17-21IN LG","JUMP"
"6850885","1","0","LST","","17.99","8.4","JMP DG WP CLR BLU 17-21IN LG","JUMP"
"6860576","1","0","LST","","8.99","4.5","VL PRS TRT STCK ROSE 2PK 140G","VERSELE-LAGA"
"6952474","1","1","LST","14987","37.99","20.7","PPLN DG ESNTL SHR CHK RICE 5LB","PURINA PRO PLAN"
"6870115","1","0","LST","1504639","19.99","9.2","SKHNR DG DTNGLR HNYSKL BIL 8OZ","SKOUT'S HONOR"
"6967867","1","0","LST","6234140","19.99","9.2","SKHNR DG DTNGLR WOODS BIL 8OZ","SKOUT'S HONOR"
"6850640","1","0","LST","","15.99","7.79","CHARLEE B DG SUNNYSDE NUGT 6OZ","CHARLEE BEAR"
"6968034","1","0","LST","","12.99","5.85","CSTL CT ADJ COL BLUE SHARK 1EA","COASTAL PET PRODUCTS"
"6850637","1","0","LST","","15.99","7.79","CHARLEE B DG PBBEARY NUGT 6OZ","CHARLEE BEAR"
"6850641","1","0.25","LST","","15.99","7.79","CHARLEE B DG STRWBRRY NUGT 6OZ","CHARLEE BEAR"
"6850639","1","0","LST","","15.99","7.79","CHARLEE B DG SHPRDPIE NUGT 6OZ","CHARLEE BEAR"
"6219521","1","0","LST","","107.99","77.49","PPLN DG SPC SS&S LB&O 24LB","PURINA PRO PLAN"
"E3914","1","0","LST","","12.99","6.4","FOLEY DG SLM CARROT TRT 14OZ","FOLEY"
"6967880","1","0","LST","","37.99","24.6","PPLN DG SB ADLT7 SH CHK RC 6LB","PURINA PRO PLAN"
"6968319","1","0","LST","","107.99","77.49","PPLN DG SS LMB OAT PUP 24LB","PURINA PRO PLAN"
"6968114","1","1","LST","","19.99","10","BFD DG LAMB MINI STICKS 1.32LB","BARNSDALE FARMS"
"X6733","1","0","LST","","12.99","6.4","FOLEY DG DUCK&HONEY TRT 14OZ","FOLEY"
"6968113","1","0.75","LST","","19.99","10","BFD DG BEEF MINI STCKS 1.32LB","BARNSDALE FARMS"
"E3073","1","0","LST","","12.99","6.4","FOLEY DG BEEF&BLBRRY TRT 14OZ","FOLEY"
"6967890","1","0.25","NEW","","9.99","4.5","ESN DG WTRLS PAW CLNR 7OZ","ESSENTIALS"
"6968075","1","0.75","LST","","19.99","10","BFD DG DUCK MINI STCKS 1.32LB","BARNSDALE FARMS"
"6967734","1","0","LST","","74.99","59.78","PPLN DG SS LMB OAT PUP 16LB","PURINA PRO PLAN"
"E4273","1","0","LST","","12.99","6.4","FOLEY DG BISON& BERR TRT 14OZ","FOLEY"
"Q9300","1","0","LST","","22.99","12.41","TMLN CT LAXATONE MAPL 4.25OZ","TOMLYN"
"6952480","1","0","LST","","29.99","22","PPLN DG MULTI CHEW 30PK","PURINA PRO PLAN"
"6968201","1","0","LST","","72.99","37.22","COA DG BSKRVLL INVISA MUZL SZ6","COMPANY OF ANIMALS"
"9100987","1","0","LST","","38.99","27.57","PPLN DG SM CK&R PUP 6LB","PURINA PRO PLAN"
"IS121","1","0","NEW","","8.99","4.5","FLVL SHRMP GRNLS 1.2OZ","FLUVAL"
"6967863","1","0","LST","","149.99","97.3","RCSHN DG PUP LG 40LB","ROYAL CANIN"
"6850311","1","0","OOS","","109.99","74.25","PPLN DG FRTFLR CHW TAB 90PK","PURINA PRO PLAN"
"6959865","1","0","LST","20463","29.99","20.3","RCSHN DG PUP LG 4LB","ROYAL CANIN"
"6774050","1","0","LST","","12.99","6.4","FOLEY DG PMK CINNAMN TRT 14OZ","FOLEY"
"6968197","1","0","LST","","58.99","30.08","COA DG BSKRVLL INVISA MUZL SZ4","COMPANY OF ANIMALS"
"6967856","1","0","LST","14452","26.99","15.45","RCSHN DG AD MD 4LB","ROYAL CANIN"
"6858814","1","0","LST","","61.99","41.8","PPLN DG FRTFLR CHW TAB 45 PK","PURINA PRO PLAN"
"6787321","1","0","LST","","12.99","6.4","FOLEY BTS DG BLBR&CHIA 14OZ","FOLEY"
"6767128","1","0","LST","","12.99","6.4","FOLEY DG DIGESTION PMK 7.05OZ","FOLEY"
"6967860","1","0.25","LST","26101","37.99","22.23","RCSHN DG PUP SM 4LB","ROYAL CANIN"
"9101004","1","0","LST","","37.99","26.98","PPLN DG TB CK&R AD 5LB","PURINA PRO PLAN"
"6858813","1","0","LST","","54.99","42.8","PPLN DG MULTI CHEW 60PK","PURINA PRO PLAN"
"6967862","1","0","LST","","131.99","84.6","RCBHN DG AD FRNCH BLLDG 30LB","ROYAL CANIN"
"6767130","1","0","LST","","12.99","6.4","FOLEY DG ANXIETY BLUBRR 7.05OZ","FOLEY"
"6968183","1","0","LST","","38.99","19.88","COA DG BSKRVLL INVISA MUZL SZ1","COMPANY OF ANIMALS"
"6959844","1","0","LST","","139.99","86.99","RCSHN DG AD LG 40LB","ROYAL CANIN"
"6643669","1","0","LST","","12.99","6.4","FOLEY DG ELK BLBRRY TRT 14OZ","FOLEY"
"6967858","1","0","OOS","20466","26.99","15.45","RCSHN DG AD LG 4LB","ROYAL CANIN"
"6967866","1","0","LST","","139.99","88.57","RCSHN DG AD MED 40LB","ROYAL CANIN"
"6767127","1","0","LST","","12.99","6.4","FOLEY DG WGHT MGT GRNBR 7 OZ","FOLEY"
"6968191","1","0","LST","","45.99","23.45","COA DG BSKRVLL INVISA MUZL SZ2","COMPANY OF ANIMALS"
"6967861","1","0","LST","14453","29.99","20.05","RCSHN DG PUP MD 4LB","ROYAL CANIN"
"6773493","1","0","LST","","12.99","6.4","FOLEY DG PNB&BANANA TRT 14OZ","FOLEY"
"6968116","20","0","LST","6239161","15.99","8.7125","NTIZ DG SL RC GRVTY BN AST 1EA","NITE IZE"
"6767129","1","0","LST","","12.99","6.4","FOLEY DG BRN SENIOR PNB 7.05OZ","FOLEY"
"IP485","1","0","LST","","22.99","12.41","TOMLYN CT LAXATONE TUNA 4.25OZ","TOMLYN"
"6968199","1","0","LST","","65.99","33.65","COA DG BSKRVLL INVISA MUZL SZ5","COMPANY OF ANIMALS"
"6968192","1","0","LST","","52.99","27.02","COA DG BSKRVLL INVISA MUZL SZ3","COMPANY OF ANIMALS"
"6952475","1","0","LST","","47.99","26.87","PERF PRM DG ORAL CARE 13.2LB","PERFORMATRIN PRIME"
"6952412","1","0","LST","","21.99","12.31","PERF PRM DG ORAL CARE 4LB","PERFORMATRIN PRIME"
"6968123","1","0","LST","1503524","26.99","13.79","NTIZ DG GLWSTRK LED BALL 1EA","NITE IZE"
"6968275","1","0","LST","","108.99","82.48","PPLN DG LB 7+ SH CK&R 34LB","PURINA PRO PLAN"
"6968125","1","0","LST","1500316","18.99","9.62","NTIZ DG HOWL RC COLLAR BLU 1EA","NITE IZE"
"6959856","1","0","LST","","14.99","7.92","PTGRN DG CHK MIN TRT 12OZ","PET GREENS"
"6959854","1","0","LST","","8.49","4.91","PTGRN DG BF MINI TRT 6OZ","PET GREENS"
"6959857","1","0","LST","","14.99","7.92","PTGRN DG BF MINI TRT 12OZ","PET GREENS"
"6968386","1","0","LST","51723","18.99","9.62","NTIZ DG HOWL RC COLLAR GRN 1EA","NITE IZE"
"6952413","1","0","OOS","","74.99","41.99","PERF PRM DG ORAL CARE 26LB","PERFORMATRIN PRIME"
"6783292","1","0","LST","","44.99","24.75","THRIVE DG CHWS CORE 270G","THRIVE"
"6783288","1","0","LST","","39.99","22.99","THRIVE DG CHWS CALM 270G","THRIVE"
"6783291","1","0","LST","","39.99","22.99","THRIVE DG CHWS FLOW 270G","THRIVE"
"6783289","1","0","LST","","44.99","24.75","THRIVE DG CHWS FLEX 270G","THRIVE"
"6783290","1","0","LST","","39.99","22.99","THRIVE DG CHWS SHINE 270G","THRIVE"
"6673011","1","0","LST","","52.99","36.02","SQPT CT VFSP HRNG SLM 4.4LB","SQUARE PET"
"6673006","1","0","LST","","159.99","102.35","SQPT DG VFSP RED MEAT 22LB","SQUARE PET"
"6773762","1","0","LST","","49.99","32.14","SQPT DG VFS SKN DGSTV 4.4LB","SQUARE PET"
"6472598","1","0","LST","","47.99","31.17","SQPT DG VFS IDEAL DGSTN 4.4LB","SQUARE PET"
"6787229","12","0","LST","","7.99","4.8183","SQPT DG VFS LOW FAT CAN 13oz","SQUARE PET"
"6472596","1","0","LST","","49.99","32.14","SQPT DG VFS ACTV JNT 4.4LB","SQUARE PET"
"6845614","12","0","LST","","7.99","5.3025","SQPT DG VFS SKN&DGSN CAN 13oz","SQUARE PET"
"6472595","1","0","LST","","144.99","91","SQPT DG VFS ACTV JNT 22LB","SQUARE PET"
"6471893","1","0","LST","","149.99","92.63","SQPT DG VFS LOW PHSPRS 22LB","SQUARE PET"
"6673008","1","0","LST","","94.99","59.42","SQPT CT VFSP TRKY CHK 11LB","SQUARE PET"
"6471891","1","0.25","LST","","139.99","87.06","SQPT DG VFS LOWFAT 22LB","SQUARE PET"
"6472593","1","0","LST","","144.99","89.02","SQPT DG VFS SKN DGSTV 22LB","SQUARE PET"
"6471889","1","0.5","LST","","47.99","31.17","SQPT DG VFS LOWFAT 4.4LB","SQUARE PET"
"6787231","12","0","LST","","7.99","4.8183","SQPT DG LOW PHSPHRUS CAN 13oz","SQUARE PET"
"6673007","1","0","LST","","56.99","38.93","SQPT DG VFSP RED MEAT 4.4LB","SQUARE PET"
"6673010","1","0","OOS","","99.99","66.22","SQPT CT VFSP HRNG SLM 11LB","SQUARE PET"
"6673009","1","0","LST","","49.99","34.08","SQPT CT VFSP TRKY CHK 4.4LB","SQUARE PET"
"6673004","1","0","LST","","154.99","94.6","SQPT DG VFSP TK&CK 22LB","SQUARE PET"
"X5289","1","0","INOT","","34.99","22.75","AS DG TOR RAPTORS JRS 1XXXS","ALL STAR DOGS"
"6471888","1","0","LST","","49.99","32.14","SQPT DG VFS LOW PHSPRS 4.4LB","SQUARE PET"
"6673005","1","0","LST","","49.99","34.08","SQPT DG VFSP TK&CK 4.4LB","SQUARE PET"
"6787230","12","0","LST","","7.99","4.8183","SQPT DG IDEAL DGSTN CAN 13oz","SQUARE PET"
"6472597","1","0","LST","","139.99","87.06","SQPT DG VFS IDEAL DGSTN 22LB","SQUARE PET"
"1100264","24","0","LST","","3.39","2.3183","FM CT LTD ING TRKYWLDTNA 5.5OZ","FIRST MATE"
"26879","24","0","LST","","3.39","2.3183","FM CT LTD ING WLD TNA 5.5OZ","FIRST MATE"
"6743937","1","0","ROS","","19.99","11.05","GURU DG HDE-A-TL GATOR 1MD","GURU"
"6970864","16","0","LST","","3.99","2.0313","BOSCO DG ICE COLD PAWTTE 1EA","BOSCO AND ROXY'S"
"6968277","1","0","LST","","39.99","26.03","RCFHN CT DGSTV KIT MLTIPK 12PK","ROYAL CANIN"
"6657438","1","0","LST","","85.99","58","GO! CT GF INSECT 12LB","GO! SOLUTIONS"
"6970935","18","0","LST","","4.99","2.5","BOSCO DG DONUT CAFFEIN LD 1EA","BOSCO AND ROXY'S"
"6970929","35","0","LST","","4.99","2.7143","BOSCO DG LETS GET MACAR-ON 1EA","BOSCO AND ROXY'S"
"6971018","18","0","LST","","4.99","2.2222","BOSCO DG EVERYTHING BAGEL 1EA","BOSCO AND ROXY'S"
"6970883","10","0","LST","","7.49","3.7","BOSCO DG I LOVE PAW BONE 6IN","BOSCO AND ROXY'S"
"6971163","1","0","INOT","","39.99","20","GZ DG PACKABLE PONCH TEAL 2XL","GOO-EEZ"
"6968385","1","0","INOT","","34.99","22.75","AS DG OTT SEN JRS 1SM","ALL STAR DOGS"
"6797680","1","0","LST","","18.99","9.65","GURU DG FRY GUY TUFF HNTR 1LG","GURU"
"6968366","1","0","INOT","","34.99","22.75","AS DG MON CAN JRS 1XXXS","ALL STAR DOGS"
"6970845","32","0","LST","","2.19","1.0938","BOSCO DG DONUT WORRY 1EA","BOSCO AND ROXY'S"
"6970885","10","0","LST","","7.49","3.7","BOSCO DG PAWFEE BONE 6IN","BOSCO AND ROXY'S"
"6743917","1","0","NEW","","19.99","10.1","GURU DG GIG TENNIS BL 1LG","GURU"
"6971164","1","0","INOT","","49.99","25","GZ DG PACKABLE PONCH TEAL 3XL","GOO-EEZ"
"6970872","1","0","LST","","16.99","8.7","GURU DG GURU BALL 1MD","GURU"
"6968393","12","0","LST","","10.99","5.625","BOSCO DG PRPK GTCHA DAY BN 7IN","BOSCO AND ROXY'S"
"6968371","1","0","INOT","","34.99","22.75","AS DG MON CAN JRS 1SM","ALL STAR DOGS"
"6970700","1","0","LST","","17.99","8.98","LIQVET CT PRE POST BIOTIC 8OZ","LIQUID-VET"
"IQ970","1","0","LST","","24.99","15.74","SMACK CT VRY BRRY 8.8OZ","SMACK"
"6743986","1","0","ROS","","19.99","10.35","GURU DG FRY GUY SUZY 1XL","GURU"
"6238392","24","0","LST","","2.89","1.9983","FM CT LTD ING TRKY 3.2OZ","FIRST MATE"
"6970927","15","0","LST","","4.99","2.7107","BOSCO DG HOLY CANINE-NOLI 1EA","BOSCO AND ROXY'S"
"6970844","36","0.75","LST","","2.49","1.3333","BOSCO DG PUP-SPRESSO SHUT 1EA","BOSCO AND ROXY'S"
"6467698","1","0","LST","","50.99","34.62","FM CT LTD ING CF DUCK BLR 10LB","FIRST MATE"
"6970856","36","0.5","LST","","2.49","1.25","BOSCO DG BREW-TIFUL BONE 1EA","BOSCO AND ROXY'S"
"6968394","6","0","LST","","10.99","5.8","BOSCO DG BDAY MINI BONE BOX","BOSCO AND ROXY'S"
"6968362","1","0","INOT","","34.99","22.75","AS DG OTT SEN JRS 1MD","ALL STAR DOGS"
"6968145","1","0","LST","","39.99","26.03","RCFCN CT INDR GRVY 12PK","ROYAL CANIN"
"6668617","1","0","LST","","17.99","8.98","LIQVET CT MP SUPPORT 8OZ","LIQUID-VET"
"6970923","14","0","LST","","4.99","2.4643","BOSCO DG BUTTER CROISSANT 1EA","BOSCO AND ROXY'S"
"6238394","24","0","LST","","2.89","1.9983","FM CT LTD ING CHK 3.2OZ","FIRST MATE"
"6410958","1","0","LST","","30.99","21.04","FM CT LTD ING CF DUCK BLBR 4LB","FIRST MATE"
"6971158","1","0","INOT","","29.99","15","GZ DG PACKABLE PONCH TEAL 1XS","GOO-EEZ"
"6238395","24","0","LST","","2.89","1.9983","FM CT LTD ING TNA 3.2OZ","FIRST MATE"
"6970858","18","0","LST","","4.49","2.1667","BOSCO DG PERKME UP PAW 1EA","BOSCO AND ROXY'S"
"6238393","24","0","LST","","3.19","2.1629","FM CT LTD ING SLM 3.2OZ","FIRST MATE"
"6743972","1","0","LST","","12.99","6.8","GURU DG FRY GUY JERRY 1MD","GURU"
"6971161","1","0","INOT","","34.99","17.5","GZ DG PACKABLE PONCH TEAL 1LG","GOO-EEZ"
"6968392","8","0.5","LST","","14.99","8.25","BOSCO DG BDAY SGNG CRD PNK 7IN","BOSCO AND ROXY'S"
"6971159","1","0","INOT","","29.99","15","GZ DG PACKABLE PONCH TEAL 1SM","GOO-EEZ"
"6850588","24","0","LST","","3.19","2.1629","FM CT LTD ING PRK APL 3.2OZ","FIRST MATE"
"6970876","12","0","LST","","4.49","2.2833","BOSCO DG KNOT YOUR SNACK 1EA","BOSCO AND ROXY'S"
"6968391","8","0","LST","","14.99","8.25","BOSCO DG BDAY SGNG CRD BLU 7IN","BOSCO AND ROXY'S"
"6850589","24","0","LST","","3.69","2.5025","FM CT LTD ING PRK APL 5.5OZ","FIRST MATE"
"6970886","12","0","LST","","12.99","6.4167","BOSCO DG GLAZED MINI DONUT 6PK","BOSCO AND ROXY'S"
"6797677","1","0","LST","","18.99","9.65","GURU DG FRY GUYS TUFF ADY 1LG","GURU"
"6970868","16","0","LST","","3.99","2.0313","BOSCO DG PAWSOME SMOOTHIE 1EA","BOSCO AND ROXY'S"
"6971160","1","0","INOT","","34.99","17.5","GZ DG PACKABLE PONCH TEAL 1MD","GOO-EEZ"
"6968360","1","0","INOT","","34.99","22.75","AS DG OTT SEN JRS 1XXS","ALL STAR DOGS"
"6971167","1","0","LST","","53.99","37.34","ORIJEN CT KIT CK TKY SL 7LB","ORIJEN"
"6968384","1","0","INOT","","34.99","22.75","AS DG OTT SEN JRS 1XS","ALL STAR DOGS"
"6971162","1","0","INOT","","39.99","20","GZ DG PACKABLE PONCH TEAL 1XL","GOO-EEZ"
"6743933","1","0","LST","","16.99","8.7","GURU DG TENNIS MX STK 1MD","GURU"
"6968383","1","0","INOT","","34.99","22.75","AS DG OTT SEN JRS 1XXXS","ALL STAR DOGS"
"6967893","1","0","LST","","13.99","6.62","ESN DG PLM BRSTL BRSH HDLE 1EA","ESSENTIALS"
"6971800","1","0","NEW","","9.99","5","ZEUS DG NTRO WGHTD BL 1MD","ZEUS"
"Y1472","1","0","LST","","119.99","75.59","SMACK CT PRFCT PRK 3.3LB","SMACK"
"6971442","1","0","LST","","29.99","15","ESN DG WOOD SS BWL 29OZ","ESSENTIALS"
"6971938","1","0","NEW","","11.99","6","ZEUS DG NTRO BNDY BNE 1EA","ZEUS"
"Y1469","1","0","LST","","119.99","75.59","SMACK CT PCF FSH FST 3.3LB","SMACK"
"6971443","1","0","LST","","34.99","17.5","ESN DG WOOD SS BWL 59OZ","ESSENTIALS"
"6970696","1","0","","6409451","58.99","34.16","ESN DG OATMEAL HONEY COND 1GAL","ESSENTIALS"
"6971936","1","0","NEW","","15.99","8","ZEUS DG NTRO WGHTD SLNGR 1EA","ZEUS"
"Y1471","1","0","LST","","24.99","15.74","SMACK CT PRFCT PRK 8.8OZ","SMACK"
"6967892","1","0","LST","","12.99","5.56","ESN DG SCONE PAW BATH 1EA","ESSENTIALS"
"6971799","1","0","NEW","","7.99","4","ZEUS DG NTRO WGHTD BL 1SM","ZEUS"
"Y1468","1","0","LST","","24.99","15.74","SMACK CT PCF FSH FST 7.4OZ","SMACK"
"6971937","1","0","NEW","","16.99","8.5","ZEUS DG NTRO RNG 1EA","ZEUS"
"6971914","1","0","NEW","","13.99","7","ZEUS DG NTRO WGHTD GRP BL 1EA","ZEUS"
"6971813","1","0","NEW","","11.99","6","ZEUS DG NTRO WGHTD BL 1LG","ZEUS"
"6967894","1","0","LST","","13.99","6.64","ESN DG PLM CURY BRSH HDLE 1EA","ESSENTIALS"
"6971940","1","0","NEW","","26.99","13.5","ZEUS DG NTRO FLYNG DSC 1EA","ZEUS"
"6971939","1","0","NEW","","14.99","7.5","ZEUS DG NTRO TGGR 1EA","ZEUS"
"6971444","1","0","LST","","24.99","12.5","B&B DG BUBL CERM BWL CRM 12OZ","BAILEY & BELLA"
"6971801","1","0","LST","","26.99","13.5","ZEUS DG NTRO WGHTD BUOY 1EA","ZEUS"
"6971916","1","0","LST","","16.99","8.5","ZEUS DG NTRO WGHTD RNG RLR 1EA","ZEUS"
"6971251","1","0","LST","","25.99","13","B&B DG CERM BWL BLK 77OZ","BAILEY & BELLA"
"E7778","1","0","LST","","119.99","75.59","SMACK CT VRY BRRY 3.3LB","SMACK"
"6971445","1","0","LST","","29.99","15","B&B DG BUBL CERM BWL PECH 12OZ","BAILEY & BELLA"
"6743965","1","0","ROS","","19.99","10.35","GURU DG FRY GUY ANDY 1XL","GURU"
"6899805","1","0.25","LST","","62.99","34.09","B&B DG PLUSH MAT CHAR 36X24IN","BAILEY & BELLA"
"6967954","1","0","LST","","19.99","12.38","GREENIE DG PUPPY REG DNTL 12OZ","GREENIES"
"6971146","12","0","LST","","6.99","3.5","BOSCO DG EVERYDAY HTDG 1EA","BOSCO AND ROXY'S"
"6968167","1","0","INOT","","36.99","24.1","AS DG OTT SEN JRS 1XXXL","ALL STAR DOGS"
"6743966","1","0","ROS","","12.99","6.8","GURU DG FRY GUY BRUCEY 1MD","GURU"
"6899800","1","0","LST","","83.99","48.97","B&B DG PLUSH MAT TAN 48X30IN","BAILEY & BELLA"
"6848137","20","0","LST","","7.99","3.65","PERF ULT DG STFD BNE PB 3IN","PERFORMATRIN ULTRA"
"6848232","20","0","LST","","7.99","3.65","PERF ULT DG STFD BNE BF&BL 3IN","PERFORMATRIN ULTRA"
"6793847","1","0","NEW","","19.99","11.95","GURU DG XCUBE 1MD","GURU"
"6743963","1","0","ROS","","12.99","6.8","GURU DG FRY GUY ANDY 1MD","GURU"
"6899806","1","0","LST","","72.99","42.86","B&B DG PLUSH MAT CHAR 42X28IN","BAILEY & BELLA"
"6968389","8","0","LST","","25.99","15","BOSCO DG BD12 ADVNT CLNDR BL","BOSCO AND ROXY'S"
"6972113","1","0","LST","","19.99","12.38","GREENIE DG PUP PETIT DNTL 12OZ","GREENIES"
"6968166","1","0","INOT","","34.99","22.75","AS DG OTT SEN JRS 1XXL","ALL STAR DOGS"
"6743927","1","0","LST","","19.99","10.1","GURU DG SPN CHW BNE 1MD","GURU"
"6743967","1","0","ROS","","16.99","8.9","GURU DG FRY GUY BRUCEY 1LG","GURU"
"6899798","1","0","LST","","62.99","34.09","B&B DG PLUSH MAT TAN 36X24IN","BAILEY & BELLA"
"6968033","1","0.25","NEW","","12.99","6.5","ESN DG LCK MAT SPTLA CHAR 1EA","ESSENTIALS"
"6968390","8","0","LST","","25.99","15","BOSCO DG BD12 ADVNT CLNDR PINK","BOSCO AND ROXY'S"
"6971439","1","0","LST","6746948","37.99","24.86","PPLN DG HPRTN SH BF RC 5LB","PURINA PRO PLAN"
"6968168","1","0","INOT","","36.99","24.1","AS DG OTT SEN JRS 1XXXXL","ALL STAR DOGS"
"6971019","18","1.25","LST","","3.99","2","BOSCO DG BRTHDAY CAKE 1EA","BOSCO AND ROXY'S"
"6793843","1","0","ROS","","18.99","9.5","GURU DG BONANZA RCKT 1EA","GURU"
"6971150","24","1","LST","","3.99","2","BOSCO DG EVERYDAY CRMCLS 1EA","BOSCO AND ROXY'S"
"6968165","1","0","INOT","","34.99","22.75","AS DG OTT SEN JRS 1XL","ALL STAR DOGS"
"6899794","1","0","LST","","27.99","14.01","B&B DG PLUSH MAT TAN 17X11IN","BAILEY & BELLA"
"6968375","12","0.75","LST","","4.99","2.5","BOSCO DG BD BLUE SPLDCRWN 1EA","BOSCO AND ROXY'S"
"6899797","1","0.25","LST","","49.99","25.01","B&B DG PLUSH MAT TAN 30X21IN","BAILEY & BELLA"
"6899804","1","0","LST","","49.99","25.01","B&B DG PLUSH MAT CHAR 30X21IN","BAILEY & BELLA"
"6971080","48","0","LST","","1.99","1.0104","BOSCO DG BD PB TREAT CUPS 1EA","BOSCO AND ROXY'S"
"6743981","1","0","LST","","12.99","6.8","GURU DG FRY GUY NANCY 1MD","GURU"
"6743982","1","0","ROS","","16.99","8.9","GURU DG FRY GUY NANCY 1LG","GURU"
"6968308","1","0","","","0.01","0.01","RYL CN CT TWR DISPLY 85G","Royal Canin"
"6848249","20","0","NEW","","5.69","2.599","PERF ULT DG BLY STFD HF 3.1OZ","PERFORMATRIN ULTRA"
"6968257","1","0","LST","25827","131.99","87.09","RCBHN DG PUP LBRRTRV MPF 30LB","ROYAL CANIN"
"6968187","1","0","OOS","IJ502","129.99","82.85","RCSHN DG AD MD 7PLS MPF 30LB","ROYAL CANIN"
"6968369","12","0.5","LST","","4.99","2.5","BOSCO DG BDAY PNK SPLDCRWN1ea","BOSCO AND ROXY'S"
"6860606","1","0","INOT","","34.99","22.75","AS DG OTT SEN JRS 1LG","ALL STAR DOGS"
"6968387","4","0","LST","","25.99","15","BOSCO DG BRTHDAY CAKE BLUE","BOSCO AND ROXY'S"
"6971010","32","0","LST","","1.99","1.0156","BOSCO DG BRTHDAY MINI DONTS1ea","BOSCO AND ROXY'S"
"6968246","1","0","LST","","116.99","69","FLWY CT OPTM REFIL 3PK","FELIWAY"
"6971011","58","1.5","LST","","2.49","1.2759","BOSCO DG BDAY CANDLS 1EA","BOSCO AND ROXY'S"
"6848247","15","0","NEW","","12.99","5.8447","PERF ULT DG STFD BNE BF&BL 6IN","PERFORMATRIN ULTRA"
"6743945","1","0","ROS","","34.99","18.2","GURU DG HDE-A-TAIL GRN SNK 1XL","GURU"
"6743954","1","0","ROS","","21.99","11.05","GURU DG LOVEYS MNKY 1MD","GURU"
"6971254","1","0","LST","","9.99","5.19","ESN DG SS SLOW FDR 38OZ","ESSENTIALS"
"6899807","1","0.25","LST","","83.99","48.97","B&B DG PLUSH MAT CHAR 48X30IN","BAILEY & BELLA"
"6743930","1","0","LST","","18.99","9.65","GURU DG SQK RPE 1MD","GURU"
"6899796","1","0","LST","","39.99","19.99","B&B DG PLUSH MAT TAN 24X18IN","BAILEY & BELLA"
"6972114","1","0","LST","","19.99","12.38","GREENIE DG PUP TENIE DNTL 12OZ","GREENIES"
"6968388","4","0","LST","","25.99","15","BOSCO DG BRTHDAY CAKE PINK","BOSCO AND ROXY'S"
"6743964","1","0","ROS","","16.99","8.9","GURU DG FRY GUY ANDY 1LG","GURU"
"6971133","18","0","LST","","3.99","2","BOSCO DG EVERYDAY PIZZA 1EA","BOSCO AND ROXY'S"
"6971012","18","0","LST","","3.99","2","BOSCO DG BRTHDAY PRSNT 1EA","BOSCO AND ROXY'S"
"A4956","1","0","LST","6233731","7.99","3.6","TTR GOLDFISH VRTY PLLTS 1.87OZ","TETRA"
"6952478","1","0","INOT","","49.99","25","GZ DG PACKABLE PONCHO BLUE 3XL","GOO-EEZ"
"6971154","10","0","LST","","6.99","3.5","BOSCO DG EVERYDAY MYBF BNE 1EA","BOSCO AND ROXY'S"
"6848231","15","0","LST","","12.99","5.8447","PERF ULT DG STFD BNE PB 6IN","PERFORMATRIN ULTRA"
"6899803","1","0","LST","","39.99","19.99","B&B DG PLUSH MAT CHAR 24X18IN","BAILEY & BELLA"
"6899795","1","0","LST","","31.99","15.5","B&B DG PLUSH MAT TAN 21X12IN","BAILEY & BELLA"
"6743932","1","0","LST","","8.99","4.2","GURU DG TENNIS MX BALL 1MD","GURU"
"6743956","1","0","ROS","","21.99","11.05","GURU DG LOVEYS RBT 1MD","GURU"
"6743944","1","0","ROS","","19.99","10.35","GURU DG HDE-A-TAIL GRN SNK 1LG","GURU"
"6743983","1","0","ROS","","19.99","10.35","GURU DG FRY GUY NANCY 1XL","GURU"
"6952476","1","0","INOT","","49.99","25","GZ DG PACKABLE PONCH CHRCL 3XL","GOO-EEZ"
"6899810","1","0","LST","","54.99","25","CANPR DG CN CAM OL 33.8oz","CANPRESSCO"
"6967727","1","0","INOT","","24.99","11.5","ESN CT PLW BED IVRY 19X19IN","ESSENTIALS"
"6967988","1","0","LST","6233727","9.99","4.5","TTR FLOATNG CICHLIDS PLLTS 6OZ","TETRA"
"6743948","1","0","ROS","","22.99","12.5","GURU DG HDE-A-TL SHRK 1LG","GURU"
"6971102","20","0","LST","","3.99","2","BOSCO DG EVRYDY RV U BONE 1EA","BOSCO AND ROXY'S"
"6971247","1","0","NEW","","20.99","10.49","ESN DG SCONE SLW FDR PECH 16OZ","ESSENTIALS"
"6767169","1","0","LST","","32.99","19.76","SKHNR CT ORAL CARE WTR 32OZ","SKOUT'S HONOR"
"6743928","1","0","LST","","21.99","12.1","GURU DG SPN TRT STK 1LG","GURU"
"6971077","16","0","LST","","4.99","2.5","BOSCO DG BRTHDAY PAWTY BNS 1EA","BOSCO AND ROXY'S"
"6968333","36","3","LST","","2.49","1.2778","BOSCO DG BRTHDAY DIPPD BNES1ea","BOSCO AND ROXY'S"
"6971142","16","0","LST","","4.99","2.5","BOSCO DG EVERYDAY CAF CUP 1EA","BOSCO AND ROXY'S"
"6899799","1","0","LST","","72.99","42.87","B&B DG PLUSH MAT TAN 42X28IN","BAILEY & BELLA"
"6952477","1","0","INOT","","49.99","25","GZ DG PACKABLE PONCHO ORG 3XL","GOO-EEZ"
"6899802","1","0","LST","","31.99","15.5","B&B DG PLUSH MAT CHAR 21X12IN","BAILEY & BELLA"
"6899801","1","0","LST","","27.99","14.01","B&B DG PLUSH MAT CHAR 17X11IN","BAILEY & BELLA"
"6971246","1","0","NEW","","20.99","10.49","ESN DG SCONE SLOW FDR GRN 16OZ","ESSENTIALS"
"6968320","6","0","LST","","15.99","8.25","BOSCO DG BDAY MINI PAW BOX","BOSCO AND ROXY'S"
"6971336","1","0","LST","","129.99","86.44","OPFM DG EPIC BLEND SLM 18LB","OPEN FARM"
"6971334","1","0","LST","","129.99","86.44","OPFM DG EPIC BLEND CHK 18LB","OPEN FARM"
"6971338","1","0","LST","","134.99","89.77","OPFM DG EPIC BLEND BF 18LB","OPEN FARM"
"6971333","1","0","LST","","44.99","29.92","OPFM DG EPIC BLEND CHK 3.5LB","OPEN FARM"
"6971335","1","0","LST","","44.99","29.92","OPFM DG EPIC BLEND SLM 3.5LB","OPEN FARM"
"6971337","1","0","LST","","46.99","31.25","OPFM DG EPIC BLEND BF 3.5LB","OPEN FARM"
"6972478","1","0","LST","","23.99","12","B&B DG CERM BWL BSE CHAR 33OZ","BAILEY & BELLA"
"6972473","1","0","NEW","","14.99","7.5","ESN DG MLMNE SS BWL CRM 24OZ","ESSENTIALS"
"6972481","1","0","OOS","","14.99","7.5","B&B DG PTRN CERM BWL CRM 12OZ","BAILEY & BELLA"
"6972485","1","0","NEW","","24.99","12.5","ESN DG ELVT SS SET BLK 12OZ","ESSENTIALS"
"6972486","1","0","NEW","","26.99","13.5","ESN DG ELVT SS SET BLK 24OZ","ESSENTIALS"
"6972477","1","0","OOS","","19.99","10","B&B DG CERM BWL BSE CHAR 22OZ","BAILEY & BELLA"
"6971169","1","0.25","LST","","17.99","9.5","CRMPN DG MINI TRAINERS PRK 4oz","CRUMPS' NATURALS"
"6972475","1","0","NEW","","14.99","7.5","ESN DG MLMNE SS BWL BLK 24OZ","ESSENTIALS"
"6972304","1","0.25","LST","IG540","26.99","12.98","COA DG HALTI TRN LD BLK 1LG","COMPANY OF ANIMALS"
"6972488","1","0","NEW","","26.99","13.5","ESN DG ELVT SS SET CRM 24OZ","ESSENTIALS"
"6972301","1","0.25","LST","Y2731","46.99","21.57","COA DG HALTI NO PL HRN BLK 1MD","COMPANY OF ANIMALS"
"6972476","1","0","OOS","","16.99","8.5","B&B DG CERM BWL BSE CHAR 12OZ","BAILEY & BELLA"
"6972474","1","0","NEW","","12.99","6.5","ESN DG MLMNE SS BWL BLK 12OZ","ESSENTIALS"
"6972480","1","0","LST","","24.99","12.5","JMP DG COLLAPSE BWL CHAR 16OZ","JUMP"
"6972305","1","0","LST","IG539","22.99","11.04","COA DG HALTI TRN LD BLK 1SM","COMPANY OF ANIMALS"
"6972415","1","0","LST","","54.99","36","LITTER GENIE PLTNM PAIL 1EA","LITTER GENIE"
"6972302","1","0","LST","Y2730","51.99","24.23","COA DG HALTI NO PL HRN BLK 1LG","COMPANY OF ANIMALS"
"6971168","1","0","LST","","9.99","5.5","CRMPN DG MINI TRNRS PRK 1.9oz","CRUMPS' NATURALS"
"6972416","1","0","NEW","","59.99","40","LITTER GENIE PLTNM LTR BOX 1EA","LITTER GENIE"
"6972471","1","0.25","NEW","","26.99","13.5","ESN DG MLMNE SS SET CHAR 31OZ","ESSENTIALS"
"6972300","1","0","LST","Y2732","41.99","18.9","COA DG HALTI NO PL HRN BLK 1SM","COMPANY OF ANIMALS"
"6972470","1","0","NEW","","24.99","12.5","ESN DG MLMNE SS SET GRN 12OZ","ESSENTIALS"
"6972483","1","0","LST","","21.99","11","B&B DG PTRN CERM BWL CRM 63OZ","BAILEY & BELLA"
"6972482","1","0","LST","","17.99","9","B&B DG PTRN CERM BWL CRM 29OZ","BAILEY & BELLA"
"6972472","1","0","NEW","","12.99","6.5","ESN DG MLMNE SS BWL CRM 12OZ","ESSENTIALS"
"6972487","1","0","NEW","","24.99","12.5","ESN DG ELVT SS SET CRM 12OZ","ESSENTIALS"
"6751090","1","0","LST","","27.99","14.39","SKHNR DG ITCH SHMP BIL 16OZ","SKOUT'S HONOR"
"6998762","1","0","LST","IS426","41.99","16.28","COA DG HALTI HDCLR BK 1MD","COMPANY OF ANIMALS"
"7034741","1","0","LST","","29.99","17.55","SKHNR DG CNCRT TRF BIL 32OZ","SKOUT'S HONOR"
"7034742","1","0.25","LST","1506029","16.99","7.77","SKHNR DG SKNK ELMNTR BIL 32OZ","SKOUT'S HONOR"
"6998761","1","0","LST","IS425","41.99","16.28","COA DG HALTI HDCLR BK 1SM","COMPANY OF ANIMALS"
"6998763","1","0","LST","FG155","41.99","15.75","COA DG HALTI HDCLR BK 1LG","COMPANY OF ANIMALS"
"6998769","1","0","LST","","22.99","12.43","SKHNR DG MSTRZING PET BALM","SKOUT'S HONOR"
"6850638","1","0","LST","","15.99","7.79","CHARLEE B DG BERCTRIE BITE 6OZ","CHARLEE BEAR"
"7034977","1","0","LST","1505890","29.99","15","SV SA CARR ELMO PNK LG 14IN","SAVIC"
"6959835","1","0","LST","","69.99","38.89","PERF ULT DG LID KANGA SB 12LB","PERFORMATRIN ULTRA"
"6743055","1","0","LST","","30.99","21","PB CT SALMON TRT 4.7OZ","PUREBITES"
"6971835","1","0","LST","","29.99","15.9","TLTL DG BSY BEES FRGNG MAT 1EA","TALL TAILS"
"7034735","1","0","LST","","29.99","15.9","TLTL DG SCCLNT FRGNG MAT 1EA","TALL TAILS"
"6952487","1","0","LST","","33.99","19","PERF ULT DG LID KANGA SB 4LB","PERFORMATRIN ULTRA"
"7034737","1","0","LST","","29.99","15.9","TLTL DG WLDFLWR FRGNG MAT 1EA","TALL TAILS"
"7036496","1","0","LST","","1.99","0.05","PERF PRM DG ORAL CARE SMP 4OZ","PERFORMATRIN PRIME"
"6999020","1","0","LST","","26.99","17","SMCK DG DEHY SMCKN LAMB 8.8OZ","SMACK"
"1100044","1","0","LST","","65.99","41.97","CAN NAT DG GF WHTFSH 25LB","CANADIAN NATURALS"
"6999021","1","0","LST","","124.99","78.74","SMACK DG DEHY SMCKN LAMB 3.3LB","SMACK"
"1100222","1","0","LST","","57.99","34.63","CAN NAT DG CHK&R 30LB","CANADIAN NATURALS"
"6972876","1","0","LST","","39.99","26.3","F4L CT CORN CLMP LTR 28LB","FRESH 4 LIFE"
"6776450","1","0","LST","6234444","17.99","10.45","SKHNR DG PRBTIC ITCH RLF 8oz","SKOUT'S HONOR"
"1100221","1","0","LST","","58.99","36.28","CAN NAT DG LMB&R 25LB","CANADIAN NATURALS"
"7034898","1","0","LST","","17.99","8.98","LIQVET CT JOINT CHKN 8OZ","LIQUID-VET"
"1100043","1","0","OOS","","62.99","39.92","CAN NAT DG GF RMEAT 25LB","CANADIAN NATURALS"
"1100045","1","0","OOS","","69.99","44.56","CAN NAT DG LGBR GF RMEAT 28LB","CANADIAN NATURALS"
"6999170","1","0","LST","","12.99","6.5","FLVL BTA POLY-CARB CRTG 4PK","FLUVAL"
"6999150","1","0","LST","6465785","189.99","114","FLVL PRM BTA AQRM KIT 6 GAL","FLUVAL"
"1100225","1","0","LST","","39.99","26.29","CAN NAT CT CHK&R 15LB","CANADIAN NATURALS"
"1100227","1","0","LST","","26.99","16.69","CAN NAT CT GF TKY&SL 6.5LB","CANADIAN NATURALS"
"1100224","1","0","LST","","21.99","13.59","CAN NAT CT CHK&R 6.5LB","CANADIAN NATURALS"
"1100226","1","0","LST","","17.99","10.95","CAN NAT CT GF TKY&SL 3LB","CANADIAN NATURALS"
"1100228","1","0","OOS","","52.99","33.96","CAN NAT CT GF TKY&SL 15LB","CANADIAN NATURALS"
"1100223","1","0","LST","","14.99","8.73","CAN NAT CT CHK&R 3LB","CANADIAN NATURALS"
"6232518","1","0","OOS","","57.99","35.11","CAN NAT DG PRK RICE 30LB","CANADIAN NATURALS"
"G5199","1","0","LST","","9.99","4.42","SPORA CRBN PD 18X10IN 1EA","SEAPORA"
"E6992","1","0","LST","","14.99","7.16","SPORA BRDR SPNG FLTR SM 20GAL","SEAPORA"
"O0801","1","0","LST","","5.99","2.75","SCHM BTA BSC 60ML","SEACHEM"
"G3752","1","0","LST","","9.99","4.61","SPORA NTRT PD 18X10IN 1EA","SEAPORA"
"E6991","1","0","LST","","19.99","8.12","SPORA BRDR SPNG FLTR LG 30GAL","SEAPORA"
"7034849","12","0","LST","","2.69","1.695","NOW DG BF RICE 2.79OZ","NOW FRESH"
"G5871","1","0","OOS","","9.99","4.62","SCHM CLRTY 100ML","SEACHEM"
"7035029","12","0","LST","","2.69","1.695","NOW DG CHK RICE 2.79OZ","NOW FRESH"
"R7181","1","0","OOS","","17.99","9.35","SCHM CLRTY 250ML","SEACHEM"
"7035030","12","0","LST","","2.69","1.695","NOW DG GF SB CHK BROTH 2.79OZ","NOW FRESH"
"G3751","1","0","LST","","5.99","2.24","SPORA PLY PD 18X10IN","SEAPORA"
"O8341","1","0","LST","","14.99","7.7","SCHM FLRSH 250ML","SEACHEM"
"6232517","1","0","LST","","62.99","39.92","CAN NAT DG RST CHK 25LB","CANADIAN NATURALS"
"O7204","1","0","LST","","31.99","19.43","SCHM PRM 500ML","SEACHEM"
"7035028","12","0","LST","","2.69","1.695","NOW DG GF SNR CHK SLM 2.79OZ","NOW FRESH"
"G3729","1","0","LST","","9.99","4.64","SPORA PHS PD 18X10IN 1EA","SEAPORA"
"E6993","1","0","LST","","16.99","7.75","SPORA BRDR SPNG FLTR MD 35GAL","SEAPORA"
"X3201","1","0","LST","","12.99","6.67","SPORA STPL FLK FD 8OZ","SEAPORA"
"IS761","1","0","LST","","17.99","10.22","SCHM PRM 250ML","SEACHEM"
"G5200","1","0","LST","","9.99","4.42","SPORA AMMN PD 18X10IN 1EA","SEAPORA"
"U1096","1","0","LST","","11.99","4.62","SCHM STBLTY 100ML","SEACHEM"
"O0781","1","0","LST","","11.99","5.03","SCHM PRM 100ML","SEACHEM"
"O0784","1","0","LST","","6.99","3.72","SCHM PRM 50ML","SEACHEM"
"O0942","1","0","OOS","","9.99","5.34","SCHM FLRSH 100ML","SEACHEM"
"J8081","1","0","LST","","17.99","9.35","SCHM STBLTY 250ML","SEACHEM"
"7035003","1","0","LST","1000319","11.99","7.77","LVBLS CT FRM DLGT CKN 5lb","LOVIBLES"
"7035004","1","0","LST","1000320","25.99","17.4","LVBLS CT FRM DLGT CKN 16lb","LOVIBLES"
"7035007","1","0.25","LST","1000322","25.99","17.4","LVBLS CT FSH CATCH 16lb","LOVIBLES"
"7035006","1","0","LST","1000321","11.99","7.77","LVBLS CT FSH CATCH 5lb","LOVIBLES"
"7034987","1","0","LST","1000318","11.99","7.77","LVBLS CT KIT FRM DLGT CKN 5lb","LOVIBLES"
"7035128","1","0","LST","","28.99","20.15","BLU DG AD LPF SLM 6LB","BLUE BUFFALO"
"7039399","1","0","LST","","19.99","10","ESN CT CUDLR BED LEOP 20X20IN","ESSENTIALS"
"7040639","1","0","LST","","36.99","21.5","PRCA DG RCVRY TBLT XTRA 60PK","PURICA"
"7040638","1","0","LST","","69.99","39","PRCA DG RCVRY TBLT XTR 120PK","PURICA"
"7040647","1","0","ROS","","0.01","0.01","PPLN DG&CT FRTFLRA CLMN KIT","PURINA PRO PLAN"
"7040636","1","0","LST","","57.99","39","PRCA DG RCVRY PWDR XTRA 350G","PURICA"
"7040637","1","0","LST","","36.99","21.5","PRCA DG RCVRY PWDR XTRA 150G","PURICA"
"7035972","12","0","LST","","5.79","3.2375","PERF ULT DG GF C&FSH STW13.2OZ","PERFORMATRIN ULTRA"
"7035973","12","0.75","LST","","5.79","3.2375","PERF ULT DG GF TRKY STW 13.2OZ","PERFORMATRIN ULTRA"
"7036686","1","0","LST","","15.99","8","PWRBNE DG MINI SET 2PC","POWERBONE"
"7039238","1","0","LST","","17.99","9","PWRBNE DG GME CNRLLR 1EA","POWERBONE"
"6616455","1","0","LST","","64.99","42.39","CAN NAT DG SNR REDM 24LB","CANADIAN NATURALS"
"6848730","1","0","LST","","65.99","43.35","CAN NAT DG LB LMB BR 26.5LB","CANADIAN NATURALS"
"7036877","1","0","LST","","17.99","9","PWRBNE DG FIRE HYDRNT 1EA","POWERBONE"
"6972351","1","0","LST","","19.99","10.59","HC PRM TIMTHY ORGRS HB 36OZ","Hay Country"
"6998760","50","0","NEW","","0.99","0.35","RLLVR DG GRMT CRCH CK BSC EA","ROLLOVER"
"6232590","1","0","LST","","14.99","8.24","TLTL DG DCKLNG PLSH 1EA","TALL TAILS"
"7041325","1","0","NEW","","32.99","18.14","TLTL DG SL BLK BEAR PLSH 1EA","TALL TAILS"
"7041194","1","0","LST","","19.99","10.59","HC PRM ORGRS HB 36OZ","Hay Country"
"6769779","1","0","OOS","","26.99","14.84","TLTL DG GRZZLY RPE BDY 1EA","TALL TAILS"
"7041237","1","0","LST","","19.99","10.59","HC PRM TIMTHY HB 36OZ","Hay Country"
"6232596","1","0","LST","","21.99","12.09","TLTL DG SQRRL PLSH 1EA","TALL TAILS"
"6740624","1","0","LST","","16.99","9.34","TLTL DG MINI YETI PLSH 1EA","TALL TAILS"
"7041400","1","0","LST","","31.99","17.59","TLTL DG PNECNE ANTLR 2PK","TALL TAILS"
"6232598","1","0","NEW","","21.99","12.09","TLTL DG DCK PLSH 1EA","TALL TAILS"
"6232591","1","0","LST","","14.99","8.24","TLTL DG CHPMNK PLSH 1EA","TALL TAILS"
"E2224","12","0","LST","","6.49","4.3583","TRIPETT DG ORIG GN VN TRP 13OZ","TRIPETT"
"6668746","1","0","LST","","32.99","18.14","TLTL DG SL BIGFOOT PLSH 1EA","TALL TAILS"
"7041324","1","0","LST","","21.99","12.09","TLTL DG JNTD SHKE PLY GTR 1EA","TALL TAILS"
"6783006","1","0","LST","","22.99","9.52","OXB FRG WS ADLT RBT 4LB","OXBOW"
"7039351","1","0","LST","","23.99","11.95","TERI DG TRT LCK 1EA","TERRITORY"
"6999133","1","0","LST","","42.99","21.5","TRVL CT HRN&LSH 90S 1LG","TRAVEL CAT"
"7035967","1","0","LST","","61.99","42.47","VE DG FD DK SOFT NIBS 14OZ","VITAL ESSENTIALS"
"6786669","1","0","LST","","22.99","9.52","OXB FRG WS ADLT GP 4LB","OXBOW"
"7035966","1","0","LST","","47.99","32.69","VE DG FD PRK SOFT NIBS 14OZ","VITAL ESSENTIALS"
"6999132","1","0","LST","","42.99","21.5","TRVL CT HRN&LSH 90S 1MD","TRAVEL CAT"
"6999125","1","0","LST","","36.99","18.5","TRVL CT HRN&LSH BLK 1LG","TRAVEL CAT"
"6767193","1","0","LST","","3.99","1.4","SPORA FLTR FLS PD 10X12IN 1EA","SEAPORA"
"6999135","1","0","LST","","42.99","21.5","TRVL CT HRN LSH HAWAIIAN 1SM","TRAVEL CAT"
"6999129","1","0","LST","","42.99","21.5","TRVL CT HRN LSH 90S 1SM","TRAVEL CAT"
"6999134","1","0","LST","","42.99","21.5","TRVL CT HRN LSH HAWAIIAN 1XS","TRAVEL CAT"
"6999137","1","0","LST","","42.99","21.5","TRVL CT HRN LSH HAWAIIAN 1LG","TRAVEL CAT"
"6999124","1","0","LST","","36.99","18.5","TRVL CT HRN LSH BLK 1MD","TRAVEL CAT"
"7035969","1","0","LST","","49.99","34.05","VE DG FD LMB&FS SOFT NIBS 14OZ","VITAL ESSENTIALS"
"7035965","1","0","LST","","49.99","34.05","VE DG FD BF SLM SOFT NIBS 14OZ","VITAL ESSENTIALS"
"7035968","1","0","LST","","49.99","34.05","VE DG FD BF SOFT NIBS 14OZ","VITAL ESSENTIALS"
"6999136","1","0","LST","","42.99","21.5","TRVL CT HRN LSH HAWAIIAN 1MD","TRAVEL CAT"
"6996061","1","0","LST","","66.99","50.61","BLU DG AD LPF SLM 26LB","BLUE BUFFALO"
"6999126","1","0","LST","","42.99","21.5","TRVL CT HRN LSH 90S 1XS","TRAVEL CAT"
"6971072","1","0","LST","","49.99","33.31","RDBK DG RANCHERS FARE 14OZ","RED DOG BLUE KAT"
"6971070","1","0","LST","","12.99","8.65","RDBK DG LAKESIDE HRVST 3OZ","RED DOG BLUE KAT"
"6971074","1","0","LST","","49.99","33.31","RDBK DG LAKESIDE HRVST 14OZ","RED DOG BLUE KAT"
"6971071","1","0","LST","","13.99","9.1","RDBK DG WILD BCKCNTRY 3OZ","RED DOG BLUE KAT"
"6971073","1","0","LST","","49.99","33.31","RDBK DG COASTAL FEAST 14OZ","RED DOG BLUE KAT"
"6971069","1","0","LST","","12.99","8.65","RDBK DG COASTAL FEAST 3OZ","RED DOG BLUE KAT"
"6971075","1","0","OOS","","52.99","34.7","RDBK DG WILD BCKCNTRY 14OZ","RED DOG BLUE KAT"
"7039368","1","0","LST","","49.99","29.8","ESN DG MATTRESS BD BRN 36X27IN","ESSENTIALS"
"6786906","1","0","OOS","","16.99","8.5","CEC DG HAIR RMVR SYSTM 1EA","CLOE E CLUZO"
"6408391","1","0","LST","","17.99","9.45","VB ADULT DENTAL KIT 2PC","VETS BEST"
"6239113","1","0","LST","","16.99","8.5","LIQVET CT KDNY BLDDR 8OZ","LIQUID-VET"
"6999114","1","0","LST","","36.99","18.5","TRVL CT HRN&LSH BLK 1XS","TRAVEL CAT"
"7039367","1","0","LST","","49.99","29.8","ESN DG MATTRES BED NVY 36X27IN","ESSENTIALS"
"6999123","1","0","LST","","36.99","18.5","TRVL CT HRN&LSH BLK 1SM","TRAVEL CAT"
"6673021","1","0","LST","","19.99","9.4","VB DENTAL FINGER WIPES 50PC","VETS BEST"
"7034927","24","0","LST","","2.69","1.7708","PERF ULT CT GF TUNA STEW 3OZ","PERFORMATRIN ULTRA"
"7040616","1","0","LST","","17.99","8.98","LIQVT CT IMNE CHKN 8OZ","LIQUID-VET"
"6744401","1","0","OOS","","14.99","7.5","GZ DG WSHBL LINT RLLR 1EA","GOO-EEZ"
"7041406","12","0","LST","","2.39","1.5","NOW CT GF TNA SLM 2.5OZ","NOW FRESH"
"7035970","24","0.5","LST","","3.89","2.3338","PERF ULT CT GF SL BSQ 5.5OZ","PERFORMATRIN ULTRA"
"7040894","1","0","LST","","17.99","9.45","VB DG PUPPY DENTAL KIT 2PC","VETS BEST"
"7040892","1","0","LST","","1.49","0.05","PERF ULT DG LID KANGA SBSMP4OZ","PERFORMATRIN ULTRA"
"7041876","1","0","INOT","","49.99","29.99","BWSR DG MTRS BD ASHWD 37X26IN","BOWSERS"
"7036473","12","0","LST","","6.79","3.3933","PERF ULT CT GF SL BSQ 13.2OZ","PERFORMATRIN ULTRA"
"7041413","12","0","LST","","2.39","1.5","NOW CT GF TNA SLM PATE 2.5OZ","NOW FRESH"
"7036494","12","0","LST","","3.99","2.2342","PERF PRM DG HPJNT CK13.2OZ","PERFORMATRIN PRIME"
"7044638","1","0","LST","","42.99","21.5","TRVL CT HRN LSH CHECKERED 1EA","TRAVEL CAT"
"7041886","1","0","INOT","","49.99","29.99","BWSR DG MTRS BD TOAST 37X26IN","BOWSERS"
"7036410","12","0","LST","","5.79","3.2375","PERF ULT DG GF CHK DNR 13.2OZ","PERFORMATRIN ULTRA"
"7041883","1","0","INOT","","49.99","29.99","BWSR DG MTRS BD COAL 37X26IN","BOWSERS"
"7036474","12","2.25","LST","","3.99","2.2342","PERF PRM DG GF SC CHK 13.2OZ","PERFORMATRIN PRIME"
"7041409","12","0","LST","","2.39","1.5","NOW CT GF CHKDUCK BRTH 2.5OZ","NOW FRESH"
"7036495","12","0.5","LST","","3.99","2.2342","PERF PRM DG GFIMSUP T&C 13.2OZ","PERFORMATRIN PRIME"
"6971068","1","0","LST","","12.99","8.65","RDBK DG RANCHERS FARE 3OZ","RED DOG BLUE KAT"
"6801822","1","0","OOS","","19.99","10","GRWL DG HAYSTACKERZ HRSE 1EA","GROWL"
"6801823","1","0","OOS","","19.99","10","GRWL DG HAYSTACKERZ PIG 1EA","GROWL"
"7044733","12","0","NEW","","1.99","1","PERF NTRL CT TNA LMB PCH 3OZ","PERFORMATRIN NATURALS"
"6801804","1","0","LST","","14.99","7.5","GRWL DG BLLY BRDZ BLU 1EA","GROWL"
"6231181","1","0","LST","","19.99","11.55","UTW DG CK&R W PMPKIN DIET 6OZ","UNDER THE WEATHER"
"7045874","1","0","LST","","11.99","6","GROWL DG BLCK HDS ELPHNT 1EA","GROWL"
"7044732","12","0","NEW","","1.99","1","PERF NTRL CT TNA DCK PCH 3OZ","PERFORMATRIN NATURALS"
"6801821","1","0","LST","","12.99","6.5","GRWL DG FUZZAROOS COW 1EA","GROWL"
"7044752","1","0","LST","","14.99","8.65","UTW DG PET THERMOMETER","UNDER THE WEATHER"
"6801820","1","0","OOS","","12.99","6.5","GRWL DG FUZZAROOS LAMB 1EA","GROWL"
"7044812","1","0","OOS","","22.99","13.8","UTW DG PB&CHILL 6PK","UNDER THE WEATHER"
"7044753","1","0","NEW","","18.99","11","UTW DG FAST&FIRM 4OZ","UNDER THE WEATHER"
"6801805","1","0","LST","","14.99","7.5","GRWL DG BLLY BRDZ PNK 1EA","GROWL"
"6801811","1","0","LST","","18.99","9.5","GRWL DG BRZRS GATOR 1EA","GROWL"
"6801806","1","0","ROS","","14.99","7.5","GRWL DG BLLY BRDZ YLW 1EA","GROWL"
"7044735","12","0","NEW","","1.99","1","PERF NTRL CT TNA BF PCH 3OZ","PERFORMATRIN NATURALS"
"7044731","12","0","NEW","","1.99","1","PERF NTRL CT TNA SLM PCH 3OZ","PERFORMATRIN NATURALS"
"7044751","1","0","LST","","6.99","4","UTW DG DROPPERS","UNDER THE WEATHER"
"6801844","1","0","ROS","","12.99","6.5","GRWL DG TRFFLRS COW 1EA","GROWL"
"6801813","1","0","LST","","7.99","4","GRWL DG FLIP FLOPPZ OWL 1EA","GROWL"
"7046097","1","0","","","0.01","0.01","T&T DG BRTHSICLES DPLY 1EA","THIS & THAT"
"6801816","1","0","LST","","7.99","4","GRWL DG FLIP FLOPPZ FOX 1EA","GROWL"
"6801819","1","0","ROS","","12.99","6.5","GRWL DG FUZZAROOS BEAR 1EA","GROWL"
"7044814","1","0","OOS","","49.99","26","UTW DG DISC&SPNE CHEWS 60PK","UNDER THE WEATHER"
"7044813","1","0","LST","","24.99","14.6","UTW DG PILL WRAP 140G","UNDER THE WEATHER"
"7045872","1","0","LST","","11.99","6","GROWL DG BLCK HDS CHICK 1EA","GROWL"
"7044588","12","0","NEW","","1.99","1","PERF NTRL CT TNA CHK PCH 3OZ","PERFORMATRIN NATURALS"
"7044737","1","0","LST","","6.99","3.5","UTW DG PILL GUN","UNDER THE WEATHER"
"7044754","1","0.25","LST","","3.99","2.42","UTW DG PB CHILL 1OZ","UNDER THE WEATHER"
"6231184","1","0","LST","","19.99","11.55","UTW DG CK&R DIET 6OZ","UNDER THE WEATHER"
"7044734","12","0","NEW","","1.99","1","PERF NTRL CT CHK PCH 3OZ","PERFORMATRIN NATURALS"
"6801835","1","0","ROS","","19.99","10","GRWL DG SDKCKS KANGAROO 1EA","GROWL"
"6476611","1","0","OOS","","16.99","8.5","CATIT PIXI REPLCMNT PUMP 1EA","CATIT"
"6801836","1","0","ROS","","19.99","10","GRWL DG SDKCKS OWL 1EA","GROWL"
"6801802","1","0","LST","","11.99","6","GRWL DG BLLY BMRS TURTLE 1EA","GROWL"
"6801840","1","0","LST","","14.99","7.5","GRWL DG STMPRZ DINO BLU 1EA","GROWL"
"6801841","1","0","LST","","14.99","7.5","GRWL DG STMPRZ DINO ORG 1EA","GROWL"
"6801801","1","0","LST","","11.99","6","GRWL DG BLLY BMRS BEAVER 1EA","GROWL"
"7045798","12","0","LST","","9.99","5","BOSCO DG WHN CFF HITS BONE 1EA","BOSCO AND ROXY'S"
"7046104","1","0","ROS","","14.99","7.5","GROWL DG CDDLRZ COW 1LG","GROWL"
"7046105","1","0","ROS","","14.99","7.5","GROWL DG CDDLRZ GOAT 1LG","GROWL"
"7046106","1","0.25","LST","","11.99","6","GROWL DG CDDLRZ PIG 1SM","GROWL"
"7046116","1","0.25","LST","","11.99","6","GROWL DG CDDLRZ COW 1SM","GROWL"
"7048726","1","0","LST","","14.99","7.5","GRWL DG SNGGLZ GIRAFFE 1EA","GROWL"
"7045797","6","0","LST","","14.99","8.25","BOSCO DG FRTHY PAWFEE DRNK 1EA","BOSCO AND ROXY'S"
"G4187","1","0","LST","","23.99","14.22","CAN NAT DG CHK BROWN RICE 5LB","CANADIAN NATURALS"
"6232520","1","0","LST","","24.99","14.22","CAN NAT DG RST CHK 5LB","CANADIAN NATURALS"
"6657830","1","0","LST","","11.99","6.7","T&T DG BF BROTHSICLES 5PK","THIS & THAT"
"G4186","1","0","LST","","24.99","15.06","CAN NAT DG LMB BROWN RICE 5LB","CANADIAN NATURALS"
"G5813","1","0","LST","","24.99","14.22","CAN NAT DG GF RMEAT 5LB","CANADIAN NATURALS"
"6657828","1","0","LST","","11.99","6.7","T&T DG PK BROTHSICLES 5PK","THIS & THAT"
"6657829","1","0","LST","","11.99","6.7","T&T DG CK BROTHSICLES 5PC","THIS & THAT"
"6232519","1","0","LST","","23.99","14.22","CAN NAT DG PRK BRWN RICE 5LB","CANADIAN NATURALS"
"6232526","1","0","LST","","23.99","14.22","CAN NAT DG GF WHTFSH 5LB","CANADIAN NATURALS"
"7045828","24","2.5","LST","","3.49","2.2375","SD CT AD URI HBC CHK STW 2.9OZ","HILL'S SCIENCE DIET"
"7044864","1","0","LST","","25.99","15.33","PERF ULT DG WG PLNT BSD 4LB","PERFORMATRIN ULTRA"
"7045833","24","0","LST","","3.49","2.3213","SD CT PFWT VG&CK PCH 2.8OZ","HILL'S SCIENCE DIET"
"7044983","24","0","LST","","2.79","1.9213","PPLN DG AD SPEC SB BF BN 5.5OZ","PURINA PRO PLAN"
"7044977","24","0","LST","","2.79","1.9213","PPLN DG AD SPC SB CK CRT 5.5OZ","PURINA PRO PLAN"
"6849800","24","0","LST","","1.59","1.0758","SHEB CT PP CHK GRVY 2.65OZ","SHEBA"
"7045789","1","0.5","LST","","19.99","10","BDFM DG BEEF SKNNY BTS 1.43LB","BARNSDALE FARMS"
"7045867","2","0","LST","","17.99","13.725","SHEB CT PP VRTYPK GRVY 12PK","SHEBA"
"7045829","24","2.75","LST","","3.49","2.2375","SD CT AD URI&HBC TRKYSTW 2.9OZ","HILL'S SCIENCE DIET"
"7039340","1","0","NEW","","16.99","8.5","WHMZ DG FRESHZS CHWS MD 14.8OZ","WHIMZEES"
"7039554","1","0","LST","","13.99","6.5","ER DG GRM WIPES WT BSL 100CT","EARTH RATED"
"7045832","24","0","LST","","3.49","2.3213","SD CT INDR SLM STW PCH 2.8OZ","HILL'S SCIENCE DIET"
"7045831","24","0","LST","","3.49","2.3213","SD CT KIT CHKVGSTW PCH 2.8OZ","HILL'S SCIENCE DIET"
"7044963","1","0","LST","","1.49","0.05","PERF ULT DG WG PLNT BSD SMP4OZ","PERFORMATRIN ULTRA"
"6616454","1","0","LST","","24.99","14.25","CAN NAT DG SNR RMEAT 5LB","CANADIAN NATURALS"
"7045866","24","0","LST","","1.59","1.0758","SHEB CT PP BF GRVY 2.65OZ","SHEBA"
"7039338","1","0","NEW","","16.99","8.5","WHMZ DG FRESHZS CHWS SM 14.8OZ","WHIMZEES"
"7045800","1","0","LST","","95.99","56.63","PERF ULT DG WG PLNT BSD 22LB","PERFORMATRIN ULTRA"
"7039336","1","0","NEW","","16.99","8.5","WHMZ DG FRESHZS CHWS XS 14.8OZ","WHIMZEES"
"7045528","1","0.5","LST","","19.99","10","BDFM DG DUCK SKNNY BTS 1.43LB","BARNSDALE FARMS"
"7045830","24","5","LST","","3.49","2.2375","SD CT AD URIHBC VGSLMSTW 2.9OZ","HILL'S SCIENCE DIET"
"6849801","24","0","LST","","1.59","1.0758","SHEB CT PP SLM GRVY 2.65OZ","SHEBA"
"6793774","1","0","LST","","17.49","10.26","SQPT DG SFTBKD SK DGST 6oz","SQUARE PET"
"6993061","1","0","LST","","30.99","16.31","CHP DG MSH BN BRTH RS ST 5OZ","CHARMY PET"
"6993062","1","0.25","LST","","30.99","16.31","CHP DG MSH BN BRTH TK CR 5OZ","CHARMY PET"
"6993060","1","0","LST","","19.99","10.52","CHP DG MSH BN BRTH RS ST 2.5OZ","CHARMY PET"
"6993063","1","0","LST","","30.99","16.31","CHP DG MSH BN BRTH LM BL 5OZ","CHARMY PET"
"6793773","1","0.25","LST","","15.99","9.39","SQPT DG SFTBKD LOW-FAT TRT 6OZ","SQUARE PET"
"6993059","1","0","LST","","19.99","10.52","CHP DG MSH BN BRTH LM BL 2.5OZ","CHARMY PET"
"7045763","1","0","LST","","19.99","10.52","CHP DG MSH BN BRTH TK CR 2.5OZ","CHARMY PET"
"7052521","1","0","LST","","34.99","17.5","LB DG LTHR SPKE CLR PNK 18IN","LEATHER BROTHERS"
"7052333","1","0","LST","","44.99","22.5","LB DG LTHR SPKE CLR BLK 22IN","LEATHER BROTHERS"
"7052334","1","0","LST","","44.99","22.5","LB DG LTHR SPKE CLR BLK 24IN","LEATHER BROTHERS"
"7052523","1","0","LST","","44.99","22.5","LB DG LTHR SPKE CLR PNK 24IN","LEATHER BROTHERS"
"7052335","1","0","LST","","44.99","22.5","LB DG LTHR SPKE CLR BLK 26IN","LEATHER BROTHERS"
"7052522","1","0","LST","","44.99","22.5","LB DG LTHR SPKE CLR PNK 22IN","LEATHER BROTHERS"
"7052524","1","0","LST","","44.99","22.5","LB DG LTHR SPKE CLR PNK 26IN","LEATHER BROTHERS"
"7052519","1","0","LST","","28.99","14.5","LB DG LTHR SPKE CLR PNK 14IN","LEATHER BROTHERS"
"7048825","1","0","LST","","28.99","14.5","LB DG LTHR SPKE CLR BLK 14IN","LEATHER BROTHERS"
"7052331","1","0","LST","","34.99","17.5","LB DG LTHR SPKE CLR BLK 16IN","LEATHER BROTHERS"
"7052332","1","0","LST","","34.99","17.5","LB DG LTHR SPKE CLR BLK 18IN","LEATHER BROTHERS"
"7052520","1","0","LST","","34.99","17.5","LB DG LTHR SPKE CLR PNK 16IN","LEATHER BROTHERS"
"7048912","1","0","LST","G9024","22.99","11.71","MX&ML DG LED RHBLE LT LVN 1EA","MAX & MOLLY URBAN PETS"
"7048909","1","0","LST","G9023","22.99","11.71","MX&ML DG LED RHBLE LT RSE 1EA","MAX & MOLLY URBAN PETS"
"7048783","1","0","LST","70205","119.99","60","EXO TR PRO WID TERR 12X12X12IN","EXO TERRA"
"7048784","1","0","LST","X0808","359.99","204","EXO TR PRO TLL PLDM 18X18X36IN","EXO TERRA"
"7052308","12","0","LST","","5.69","3.8442","ACANA DG BEEF PATE 12.8OZ","ACANA"
"7048913","1","0","LST","G9025","22.99","11.71","MX&ML DG LED RHBLE LT OCN 1EA","MAX & MOLLY URBAN PETS"
"7048911","1","0","LST","","22.99","11.71","MX&ML DG LED RHBLE LT TRQ 1EA","MAX & MOLLY URBAN PETS"
"6764822","1","0","LST","","13.99","10.37","GREENIE CT DNTL CATNIP 9.75OZ","GREENIES"
"7048737","1","0","LST","","114.99","78.03","ORIJEN DG AG ORIG 21LB","ORIJEN"
"7052328","12","0","LST","","6.99","4.7167","ORIJEN DG CHICKN PATE 12.8OZ","ORIJEN"
"7048735","1","0","LST","","114.99","78.03","ORIJEN DG AG PUP 21LB","ORIJEN"
"7048739","1","0","LST","","129.99","88.2","ORIJEN DG AG RGNL RED 21LB","ORIJEN"
"7048782","1","0","LST","1507214","399.99","228","EXO TR PRO WID TERR 36X18X18IN","EXO TERRA"
"7052330","12","0","LST","","6.99","4.7167","ORIJEN DG TUNDRA PATE 12.8OZ","ORIJEN"
"7052329","12","0","LST","","6.99","4.7167","ORIJEN DG RGNL RED PATE 12.8OZ","ORIJEN"
"7048741","12","0","LST","","5.69","3.8442","ACANA DG PLTRY PATE 12.8 OZ","ACANA"
"7048738","1","0.25","LST","","39.99","25.73","ORIJEN DG AG RGNL RED 4LB","ORIJEN"
"7048906","1","0","LST","G9022","22.99","11.71","MX&ML DG LED RHBLE LT BLK 1EA","MAX & MOLLY URBAN PETS"
"7052327","12","0","LST","","6.99","4.7167","ORIJEN DG ORIG PATE 12.8OZ","ORIJEN"
"7048907","1","0","LST","","22.99","11.71","MX&ML DG LED RHBLE LT STN 1EA","MAX & MOLLY URBAN PETS"
"7048744","12","0","LST","","5.69","3.8442","ACANA DG LAMB PATE 12.8OZ","ACANA"
"7048908","1","0","LST","Y3054","22.99","11.71","MX&ML DG LED RHBLE LT SND 1EA","MAX & MOLLY URBAN PETS"
"7048558","1","0","LST","","34.99","22.52","ORIJEN DG AG PUP 4LB","ORIJEN"
"7048743","12","0","LST","","5.69","3.8442","ACANA DG DUCK PATE 12.8OZ","ACANA"
"7052117","1","0","LST","","34.99","22.52","ORIJEN DG AG ORIG 4LB","ORIJEN"
"90985","1","0","OOS","","17.99","9.25","SFRI DG PRO NAIL TRMMR 1SM","COASTAL PET PRODUCTS"
"6786670","10","0","INOT","","9.99","4.542","TB DG MNWGS BF BRY 3.5OZ","TILTED BARN PET CO."
"E9949","1","0","OOS","","11.99","6.25","SFRI DG DMND NAIL FL 1EA","COASTAL PET PRODUCTS"
"Q9427","1","0","OOS","","9.99","5.25","SFRI DG NAIL FL 1EA","COASTAL PET PRODUCTS"
"90986","1","0","OOS","","24.99","12.85","SFRI DG PRO NAIL TRMMR 1LG","COASTAL PET PRODUCTS"
"6788118","1","0","LST","","33.99","17.8","NTPT DG EARDROPS 3.3OZ","NATURPET"
"7052525","24","0","LST","","4.29","2.85","OPFM DG ICE SLM CD ACHAR 7OZ","OPEN FARM"
"6780396","1","0","LST","","14.99","7.5","ER DG EYE WIPES 60PC","EARTH RATED"
"7052361","24","0","LST","","4.29","2.85","OPFM DG ICE SLM COD SP 7OZ","OPEN FARM"
"7044879","1","0","LST","","29.99","15","BBONE DG BNCE CNE 1EA","BENEBONE"
"6845681","1","0","LST","","16.99","8.6","PRB DG PRK LVR3.5OZ","PUREBITES"
"7052527","24","0","LST","","4.29","2.85","OPFM DG ICE COD BLBRRIES 7OZ","OPEN FARM"
"7052630","1","0","LST","","54.99","28.3","DRM DG MSHRM MDLY PWDR","DR. MAGGIE"
"6780397","1","0.5","LST","","14.99","7.5","ER DG EAR WIPES","EARTH RATED"
"6411372","1","0","NEW","","15.99","9","SFRI DG DLX NAIL TMMR 1EA","COASTAL PET PRODUCTS"
"7052526","24","0","LST","","4.29","2.85","OPFM DG ICE SLM/CAP KELP 7OZ","OPEN FARM"
"7044875","1","0","LST","","14.99","7.5","BBONE DG BNCE BALL 1EA","BENEBONE"
"6230838","1","0","OOS","","26.99","14","SFRI DG SFTY SCSSRS 1EA","COASTAL PET PRODUCTS"
"7044877","1","0","LST","","19.99","10","BBONE DG BNCE BNE 1MD","BENEBONE"
"7044881","1","0","LST","","29.99","15","BBONE DG BNCE PWBLR 1EA","BENEBONE"
"7044883","1","0","LST","","29.99","15","BBONE DG BNCE TUG 1EA","BENEBONE"
"7048992","1","0","LST","","14.99","7.35","INB DG FUN BTS CHK CHS 8PK","INABA"
"7049198","1","0","LST","","18.99","10.1","MRTN LF HH RBT TMTHY FD 4.4LB","MARTIN"
"7052656","1","0","LST","","69.99","42","ZEUS DG OASIS FTAN LT GRY 3L","ZEUS"
"7055254","1","0","LST","","129.99","78","ZEUS DG OASIS SMRT FTAN 3L","ZEUS"
"7055271","1","0","LST","","149.99","90","ZEUS DG OASIS SMRT FTAN 6L","ZEUS"
"7054963","1","0","LST","","79.99","48","ZEUS DG OASIS FTAN LT GRY 6L","ZEUS"
"1103121","1","0","NEW","","26.99","19","GREENIE CT DNTL TRT CHK 21OZ","GREENIES"
"6229626","1","0.5","LST","","13.99","10.37","GREENIES CT DNTL SLM JMB9.75OZ","GREENIES"
"7048993","1","0","LST","","14.99","7.35","INB DG FUN BTS CHKN PUMPK 8PK","INABA"
"7048994","1","0","LST","","14.99","7.35","INB DG FUN BTS CHKN SWTPT 8PK","INABA"
"42908","1","0","NEW","","6.49","3.25","CANCOR CT CRNKL BALL TSR 24IN","CANCOR"
"6740652","1","0","LST","","16.49","7.95","VITAL E DG FD CHK BRST 2.1OZ","VITAL ESSENTIALS"
"G0209","12","0","LST","","5.49","3.75","FNAT CT GF CHK&LMB 6OZ","FELINE NATURAL"
"F0853","1","0","LST","","39.99","26.6","FNAT CT FD GF CHK&LMB 11OZ","FELINE NATURAL"
"G4617","12","0","LST","","5.49","3.75","FNAT CT GF LMB&SLM 6OZ","FELINE NATURAL"
"G0210","12","0","LST","","5.49","3.75","FNAT CT GF CHK&VEN 6OZ","FELINE NATURAL"
"X8189","1","0","LST","","39.99","26.6","FNAT CT FD GF LMB&SLM 11OZ","FELINE NATURAL"
"F4144","1","0","LST","","11.99","6","K9 NTRL DG FD LMB BTS 1.76oz","K9 NATURAL"
"A7189","1","0","LST","","18.49","10","K9 NTRL DG FD GRN MSSL 1.76oz","K9 NATURAL"
"7054967","1","0","LST","","5.99","3.25","CANCOR CT CRNKL BALL TSR 12IN","CANCOR"
"7059873","1","0","NEW","","49.99","30","CATIT LOO LTR BX WHT 1EA","CATIT"
"91342","1","0","LST","","47.99","31.92","K9 NTRL DG FD BF 17.6OZ","K9 NATURAL"
"A5636","1","0","LST","","152.99","101.65","K9 NTRL DG FD LMB 4lb","K9 NATURAL"
"E7574","1","0","LST","","18.99","12.3","K9 NTRL DG FD LMB TRIPE 2OZ","K9 NATURAL"
"F4218","1","0","LST","","152.99","101.65","K9 NTRL DG FD BF 4lb","K9 NATURAL"
"G0202","12","0","LST","","8.49","5.5575","K9 NTRL DG CHK FEAST 13OZ","K9 NATURAL"
"G0201","12","0","LST","","8.49","5.5575","K9 NTRL DG BF FEAST 13OZ","K9 NATURAL"
"G0204","12","0","LST","","8.49","5.5575","K9 NTRL DG LMB FEAST 13OZ","K9 NATURAL"
"G0205","12","0","LST","","5.49","3.5625","K9 NTRL DG LMB FEAST 6OZ","K9 NATURAL"
"G0206","12","0","LST","","5.49","3.5625","K9 NTRL DG BF FEAST 6OZ","K9 NATURAL"
"G2942","12","0","LST","","5.49","3.5625","K9 NTRL DG CHK FEAST 6OZ","K9 NATURAL"
"IH865","1","0","LST","","34.99","23.28","K9 NTRL DG FD LMB TRIPE 7OZ","K9 NATURAL"
"IT759","1","0","LST","","47.99","31.92","K9 NTRL DG FD LMB 17.6OZ","K9 NATURAL"
"K8367","1","0","NEW","","9.99","5","LW HYDRT WTR BTL LG 16OZ","LIVING WORLD"
"K3869","1","0","LST","","8.99","4.5","LW HYDRT WTR BTL MD 8OZ","LIVING WORLD"
"Y1037","1","0","LST","","47.99","31.92","K9 NTRL DG FD LMB&SLM 17.6OZ","K9 NATURAL"
"IA532","1","0","LST","","17.99","12.61","TT DG LG BISCT CK 7LB","TREAT TIME"
"IA533","1","0","LST","","17.99","12.61","TT DG MD ASSRTD BISCT 7LB","TREAT TIME"
"IG688","1","0","LST","","17.99","12.61","TT DG MD BSTD ASSRT BSCT 7LB","TREAT TIME"
"7060723","6","0","LST","51758","3.99","1.795","JMP CT PRM CDN CNIP 0.53OZ","JUMP"
"7060725","4","0.5","LST","51765","7.99","3.595","JMP CT PRM CDN CNIP 1.58OZ","JUMP"
"7061032","1","0","INOT","","79.99","43.99","GAP RGBY STRPE FLT BD 1MD","GAP"
"7060955","1","0","INOT","","99.99","54.99","GAP RGBY STRPE FLT BD 1LG","GAP"
"7061033","1","0","INOT","","39.99","21.99","GAP RGBY STRPE CLDR BD 1SM","GAP"
"7060724","4","0.25","LST","51761","5.99","2.695","JMP CT PRM CDN CNIP 0.88OZ","JUMP"
"7060944","1","0","INOT","","49.99","27.49","GAP RGBY STRPE FLT BD 1SM","GAP"
"II060","1","0","LST","","35.99","22.67","OBT CT AD FSH 5LB","OVEN BAKED TRADITION"
"IK228","1","0","LST","","55.99","35.27","OBT CT AD FSH 10LB","OVEN BAKED TRADITION"
"IM757","1","0","LST","","55.99","35.27","OBT CT CK 10LB","OVEN BAKED TRADITION"
"IG514","1","0","LST","","22.99","14.48","OBT CT CK 2.5LB","OVEN BAKED TRADITION"
"II083","1","0","LST","","22.99","14.48","OBT CT AD FSH 2.5LB","OVEN BAKED TRADITION"
"II276","1","0","LST","","35.99","22.67","OBT CT CK 5LB","OVEN BAKED TRADITION"
"IK715","1","0","LST","","35.99","22.67","OBT KT CK 5LB","OVEN BAKED TRADITION"
"Y5472","1","0","LST","","39.99","26.6","FNAT CT FD GF BF&HOKI 11OZ","FELINE NATURAL"
"6228205","1","0","LST","","36.99","24.04","OBT CT ALS URINARY CK 5LB","OVEN BAKED TRADITION"
"6240048","1","0","LST","","66.99","45.55","OBT CT GF DCK 10LB","OVEN BAKED TRADITION"
"6239994","1","0","LST","","60.99","39.64","OBT CT ALS URINARY CK 10LB","OVEN BAKED TRADITION"
"6256812","1","0","LST","","20.99","14.32","OBT DG CHW STK STRWBRY 17.6OZ","OVEN BAKED TRADITION"
"6469637","1","0","LST","","22.99","14.48","OBT KT CK 2.5LB","OVEN BAKED TRADITION"
"6469638","1","0","LST","","31.99","21.75","OBT CT GF FSH 2.5LB","OVEN BAKED TRADITION"
"6469642","1","0","LST","","22.99","14.48","OBT CT SNR CK 2.5LB","OVEN BAKED TRADITION"
"6469639","1","0","LST","","31.99","21.75","OBT CT GF DCK 2.5LB","OVEN BAKED TRADITION"
"6474237","1","0","NEW","","2.99","1.97","OBT DG FILLET TN GLCSM 0.7OZ","OVEN BAKED TRADITION"
"6474236","1","0","LST","","2.99","1.97","OBT DG FILLET CK SMK BCN 1OZ","OVEN BAKED TRADITION"
"6617507","1","0","LST","","5.99","3.16","OBT DG GF CK PUMPK 8OZ","OVEN BAKED TRADITION"
"6617506","1","0","LST","","5.99","3.16","OBT DG BACON 8OZ","OVEN BAKED TRADITION"
"6617508","1","0","LST","","11.59","7.35","OBT DG MINI MEAT BALLS 6OZ","OVEN BAKED TRADITION"
"6617653","1","0","LST","","5.99","3.16","OBT DG WITH LIVER 8OZ","OVEN BAKED TRADITION"
"6617505","1","0","LST","","5.99","3.46","OBT DG CRNCHY DNTL 10OZ","OVEN BAKED TRADITION"
"6638599","1","0","LST","","11.59","7.53","OBT DG GF BEEF LIVER 4.23OZ","OVEN BAKED TRADITION"
"6638600","1","0","LST","","20.99","13.25","OBT DG GF BEEF LIVER 8.8OZ","OVEN BAKED TRADITION"
"6640334","1","0","LST","","5.99","3.16","OBT DG GF TURKY HEMP 6OZ","OVEN BAKED TRADITION"
"6655990","1","0","LST","","49.99","31.49","OBT CT SEMI MST FSH 5LB","OVEN BAKED TRADITION"
"6655991","1","0","LST","","49.99","31.49","OBT CT SEMI MST TK 5LB","OVEN BAKED TRADITION"
"6656110","1","0","LST","","37.99","23.94","OBT CT SEMI MST TK 3LB","OVEN BAKED TRADITION"
"6656111","1","0","LST","","37.99","23.94","OBT CT SEMI MST FSH 3LB","OVEN BAKED TRADITION"
"6656408","1","0","LST","","9.99","5.51","OBT DG GF CK 1LB","OVEN BAKED TRADITION"
"6656409","1","0","LST","","9.99","5.51","OBT DG GF DUCK BLUBRY 1LB","OVEN BAKED TRADITION"
"6656410","1","0","LST","","9.99","5.51","OBT DG GF BCN APL 1LB","OVEN BAKED TRADITION"
"6657293","12","0","LST","","6.49","4.46","OBT DG PATE RBBT 12.5OZ","OVEN BAKED TRADITION"
"6657637","1","0","LST","","31.99","21.75","OBT CT GF RDMT 2.5LB","OVEN BAKED TRADITION"
"6657639","1","0","LST","","45.99","31.27","OBT CT GF RDMT 5LB","OVEN BAKED TRADITION"
"6657638","1","0","LST","","66.99","45.55","OBT CT GF RDMT 10LB","OVEN BAKED TRADITION"
"6672956","1","0","LST","","20.99","14.32","OBT DG CHW STK ASSORTED 17.6OZ","OVEN BAKED TRADITION"
"6672957","1","0","LST","","20.99","14.32","OBT DG CHW STK MNT VAN 17.6OZ","OVEN BAKED TRADITION"
"6675214","1","0","LST","","66.99","45.55","OBT CT GF FSH 10LB","OVEN BAKED TRADITION"
"6675215","1","0","LST","","45.99","31.27","OBT CT GF DCK 5LB","OVEN BAKED TRADITION"
"6675216","1","0","LST","","45.99","31.27","OBT CT GF FSH 5LB","OVEN BAKED TRADITION"
"6675557","12","0","LST","","5.29","3.5867","OBT DG PATE CK 12.5OZ","OVEN BAKED TRADITION"
"6675558","12","0","LST","","5.99","4.1217","OBT DG PATE DCK 12.5OZ","OVEN BAKED TRADITION"
"6675559","12","0","LST","","5.29","3.5867","OBT DG PATE SLM 12.5OZ","OVEN BAKED TRADITION"
"6675560","12","0","LST","","5.29","3.5867","OBT DG PATE TK 12.5OZ","OVEN BAKED TRADITION"
"6739439","1","0","LST","","45.99","31.27","OBT CT GF CK 5LB","OVEN BAKED TRADITION"
"6739438","1","0","LST","","66.99","45.55","OBT CT GF CK 10LB","OVEN BAKED TRADITION"
"6739440","1","0","LST","","31.99","21.75","OBT CT GF CK 2.5LB","OVEN BAKED TRADITION"
"6740062","1","0","LST","","2.99","1.92","OBT CT FILLET TUNA CRAB 0.7OZ","OVEN BAKED TRADITION"
"6740061","1","0","LST","","2.99","1.92","OBT CT FILLET CK 1OZ","OVEN BAKED TRADITION"
"6740432","1","0","LST","","2.99","1.92","OBT CT FILLET TN 0.7OZ","OVEN BAKED TRADITION"
"6740063","12","0","LST","","5.99","4.1217","OBT DG PATE QUAIL 12.5OZ","OVEN BAKED TRADITION"
"6744734","1","0","LST","","22.99","14.48","OBT CT TK 2.5LB","OVEN BAKED TRADITION"
"6744735","1","0","LST","","35.99","22.67","OBT CT TK 5LB","OVEN BAKED TRADITION"
"6744846","1","0","LST","","2.99","1.92","OBT CT FILLET BONT TARN 0.7OZ","OVEN BAKED TRADITION"
"6750448","1","0","LST","","35.99","22.67","OBT CT SNR CK 5LB","OVEN BAKED TRADITION"
"6787322","1","0","LST","","55.99","35.27","OBT CT TK 10LB","OVEN BAKED TRADITION"
"6849400","24","0","LST","","3.79","2.5758","OBT DG ENTREE CK SWPT 5.5OZ","OVEN BAKED TRADITION"
"6849401","24","0","LST","","3.79","2.5758","OBT DG ENTREE TUNA GLCS 5.5OZ","OVEN BAKED TRADITION"
"7055003","1","0","LST","","1.49","0.05","OBT CT CK SMP 100G","OVEN BAKED TRADITION"
"7055009","1","0","LST","","1.49","0.05","OBT KT CK SMP 3.52OZ","OVEN BAKED TRADITION"
"7055012","1","0","LST","","1.49","0.05","OBT CT ALS URN CK SMP 3.5OZ","OVEN BAKED TRADITION"
"7055026","1","0","LST","","1.49","0.05","OBT CT SEMI MST TK SMP","OVEN BAKED TRADITION"
"7055032","1","0","LST","","1.49","0.05","OBT CT SEMI MST FSH SMP","OVEN BAKED TRADITION"
"7055004","1","0","LST","","55.99","35.27","OBT CT SNR CK 10LB","OVEN BAKED TRADITION"
"7060514","24","0","LST","","3.49","2.3604","OBT DG PATE SLM 5.5OZ","OVEN BAKED TRADITION"
"7060516","24","0","LST","","3.49","2.3604","OBT DG PATE TK 5.5OZ","OVEN BAKED TRADITION"
"7055020","1","0","LST","","1.49","0.05","OBT CT GF DK SMP","OVEN BAKED TRADITION"
"7060517","24","0","LST","","3.49","2.3604","OBT DG PATE CK 5.5OZ","OVEN BAKED TRADITION"
"7060519","24","0","OOS","","3.49","2.3604","OBT DG PATE DCK 5.5OZ","OVEN BAKED TRADITION"
"7061300","1","0","LST","","97.99","49.61","OBT DG GF SLM FRT VG 20LB","OVEN BAKED TRADITION"
"7061301","1","0","LST","","97.99","49.61","OBT DG GF BCN APL 20LB","OVEN BAKED TRADITION"
"7064247","1","0","LST","","97.99","49.61","OBT DG GF CHK 20LB","OVEN BAKED TRADITION"
"7061302","1","0","LST","","97.99","49.61","OBT DG GF DUCK BLUBRY 20LB","OVEN BAKED TRADITION"
"IE368","1","0","LST","","39.99","27.19","OBT DG GF FISH 5LB","OVEN BAKED TRADITION"
"IJ377","1","0","LST","","34.99","23.79","OBT DG PUP CK 5LB","OVEN BAKED TRADITION"
"IK714","1","0","LST","","34.99","23.79","OBT DG FISH 5LB","OVEN BAKED TRADITION"
"IL320","1","0","LST","","55.99","39.19","OBT DG CK 12.5LB","OVEN BAKED TRADITION"
"IL607","1","0","LST","","34.99","23.79","OBT DG CK 5LB","OVEN BAKED TRADITION"
"U8739","1","0","LST","","39.99","27.19","OBT DG GF CK 5LB","OVEN BAKED TRADITION"
"7055304","1","0","LST","","1.49","0.05","OBT DG CHK SMP 3.5OZ","OVEN BAKED TRADITION"
"7064360","1","0","LST","","1.49","0.05","OBT DG GF DUCK SMP 3.5OZ","OVEN BAKED TRADITION"
"6657289","1","0","LST","","34.99","23.79","OBT DG SB FISH 5LB","OVEN BAKED TRADITION"
"6672908","1","0","LST","","104.99","73.02","OBT DG PUP LAMB 23LB","OVEN BAKED TRADITION"
"7064222","1","0","LST","","57.99","40.7","OBT DG PUP SB LAMB 10LB","OVEN BAKED TRADITION"
"6656610","1","0","LST","","41.99","28.55","OBT DG SB GOAT 4LB","OVEN BAKED TRADITION"
"7055300","1","0","LST","","55.99","39.19","OBT DG SB CK 12.5LB","OVEN BAKED TRADITION"
"6740431","1","0","LST","","39.99","27.19","OBT DG SB GF RED MEAT 5LB","OVEN BAKED TRADITION"
"6750447","1","0","LST","","39.99","27.19","OBT DG SB GF CK 5LB","OVEN BAKED TRADITION"
"6656714","1","0","LST","","39.99","27.19","OBT DG GF RED MEAT 5LB","OVEN BAKED TRADITION"
"6646777","1","0","LST","","34.99","23.83","OBT DG PUP LAMB 5LB","OVEN BAKED TRADITION"
"6656612","1","0","LST","","41.99","28.55","OBT DG GOAT 4LB","OVEN BAKED TRADITION"
"6999164","1","0","LST","","97.99","68.59","OBT DG LGBR CK 25LB","OVEN BAKED TRADITION"
"6646773","1","0","LST","","34.99","23.79","OBT DG SB CK 5LB","OVEN BAKED TRADITION"
"7055292","1","0","LST","","97.99","68.59","OBT DG LGBR FISH 25LB","OVEN BAKED TRADITION"
"6646778","1","0","LST","","34.99","23.79","OBT DG PUP CK 5LB","OVEN BAKED TRADITION"
"7055296","1","0","LST","","55.99","39.19","OBT DG PUP CK 12.5LB","OVEN BAKED TRADITION"
"7055286","1","0","LST","","68.99","48.29","OBT DG GF DUCK 10LB","OVEN BAKED TRADITION"
"6744845","1","0","LST","","118.99","83.29","OBT DG GF DUCK 23LB","OVEN BAKED TRADITION"
"7064363","1","0","OOS","","32.99","21.77","OBT DG SB VEGAN 4LB","OVEN BAKED TRADITION"
"6408450","1","0","LST","","39.99","27.19","OBT DG SEMI MOIST CHK 5LB","OVEN BAKED TRADITION"
"6744630","1","0","LST","","118.99","83.29","OBT DG GF CK 25LB","OVEN BAKED TRADITION"
"6473031","1","0","LST","","111.99","78.39","OBT DG SEMI MOIST FISH 20LB","OVEN BAKED TRADITION"
"7055310","1","0","LST","","55.99","39.19","OBT DG SB SNR WCTL CK 12.5LB","OVEN BAKED TRADITION"
"7048554","1","0","LST","","93.99","65.79","OBT DG PUP CK 25LB","OVEN BAKED TRADITION"
"6672907","1","0","LST","","34.99","23.79","OBT DG LAMB 5LB","OVEN BAKED TRADITION"
"6646775","1","0","LST","","34.99","23.79","OBT DG SB SNR WCTL CK 5LB","OVEN BAKED TRADITION"
"7055336","1","0","LST","","1.49","0.05","OBT DG SEMI MST FISH SMP 3.5OZ","OVEN BAKED TRADITION"
"6524670","1","0","LST","","111.99","78.39","OBT DG SEMI MOIST CK 20LB","OVEN BAKED TRADITION"
"6657288","1","0","LST","","34.99","23.79","OBT DG SB LAMB 5LB","OVEN BAKED TRADITION"
"7055316","1","0","LST","","55.99","39.19","OBT DG SB LAMB 12.5LB","OVEN BAKED TRADITION"
"7055305","1","0","LST","","55.99","39.19","OBT DG FISH 12.5LB","OVEN BAKED TRADITION"
"6750446","1","0","LST","","39.99","27.19","OBT DG GF DUCK 5LB","OVEN BAKED TRADITION"
"7055328","1","0","LST","","68.99","48.29","OBT DG SB GF RED MEAT 12.5LB","OVEN BAKED TRADITION"
"7055315","1","0","LST","","55.99","39.19","OBT DG LAMB 12.5LB","OVEN BAKED TRADITION"
"6744844","1","0","LST","","118.99","83.29","OBT DG GF FISH 25LB","OVEN BAKED TRADITION"
"6240146","1","0","LST","","93.99","65.79","OBT DG FISH 25LB","OVEN BAKED TRADITION"
"7064497","1","0","LST","","55.99","39.19","OBT DG SB FISH 12.5LB","OVEN BAKED TRADITION"
"6675555","1","0","LST","","39.99","27.19","OBT DG SB GF DUCK 5LB","OVEN BAKED TRADITION"
"6656613","1","0","LST","","93.99","65.79","OBT DG GOAT 10LB","OVEN BAKED TRADITION"
"7055297","1","0","LST","","55.99","39.19","OBT DG PUP SB CK 12.5LB","OVEN BAKED TRADITION"
"7055321","1","0","LST","","68.99","48.29","OBT DG GF FISH 12.5LB","OVEN BAKED TRADITION"
"7055326","1","0","LST","","68.99","48.29","OBT DG SB GF CK 12.5LB","OVEN BAKED TRADITION"
"7055322","1","0","LST","","68.99","48.29","OBT DG SB GF FISH 12.5LB","OVEN BAKED TRADITION"
"6657291","1","0","LST","","93.99","65.79","OBT DG LAMB 25LB","OVEN BAKED TRADITION"
"6767277","1","0","LST","","54.99","36.84","OBT DG SB VEGAN 10LB","OVEN BAKED TRADITION"
"6657292","1","0","LST","","108.99","73.02","OBT DG VEGAN 20LB","OVEN BAKED TRADITION"
"6467730","1","0","LST","","39.99","27.19","OBT DG SEMI MOIST FISH 5LB","OVEN BAKED TRADITION"
"6656614","1","0","LST","","32.99","21.77","OBT DG VEGAN 4LB","OVEN BAKED TRADITION"
"6675217","1","0","LST","","118.99","83.29","OBT DG GF RED MEAT 25LB","OVEN BAKED TRADITION"
"7055295","1","0","LST","","97.99","68.59","OBT DG PUP LGBR CK 25LB","OVEN BAKED TRADITION"
"7060793","1","0","LST","","68.99","48.29","OBT DG GF RED MEAT 12.5LB","OVEN BAKED TRADITION"
"6750449","1","0","LST","","34.99","23.79","OBT DG SNR WCTR CK 5LB","OVEN BAKED TRADITION"
"7055287","1","0","LST","","68.99","48.29","OBT DG SB GF DK 10LB","OVEN BAKED TRADITION"
"6675556","1","0","LST","","39.99","27.19","OBT DG SB GF FISH 5LB","OVEN BAKED TRADITION"
"6655133","1","0","LST","","97.99","68.59","OBT DG LGBR LAMB 25LB","OVEN BAKED TRADITION"
"7055311","1","0","LST","","93.99","65.79","OBT DG SNR WCTR CK 25LB","OVEN BAKED TRADITION"
"6811896","1","0","LST","","93.99","65.79","OBT DG CK 25LB","OVEN BAKED TRADITION"
"6657290","1","0","LST","","34.99","23.83","OBT DG PUP SB LAMB 5LB","OVEN BAKED TRADITION"
"7055314","1","0","LST","","1.49","0.05","OBT DG SNR WCTL CK SMP 3.5OZ","OVEN BAKED TRADITION"
"6469769","1","0","LST","","0","63.9","DW HOSE & SPRAYER KIT EA",""
"7048714","24","0","LST","","3.59","2.4021","SD DG SS&S CK&R STEW PCH 2.8OZ","HILL'S SCIENCE DIET"
"7048720","24","0","OOS","","3.59","2.4021","SD DG AD PW V&SLM PCH 2.8OZ","HILL'S SCIENCE DIET"
"7048721","24","0","OOS","","3.39","2.2688","SD DG AD HC CK STEW PCH 2.8 OZ","HILL'S SCIENCE DIET"
"7048715","24","0","LST","","3.59","2.4021","SD DG SS&S TK&V STEW PCH 2.8OZ","HILL'S SCIENCE DIET"
"7048722","24","0","LST","","3.39","2.2688","SD DG AD CK&V STEW PCH 2.8OZ","HILL'S SCIENCE DIET"
"6972348","1","0","LST","","10.99","5.75","BUTCHER DG PRK SAUS STK 6.17oz","THE BUTCHER'S COMPANION"
"7044459","1","0","LST","","10.99","5.75","TBC DG PRK SAUS BTS 6.17oz","THE BUTCHER'S COMPANION"
"1102826","1","0","LST","","37.99","18.62","RC CT ADVNT HARNESS BLK LG 1EA","RC PETS"
"1102828","1","0","LST","","37.99","18.62","RC CT ADVNT HARNESS TEL LG 1EA","RC PETS"
"1102831","1","0","LST","","36.99","18.13","RC CT ADVNT HARNESS TEL MD 1EA","RC PETS"
"1102829","1","0","LST","","36.99","18.13","RC CT ADVNT HARNESS BLK MD 1EA","RC PETS"
"1102832","1","0","LST","","35.99","17.64","RC CT ADVNT HARNESS BLK SM 1EA","RC PETS"
"1102834","1","0","LST","","35.99","17.64","RC CT ADVNT HARNESS TEL SM 1EA","RC PETS"
"X9703","1","0","LST","","59.99","29.4","RC DG MMNTM HARNESS BLK XL 1EA","RC PETS"
"X9478","1","0","LST","","52.99","25.97","RC DG MMNTM HARNESS BLK SM 1EA","RC PETS"
"X9481","1","0","LST","","53.99","26.46","RC DG MMNTM HARNESS BLK MD 1EA","RC PETS"
"X9704","1","0","LST","","55.99","27.44","RC DG MMNTM HARNESS BLK LG 1EA","RC PETS"
"41202","1","0","LST","","11.49","5.6","ZMX MULTI CD 8IN","ZOO-MAX"
"41417","1","0","LST","","18.99","9.5","ZMX SPIRALE 11IN","ZOO-MAX"
"41322","1","0","LST","","11.49","5.6","ZMX CTTN RNG 5IN","ZOO-MAX"
"41418","1","0","LST","","17.99","9","ZMX SPDDY MD LTHR 8IN","ZOO-MAX"
"A3052","1","0","LST","","10.49","5.3","ZMX FUN BOX 8IN","ZOO-MAX"
"K3211","1","0","LST","","6.49","3.2","ZMX PNY BDS LDDR 8IN","ZOO-MAX"
"Q8206","1","0","LST","","18.99","9.5","ZMX BLCK PRCH 6IN","ZOO-MAX"
"W1778","1","0","LST","","12.99","6.4","ZMX RCK & RLL DBL PRCH 8IN","ZOO-MAX"
"X9642","1","0","LST","","21.99","10.6","ZMX FRBL SM 12IN","ZOO-MAX"
"1507145","1","0","LST","","6.99","3.4","ZMX GRVY BAMBOU 16IN","ZOO-MAX"
"7055078","1","0","LST","","99.99","67.8","CF DG CHK 25 LB","CANADA FRESH"
"7055077","1","0","LST","","26.99","18.35","CF DG CHK 6 LB","CANADA FRESH"
"7057910","1","0","LST","","33.99","23.1","CF DG LMB 6 LB","CANADA FRESH"
"7057916","1","0","LST","","32.99","22.4","CF DG SLM 6 LB","CANADA FRESH"
"7057918","1","0","LST","","125.99","85.65","CF DG LMB 25 LB","CANADA FRESH"
"7057917","1","0","LST","","119.99","81.5","CF DG SLM 25 LB","CANADA FRESH"
"7057919","1","0","LST","","28.99","19.7","CF DG RMEAT 6 LB","CANADA FRESH"
"7057920","1","0","LST","","112.99","76.75","CF DG RMEAT 25 LB","CANADA FRESH"
"X8546","1","0","LST","","24.99","12.25","RC DG LEASH BONES 3/4X6 1EA","RC PETS"
"X8544","1","0","LST","","26.99","13.23","RC DG LEASH BONES 1X6 1EA","RC PETS"
"X8550","1","0","LST","","16.99","8.33","RC DG CLP CLR BONES 1 SM","RC PETS"
"X8552","1","0","LST","","17.99","8.82","RC DG CLP CLR BONES 1 MD","RC PETS"
"X8548","1","0","LST","","15.99","7.84","RC DG CLP CLR BONES 1 XS","RC PETS"
"X8554","1","0","LST","","18.99","9.31","RC DG CLP CLR BONES 1 LG","RC PETS"
"51648","1","0","LST","","7.99","3.51","VL COMP SA CROCK CHS TRT 1.8OZ","VERSELE-LAGA"
"7049334","24","0","LST","","2.99","1.9213","PPLN DG PUP SB CK&R 5.5OZ","PURINA PRO PLAN"
"7073022","1","0","LST","","28.99","20.1","NB DG SN SLM & OATM 3.5 LB","NATURAL BALANCE"
"7090322","1","0","LST","","119.99","88.43","NB DG SN SLM & OATM 22 LB","NATURAL BALANCE"
"7090323","12","0","LST","","6.99","4.9767","NB DG SN SLM & BR 12.7oz","NATURAL BALANCE"
"7094023","1","0","LST","","75.99","54.61","NB DG SB D&J CHK 12LB","NATURAL BALANCE"
"7094022","1","0","LST","","28.99","20.1","NB DG SB D&J CHK 3.5LB","NATURAL BALANCE"
"7094136","1","0","LST","","28.99","20.1","NB DG SN DG LB&OAT 3.5LB","NATURAL BALANCE"
"7094137","1","0","LST","","119.99","88.43","NB DG SN LB&OAT 22LB","NATURAL BALANCE"
"7094138","12","0","LST","","6.99","4.9767","NB DG SN LB&BR 12.7OZ","NATURAL BALANCE"
"7094139","1","0","LST","","28.99","20.1","NB DG SN CHK&OAT 3.5LB","NATURAL BALANCE"
"7094141","12","0","LST","","6.99","4.9767","NB DG SN CHK&BR 12.7OZ","NATURAL BALANCE"
"7099656","1","0","LST","","119.99","88.43","NB DG SN CHK&OAT 22LB","NATURAL BALANCE"
"6229530","1","0","LST","","152.99","101.65","K9 NTRL DG FD CHK 4lb","K9 NATURAL"
"IT754","1","0","LST","","6.99","3.5","ZM TOURNICOTTI XS 6IN","ZOO-MAX"
"1152873","24","0","LST","","2.49","1.5825","PPLN CT COMP ESNTL SF STEW 3OZ","PURINA PRO PLAN"
"7061564","1","0","LST","","23.99","12","ZMX MS MHGNY 18IN","ZOO-MAX"
"7061565","1","0","LST","","16.99","8.5","ZMX PICOLO SM 14IN","ZOO-MAX"
"7061566","1","0","LST","","21.99","10.6","ZMX RCKY BRD SM 12IN","ZOO-MAX"
"7061563","1","0","LST","","12.99","6.4","ZMX BRD PIZZA SM 6IN","ZOO-MAX"
"7061567","1","0","LST","","9.99","5","ZMX HRDWD CLR LDDR 12IN","ZOO-MAX"
"7061570","1","0","LST","","18.49","9.5","ZMX RLLY 9IN","ZOO-MAX"
"7061569","1","0","LST","","14.99","7.4","ZMX KISS 9IN","ZOO-MAX"
"7061568","1","0","LST","","19.99","10","ZMX TWR 12IN","ZOO-MAX"
"7061574","1","0","LST","","9.99","5","ZMX SALTO 10IN","ZOO-MAX"
"7061575","1","0","LST","","12.99","6.4","ZMX STITCH 14IN","ZOO-MAX"
"7061576","1","0","LST","","10.99","5.3","ZMX BOLO BOLO 10IN","ZOO-MAX"
"7061571","1","0","LST","","21.99","10.6","ZMX RIGOLO 13IN","ZOO-MAX"
"7061573","1","0","LST","","10.99","5.3","ZMX FLIP FLAP 7IN","ZOO-MAX"
"7061572","1","0","NEW","","10.99","5.3","ZMX HPPY STYL SM 12IN","ZOO-MAX"
"L2029","1","0","LST","73864","10.99","5.5","LW ALF HAY 24OZ","LIVING WORLD"
"V7346","1","0","LST","73866","9.99","4.5","LW ALF CUBES 16OZ","LIVING WORLD"
"V7347","1","0","LST","73876","10.99","5","LW TMTHY CUBES 16OZ","LIVING WORLD"
"Y5867","1","0","LST","","10.99","5.3","ZMX PNY BDS LDDR 15IN","ZOO-MAX"
"X3022","1","0","LST","","119.99","75.59","SMACK DG DEHY RCK RCKFSH 3.3LB","SMACK"
"41261","1","0","LST","","0","0.38","LW CRDBRD PET CARRIER 1SM","LIVING WORLD"
"E7777","1","0","LST","","99.99","62.99","SMACK DG DEHY CHNKY CHK 3.3LB","SMACK"
"6617652","1","0","LST","","5.99","3.16","OBT DG GF DK 8OZ","OVEN BAKED TRADITION"
"E7775","1","0","LST","","119.99","75.59","SMACK DG DEHY CRBBN SLMN 3.3LB","SMACK"
"74457","1","0","LST","","0","2.25","LW CRDBRD PET CARRIER 1LG","LIVING WORLD"
"E7776","1","0","LST","","99.99","62.99","SMACK DG DEHY BRRY CHK 3.3LB","SMACK"
"6469641","24","0","LST","","3.59","2.4308","OBT CT GF PATE DCK 5.5OZ","OVEN BAKED TRADITION"
"6469640","24","0","LST","","3.29","2.2313","OBT CT GF PATE TRKY 5.5OZ","OVEN BAKED TRADITION"
"6469643","24","0","LST","","3.59","2.4308","OBT CT GF PATE RBT 5.5OZ","OVEN BAKED TRADITION"
"6470816","24","0","LST","","3.59","2.4308","OBT CT GF PATE QUAIL 5.5OZ","OVEN BAKED TRADITION"
"6472724","24","0","LST","","3.29","2.2313","OBT CT GF PATE SLM 5.5OZ","OVEN BAKED TRADITION"
"6656411","1","0","LST","","9.99","5.51","OBT DG GF SLM FRT VG 1LB","OVEN BAKED TRADITION"
"6675561","24","0","LST","","3.29","2.2313","OBT CT GF PATE CK 5.5OZ","OVEN BAKED TRADITION"
"6849402","24","0","LST","","2.49","1.6854","OBT CT ENTREE CK SHRMP 3OZ","OVEN BAKED TRADITION"
"6849403","24","0","LST","","2.49","1.6854","OBT CT ENTREE TN 3OZ","OVEN BAKED TRADITION"
"X0840","1","0","LST","","15.99","7.55","GRAN DG DHYD LMB LVR 2.82OZ","GRANVILLE ISLAND PET TREATERY"
"7060509","1","0","LST","","66.99","33.5","TT DG MD CHRCL BISCT 20LB","TREAT TIME"
"7060510","1","0","LST","","66.99","33.5","TT DG JMB GLDN BISCT 20LB","TREAT TIME"
"7060511","1","0","LST","","66.99","33.5","TT DG MD BSTED ASSRT BSCT 20LB","TREAT TIME"
"7060513","1","0","LST","","66.99","33.5","TT PUP GLDN BISCT 20LB","TREAT TIME"
"7060508","1","0","LST","","66.99","33.5","TT DG MD ASSRTD BISCT 20LB","TREAT TIME"
"7060512","1","0","LST","","66.99","33.5","TT DG LG GLDN BISCT 20LB","TREAT TIME"
"7141088","25","0","","","9.99","0.3236","MK PV 2026 PPG 25PK","PET VALU"
"7141089","25","0","","","9.99","0.3236","MK PM 2026 PPG 25PK","PET VALU"
"1152874","24","0","LST","","2.49","1.4604","PPLN CT COMP ESNTL TUNA 3OZ","PURINA PRO PLAN"
"7064251","1","0","INOT","","49.99","27.49","LEFTPINE DG MMRYFM CCH GRY1MD","LEFTPINE BY P.L.A.Y"
"6474829","1","0","LST","73891","10.99","5.4","LWG BTNCL TMTHY VGMIX HAY 12OZ","LIVING WORLD GREEN"
"6474830","1","0","NEW","","10.99","5.4","LWG BTNCL TMTHY H&F HAY 12OZ","LIVING WORLD GREEN"
"9101014","1","0","LST","","108.99","84.89","PPLN DG CMP ESNTL 7+ CK&R 34LB","PURINA PRO PLAN"
"26185","1","0","LST","","109.99","85.67","PPLN DG SPEC WGT SB CK&R 34LB","PURINA PRO PLAN"
"7064249","1","0","INOT","","49.99","27.49","LEFTPINE DG MMRYFM LNGR GRY1MD","LEFTPINE BY P.L.A.Y"
"9100986","1","0","LST","","38.99","23.4","PPLN DG PUP DEV LMB&R 6LB","PURINA PRO PLAN"
"1152880","1","0","LST","","37.99","23","PPLN DG SPEC SB CK&R 6LB","PURINA PRO PLAN"
"7064254","1","0","INOT","","49.99","27.49","LEFTPINE MMRYFOAM CCH TAN 1MD","LEFTPINE BY P.L.A.Y"
"7064253","1","0","INOT","","49.99","27.49","LEFTPINE MMRYFOAM LNGR TAN 1MD","LEFTPINE BY P.L.A.Y"
"7064252","1","0","INOT","","49.99","27.49","LEFTPINE DG ORTHPDC BD TAN 1MD","LEFTPINE BY P.L.A.Y"
"9101039","1","0","LST","","108.99","77.04","PPLN DG COMP ESNTL SLM&R 33LB","PURINA PRO PLAN"
"11188","1","0","LST","","109.99","85.67","PPLN DG SPEC WMGT AD 34LB","PURINA PRO PLAN"
"9100992","1","0","LST","","73.99","58.98","PPLN DG SPEC SB CK&R 18LB","PURINA PRO PLAN"
"7064246","1","0","INOT","","49.99","27.49","LEFTPINE DG ORTHPDC BD GRY 1MD","LEFTPINE BY P.L.A.Y"
"6237325","1","0","LST","73882","19.99","9.5","LW TMTHY HAY 48OZ","LIVING WORLD"
"9101041","1","0","LST","","109.99","83.46","PPLN DG SPORT SLM&R 33LB","PURINA PRO PLAN"
"7061620","1","0","INOT","","907.54","450.91","KONG DG OLD GLRY SHIPPER","KONG"
"7064261","1","0","INOT","","29.99","16.49","LEFTPINE CLD NINE CUSHION 1SM","LEFTPINE BY P.L.A.Y"
"7064255","1","0","INOT","","34.99","19.24","LEFTPINE MMRYFOAM MAT 1MD","LEFTPINE BY P.L.A.Y"
"7064257","1","0","INOT","","49.99","27.49","LEFTPINE MMRYFOAM MAT 1LG","LEFTPINE BY P.L.A.Y"
"7060258","1","0","LST","","30.99","20.9","NOW DG GG AD WG BF 3.5LB","NOW FRESH"
"7060261","1","0","LST","","30.99","20.9","NOW DG GG SNR WG BF 3.5LB","NOW FRESH"
"7060259","1","0","LST","","111.99","75.53","NOW DG GG AD WG BF 22LB","NOW FRESH"
"7060322","1","0","LST","","54.99","37.09","NOW CT GG AD GF SLM 8LB","NOW FRESH"
"7060320","1","0","LST","","25.99","17.53","NOW CT GG AD GF SLM 3LB","NOW FRESH"
"7060318","1","0.25","LST","","24.99","16.86","NOW CT GG AD GF CHK 3LB","NOW FRESH"
"7060262","1","0","LST","","111.99","75.53","NOW DG GG SNR WG BF 22LB","NOW FRESH"
"7060338","1","0","LST","","1.49","0.05","NOW DG GG SNR WG BF SMP","NOW FRESH"
"7060319","1","0","LST","","52.99","35.74","NOW CT GG AD GF CHK 8LB","NOW FRESH"
"7060324","1","0","","","1.49","0.05","NOW CT GG AD GF CHK SMP","NOW FRESH"
"7060314","1","0","LST","","1.49","0.05","NOW DG GG AD WG BF SMP","NOW FRESH"
"7165170","1","0","","","0","5.5","DW HOSE CONNECTOR EA","PET VALU"
"7060325","1","0","","","1.49","0.05","NOW CT GG AD GF SLM SMP","NOW FRESH"
"G5094","1","0","LST","","49.99","33.24","ZIWI PK DG AD MCK&LMB 1LB","ZIWI PEAK"
"IT858","1","0","LST","","49.99","33.24","ZIWI PK DG AD LMB 1LB","ZIWI PEAK"
"IV768","1","0","LST","","49.99","33.24","ZIWI PK DG AD BF 1LB","ZIWI PEAK"
"X4662","1","0","LST","","89.99","59.84","ZIWI PK DG AD CHK 2.2LB","ZIWI PEAK"
"X9386","1","0","LST","","89.99","59.84","ZIWI PK DG AD MCK&LMB 2.2LB","ZIWI PEAK"
"IV218","1","0","LST","","89.99","59.84","ZIWI PK DG AD BF 2.2LB","ZIWI PEAK"
"Q2462","1","0","LST","","89.99","59.84","ZIWI PK DG AD LMB 2.2LB","ZIWI PEAK"
"X4661","1","0","LST","","49.99","33.24","ZIWI PK DG AD CHK 1LB","ZIWI PEAK"
"7067975","1","0","LST","X8397","29.99","18","LWG HMP BDNG 20L","LIVING WORLD GREEN"
"6229991","1","0","LST","","12.99","7.25","HLTHYBD DG GUT BSTR 4.6OZ","HEALTHYBUD"
"6234660","1","0","LST","","12.99","7.25","HLTHYBD DG JNT BSTR 4.6OZ","HEALTHYBUD"
"6675532","1","0","LST","","9.99","5.5","HLTHYBD DG BANANA CHIPS 5.3OZ","HEALTHYBUD"
"6783093","1","0","LST","","13.99","7.75","HLTHYBD DG CLMING AID 4.6OZ","HEALTHYBUD"
"6850795","1","0","LST","","15.99","8.8","HLTHYBD DG TRAIN MINI CK 6.5OZ","HEALTHYBUD"
"6850796","1","0","LST","","17.99","9.95","HLTHYBD DG TRAIN MINI SL 6.5OZ","HEALTHYBUD"
"6850794","1","0","LST","","15.99","8.8","HLTHYBD DG TRAIN MINI BF 6.5OZ","HEALTHYBUD"
"6858786","1","0","LST","","9.99","5.5","HLTHYBD DG BF LUNG WFRS 2.1OZ","HEALTHYBUD"
"6858785","1","0","LST","","12.99","7","HLTHYBD DG COD SKN 2.8OZ","HEALTHYBUD"
"6971759","1","0","LST","","11.99","6.25","HLTHYBD DG SWT POT CHWS 5.6OZ","HEALTHYBUD"
"7052223","1","0","LST","","9.99","6","INB CT TIDBITS CHK 8PK","INABA"
"7052224","1","0.25","LST","","9.99","6","INB CT TIDBITS TUNA 8PK","INABA"
"7052300","1","0","LST","","9.99","6","INB CT TIDBITS CHK&DSH 8PK","INABA"
"7052301","1","0","LST","","9.99","6","INB CT TIDBITS SL&TU 8PK","INABA"
"7053100","1","0","LST","","32.99","18.5","HLTHYBD DG CLMING AID 14.1OZ","HEALTHYBUD"
"7053102","1","0","LST","","18.99","10.5","HLTHYBD DG BF LUNG WFRS 5.3OZ","HEALTHYBUD"
"7054960","1","0","LST","","31.99","17.95","HLTHYBD DG GUT BSTR 14.1OZ","HEALTHYBUD"
"7054961","1","0","LST","","19.99","11.5","HLTHYBD DG SWT POT CHWS 11.6OZ","HEALTHYBUD"
"7055034","1","0","LST","","31.99","17.95","HLTHYBD DG JNT BSTR 14.1OZ","HEALTHYBUD"
"7061430","1","0","INOT","","29.99","19.49","KONG DG FUN PACK 1MD","KONG"
"7073532","1","0","LST","30530","32.99","15.01","OXB ESN AD GP FOOD 10LB","OXBOW"
"7073533","1","0","NEW","","34.99","16.4","OXB ESN CHNCHL FOOD 10LB","OXBOW"
"7068293","1","0","LST","30578","19.99","8.58","OXB ESN AD RAT FOOD 3LB","OXBOW"
"7073535","1","0.25","LST","30529","21.99","8.43","OXB ESN AD GP FOOD 5LB","OXBOW"
"7073540","1","0","LST","30574","14.99","7.37","OXB NTRLSC SA DGTV 60CT 4.2OZ","OXBOW"
"7073530","1","0","LST","30533","9.99","3.93","OXB ESN HMS &GER FOOD 1LB","OXBOW"
"7073541","1","0","LST","30572","14.99","7.37","OXB NTRLSC SA VTM C 60CT 4.2OZ","OXBOW"
"7073536","1","0.25","LST","30528","17.99","7.33","OXB ESN YNG RBT FOOD 5LB","OXBOW"
"7073544","1","0","LST","IF646","48.99","23.77","OXB ORGRS HAY 9LB","OXBOW"
"7073537","1","0","LST","6474514","35.99","16.9","OXB ESN FERRET 4LB","OXBOW"
"7073545","1","0","LST","30520","18.99","8.82","OXB WSTN TMTHY HAY 40OZ","OXBOW"
"7073539","1","0","OOS","","18.99","7.36","OXB ESN MOUSE YNG RAT 2.5LB","OXBOW"
"7082953","1","0.25","LST","1502143","18.99","9.35","OXB HAY BLND TMTHY& ORGRS 40OZ","OXBOW"
"7089671","1","0","OOS","","8.99","4.5","OXB WSTN TMTHY HAY 15OZ","OXBOW"
"7073543","1","0","LST","V8037","46.99","26","OXB WSTN TMTHY HAY 9LB","OXBOW"
"7090005","1","0","LST","30527","29.99","14.57","OXB ESN AD RBT FOOD 10LB","OXBOW"
"7090270","6","0","OOS","","5.99","2.95","INB DG CHURU BTS JNT CK&SL 3PK","INABA"
"7073546","1","0","LST","IB812","19.99","8.82","OXB ORGRS HAY 40OZ","OXBOW"
"7094127","6","0","OOS","","5.99","2.95","INB DG CHURU BTS JNT CK&TU 3PK","INABA"
"7081118","1","0.25","LST","1502144","29.99","16.86","OXB HAY BLND TMTHY& ORGRS 90OZ","OXBOW"
"7094125","6","0","OOS","","5.99","2.95","INB DG CHURU RL JNT CK&CH 3PK","INABA"
"7094133","6","0","OOS","","5.99","2.95","INB DG CHURU RL JNT CK 3PK","INABA"
"7094301","1","0","LST","30526","17.99","8.25","OXB ESN AD RBT FOOD 5LB","OXBOW"
"7099986","1","0.5","LST","30521","29.99","18","OXB WSTN TMTHY HAY 90OZ","OXBOW"
"7094131","6","0","LST","","5.99","2.95","INB DG CHURU BITES JNT CK 3PK","INABA"
"7096349","6","0","OOS","","5.99","2.95","INB DG CHURU BTS JNT CK&CH 3PK","INABA"
"7111242","6","0","OOS","","5.99","2.95","INB DG CHURU RL JNT CK&SL 3PK","INABA"
"1103671","1","0","LST","","144.99","97.08","RCCCN DG MED DNTL CARE 28LB","ROYAL CANIN"
"13458","1","0","LST","","33.99","20.68","RCSHN DG AGING 12+ SM 2.5LB","ROYAL CANIN"
"28644","1","0","LST","","76.99","46.49","RCFBN CT SIAMESE 6LB","ROYAL CANIN"
"6240979","24","0","LST","","4.69","2.8","RCCHN DG MTR 8+ 5.2OZ","ROYAL CANIN"
"6220245","2","0","LST","","27.99","18.595","PPLN CT KIT DEV 12PK","PURINA PRO PLAN"
"6232287","12","0","LST","","5.49","3.75","FNAT CT GF BF 6OZ","FELINE NATURAL"
"6232288","12","0","LST","","5.49","3.75","FNAT CT GF LMB 6OZ","FELINE NATURAL"
"6235784","12","0","LST","","5.49","3.75","FNAT CT GF CHK 6OZ","FELINE NATURAL"
"6236669","1","0","NEW","","9.99","4.85","TTLLY PCH DG CHEW TUG RING 1EA","TOTALLY POOCHED"
"6239957","12","0","LST","","5.49","3.5625","K9 NTRL DG BF&HOKI FST 6OZ","K9 NATURAL"
"6239958","12","0","LST","","5.49","3.5625","K9 NTRL DG LMB&SLM FST 6OZ","K9 NATURAL"
"6239959","1","0","LST","","18.99","12.3","K9 NTRL DG FD LMB&SLM 3.5OZ","K9 NATURAL"
"6239965","1","0","LST","","11.99","6","K9 NTRL DG GF LMB LNG 1.76oz","K9 NATURAL"
"6239961","1","0","LST","","11.99","6","K9 NTRL DG FD CK BTS 1.76oz","K9 NATURAL"
"6239956","1","0","LST","","18.99","12.3","K9 NTRL DG FD BF&HOKI 3.5OZ","K9 NATURAL"
"6239963","1","0","LST","","11.99","6","K9 NTRL DG FD BF BTS 1.76oz","K9 NATURAL"
"6239966","1","0","LST","","11.99","6","K9 NTRL DG GF BF LNG 2.1oz","K9 NATURAL"
"6250461","12","0","LST","","8.49","5.5575","K9 NTRL DG BF&HOKI FST 13OZ","K9 NATURAL"
"6251143","1","0","LST","","24.99","12.25","RC DG LEASH STRWBRY 3/4X6 1EA","RC PETS"
"6251140","1","0","LST","","26.99","13.23","RC DG LEASH STRWBRY 1X6 1EA","RC PETS"
"6251145","1","0","LST","","15.99","7.84","RC DG CLP CLR STRAWBERRY 1 XS","RC PETS"
"6251148","1","0","LST","","16.99","8.33","RC DG CLP CLR STRAWBERRY 1 SM","RC PETS"
"6251152","1","0","LST","","18.99","9.31","RC DG CLP CLR STRAWBERRY 1 LG","RC PETS"
"6251378","1","0","LST","","47.99","31.92","K9 NTRL DG FD CHK 17.6OZ","K9 NATURAL"
"6251150","1","0","LST","","17.99","8.82","RC DG CLP CLR STRAWBERRY 1 MD","RC PETS"
"6253943","1","0","LST","","47.99","31.92","K9 NTRL DG FD BF&HOKI 17.6OZ","K9 NATURAL"
"6253944","1","0","LST","","152.99","101.65","K9 NTRL DG FD BF&HOKI 4LB","K9 NATURAL"
"6408575","1","0","OOS","","26.99","14.84","TLTL DG CRNCH LBSTR 1EA","TALL TAILS"
"6408426","12","0","LST","","8.49","5.5575","K9 NTRL DG LMB&SLM FST 13OZ","K9 NATURAL"
"6465581","24","0","NEW","","3.49","2.33","RCFHN CT INDR 7+ MRSL GRVY 3OZ","ROYAL CANIN"
"6469812","1","0","LST","","16.99","8.33","RC DG CLP CLR DAISIES 1SM","RC PETS"
"6469814","1","0","LST","","18.99","9.31","RC DG CLP CLR DAISIES 1 LG","RC PETS"
"6469813","1","0","LST","","17.99","8.82","RC DG CLP CLR DAISIES 1MD","RC PETS"
"6469831","1","0","LST","","24.99","12.25","RC DG LEASH DAISIES 3/4X6 1EA","RC PETS"
"6469843","1","0","LST","","35.99","17.64","RC CT ADVNT HARNESS GLD SM 1EA","RC PETS"
"6469844","1","0","LST","","36.99","18.13","RC CT ADVNT HARNESS GLD MD 1EA","RC PETS"
"6469845","1","0","LST","","37.99","18.62","RC CT ADVNT HARNESS GLD LG 1EA","RC PETS"
"6469832","1","0","LST","","26.99","13.23","RC DG LEASH DAISIES 1X6 1EA","RC PETS"
"6469811","1","0","LST","","15.99","7.84","RC DG CLP CLR DAISIES 1XS","RC PETS"
"6475207","1","0","LST","","29.99","14.55","TTLLY PCH DG PZZL MSHRM LG","TOTALLY POOCHED"
"6475211","1","0","LST","","11.99","5.82","TTLLY PCH DG HUFF PUFF BALL LG","TOTALLY POOCHED"
"6475031","1","0","LST","","152.99","101.65","K9 NTRL DG FD LMB&SLM 4LB","K9 NATURAL"
"6475201","1","0","LST","","12.99","6.31","TTLLY PCH DG HRGLSS 1EA","TOTALLY POOCHED"
"6475217","1","0","LST","","9.99","4.85","TTLLY PCH DG HUFF PUFF BALL SM","TOTALLY POOCHED"
"6500976","24","0","LST","","3.39","2.2917","PPLN CT COMP ESNTL CK&SP 5.5OZ","PURINA PRO PLAN"
"6500986","1","0","LST","","107.99","77.49","PPLN DG DEV SS&S SLM&R 24LB","PURINA PRO PLAN"
"6643672","1","0","LST","","21.99","10.17","TTLLY PCH DG CHEW RCKT 1EA","TOTALLY POOCHED"
"6672423","24","0","LST","","3.39","2.2917","PPLN CT COMP ESNTL CK&R 5.5OZ","PURINA PRO PLAN"
"6744769","1","0","LST","","19.99","9.7","TTLLY PCH DG WOBBLE BALL MD","TOTALLY POOCHED"
"6746951","1","0","LST","","107.99","77.49","PPLN DG SPC SS&S TK&OAT 24LB","PURINA PRO PLAN"
"6760383","1","0","NEW","","4.99","3","WHMZ CT DNTL TRT CHK 2oz","WHIMZEES"
"6760384","1","0","LST","","4.99","3","WHMZ CT DNTL TRT CHK&SL 2oz","WHIMZEES"
"6760385","1","0","NEW","","4.99","3","WHMZ CT DNTL TRT CHK&TUNA 2oz","WHIMZEES"
"6760618","1","0","LST","","52.99","25.97","RC DG MMNTM HARNESS AZL SM 1EA","RC PETS"
"6760619","1","0","LST","","53.99","26.46","RC DG MMNTM HARNESS AZL MD 1EA","RC PETS"
"6760620","1","0","LST","","55.99","27.44","RC DG MMNTM HARNESS AZL LG 1EA","RC PETS"
"6760621","1","0","LST","","59.99","29.4","RC DG MMNTM HARNESS AZL XL 1EA","RC PETS"
"6760622","1","0","LST","","52.99","25.97","RC DG MMNTM HARNESS SAP SM 1EA","RC PETS"
"6760623","1","0","LST","","53.99","26.46","RC DG MMNTM HARNESS SAP MD 1EA","RC PETS"
"6760624","1","0","LST","","55.99","27.44","RC DG MMNTM HARNESS SAP LG 1EA","RC PETS"
"6760625","1","0","LST","","59.99","29.4","RC DG MMNTM HARNESS SAP XL 1EA","RC PETS"
"6761232","1","0","LST","","19.99","9.7","TTLLY PCH DG PZZLE MSHRM SM","TOTALLY POOCHED"
"6764491","1","0","LST","","9.99","5.5","WHMZ CT DNTL TRT CK&SL 4.5oz","WHIMZEES"
"6764805","1","0","LST","","9.99","5.5","WHMZ CT DNTL TRT CHK 4.5oz","WHIMZEES"
"6766817","1","0","LST","","21.99","10.5","ANMRA DG CRNBRY DNTL STK SM","ANIMORA"
"6766818","1","0","LST","","22.99","11","ANMRA DG CRNBRY DNTL STK MED","ANIMORA"
"6766819","1","0","LST","","23.99","11.5","ANMRA DG CRNBRY DNTL STK LG","ANIMORA"
"6767100","1","0","LST","","9.99","5.5","WHMZ CT DNTL TRT CK&TUNA 4.5oz","WHIMZEES"
"6767466","1","0","LST","","16.99","8.5","DXPW DONUT LICK MAT LILAC 1EA","DEXYPAWS"
"6769594","1","0","NEW","","24.99","12.5","DXPW CT W&B DOTS BOWL 8.7OZ","DEXYPAWS"
"6773241","1","0","LST","","44.99","29.92","ZIWI PK CT STM BF&FSH 1.8LB","ZIWI PEAK"
"6773243","1","0","LST","","44.99","29.92","ZIWI PK CT STM FSH 1.8LB","ZIWI PEAK"
"6773239","1","0","OOS","","44.99","29.92","ZIWI PK CT STM CK&MCK 1.8LB","ZIWI PEAK"
"6782992","1","0","OOS","","17.99","9.1","GRAN DG DHYD KNG 3OZ","GRANVILLE ISLAND PET TREATERY"
"6783491","1","0.25","NEW","","24.99","12.5","DXPW CT W&B ELV FLWR BWL 8.4OZ","DEXYPAWS"
"6786534","1","0","LST","","26.99","13.23","RC DG LEASH GMSTON 1X6 1EA","RC PETS"
"6786538","1","0","LST","","24.99","12.25","RC DG LEASH GMSTON 3/4X6 1EA","RC PETS"
"6786550","1","0","LST","","17.99","8.82","RC DG CLP CLR GEMSTONE 1 MD","RC PETS"
"6786546","1","0","LST","","16.99","8.33","RC DG CLP CLR GEMSTONE 1 SM","RC PETS"
"6786542","1","0","LST","","15.99","7.84","RC DG CLP CLR GEMSTONE 1 XS","RC PETS"
"6786554","1","0","LST","","18.99","9.31","RC DG CLP CLR GEMSTONE 1 LG","RC PETS"
"6848048","24","0","OOS","","3.69","2.225","PPLN CT SPEC URINARY CK 5.5OZ","PURINA PRO PLAN"
"6848197","1","0","NEW","","64.99","33.79","MW DG QT DLX CRTMAT WVGRY 42IN","MIDWEST"
"6848198","1","0","NEW","","64.99","33.79","MW DG QT DLX CRTMAT WVTAN 42IN","MIDWEST"
"6848199","1","0","NEW","","39.99","20","MW DG QT CRTMAT SPTTD GRY 30IN","MIDWEST"
"6848274","1","0","INOT","","21.99","11","DXPW PNK MRBL&GLD BOWL 15OZ","DEXYPAWS"
"6849541","1","0","NEW","","29.99","14.15","KONG DG CMFRT HIGHLAND COWS XL","KONG"
"6850105","1","0","LST","","14.99","7.28","TTLLY PCH DG BRUSH BALL 1EA","TOTALLY POOCHED"
"6850106","1","0","LST","","16.99","8.25","TTLLY PCH DG BRUSH TIRE 1EA","TOTALLY POOCHED"
"6850107","1","0","LST","","21.99","10.67","TTLLY PCH DG BRUSH STICK 1EA","TOTALLY POOCHED"
"6970720","1","0","OOS","","15.99","8.8","GRAN DG DHYD GT HRT 2.82OZ","GRANVILLE ISLAND PET TREATERY"
"6970903","1","0","NEW","","24.99","11.7","KONG DG LAYERZ FORAGE HEN MD","KONG"
"6971023","1","0","LST","","20.99","10.29","RC DG ECO CLR DAISY 1LG","RC PETS"
"6971024","1","0","LST","","20.99","10.29","RC DG ECO CLR DAPPLE 1LG","RC PETS"
"6971026","1","0","LST","","20.99","10.29","RC DG ECO CLR GINGHAM 1LG","RC PETS"
"6971038","1","0","LST","","19.99","9.8","RC DG ECO CLR CSMC ARA 1MD","RC PETS"
"6971039","1","0","LST","","19.99","9.8","RC DG ECO CLR DAISY 1MD","RC PETS"
"6971040","1","0","LST","","19.99","9.8","RC DG ECO CLR DAPPLE 1MD","RC PETS"
"6971042","1","0","LST","","19.99","9.8","RC DG ECO CLR GINGHAM 1MD","RC PETS"
"6971054","1","0","LST","","18.99","9.31","RC DG ECO CLR CSMC ARA 1SM","RC PETS"
"6971055","1","0","LST","","18.99","9.31","RC DG ECO CLR DAISY 1SM","RC PETS"
"6971022","1","0","LST","","20.99","10.29","RC DG ECO CLR CSMC ARA 1LG","RC PETS"
"6971056","1","0","LST","","18.99","9.31","RC DG ECO CLR DAPPLE 1SM","RC PETS"
"6971058","1","0","LST","","18.99","9.31","RC DG ECO CLR GINGHAM 1SM","RC PETS"
"6971086","1","0","LST","","29.99","14.7","RC DG ECO LSH CSMC ARA 1X5 1EA","RC PETS"
"6971087","1","0","LST","","29.99","14.7","RC DG ECO LSH DAISY 1X5 1EA","RC PETS"
"6971094","1","0","LST","","27.99","13.72","RC DG ECO LSH CSMC ARA 3/4X5","RC PETS"
"6971095","1","0","LST","","27.99","13.72","RC DG ECO LSH DAISY 3/4X5 1EA","RC PETS"
"6971518","1","0","NEW","","17.99","9.1","GRAN DG DHYD BSN 2.82OZ","GRANVILLE ISLAND PET TREATERY"
"6971520","1","0","OOS","","18.99","9.75","GRAN DG DHYD VNSN 2.82OZ","GRANVILLE ISLAND PET TREATERY"
"6971991","1","0","LST","","13.99","6.45","GRAN DG DHYD COD SKN 2.47OZ","GRANVILLE ISLAND PET TREATERY"
"7034914","1","0","NEW","","22.99","11.25","KONG DG RINGAROOS ELEPHANT MD","KONG"
"7034916","1","0","NEW","","22.99","11.25","KONG DG RINGAROOS PIG MD","KONG"
"7045559","1","0","LST","","18.99","12.3","K9 NTRL DG FD BF 3.5OZ","K9 NATURAL"
"7045772","1","0.25","NEW","","12.99","6.4","KONG DG SQUEEZZ FLEX BONE MD","KONG"
"7044905","1","1","NEW","","14.99","7.1","KONG DG KNOTS CHICKEN SM 1EA","KONG"
"7045776","1","0.25","NEW","","9.99","5","KONG DG SQUEEZZ FLEX BALL SM/M","KONG"
"7045561","1","0","LST","","18.99","12.3","K9 NTRL DG FD LMB 3.5OZ","K9 NATURAL"
"7049171","1","0","OOS","","24.99","12","KONG DG JNGL JMZ ELEPHANT MD/L","KONG"
"7052115","1","0","LST","","6.99","4.45","PB CT CHK HRT TRT 1.09OZ","PUREBITES"
"7052145","1","0.25","NEW","","9.99","4.99","ANMRA CT CRNBRY DNTL STK 2.5OZ","ANIMORA"
"7052734","1","0","NEW","","26.99","12.75","KONG DG SNUZZLES HIPPO XL","KONG"
"7053035","1","0","NEW","","29.99","15","MW DG QT CRTMAT SPTTD GRY 24IN","MIDWEST"
"7052732","1","0","NEW","","26.99","12.75","KONG DG SNUZZLES GORILLA XL","KONG"
"7053037","1","0","LST","35287","37.99","24.22","CF NATURAL BDNG 60L","CAREFRESH"
"7053039","1","0","NEW","","49.99","25","MW DG QT CRTMAT SPTTD GRY 36IN","MIDWEST"
"7053036","1","0","NEW","","29.99","15","MW DG QT DLX CRTMAT WVGRY 24IN","MIDWEST"
"7053045","1","0","NEW","","39.99","20","MW DG QT DLX CRTMAT WVGRY 30IN","MIDWEST"
"7053496","1","0","NEW","","21.99","10.6","KONG DG KNOTS CHICKEN MD/LG","KONG"
"7053615","1","0","LST","","37.99","16.66","RC CT HRN LSH AZALEA 1LG","RC PETS"
"7054997","1","0","NEW","","14.99","7.5","B&B DG PTRN CERM BWL CHAR 12OZ","BAILEY & BELLA"
"7054998","1","0","NEW","","17.99","9","B&B DG PTRN CERM BWL CHAR 29OZ","BAILEY & BELLA"
"7054999","1","0","NEW","","21.99","11","B&B DG PTRN CERM BWL CHAR 63OZ","BAILEY & BELLA"
"7055209","1","0","NEW","","9.99","4.45","KONG DG SNUZZLES MINI LLAMA XS","KONG"
"7055211","1","0","NEW","","9.99","4.45","KONG DG SNUZZLES MINI OTTER XS","KONG"
"7055257","1","0","LST","B2477","39.99","24.76","CF CONFETTI BDNG 50L","CAREFRESH"
"7057996","1","0","NEW","","19.99","10.85","TROPCLN DG PTSHLD SHMP 20OZ","TROPICLEAN"
"7057932","1","0","NEW","","79.99","43.99","MW DG QT DLX CRTMAT WVGRY 48IN","MIDWEST"
"7057933","1","0","NEW","","89.99","45","MW DG QT DLX CRTMAT WVGRY 54IN","MIDWEST"
"7057998","1","0","NEW","","19.99","9.15","TRPCLN DG PTSHLD & SPRY 16OZ","TROPICLEAN"
"7058000","1","0","NEW","","19.99","9.15","TRPCLN CT PTSHLD SPRY 16OZ","TROPICLEAN"
"7057930","1","0","NEW","","49.99","25","MW DG QT DLX CRTMAT WVGRY 36IN","MIDWEST"
"7058278","1","0","LST","","15.99","10.3","PERF ULT CT FD BITES CHK 5OZ","PERFORMATRIN ULTRA"
"7058297","1","0","LST","","15.99","10.3","PERF ULT CT FD BITES SLM 5OZ","PERFORMATRIN ULTRA"
"7058316","1","0","LST","","1.49","0.05","PERF ULT CT FD CHK SMP 1EA","PERFORMATRIN ULTRA"
"7058317","1","0","LST","","1.49","0.05","PERF ULT CT FD SLM SMP 1EA","PERFORMATRIN ULTRA"
"7058513","1","0","LST","","16.99","9","PRB DG FD CK HRT 3OZ","PUREBITES"
"7058802","1","0","LST","","41.99","28.32","GO! CT GUT HLTH SL&AGRN 6LB","GO! SOLUTIONS"
"7058899","1","0","INOT","","263.88","145.13","TLTL DG CST TO CST PDQ 12PC","TALL TAILS"
"7059071","1","0","NEW","","11.99","6","LW SPLSH WD WTR BTL STND 1EA","LIVING WORLD"
"7059103","1","0","LST","","36.99","16.66","RC CT HRN LSH AZALEA 1MD","RC PETS"
"7059104","1","0","LST","","35.99","16.66","RC CT HRNLSH AZALEA 1SM","RC PETS"
"7058889","1","0","NEW","","7.99","3.8","KONG DG FILL FREEZE TRAY SM","KONG"
"7060164","1","0","NEW","","24.99","12.5","ESN DG MLMNE SS SET CHAR 12OZ","ESSENTIALS"
"7060165","1","0","NEW","","26.99","13.5","ESN DG MLMNE SS SET GRN 31OZ","ESSENTIALS"
"7060175","1","0","NEW","","79.99","43.99","MW DG QT DLX CRTMAT WVTAN 48IN","MIDWEST"
"7060176","1","0","NEW","","89.99","45","MW DG QT DLX CRTMAT WVTAN 54IN","MIDWEST"
"7060171","1","0","NEW","","29.99","15","MW DG QT DLX CRTMAT WVTAN 24IN","MIDWEST"
"7060172","1","0","NEW","","39.99","20","MW DG QT DLX CRTMAT WVTAN 30IN","MIDWEST"
"7060173","1","0","NEW","","49.99","25","MW DG QT DLX CRTMAT WVTAN 36IN","MIDWEST"
"7060586","1","0","NEW","","22.99","12","LW SPRNT EXRCS WHL SM 7IN","LIVING WORLD"
"7060588","1","0","NEW","","29.99","15.6","LW SPRNT EXRCS WHL LG 9.5IN","LIVING WORLD"
"7060589","1","0","NEW","","129.99","78","LW ABD WDN HMS HM 31IN","LIVING WORLD"
"7060587","1","0","NEW","","25.99","13.8","LW SPRNT EXRCS WHL MD 8.5IN","LIVING WORLD"
"7060592","1","0","NEW","","9.99","4.5","VL NUTRI GLD HNY PATE 250G","VERSELE-LAGA"
"7060591","1","0","NEW","","9.99","5","VL NUTRI FRUTTI PATE 250G","VERSELE-LAGA"
"7060911","1","0","NEW","","5.99","2.5","LW ABD RPLCMNT CG LNR 2PK 31IN","LIVING WORLD"
"7061039","1","0","NEW","","11.99","5.95","BOCCE DG SAY MOO SFT&CHW 6OZ","BOCCE'S BAKERY"
"7060908","1","0","NEW","","29.99","14.15","KONG DG ARMOR DBLE TUG ASST1LG","KONG"
"7064149","1","0","OOS","","24.99","12","KONG DG JNGL JMZ RHINO MD/LG","KONG"
"7064151","1","0","NEW","","24.99","12","KONG DG JNGLE JAMZ GRLLA MD/LG","KONG"
"7064147","1","0","OOS","","22.99","11.5","KONG DG REWARDS WRAPZ MD/LG","KONG"
"7064259","1","0","LST","","16.99","8.2","DTN DG SPRFD STCK SL&MNG 10OZ","DOG TREAT NATURALS"
"7064256","1","0","LST","","16.99","8.2","DTN DG SPRFD STCK BF&PMP 10OZ","DOG TREAT NATURALS"
"7064260","1","0","LST","","16.99","8.2","DTN DG CHKPEA&CIN DNTL STK10oz","DOG TREAT NATURALS"
"7064258","1","0","LST","","16.99","8.2","DTN DG SPRFD STCK TK&BLR 10OZ","DOG TREAT NATURALS"
"7064263","1","0","LST","","14.99","7.2","DTN DG SPRFD BTS PB&BLR 8OZ","DOG TREAT NATURALS"
"7064269","1","0","LST","","21.99","11.55","PCHBL DG DG DOORBELL BLK 1EA","POOCHIEBELLS"
"7064278","1","0","LST","","21.99","11.55","PCHBL DG DOORBELL BONE 1EA","POOCHIEBELLS"
"7064281","1","0","LST","","21.99","11.55","PCHBL DG ADJST DOORBLL BLU 1EA","POOCHIEBELLS"
"7064282","1","0","LST","","21.99","11.55","PCHBL DG ADJST DOORBLL PNK 1EA","POOCHIEBELLS"
"7064283","1","0","LST","","21.99","11.55","PCHBL DG ADJST DOORBL SGRY 1EA","POOCHIEBELLS"
"7064284","1","0","LST","","21.99","11.55","PCHBL DG ADJST DOORBLL GRY 1EA","POOCHIEBELLS"
"7064279","1","0","LST","","21.99","11.55","PCHBL DG DOORBELL GRN 1EA","POOCHIEBELLS"
"7067756","1","0","NEW","","24.99","12.5","DXPW CT TERRAZZO ELVD BOWL 7OZ","DEXYPAWS"
"7069755","1","0","NEW","","11.99","6","RICHARD'S DG OLIVE WOODYS SM","RICHARD'S"
"7069756","1","0","NEW","","16.99","8.5","RICHARD'S DG OLIVE WOODYS MD","RICHARD'S"
"7069753","1","0","NEW","","26.99","13.5","RICHARD'S DG OLIVE WOODYS XL","RICHARD'S"
"7069757","1","0","NEW","","21.99","11","RICHARD'S DG OLIVE WOODYS LG","RICHARD'S"
"7068121","1","0","LST","","13.99","6.6","B BUL DG LVR&PRP SP 2OZ","BENNY BULLY'S"
"7073053","1","0.25","NEW","","21.99","10","DXPW DG 3 PACK VRTY WIPES 1EA","DEXYPAWS"
"7073025","1","0","LST","","19.99","10","DXPW BLSH HD&SK SLW FRD 1EA","DEXYPAWS"
"7073489","1","0","NEW","","11.99","5.95","BOCCE DG BAC'NNUTTY TRNGBTS6OZ","BOCCE'S BAKERY"
"7074470","1","0","LST","","149.99","90","FL LIV MCR AQRM KIT TEA 1.6GAL","FLUVAL"
"7074471","1","0","LST","","5.99","3","FL LIV PLY-CRB CRTG 3PK","FLUVAL"
"7075374","1","0","OOS","","24.99","12.5","DXPW CT PNK FLWR SLWFRD 1EA","DEXYPAWS"
"7074469","1","0","LST","","149.99","90","FL LIV MCR AQRM KIT WHT 1.6GAL","FLUVAL"
"7077004","1","0","LST","9100112","33.99","24.8","PPLN CT KIT CMP ESL CK&R 3.5LB","PURINA PRO PLAN"
"7081729","1","0","LST","","0.01","0.01","K9 NTRL DG FD BF SMP 0.35OZ","K9 NATURAL"
"7081730","1","0","LST","","0.01","0.01","K9 NTRL DG LMB TRPE SMP 0.28OZ","K9 NATURAL"
"7089656","1","0","LST","","36.99","25.89","HK DG ESS CLSTR WG TK&CK 5LB","THE HONEST KITCHEN"
"7089657","1","0","LST","","32.99","23.09","HK DG ESS CLSTR WG CHK 5LB","THE HONEST KITCHEN"
"7089658","1","0","LST","","103.99","72.79","HK DG ESS CLSTR WG CHK 20LB","THE HONEST KITCHEN"
"7081728","1","0","LST","","0.01","0.01","FNAT CT FD CHK&LMB SMP 0.35OZ","FELINE NATURAL"
"7089670","1","0","NEW","","24.99","15","CATIT PEAHUSK CLMP UNST 12.3LB","CATIT"
"7090025","1","0","LST","","38.99","27.29","HK DG ESS CLSTR WG BF&CK 5LB","THE HONEST KITCHEN"
"7090089","1","0","NEW","","11.99","5.95","BOCCE DG SAY MOO TRNG BTS 6OZ","BOCCE'S BAKERY"
"7094033","1","0","NEW","","8.99","4.5","KONG DG GRINZ PUFFER FISH SM","KONG"
"7094057","1","0","NEW","","24.99","12.5","DXPW TERRAZZO BOWL 6.3IN","DEXYPAWS"
"7094059","1","0","LST","","26.99","13.5","DXPW TERRAZZO BOWL 8IN","DEXYPAWS"
"7094233","1","0","LST","","119.99","75.59","SMACK DG DEHY HRVST PRK 3.3LB","SMACK"
"7094389","1","0.25","LST","","174.99","110.24","SMACK DG DEHY SMCKN LAMB 5.5LB","SMACK"
"7094429","1","0","LST","","6.99","3.75","BFD CT PUR BEEF 1OZ","BARNSDALE FARMS"
"7094473","1","0","NEW","","11.99","5.95","BOCCE DG QUACK SFT&CHW 6OZ","BOCCE'S BAKERY"
"7094475","1","0","OOS","","10.99","5.45","BOCCE DG BAC'N NUTTY BSCT 5OZ","BOCCE'S BAKERY"
"7094483","1","0","LST","1505459","15.99","7.8","IFTY DG TPR 3 RINGS 1EA BLU","INFINITY"
"7094477","1","0","NEW","","437.76","218.88","RICHARD'S DG OLV WDYS STRTR BX","RICHARD'S"
"7094489","1","0","NEW","","16.99","8.4","KONG DG DONUT SM/MD 1EA","KONG"
"7094490","1","0","NEW","","26.99","13.2","KONG DG EXTRME DONUT MD/LG 1EA","KONG"
"7094491","1","0","NEW","","34.99","17.5","KONG DG EXTRME DONUT LG/XL 1EA","KONG"
"7094492","1","0","NEW","","6.99","3.2","KONG CT LASER POINTER 1EA","KONG"
"7108177","1","0","NEW","","10.99","5.45","BOCCE DG QUAK BSCT 5OZ","BOCCE'S BAKERY"
"7111225","1","0","LST","","14.99","7.2","DTN DG SPRFD BTS PB&BNA 8OZ","DOG TREAT NATURALS"
"7111226","1","0","LST","","16.99","8.2","DTN DG CHKPEA&MNT DNTL STK10oz","DOG TREAT NATURALS"
"7112467","1","0","NEW","","19.99","10.21","KT FRTDT TMTHY HAY 48OZ","KAYTEE"
"7113669","1","0","LST","","112.99","86","PPLN CT LIVECLEAR SLMN&R 16LB","PURINA PRO PLAN"
"7113971","1","0","NEW","","3.99","2","LW LCKBLS TRT APL  1.7oz","LIVING WORLD"
"7114273","1","0","NEW","","3.99","2","LW LCKBLS TRT BSL 1.7OZ","LIVING WORLD"
"7114874","1","0","LST","","112.99","86","PPLN CT LIVECLEAR CK&R 16LB","PURINA PRO PLAN"
"7129597","1","0","LST","","13.99","8.03","MRK DG BONE BRTH BTS CK 6oz","MERRICK"
"7129598","1","0","LST","","13.99","8.03","MRK DG BONE BRTH BTS BF 6oz","MERRICK"
"7129599","1","0","LST","","25.99","15.25","MRK DG BONE BRTH BTS CK 16oz","MERRICK"
"7129601","1","0","LST","","19.99","10","THK DG MTY LTTLE LMB&SL PUP4OZ","THE HONEST KITCHEN"
"7132433","1","0","NEW","","11.99","5.95","BOCCE DG QUACK TRNG BTS 6OZ","BOCCE'S BAKERY"
"7133502","1","0","LST","","114.99","80.99","HK DG ESS CLSTR WG TK&CK 20LB","THE HONEST KITCHEN"
"7133503","1","0","LST","","129.99","90.99","HK DG ESS CLSTR WG BF&CK 20LB","THE HONEST KITCHEN"
"7135397","1","0","INOT","","135.92","67.96","FFIT DG LAFOUFOU CLIP STRIP1CH","FOUFIT"
"7129600","1","0","LST","","25.99","15.25","MRK DG BONE BRTH BTS BF 16oz","MERRICK"
"7139008","1","0","LST","","15.99","11.17","PUR ONE DG LMB & RICE 4LB","PURINA ONE"
"7139356","1","0","LST","","36.99","30.33","PUR ONE DG CHK & RICE 15LB","PURINA ONE"
"7139357","1","0","LST","","36.99","30.33","PUR ONE DG LRG BRD CHK 15LB","PURINA ONE"
"7139358","1","0","LST","","16.99","11.89","PUR ONE CT SLM & RICE 3.5LB","PURINA ONE"
"7139368","1","0","LST","","16.99","13.57","PUR ONE+ CT INDR TRKY 3.5LB","PURINA ONE"
"7138630","1","0","LST","","6.99","4.2","CRMP CT CHK TRT 1.05OZ","CRUMPS' NATURALS"
"7139376","12","0","ROS","","2.99","2.37","PUR ONE DG BEEF & BISON 13OZ","PURINA ONE"
"7139042","1","0","LST","","15.99","11.17","PUR ONE DG TRKY & VEN 4LB","PURINA ONE"
"7139440","1","0","LST","","13.99","6.6","B BUL DG BF HRT&PRP SP 1.9OZ","BENNY BULLY'S"
"7139468","1","0","LST","","85.99","59.1","PPLN CT KIT CMPESNTL CK&R 16LB","PURINA PRO PLAN"
"7139355","1","0","LST","","36.99","30.33","PUR ONE DG LMB & RICE 15LB","PURINA ONE"
"7139469","1","0","LST","","64.99","47.72","PPLN CT SPEC LIVCLR TK&R 5.5LB","PURINA PRO PLAN"
"7140762","1","0","LST","","74.99","59.78","PPLN DG SM SPEC SS&S SM&R 16LB","PURINA PRO PLAN"
"7141066","1","0","LST","","73.99","48.95","PPLN DG COMP ESNTL CK&R 15LB","PURINA PRO PLAN"
"7139369","12","0","LST","","2.99","2.37","PUR ONE DG LMB&BRWN RICE 13OZ","PURINA ONE"
"7139389","12","0","LST","","2.99","2.37","PUR ONE DG TRKY & VEN 13OZ","PURINA ONE"
"7141732","1","0","NEW","","11.99","5.6","KONG DG CORKZ 8 OZ","KONG"
"7143399","1","0","INOT","","19.99","10","HH DG E26 BLUE BELL FLATIE 1LG","HUGGLEHOUNDS"
"7143400","1","0","INOT","","8.99","4.5","HH DG E26 BLUE BELL RUFTEX 1SM","HUGGLEHOUNDS"
"7147098","1","0","LST","","9.99","6","CRMPN CT BALANCE BITES 3.2OZ","CRUMPS' NATURALS"
"7149069","20","0","LST","","8.99","4.4","OPN RNG DG COLLGN JRKY 11-12in","OPEN RANGE"
"7150354","1","0.25","LST","","6.99","3.75","BFD CT PUR SMELT 1.41OZ","BARNSDALE FARMS"
"7150358","1","0","NEW","","3.99","2","LW LCKBLS TRT CRRT DILL 1.7OZ","LIVING WORLD"
"7151562","1","0.5","LST","","66.99","40.24","RCFHN CT FUSSY AD 7LB","ROYAL CANIN"
"7147099","1","0.5","LST","","9.99","6","CRMPN CT CALM BITES 3.2OZ","CRUMPS' NATURALS"
"7151688","1","0","NEW","","6.99","4.2","CRMP CT BEEF TRT 1.05OZ","CRUMPS' NATURALS"
"7149078","20","0","LST","","9.99","4.81","OPN RNG DG STK BAR 6IN","OPEN RANGE"
"7154701","1","0","NEW","","21.99","10","DXPW DG WIPES ALO&VIT E 200CT","DEXYPAWS"
"7154702","1","0.25","NEW","","21.99","10","DXPW DG WIPES LVNDR VIT E200CT","DEXYPAWS"
"7155003","1","0","NEW","","24.99","12","KONG DG EXTREME BALL W/HOLE LG","KONG"
"7155305","1","0","LST","","19.99","10","DXPW BTTRCRM HD&SK SLW FDR 1EA","DEXYPAWS"
"7151616","1","0","NEW","","6.99","3.75","BFD CT PUR SLM 1.41OZ","BARNSDALE FARMS"
"7155989","1","0","OOS","","26.99","13.5","DXPW BLSH FLWR SLW FDR 1EA","DEXYPAWS"
"7156910","8","1.75","NEW","","8.99","4.45","PERF ULT DG SRN HMBN 12.3OZ","PERFORMATRIN ULTRA"
"7157212","6","0.5","NEW","","8.99","4.45","PERF ULT DG SRN HF HMBN 11.6OZ","PERFORMATRIN ULTRA"
"7159066","1","0","NEW","","11.99","5.75","KONG DG GRINZ PUFFER FISH MD","KONG"
"7159677","1","0","NEW","","24.99","12.5","DXPW CT FSH FLT TP BOWL 7.5OZ","DEXYPAWS"
"7161294","20","0","INOT","","2.99","1.5085","BOSCO DG E26 BNNY BUSINESS 1EA","BOSCO AND ROXY'S"
"7161293","48","0","INOT","","2.19","1.0869","BOSCO DG E26 PB TREAT CUP 1EA","BOSCO AND ROXY'S"
"7159070","1","0.25","NEW","","11.99","5.75","KONG DG GRINZ FROG MD","KONG"
"7161296","48","0","INOT","","2.19","1.0869","BOSCO DG SP26 HIVE PB CUP 1EA","BOSCO AND ROXY'S"
"7161297","16","0","INOT","","3.49","1.7588","BOSCO DG SP26 SPROUT SHOUT 1EA","BOSCO AND ROXY'S"
"7161298","16","0","INOT","","3.99","1.9888","BOSCO DG SP26 GNOMIE 1EA","BOSCO AND ROXY'S"
"7161299","16","0","INOT","","5.49","2.76","BOSCO DG SP26 FLTR CUPCKES 1EA","BOSCO AND ROXY'S"
"7161300","16","0","INOT","","4.49","2.2663","BOSCO DG SP26 SUNBEAM SMLE 1EA","BOSCO AND ROXY'S"
"7161528","1","0","LST","","19.99","9.7","TTLLY PCH DG SHAKE BARREL 1EA","TOTALLY POOCHED"
"7161529","1","0","LST","","16.99","8.25","TTLLY PCH DG WOBBLE BALL SM","TOTALLY POOCHED"
"7161537","18","0","INOT","","3.99","1.9944","BOSCO DG STP26 GREEN BEER 1EA","BOSCO AND ROXY'S"
"7165181","1","0","NEW","","29.99","15","KONG DG EXTREME GOODIE BONE XL","KONG"
"7165400","1","0","LST","52291","9.99","5","CATIT CATNIP PLAY BALLS 2PK","CATIT"
"7165241","1","0","LST","","18.99","9.5","LITTER GENIE CT LT CLMP 22LB","LITTER GENIE"
"7165470","1","0","OOS","1503530","99.99","61.74","PETSF DG BASIC TRNR W RMT 1EA","PETSAFE"
"7165471","1","0","LST","1503531","129.99","77.99","PETSF DG CORE TRNR W RMT 1EA","PETSAFE"
"7165404","1","0","NEW","","9.99","5","CATIT CTNP SLVRVNE PLY BLL 2PK","CATIT"
"7165474","1","0","LST","79115","209.99","120.59","PETSF DG RCHRGBL FNC RCVR 1EA","PETSAFE"
"7165476","1","0","LST","79071","89.99","60","PETSF DG FREEDOM DOOR 1SM","PETSAFE"
"7165477","1","0","LST","79605","49.99","30.55","PETSF DG PLSTC DOOR 1SM","PETSAFE"
"7165469","1","0","OOS","6234055","36.99","21.99","PETSF DG ATMC 2 MEAL FDR 1EA","PETSAFE"
"7165484","1","0","OOS","","12.99","6.5","KONG DG GRINZ FROG LG","KONG"
"7165491","1","0","NEW","","28.99","13.8","KONG DG GOODIE BONE XL","KONG"
"7165473","1","0","LST","6764448","49.99","40","PETSF DG COLLARLESS TRNR 1EA","PETSAFE"
"7165508","1","0","LST","79063","129.99","89.04","PETSF DG EXTREME DOOR 1MD","PETSAFE"
"7165510","1","0","LST","79073","149.99","113.4","PETSF DG FREEDOM DOOR 1LG","PETSAFE"
"7165509","1","0","LST","79072","149.99","86.24","PETSF DG FREEDOM DOOR 1MD","PETSAFE"
"7165511","1","0","LST","79074","199.99","135.09","PETSF DG FREEDOM DOOR 1XL","PETSAFE"
"7165512","1","0","LST","79022","21.99","15.59","PETSF CT 2WAY DOOR 1SM","PETSAFE"
"7165663","1","0","LST","79064","169.99","120.39","PETSF DG EXTREME DOOR 1LG","PETSAFE"
"7165676","1","0","NEW","","99.99","55.99","PERF PRM DG L&R LGBR AD 37LB","PERFORMATRIN PRIME"
"7166639","1","0","NEW","","36.99","18.35","ESN DG ELVT CERM SET GRY 15OZ","ESSENTIALS"
"7165705","1","0","OOS","","21.99","9.9","KONG DG ARMOR BONE ASST","KONG"
"7166980","1","0","NEW","","24.99","12","KONG DG ARMOR FTBLL ASST MD","KONG"
"Y5470","1","0","LST","","18.99","12.3","K9 NTRL DG FD CHK 3.5OZ","K9 NATURAL"
"7168283","50","0","","","0","0.047","PV FREE DW COUPON 50PK","PET VALU"
"7168284","50","0","","","0","0.047","PM FREE DW COUPON 50PK","PET VALU"
"7168286","50","0","","","0","0.047","PV $5 ON $25 COUPON 50PK","PET VALU"
"7168287","50","0","","","0","0.047","PM $5 ON $25 COUPON 50PK","PET VALU"
"7169281","1","0","","","0","5.57","PV CRINKLE TOY EA","PET VALU"
"7169285","1","0","","","0","3.75","PV BANDANA MD EA","PET VALU"
"7169288","1","0","","","0","3.75","PM BANDANA MD EA","PET VALU"
"7169289","1","0","","","0","5.57","PM CRINKLE TOY EA","PET VALU"
"7169282","1","0","","","0","3.75","PV BANDANA LG EA","PET VALU"
"7169292","1","0","","","0","4.4","PM TENNIS BALL LG EA","PET VALU"
"7169284","1","0","","","0","3.75","PM BANDANA LG EA","PET VALU"
"7169293","1","0","","","0","2.7","PV TENNIS BALL SM EA","PET VALU"
"7169294","1","0","","","0","3.75","PV BANDANA SM EA","PET VALU"
"7169299","1","0","","","0","1.85","PV BLUE PEN EA","PET VALU"
"7169297","1","0","","","0","3.75","PM BANDANA SM EA","PET VALU"
"7169290","1","0","","","0","4.4","PV TENNIS BALL LG EA","PET VALU"
"7169301","1","0","","","0","1.85","PM BLUE PEN EA","PET VALU"
"7169314","1","0","","","0","3","PV BLUE PEN w/ STYLUS EA","PET VALU"
"7169305","1","0","","","0","5.25","PM PET WATER DISPNSR EA","PET VALU"
"7169302","1","0","","","0","2.7","PM TENNIS BALL SM EA","PET VALU"
"7169303","1","0","","","0","5.25","PV PET WATER DISPNSR EA","PET VALU"
"7169316","1","0","","","0","3","PM BLUE PEN w STYLUS EA","PET VALU"
"1100209","1","0","LST","","71.99","46.03","CAN NAT DG TKY SL SM BITE 30LB","CANADIAN NATURALS"
"7166899","1","0","NEW","","28.99","14","LW TMTHY HAY 96OZ","LIVING WORLD"
"94447","1","0","LST","","77.99","49.81","CAN NAT DG LGBR TKY&SL 30LB","CANADIAN NATURALS"
"94448","1","0","OOS","","77.99","49.81","CAN NAT DG SNR TKY&SL 30LB","CANADIAN NATURALS"
"94584","1","0","LST","","24.99","14.78","CAN NAT DG TKY&SL 5LB","CANADIAN NATURALS"
"94536","1","0","LST","","24.99","14.78","CAN NAT DG SM BITE TKY&SL 5LB","CANADIAN NATURALS"
"94587","1","0","LST","","24.99","14.78","CAN NAT DG SR TKY&SL 5LB","CANADIAN NATURALS"
"94732","1","0","LST","","72.99","45.97","CAN NAT DG TKY&SL 30LB","CANADIAN NATURALS"
"7165483","1","0","NEW","","12.99","6.5","AE HB CALI RLL SUSHI STCK 1EA","A&E CAGE"
"7165684","1","0","LST","","22.99","11.5","AE HB PZZA TKOUT 1EA","A&E CAGE"
"7165686","1","0","LST","","12.99","6.5","AE HB WOOD AND CRK PZZA 1EA","A&E CAGE"
"7165685","1","0","LST","","12.99","6.5","AE HB WOOD AND CRK RMT 1EA","A&E CAGE"
"6766848","1","0","OOS","","279.99","167.99","SPORTDOG DG 450M RMT TRNR 1EA","SPORT DOG"
"6971415","1","0","LST","","9.99","6","PETSF FOAM FILTER 2PC","PETSAFE"
"7166663","1","0","LST","","359.99","215.99","PETSF DG STUBBORN DG FENCE 1EA","PETSAFE"
"7166662","1","0","OOS","","429.99","345","PETSF DG 1/2ACRE WRLSS FNC 1EA","PETSAFE"
"6656611","1","0","NEW","","93.99","62.5","OBT DG SB GF GOAT 10LB","OVEN BAKED TRADITION"
"7051826","1","0","NEW","","30.99","20.02","OBT DG WG DENTAL FISH 4LB","OVEN BAKED TRADITION"
"7051832","1","0","NEW","","30.99","20.02","OBT DG SB WG DENTAL FISH 4LB","OVEN BAKED TRADITION"
"7051823","1","0","NEW","","36.99","23.9","OBT DG SB GF URINARY DK 4LB","OVEN BAKED TRADITION"
"7051838","1","0","NEW","","42.99","26.56","OBT CT GF DENTAL CHKN 5LB","OVEN BAKED TRADITION"
"7051830","1","0","NEW","","36.99","23.9","OBT DG GF URINARY DK 4LB","OVEN BAKED TRADITION"
"7051834","1","0","NEW","","35.99","23.24","OBT DG SB GF S&S FISH 4LB","OVEN BAKED TRADITION"
"7060310","1","0","NEW","","113.99","75.82","OBT DG GF URINARY DK 20LB","OVEN BAKED TRADITION"
"7060609","1","0","NEW","","62.99","41.88","OBT DG SB GF URINARY DK 10LB","OVEN BAKED TRADITION"
"7090086","1","0","NEW","","99.99","66.48","OBT DG WG DENTAL FISH 20LB","OVEN BAKED TRADITION"
"7168814","1","0","NEW","","66.99","41.36","OBT CT GF DENTAL CHKN 10LB","OVEN BAKED TRADITION"
"7169439","1","0","NEW","","125.99","83.78","OBT DG GF LB LAMB 23LB","OVEN BAKED TRADITION"
"7170348","1","0","NEW","","40.99","26.48","OBT DG GF LB LAMB 5LB","OVEN BAKED TRADITION"
"7169317","1","0","NEW","","53.99","35.85","OBT DG SB WG DENTAL FISH 10LB","OVEN BAKED TRADITION"
"7170253","1","0","LST","51678","7.99","3.25","VL PRS BDG TRT STCK 3PK 3.17OZ","VERSELE-LAGA"
"18357","1","0","NEW","","35.99","26.26","PPLN CT URINARY CHK&R 3.5LB","PURINA PRO PLAN"
"1152876","24","0","NEW","","2.69","1.6333","PPLN CT URINARY WHT FISH 3OZ","PURINA PRO PLAN"
"20236","24","0","OOS","","2.69","1.6333","PPLN CT WMGT TK&R 3OZ","PURINA PRO PLAN"
"24682","1","0.5","OOS","","12.99","10.65","FF CT SEAFD SUP VP 12PK","FANCY FEAST"
"X1635","1","0.25","OOS","","12.99","10.65","FF CT GRVY LVR VP 12 PK","FANCY FEAST"
"9100996","1","0","NEW","","73.99","58.98","PPLN DG SPEC LB CK&R AD 18LB","PURINA PRO PLAN"
"9101036","1","0","NEW","","73.99","58.98","PPLN DG SPEC SB CK&R 18LB","PURINA PRO PLAN"
"7051828","1","0","NEW","","35.99","23.24","OBT DG GF S&S FISH 4LB","OVEN BAKED TRADITION"
"7051836","1","0","NEW","","45.99","28.39","OBT CT GF S&S FISH 5 LB","OVEN BAKED TRADITION"
"7161355","1","0","NEW","","112.99","75.13","OBT DG GF S&S FISH 20LB","OVEN BAKED TRADITION"
"7168815","1","0","NEW","","67.99","41.98","OBT CT GF S&S FISH 10 LB","OVEN BAKED TRADITION"
"7169296","1","0","NEW","","61.99","41.24","OBT DG SB GF S&S FISH 10LB","OVEN BAKED TRADITION"
"7174120","1","0","INOT","","0.99","0.99","CP FLOOR BOOTS SIZE DECAL 1EA","CANADA POOCH"
"7172667","24","0","INOT","","1.49","","ORIJEN DG AG PUP SMP 3 OZ","ORIJEN"
"7174127","24","0","INOT","","1.49","","ORIJEN DG AG ORIG SMP 3 OZ","ORIJEN"
"7174129","24","0","INOT","","1.49","","ORIJEN DG AG RGNL RED SMP 3OZ","ORIJEN"
"6234683","1","0","LST","","5.99","3.2","FRTBL CT TUNA&PMP 2.5OZ","FRUITABLES"
"6234685","1","0","LST","","5.99","3.2","FRTBL CT CK&BLR 2.5OZ","FRUITABLES"
"6234684","1","0","LST","","5.99","3.2","FRTBL CT SL&CRNBR 2.5OZ","FRUITABLES"
"7101504","1","0","NEW","","11.99","6","OPFM CT KTY CUBES SL&MCK 1.5oz","OPEN FARM"
"7101506","1","0","NEW","","11.99","6","OPFM CT KTY CUBES SRF&TRF1.5oz","OPEN FARM"
"7101508","1","0","LST","","11.99","6","OPFM CT KTY CUBES CK&TK 1.5oz","OPEN FARM"
"7151689","24","0","NEW","","7.99","4","T&T DG BF BROTHIES MD 1.76oz","THIS & THAT"
"7151690","24","0","NEW","","7.99","4","T&T DG BERR BROTHIES MD 1.76oz","THIS & THAT"
"7151691","24","0","NEW","","7.99","4","T&T DG PB BROTHIES MD 1.76oz","THIS & THAT"
"7154093","24","0","NEW","","7.99","4","T&T DG BCN BROTHIES MD 1.76oz","THIS & THAT"
"7161385","1","0","LST","","6.99","3.75","BDFM CT DUCK SKNNY BTS 1.41oz","BARNSDALE FARMS"
"7161387","1","0","LST","","6.99","3.75","BDFM CT TUNA SKNNY BTS 1.06oz","BARNSDALE FARMS"
"7167732","9","0.5","NEW","","14.99","7.2222","T&T DG BF BROTHIES XL 3.5oz","THIS & THAT"
"7168271","1","0","LST","","6.99","3.75","BDFM CT BF SKNNY BTS 1.41oz","BARNSDALE FARMS"
"7168273","9","0","NEW","","14.99","7.2222","T&T DG PB BROTHIES XL 3.5oz","THIS & THAT"
"7168274","9","0.5","NEW","","14.99","7.2222","T&T DG BCN BROTHIES XL 3.5oz","THIS & THAT"
"7168275","1","0","LST","","29.99","15.5","ZEAL DG BF JERKY 20oz","ZEAL"
"7168277","1","0","LST","","29.99","15.5","ZEAL DG DUCK JERKY TNDRS 20oz","ZEAL"
"7168278","1","0","LST","","29.99","15.5","ZEAL DG TK JERKY TNDRS 20oz","ZEAL"
"7168279","1","0","LST","","18.99","9.85","ZEAL DG BF TNDRS JERKY 10oz","ZEAL"
"7168280","1","0","LST","","18.99","9.85","ZEAL DG CK JERKY TNDRS 10oz","ZEAL"
"7168272","9","0","NEW","","14.99","7.2222","T&T DG BERR BROTHIES XL 3.5oz","THIS & THAT"
"7168281","1","0","LST","","18.99","9.85","ZEAL DG DUCK JERKY TNDRS 10oz","ZEAL"
"7168282","1","0","LST","","18.99","9.85","ZEAL DG TK JERKY TNDRS 10oz","ZEAL"
"7168276","1","0","LST","","29.99","15.5","ZEAL DG CK JERKY TNDRS 20oz","ZEAL"
"6970763","1","0","NEW","","13.99","7","PPIST DG COLLAR BLUE DOTS SM","PETITE PISTACHE"
"6971413","1","0","LST","","39.99","28","PETSF CT VIVA FTN 1.8L","PETSAFE"
"6971414","1","0","LST","","59.99","37","PETSF DG VIVA FTN 4.1L","PETSAFE"
"6971416","1","0","LST","","13.99","9","PETSF ION-X FTN FLTR 4PC","PETSAFE"
"7053151","1","0","NEW","","91.99","63.97","SD DG AD SS&S POLLOCK 12LB","HILL'S SCIENCE DIET"
"7061391","1","0","NEW","","13.99","7","PPIST DG LEASH PINK 5FT","PETITE PISTACHE"
"7061393","1","0","NEW","","14.99","7.5","PPIST DG RHNSTONE CLLR PNK SM","PETITE PISTACHE"
"7089677","1","0","LST","","23.99","14.35","SKHNR CT ORAL CARE WTR 16OZ","SKOUT'S HONOR"
"7090521","1","0","INOT","","19.99","10","KONG DG WILD KNOTS SPRT FRA MD","KONG"
"7090523","1","0","INOT","","19.99","10","KONG DG WILD KNOTS SPRT ENG MD","KONG"
"7090525","1","0","INOT","","19.99","10","KONG DG WILD KNOTS SPRT ITA MD","KONG"
"7090531","1","0","INOT","","19.99","10","KONG DG WILD KNOTS SPRT MEX MD","KONG"
"7090529","1","0","INOT","","19.99","10","KONG DG WILD KNOTS SPRT CAN MD","KONG"
"7100900","1","0","NEW","","314.99","200","SPORTDOG DG 700M RMT TRNR 1EA","SPORT DOG"
"7135675","1","0","LST","","9.99","5","GZ DG POOP BG CHRY 70CT","GOO-EEZ"
"7135679","1","0","LST","","9.99","5","GZ DG POOP BG WTRMLN 70CT","GOO-EEZ"
"7165678","1","0","NEW","","47.99","32.4","HLTHYBD DG FD BF BITES 14OZ","HEALTHYBUD"
"7165679","1","0","NEW","","47.99","32.4","HLTHYBD DG FD TKY PATTY 14OZ","HEALTHYBUD"
"7165682","1","0","NEW","","49.99","34.5","HLTHYBD DG FD LMB&SL BITES14OZ","HEALTHYBUD"
"7165677","1","0","NEW","","47.99","32.4","HLTHYBD DG FD BF PATTY 14OZ","HEALTHYBUD"
"7165680","1","0","NEW","","47.99","32.4","HLTHYBD DG FD TKY BITES 14OZ","HEALTHYBUD"
"7165681","1","0","NEW","","49.99","34.5","HLTHYBD DG FD LMB&SL PATTY14OZ","HEALTHYBUD"
"7166664","1","0","LST","","459.99","365","SPORTDOG DG RCHRGBL ING FNC1EA","SPORT DOG"
"7166665","1","0","LST","","209.99","150","SPORTDOG INGRN FNC ADD-A-DG1EA","SPORT DOG"
"7166667","1","0","LST","","659.99","500","SPORTDOG CONTAIN & TRAIN 1EA","SPORT DOG"
"7166666","1","0","NEW","","289.99","220","SPORTDOG SDF-CT ADD-A-DG 1EA","SPORT DOG"
"7168651","1","0","LST","","6.99","3.5","GZ DG POOP BG MOCHA 45CT","GOO-EEZ"
"7168653","1","0","LST","","6.99","3.5","GZ DG POOP BG CHRY 45CT","GOO-EEZ"
"7168657","1","0","LST","","6.99","3.5","GZ DG POOP BG CITRUS 45CT","GOO-EEZ"
"7168661","1","0","LST","","6.99","3.5","GZ DG POOP BG UNSCNT 45CT","GOO-EEZ"
"7168816","1","0","NEW","","34.99","20.44","SD CT AD UR&HB VRTY 12PK 2.9OZ","HILL'S SCIENCE DIET"
"7169226","1","0","LST","","9.99","5","GZ DG POOP BG UNSCNT 70CT","GOO-EEZ"
"7168655","1","0","LST","","6.99","3.5","GZ DG POOP BG TNGR 45CT","GOO-EEZ"
"7168659","1","0","LST","","6.99","3.5","GZ DG POOP BG WTRMLN 45CT","GOO-EEZ"
"7169427","1","0","LST","47329","26.99","13.17","PETSF CT CWMK HRN&LSH RED 1SM","PETSAFE"
"7169428","1","0","LST","47332","26.99","13.17","PETSF CT CWMK HRN&LSH RED 1LG","PETSAFE"
"7169859","1","0","NEW","","17.49","8.75","YEOWWW! CT STNKS SARDINES 3PK","YEOWWW!"
"7170793","1","0","INOT","","19.99","10","KONG DG WILD KNOTS SPRT BRA MD","KONG"
"7171345","1","0","LST","R9000","17.99","8.1","PETAG KT KMR MILK LQD 16OZ","PETAG"
"7171347","1","0","SUB","M8224","13.99","8.2","ESBILAC PUP MILK LIQUID 16oz","PETAG"
"7171351","1","0","NEW","","25.99","13","CSTL DG SUB LSH FLR JLLY 1X6IN","COASTAL PET PRODUCTS"
"7171494","1","0","NEW","","25.99","13","CSTL DG SUB LSH LAND SEA 1X6IN","COASTAL PET PRODUCTS"
"7171498","1","0","NEW","","18.99","9.5","CSTL DG SUB CLR LAND SEA LG","COASTAL PET PRODUCTS"
"7171500","1","0","NEW","","18.99","9.5","CSTL DG SUB CLR TAT SLVE LG","COASTAL PET PRODUCTS"
"7171501","1","0","NEW","","12.99","6.5","CSTL DG SUB CLR FLR JLLY XS","COASTAL PET PRODUCTS"
"7171502","1","0","NEW","","12.99","6.5","CSTL DG SUB CLR LAND SEA XS","COASTAL PET PRODUCTS"
"7171505","1","0","NEW","","12.99","6.5","CSTL DG SUB CLR TAT SLVE XS","COASTAL PET PRODUCTS"
"7171507","1","0","NEW","","14.99","7.5","CSTL DG SUB CLR FLR JLLY SM MD","COASTAL PET PRODUCTS"
"7171508","1","0","NEW","","14.99","7.5","CSTL DG SUB CLR LAND SEA SM MD","COASTAL PET PRODUCTS"
"7171510","1","0","NEW","","14.99","7.5","CSTL DG SUB CLR TAT SLVE SM MD","COASTAL PET PRODUCTS"
"7171509","1","0","NEW","","14.99","7.5","CSTL DG SUB CLR PUR MTN SM MD","COASTAL PET PRODUCTS"
"7171495","1","0","NEW","","25.99","13","CSTL DG SUBL LSH PUR MTN 1X6IN","COASTAL PET PRODUCTS"
"7171512","1","0","NEW","","24.99","12.5","CSTL DG K9 EXPLR CL GLACIER SM","COASTAL PET PRODUCTS"
"7171513","1","0","NEW","","24.99","12.5","CSTL DG K9 EXPLR CL HIMLAYS SM","COASTAL PET PRODUCTS"
"7171514","1","0","NEW","","24.99","12.5","CSTL DG K9 EXPLR CL SAHARA SM","COASTAL PET PRODUCTS"
"7171517","1","0","NEW","","26.99","13.5","CSTL DG K9 EXPLR CL HIMLAYS MD","COASTAL PET PRODUCTS"
"7171515","1","0","NEW","","26.99","13.5","CSTL DG K9 EXPLR CL EVERGLD MD","COASTAL PET PRODUCTS"
"7171516","1","0","NEW","","26.99","13.5","CSTL DG K9 EXPLR CL GLACIER MD","COASTAL PET PRODUCTS"
"7171754","1","0","NEW","","26.99","13.5","CSTL DG K9 EXPLR CL SAHARA MD","COASTAL PET PRODUCTS"
"7171756","1","0","NEW","","28.99","14.5","CSTL DG K9 EXPLR CL GLACIER LG","COASTAL PET PRODUCTS"
"7171755","1","0","NEW","","28.99","14.5","CSTL DG K9 EXPLR CL EVERGLD LG","COASTAL PET PRODUCTS"
"7171757","1","0","NEW","","28.99","14.5","CSTL DG K9 EXPLR CL HIMLAYS LG","COASTAL PET PRODUCTS"
"7171758","1","0","NEW","","28.99","14.5","CSTL DG K9 EXPLR CL SAHARA LG","COASTAL PET PRODUCTS"
"7171759","1","0.25","NEW","","49.99","25","CSTL DG K9 EXPLR LSH EVRGLD 8'","COASTAL PET PRODUCTS"
"7171761","1","0","NEW","","49.99","25","CSTL DG K9 EXPLR LSH HIMLAY 8'","COASTAL PET PRODUCTS"
"7171763","1","0","NEW","","49.99","25","CSTL DG K9 EXPLR LSH SAHARA 8'","COASTAL PET PRODUCTS"
"7171765","1","0","NEW","","13.99","7","CEC CT NYLON LEASH RED 4FT","CLOE E CLUZO"
"7171764","1","0","NEW","","13.99","7","CEC CT NYLON LEASH BLK 4FT","CLOE E CLUZO"
"7171853","8","0","NEW","","2.99","2.2888","FF CT GEMS SLM 4OZ","FANCY FEAST"
"7171854","8","0","NEW","","2.99","2.2888","FF CT GEMS TNA 4OZ","FANCY FEAST"
"7171861","8","0","NEW","","2.99","2.2888","FF CT GEMS BF 4OZ","FANCY FEAST"
"7171895","1","0","NEW","","21.99","18.26","FF CT GEMS SLM & TUNA 8PK","FANCY FEAST"
"7171899","1","0","NEW","","21.99","18.26","FF CT GEMS CHK & BF 8PK","FANCY FEAST"
"7171947","1","0","NEW","","24.99","12.5","CSTL DG K9 EXPLR CL EVERGLD SM","COASTAL PET PRODUCTS"
"7171974","1","0","NEW","","11.99","6","PPIST DG GLITTER CLLR PNK 2XS","PETITE PISTACHE"
"7171852","8","0","NEW","","2.99","2.2888","FF CT GEMS CHK 4OZ","FANCY FEAST"
"7171975","1","0","NEW","","14.99","7.5","PPIST DG GLITTER CLLR PNK SM","PETITE PISTACHE"
"7171976","1","0","NEW","","13.99","7","PPIST DG LEASH BLUE 5FT","PETITE PISTACHE"
"7171980","1","0","NEW","","15.99","8","PPIST DG LSH GLITTER PINK 5FT","PETITE PISTACHE"
"7171982","1","0","NEW","","18.99","9.5","CSTL DG SUB CLR FLR JLLY LG","COASTAL PET PRODUCTS"
"7171973","1","0","NEW","","12.99","6.5","CSTL DG SUB CLR PUR MTN XS","COASTAL PET PRODUCTS"
"7172280","1","0","NEW","","49.99","25","CSTL DG K9 EXPLR LSH GLCIER 8'","COASTAL PET PRODUCTS"
"7171977","1","0","NEW","","13.99","7","PPIST DG LEASH RED 5FT","PETITE PISTACHE"
"7172281","1","0","NEW","","21.99","11","PPIST DG MSH HRNSS RED XS","PETITE PISTACHE"
"7171978","1","0","NEW","","13.99","7","PPIST DG LEASH GREY 5FT","PETITE PISTACHE"
"7171979","1","0","NEW","","12.99","6.5","PPIST DG LEASH FLOWERS 5FT","PETITE PISTACHE"
"7172361","1","0","NEW","","21.99","11","PPIST DG HRNS BLU GRY STRI XS","PETITE PISTACHE"
"7172362","1","0","NEW","","21.99","11","PPIST DG MSH HRNSS PNK PLD XS","PETITE PISTACHE"
"7172360","1","0","NEW","","21.99","11","PPIST DG MSH HRNSS GRY XS","PETITE PISTACHE"
"7173841","1","0","LST","47331","26.99","13.17","PETSF CT CWMK HRN&LSH RED 1MD","PETSAFE"
"7173930","24","0","OOS","","3.39","2.0396","PPLN CT COMP ESNTL SLMN 5.5OZ","PURINA PRO PLAN"
"7173929","1","0","OOS","","52.99","31.28","PPLN CT CMP ESNTL CK&T VP 24PK","PURINA PRO PLAN"
"7173932","1","0","NEW","","128.99","105.77","PPLN DG ESNTL SH CK&R 47LB","PURINA PRO PLAN"
"7173931","1","0","NEW","","42.99","32.5","PPLN DG ESNTL GF VR PK 12PK","PURINA PRO PLAN"
"7173933","1","0","NEW","","129.99","106.59","PPLN DG SPEC LB CK&R AD 47LB","PURINA PRO PLAN"
"7174196","1","-0.25","LST","A1844","14.99","7.5","PETSF DG MUZZLE BLK 1SM","PETSAFE"
"7174197","1","0","LST","A1845","16.99","8.5","PETSF DG MUZZLE BLK 1MD","PETSAFE"
"7174198","1","0","LST","A1846","18.99","9.5","PETSF DG MUZZLE BLK 1LG","PETSAFE"
"7174199","1","0.25","LST","A1847","19.99","10","PETSF DG MUZZLE BLK 1XL","PETSAFE"
"7174245","1","0","NEW","","13.99","6.58","GZ GROOMING WPS WTMLN 100CT","GOO-EEZ"
"7174714","1","0","NEW","","18.99","9.5","CSTL DG SUB CLR PUR MTN LG","COASTAL PET PRODUCTS"
"7174792","1","0","NEW","","25.99","13","CSTL DG SUB LSH TAT SLVE 1X6IN","COASTAL PET PRODUCTS"
"7191162","1","0","NEW","","13.99","6.58","GZ GROOMING WPS TNGY 100 CT","GOO-EEZ"
"7191499","1","0","NEW","","13.99","6.58","GZ GROOMING WPS LVNDR 100 CT","GOO-EEZ"
"7191583","1","0","NEW","","13.99","6.58","GZ GROOMING WPS MINT 100 CT","GOO-EEZ"
"E6167","1","0","NEW","","279.99","170","FL VSTA AQRM KIT 23GAL","FLUVAL"
"7171344","1","0.25","NEW","","119.99","72","CATIT PIXI MIO 2IN1 BED&CARR","CATIT"
"7182579","12","0","NEW","","4.99","3.35","OPFM GB DG HRVST CHK 12.5OZ","OPEN FARM"
"7182580","12","0","NEW","","4.99","3.35","OPFM GB DG HMSTD TKY 12.5OZ","OPEN FARM"
"7182581","12","0","NEW","","4.99","3.35","OPFM GB DG CHK&SLM 12.5OZ","OPEN FARM"
"7195245","12","0","NEW","","4.99","3.35","OPFM GB DG WC FSH 12.5OZ","OPEN FARM"
"7199039","12","0","NEW","","4.99","3.35","OPFM GB DG CHK&BF 12.5OZ","OPEN FARM"
"7199045","1","0","NEW","","1.99","0.05","PERF PRM DG L&R LGBR AD SMP4OZ","PERFORMATRIN PRIME"
"6232731","1","0","NEW","","51.99","34.82","OPFM DG FD PK 13.5OZ","OPEN FARM"
"Y1614","1","0","NEW","","9.99","6.64","OPFM DG TK BONE BROTH 12OZ","OPEN FARM"
"7200327","1","0","NEW","","94.99","63.61","OPFM DG FD CK 31.5OZ","OPEN FARM"
"7200286","1","0","NEW","","97.99","65.64","OPFM DG FD BF 31.5OZ","OPEN FARM"
"7195099","1","0","LST","6763456","399.99","300","PETSF CT SCOOPFREE CLMP SELFCL","PETSAFE"
"6469646","1","0","NEW","","38.99","26.95","PPLN DG SS&S PUP 4LB","PURINA PRO PLAN"
"6746949","1","0","NEW","","38.99","26.95","PPLN DG SPEC SS&S LMB&OM 4LB","PURINA PRO PLAN"
"6769761","1","0","NEW","","38.99","23.4","PPLN DG SM SPEC SS&S SM&R 4LB","PURINA PRO PLAN"
"9505887","1","0","LST","30747","21.99","13","KT FRTDT CKTL 5LB","KAYTEE"
"9505991","1","0","LST","30748","23.99","14.7","KT FRTDT PRRT 5LB","KAYTEE"
"7197733","1","0","LST","6409061","17.99","8.58","NRTH BSC DG POUTINE BSC 15.8OZ","NORTHERN BISCUIT"
"7197735","1","0","LST","6467544","17.99","8.58","NRTH BSC DG OH CANADA 15.8OZ","NORTHERN BISCUIT"
"IU373","1","0","NEW","","42.99","24","ESBILAC DG GOAT MILK PWDR 12OZ","PETAG"
"7207151","1","0","NEW","","103.49","78.5","PPLN DG DGST SP LB SLM&OT 22LB","PURINA PRO PLAN"
"7207149","12","0","NEW","","4.29","4.1667","PPLN DG PUP SS&S SLM&R 13OZ","PURINA PRO PLAN"
"7198177","1","0","LST","30745","13.99","8.55","KT FRTDT CNRY & FNCH 2LB","KAYTEE"
"7206014","1","0","NEW","","88.99","69","BB DG WILD LMB 24LB","BLUE BUFFALO"
"7201179","12","0","NEW","","4.49","2.9833","OPFM CT S&C SLM 5.3OZ","OPEN FARM"
"7201186","18","0","OOS","","3.49","2.3178","OPFM CT DH WTFS PLK 2.8OZ","OPEN FARM"
"7207155","1","0","NEW","","36.49","26","PPLN DG AD SB WGT CK&R 6 LB","PURINA PRO PLAN"
"7200672","12","0","NEW","","3.79","2.5175","OPFM CT GF HRTY MSL 5.3OZ","OPEN FARM"
"7201221","1","0","NEW","","129.99","86.05","VE DG FD LMB&FS SOFT NIBS 3LB","VITAL ESSENTIALS"
"7201178","12","0","NEW","","5.99","3.9808","OPFM DG HW CHK&WFSH 12.5OZ","OPEN FARM"
"7206460","1","0","NEW","","38.99","27.2","BB CT TF SLM&GRVY BRWNRICE 7LB","BLUE BUFFALO"
"7200670","12","0","NEW","","5.49","3.6483","OPFM DG GF CHBF HRTY ST 12.5OZ","OPEN FARM"
"7206006","1","0","NEW","","45.99","31.55","HK DG WF CLSTR WG LMB 4LB","THE HONEST KITCHEN"
"7200661","12","0","NEW","","5.49","3.6483","OPFM DG GF TKSL HRTY ST 12.5OZ","OPEN FARM"
"7201229","1","0","NEW","","39.99","25","RCFHN CT KIT LIF MULTIPK 12PK","ROYAL CANIN"
"7201185","18","0","OOS","","3.49","2.3178","OPFM CT S&C SLM 2.8OZ","OPEN FARM"
"7171324","1","0","OOS","6406672","199.99","127","PETSF CT SCOOPFREE CRYSTL CLS","PETSAFE"
"7200294","1","0","NEW","","42.99","33.75","SWHEAT CT SCP TRIPL ACTION28LB","SWHEAT SCOOP"
"7200658","1","0","NEW","","27.99","18.88","GO! DG DNT IMM CHK SLM 4LB","GO! SOLUTIONS"
"7195389","1","0","NEW","","24.99","20.49","TIDY CT LW F&C UNSC MLTI12LB","TIDY CATS"
"7206005","1","0","NEW","","162.99","111.81","HK DG WF CLSTR GF LMB 18LB","THE HONEST KITCHEN"
"7200323","1","0","NEW","","42.99","29","GO! CT DNTL IMM CHK SLM 6LB","GO! SOLUTIONS"
"7206007","1","0","NEW","","51.99","35.67","HK DG WF CLSTR GF LMB 4LB","THE HONEST KITCHEN"
"7200652","1","0","NEW","","23.99","16.18","GO! CT DNTL IMM CHK SLM 2.5LB","GO! SOLUTIONS"
"7207156","1","0","NEW","","36.49","26","PPLN DG SPEC SB SH LMB&R 6LB","PURINA PRO PLAN"
"7206008","1","0","NEW","","25.99","17.83","HK DG PRTN PLS GF BF TPR 12OZ","THE HONEST KITCHEN"
"7201228","1","0","NEW","","88.99","56.38","RCBHN DG CAVALIER AD 10LB","ROYAL CANIN"
"7201220","1","0","NEW","","129.99","86.05","VE DG FD BF SLM SOFT NIBS 3LB","VITAL ESSENTIALS"
"7201223","24","0","NEW","","3.19","1.85","RCBHN DG AD FB LOAF 3OZ","ROYAL CANIN"
"7200293","1","0","LST","","26.99","18.75","SWHEAT SCP CT TRIPL ACTION14LB","SWHEAT SCOOP"
"7200660","12","0","OOS","","5.49","3.6483","OPFM DG GF CHK HRTY STW 12.5OZ","OPEN FARM"
"7201175","12","0","NEW","","5.99","3.9808","OPFM DG DH WHF & PLK 12.5OZ","OPEN FARM"
"7206015","1","0","NEW","","38.99","27.2","BB CT TF CHK&GRVY BRWNRICE 7LB","BLUE BUFFALO"
"7206461","1","0","NEW","","44.99","25.62","BB CT KIT WILD SLM 5LB","BLUE BUFFALO"
"7206004","1","0","NEW","","149.99","102.89","HK DG WF CLSTR WG LMB 18LB","THE HONEST KITCHEN"
"7206010","1","0","NEW","","25.99","17.83","HK DG PRTN PLS GF FSH TPR 12OZ","THE HONEST KITCHEN"
"7198085","1","0","LST","30664","10.99","5.5","KT FRTDT HMS & GER 3LB","KAYTEE"
"7207150","1","0","NEW","","103.49","78.5","PPLN DG DGST SP SLM&OAT 22LB","PURINA PRO PLAN"
"7232829","12","0","NEW","","3.79","2.5175","OPFM CT GF TK/S HRTY MSL 5.3OZ","OPEN FARM"
"7200655","1","0","NEW","","45.99","31.02","GO! DG DNT IMM CHK SLM 9LB","GO! SOLUTIONS"
"7207153","1","0","NEW","","36.49","26","PPLN DG DGST SP SLM&OAT 3.5LB","PURINA PRO PLAN"
"7201181","12","0","NEW","","4.49","2.9833","OPFM CT HW CHK&WHTFSH 5.3OZ","OPEN FARM"
"7201176","12","0","OOS","","3.79","2.5175","OPFM CT GF BF HRTY MSL 5.3OZ","OPEN FARM"
"7206013","1","0","NEW","","34.99","23.75","BB DG WILD LMB 4.5LB","BLUE BUFFALO"
"7206467","1","0","NEW","","1.99","0.05","GO! DG DNT IMM CHK SLM SMP 3OZ","GO! SOLUTIONS"
"7200929","1","0","NEW","","1.49","0.05","GO! CT DNT IMM CHK SLM 3OZ SMP","GO! SOLUTIONS"
"7201180","12","0","NEW","","4.49","2.9833","OPFM CT DH WTFS PLK 5.3OZ","OPEN FARM"
"7201219","1","0","NEW","","129.99","86.05","VE DG FD RAW BF NIBS 3LB","VITAL ESSENTIALS"
"7201174","12","0","NEW","","5.99","3.9808","OPFM DG S&C PLK SLM 12.5OZ","OPEN FARM"
"7272820","4","0","NEW","","3.99","3.45","PETAG  CT CAT-SIP MILK 8OZ","PETAG"
"7201230","1","0","NEW","","37.99","22.85","RCBHN DG CAVALIER PUP 3LB","ROYAL CANIN"
"7205994","18","0","OOS","","3.49","2.3178","OPFM CT HW CHK&WHTFSH 2.8 OZ","OPEN FARM"
"7200654","1","0","NEW","","79.99","53.95","GO! DG DNT IMM CHK SLM 18LB","GO! SOLUTIONS"
"7207154","1","0","NEW","","110.49","84","PPLN DG AD 7+ WGT CK&R 34 LB","PURINA PRO PLAN"
"6632550","1","0","NEW","","11.99","6.25","ANMRA DG MIRCO FNGRBRSH 2PK","ANIMORA"
"6766816","1","0","NEW","","28.99","13.5","ANMRA DG CRNBRY DNTL GEL 6.7OZ","ANIMORA"
"6237266","1","0","LST","","249.99","150","PETSF DG SMRT AUTO FDR 1EA","PETSAFE"
"6786022","1","0","NEW","","20.99","10.5","PPIST DG MSH HRNSS PNK 2XS","PETITE PISTACHE"
"6786025","1","0","NEW","","21.99","11","PPIST DG MSH HRNSS PNK XS","PETITE PISTACHE"
"6786023","1","0","NEW","","19.99","10","PPIST DG MSH HRNSS PNK 3XS","PETITE PISTACHE"
"6786026","1","0","NEW","","19.99","10","PPIST DG MSH HRNSS FSCHIA 3XS","PETITE PISTACHE"
"6786024","1","0","NEW","","21.99","11","PPIST DG MSH HRNSS FSCHIA XS","PETITE PISTACHE"
"6786027","1","0","NEW","","21.99","11","PPIST DG MSH HRNSS BLK XS","PETITE PISTACHE"
"6786028","1","0","NEW","","19.99","10","PPIST DG MSH HRNSS BLK 3XS","PETITE PISTACHE"
"6786029","1","0","NEW","","21.99","11","PPIST DG MSH HRNSS LGT BLU XS","PETITE PISTACHE"
"6786053","1","0","NEW","","21.99","11","CEC CT MESH HARNESS RED L/XL","CLOE E CLUZO"
"6786052","1","0","NEW","","20.99","10.5","CEC CT MESH HARNESS RED SM/MD","CLOE E CLUZO"
"6786080","1","0","NEW","","20.99","10.5","PPIST DG MSH HRNSS FSCHIA 2XS","PETITE PISTACHE"
"6786744","1","0","NEW","","19.99","10","PPIST DG MSH HRNSS LGT BLU 3XS","PETITE PISTACHE"
"6786745","1","0","NEW","","20.99","10.5","PPIST DG MSH HRNSS LGT BLU 2XS","PETITE PISTACHE"
"6786746","1","0","NEW","","20.99","10.5","PPIST DG MSH HRNSS BLK 2XS","PETITE PISTACHE"
"6848455","1","0","NEW","","19.99","10","PPIST DG HRNS BLU GRY STRI 3XS","PETITE PISTACHE"
"6848454","1","0","NEW","","20.99","10.5","PPIST DG MSH HRNSS RED 2XS","PETITE PISTACHE"
"6848456","1","0","NEW","","20.99","10.5","PPIST DG HRNS BLU GRY STRI 2XS","PETITE PISTACHE"
"6848457","1","0","NEW","","19.99","10","PPIST DG MSH HRNSS GRY 3XS","PETITE PISTACHE"
"6848458","1","0","NEW","","20.99","10.5","PPIST DG MSH HRNSS GRY 2XS","PETITE PISTACHE"
"6848459","1","0","NEW","","19.99","10","PPIST DG MSH HRNSS PNK PLD 3XS","PETITE PISTACHE"
"6848460","1","0","NEW","","20.99","10.5","PPIST DG MSH HRNSS PNK PLD 2XS","PETITE PISTACHE"
"6848453","1","0","NEW","","19.99","10","PPIST DG MSH HRNSS RED 3XS","PETITE PISTACHE"
"7243704","1","0","LST","66804","6.49","3","LW HMS HNY STCK 2PK 3.17OZ","LIVING WORLD"
"7277894","1","0","LST","66822","5.99","2.5","LW BDG FRT MDLY STCK 2PK 3.2OZ","LIVING WORLD"
"7277899","1","0","LST","66827","5.99","2.5","LW FNCH FRT STCK 2PK 2.1OZ","LIVING WORLD"
"7277917","1","0","LST","66830","6.99","3.5","LW PRRT FRT MDLY STK 2PK 3.5OZ","LIVING WORLD"
"7277928","1","0","LST","66829","5.99","2.5","LW CKTL FRT MDLY STK 2PK 3.2OZ","LIVING WORLD"
"7277927","1","0","LST","66828","5.99","2.5","LW CKTL NT CRNCH STK 2PK 3.2OZ","LIVING WORLD"
"7316165","1","0","LST","66806","6.49","3","LW GP HNY STCK 2PK 3.17OZ","LIVING WORLD"
"6786065","1","0","NEW","","11.99","6","CEC CT ADJ CLLR PUR ROSES 1EA","CLOE E CLUZO"
"6786063","1","0","NEW","","11.99","6","CEC CT ADJ CLLR PNK ROSES 1EA","CLOE E CLUZO"
"6786071","1","0","NEW","","11.99","6","CEC CT ADJ CLLR GREY FISH 1EA","CLOE E CLUZO"
"6786075","1","0","NEW","","11.99","6","CEC CT ADJ CLLR CHEVRONS 1EA","CLOE E CLUZO"
"6786908","1","0","NEW","","21.99","11","CEC CT RFLCTV BUNG LSH BLK 4FT","CLOE E CLUZO"
"6786909","1","0","NEW","","11.99","6","CEC CT CAT TIE LEAD BLK 4FT","CLOE E CLUZO"
"6786911","1","0","NEW","","11.99","6","CEC CT RFLCTV COLLAR PNK 1EA","CLOE E CLUZO"
"6786913","1","0","NEW","","11.99","6","CEC CT RFLCTV COLLAR TURQ 1EA","CLOE E CLUZO"
"6786918","1","0","NEW","","12.99","6.5","CEC CT OVERSIZE ADJ CLLR 1EA","CLOE E CLUZO"
"6786042","1","0","NEW","","13.99","7","PPIST DG COLLAR PINK FLWRS SM","PETITE PISTACHE"
"6786041","1","0","NEW","","13.99","7","PPIST DG COLLAR CACTUS SM","PETITE PISTACHE"
"6786043","1","0","NEW","","13.99","7","PPIST DG COLLAR PINK DOTS SM","PETITE PISTACHE"
"6786044","1","0","NEW","","11.99","6","PPIST DG COLLAR PINK DOTS 2XS","PETITE PISTACHE"
"6786045","1","0","NEW","","11.99","6","PPIST DG COLLAR BLK STRPS 2XS","PETITE PISTACHE"
"6786046","1","0","NEW","","11.99","6","PPIST DG COLLAR CACTUS 2XS","PETITE PISTACHE"
"6786048","1","0","NEW","","12.99","6.5","PPIST DG LSH BLACK STRIPES 5FT","PETITE PISTACHE"
"6786047","1","0","NEW","","11.99","6","PPIST DG COLLAR BLUE DOTS 2XS","PETITE PISTACHE"
"6786040","1","0","NEW","","13.99","7","PPIST DG COLLAR BLK STRPS SM","PETITE PISTACHE"
"6786050","1","0","NEW","","12.99","6.5","PPIST DG LEASH BLUE DOTS 5FT","PETITE PISTACHE"
"6786051","1","0","NEW","","12.99","6.5","PPIST DG LSH PINK FLOWERS 5FT","PETITE PISTACHE"
"6786049","1","0","NEW","","12.99","6.5","PPIST DG LEASH PINK DOTS 5FT","PETITE PISTACHE"
"6786069","1","0","NEW","","11.99","6","PPIST DG COLLAR PNK FLWRS 2XS","PETITE PISTACHE"
"6786747","1","0","NEW","","12.99","6.5","PPIST DG LEASH CACTUS 5FT","PETITE PISTACHE"
"6786898","1","0","NEW","","13.99","7","PPIST DG LEASH BLACK 5FT","PETITE PISTACHE"
"6786899","1","0","NEW","","11.99","6","PPIST DG RHNSTONE CLLR BLK 2XS","PETITE PISTACHE"
"6786900","1","0","NEW","","14.99","7.5","PPIST DG RHNSTONE CLLR BLK XS","PETITE PISTACHE"
"6786901","1","0","NEW","","11.99","6","PPIST DG RHNSTONE CLLR PNK 2XS","PETITE PISTACHE"
"7272821","1","0","NEW","","21.99","9.75","PETAG KT KMR GOAT MILK LQD16OZ","PETAG"
"7272822","1","0","NEW","","21.99","9.05","ESBILAC PUP GOAT MILK LQD 16OZ","PETAG"
"6221625","1","0","NEW","","89.99","74.77","PPLN CT SS&S LMB&R 16LB","PURINA PRO PLAN"
"6238733","1","0","NEW","","72.99","48.89","OPFM DG FD PK 22OZ","OPEN FARM"
"6240264","1","0","NEW","","16.99","11.38","OPFM DG FD PK 3.5OZ","OPEN FARM"
"6465769","1","0","NEW","","19.99","13.29","OPFM DG TK BONE BROTH 33.8OZ","OPEN FARM"
"6656830","1","0","NEW","","49.99","33.48","OPFM DG FD CK PATTIES 17.5OZ","OPEN FARM"
"6656829","1","0","NEW","","49.99","33.48","OPFM DG FD TK PATTIES 17.5OZ","OPEN FARM"
"6656831","1","0","NEW","","52.99","35.48","OPFM DG FD BF PATTIES 17.5OZ","OPEN FARM"
"6658160","1","0","NEW","","52.99","35.48","OPFM DG FD SRF&TRF PATT 17.5OZ","OPEN FARM"
"6658161","1","0","NEW","","35.99","23.93","OPFM DG FD SRF&TRF PATT 10.5OZ","OPEN FARM"
"7206729","1","0","NEW","","38.99","26.12","OPFM DG RAWMIX GF PUP 3.5LB","OPEN FARM"
"7206730","1","0","NEW","","34.99","23.44","OPFM DG RAWMIX AG PUP 3.5LB","OPEN FARM"
"7206731","1","0","NEW","","44.99","30.13","OPFM DG RAWMIX GF GRTPLN 3.5LB","OPEN FARM"
"7206736","1","0","NEW","","46.99","31.25","OPFM DG EPIC BLND GF CHK 3.5LB","OPEN FARM"
"7206732","1","0","NEW","","42.99","28.79","OPFM DG RAWMIX AG GRTPLN 3.5LB","OPEN FARM"
"7206735","1","0","NEW","","46.99","31.92","OPFM DG GOODGUT BF 3.5LB","OPEN FARM"
"7206793","1","0","NEW","","126.99","86.26","OPFM DG RAWMIX GF PUP 20LB","OPEN FARM"
"7206794","1","0","NEW","","122.99","83.54","OPFM DG RAWMIX AG PUP 20LB","OPEN FARM"
"7206738","1","0","NEW","","48.99","32.58","OPFM DG EPIC BLND GF BF 3.5LB","OPEN FARM"
"7206798","1","0","NEW","","134.99","91.69","OPFM DG GOODGUT SLM 19LB","OPEN FARM"
"7206797","1","0","NEW","","129.99","88.29","OPFM DG GOODGUT CHK 19LB","OPEN FARM"
"7206737","1","0","NEW","","46.99","31.25","OPFM DG EPIC BLND GF SLM 3.5LB","OPEN FARM"
"7206799","1","0","NEW","","139.99","95.09","OPFM DG GOODGUT BF 19LB","OPEN FARM"
"7206800","1","0","NEW","","134.99","89.77","OPFM DG EPIC BLEND GF CHK 18LB","OPEN FARM"
"7206803","1","0","NEW","","46.99","31.47","OPFM DG GOODGUT SLM 3.5LB","OPEN FARM"
"7206802","1","0","NEW","","139.99","93.09","OPFM DG EPIC BLEND GF BF 18LB","OPEN FARM"
"7275090","1","0","NEW","","136.99","93.05","OPFM DG RAWMIX AG GRTPLN 20LB","OPEN FARM"
"7275097","1","0","NEW","","134.99","89.77","OPFM DG EPIC BLEND GF SLM 18LB","OPEN FARM"
"7275096","1","0","NEW","","44.99","30.13","OPFM DG GOODGUT CHK 3.5LB","OPEN FARM"
"7282160","1","0","NEW","","139.99","95.09","OPFM DG RAWMIX GF GRTPLN 20LB","OPEN FARM"
"6473641","24","0","NEW","","2.69","1.6333","PPLN CT URINARY TK&GB AD 3OZ","PURINA PRO PLAN"
"6739799","1","0","NEW","","42.99","29.3","VE CT FD RAW CK NIBS 12OZ","VITAL ESSENTIALS"
"6739800","1","0","NEW","","28.99","19.76","VE CT FD RAW CK PATTIES 8OZ","VITAL ESSENTIALS"
"6739802","1","0","NEW","","43.99","29.99","VE CT FD RAW TK NIBS 12OZ","VITAL ESSENTIALS"
"6739803","1","0","NEW","","29.99","20.45","VE CT FD RAW TK PATTIES 8OZ","VITAL ESSENTIALS"
"6739807","1","0","NEW","","41.99","28.62","VE CT FD RAW RB PATTIES 8OZ","VITAL ESSENTIALS"
"6739806","1","0","NEW","","65.99","44.98","VE CT FD RAW RB NIBS 12OZ","VITAL ESSENTIALS"
"6743890","1","0","NEW","","15.99","8.5","ANMRA CT CRNBRY DNTL GEL 3OZ","ANIMORA"
"6848047","24","0","NEW","","3.39","2.0396","PPLN CT URINARY WTFSH&TN 5.5OZ","PURINA PRO PLAN"
"7061516","1","0","NEW","","54.99","37.5","VE CT FD DK SOFT NIBS 12OZ","VITAL ESSENTIALS"
"7061520","1","0","NEW","","42.99","29.3","VE CT FD CK SOFT NIBS 12OZ","VITAL ESSENTIALS"
"7061518","1","0","NEW","","43.99","29.99","VE CT FD PRK SOFT NIBS 12OZ","VITAL ESSENTIALS"